municipio_id,indicador_id,valor_bruto,periodo_referencia,flag_qualidade,metodo_territorializacao,territorializacao_aproximada,pesos_uc
4100103,INF-ENE-01,6.363342,2025,observado,nivel_2,False,14623:44|14697:3155
4100103,INF-ENE-02,2.500219,2025,observado,nivel_2,False,14623:44|14697:3155
4100202,INF-ENE-01,41.75,2025,observado,nivel_1,False,
4100202,INF-ENE-02,20.03,2025,observado,nivel_1,False,
4100301,INF-ENE-01,15.57,2025,observado,nivel_1,False,
4100301,INF-ENE-02,12.44,2025,observado,nivel_1,False,
4100400,INF-ENE-01,9.612607,2025,observado,nivel_2,False,15923:1|15948:21049|15952:14951|15970:2972|15973:547
4100400,INF-ENE-02,6.478662,2025,observado,nivel_2,False,15923:1|15948:21049|15952:14951|15970:2972|15973:547
4100459,INF-ENE-01,13.705,2025,territorializacao_aproximada,nivel_4,True,
4100459,INF-ENE-02,9.18,2025,territorializacao_aproximada,nivel_4,True,
4100509,INF-ENE-01,4.53,2025,observado,nivel_1,False,
4100509,INF-ENE-02,2.93,2025,observado,nivel_1,False,
4100608,INF-ENE-01,8.489537,2025,observado,nivel_2,False,15945:5795|15963:119
4100608,INF-ENE-02,5.225976,2025,observado,nivel_2,False,15945:5795|15963:119
4100707,INF-ENE-01,8.233032,2025,observado,nivel_2,False,15571:4366|16756:97
4100707,INF-ENE-02,6.783045,2025,observado,nivel_2,False,15571:4366|16756:97
4100806,INF-ENE-01,8.88,2025,observado,nivel_1,False,
4100806,INF-ENE-02,5.17,2025,observado,nivel_1,False,
4100905,INF-ENE-01,6.019672,2025,observado,nivel_2,False,14634:2100|14651:92
4100905,INF-ENE-02,3.470109,2025,observado,nivel_2,False,14634:2100|14651:92
4101002,INF-ENE-01,12.692627,2025,observado,nivel_2,False,14622:245|14628:8391|14658:558
4101002,INF-ENE-02,7.585581,2025,observado,nivel_2,False,14622:245|14628:8391|14658:558
4101051,INF-ENE-01,9.958027,2025,observado,nivel_2,False,16760:10|16776:1409
4101051,INF-ENE-02,6.976899,2025,observado,nivel_2,False,16760:10|16776:1409
4101101,INF-ENE-01,4.69,2025,observado,nivel_1,False,
4101101,INF-ENE-02,2.2,2025,observado,nivel_1,False,
4101150,INF-ENE-01,5.585,2025,territorializacao_aproximada,nivel_4,True,
4101150,INF-ENE-02,3.7,2025,territorializacao_aproximada,nivel_4,True,
4101200,INF-ENE-01,23.352161,2025,observado,nivel_2,False,14578:64|14583:7002|14593:1487
4101200,INF-ENE-02,10.589655,2025,observado,nivel_2,False,14578:64|14583:7002|14593:1487
4101309,INF-ENE-01,8.772405,2025,observado,nivel_2,False,14652:767|14687:2805
4101309,INF-ENE-02,5.039457,2025,observado,nivel_2,False,14652:767|14687:2805
4101408,INF-ENE-01,6.597254,2025,observado,nivel_2,False,14664:20540|15585:10|16755:36597|16764:1
4101408,INF-ENE-02,4.783184,2025,observado,nivel_2,False,14664:20540|15585:10|16755:36597|16764:1
4101507,INF-ENE-01,3.005884,2025,observado,nivel_2,False,14626:8|15584:15952|15585:36595|16755:929|16761:5
4101507,INF-ENE-02,2.512988,2025,observado,nivel_2,False,14626:8|15584:15952|15585:36595|16755:929|16761:5
4101606,INF-ENE-01,12.617143,2025,territorializacao_aproximada,nivel_4,True,
4101606,INF-ENE-02,6.108571,2025,territorializacao_aproximada,nivel_4,True,
4101655,INF-ENE-01,9.92,2025,observado,nivel_1,False,
4101655,INF-ENE-02,5.35,2025,observado,nivel_1,False,
4101705,INF-ENE-01,5.63,2025,observado,nivel_1,False,
4101705,INF-ENE-02,3.49,2025,observado,nivel_1,False,
4101804,INF-ENE-01,6.688919,2025,observado,nivel_2,False,14603:12921|14684:525|15581:720|15924:46332|15938:823|15956:9|16774:326
4101804,INF-ENE-02,4.844674,2025,observado,nivel_2,False,14603:12921|14684:525|15581:720|15924:46332|15938:823|15956:9|16774:326
4101853,INF-ENE-01,9.92,2025,observado,nivel_1,False,
4101853,INF-ENE-02,5.35,2025,observado,nivel_1,False,
4101903,INF-ENE-01,9.568911,2025,observado,nivel_2,False,14671:117|14699:6448
4101903,INF-ENE-02,4.476634,2025,observado,nivel_2,False,14671:117|14699:6448
4102000,INF-ENE-01,8.788,2025,territorializacao_aproximada,nivel_4,True,
4102000,INF-ENE-02,6.064,2025,territorializacao_aproximada,nivel_4,True,
4102109,INF-ENE-01,5.4975,2025,territorializacao_aproximada,nivel_4,True,
4102109,INF-ENE-02,3.5125,2025,territorializacao_aproximada,nivel_4,True,
4102208,INF-ENE-01,7.978455,2025,observado,nivel_2,False,15933:1|15963:2096
4102208,INF-ENE-02,5.029289,2025,observado,nivel_2,False,15933:1|15963:2096
4102307,INF-ENE-01,13.186667,2025,territorializacao_aproximada,nivel_4,True,
4102307,INF-ENE-02,7.72,2025,territorializacao_aproximada,nivel_4,True,
4102406,INF-ENE-01,6.308026,2025,observado,nivel_2,False,14665:282|14693:242|14697:13548
4102406,INF-ENE-02,2.482599,2025,observado,nivel_2,False,14665:282|14693:242|14697:13548
4102505,INF-ENE-01,8.766667,2025,territorializacao_aproximada,nivel_4,True,
4102505,INF-ENE-02,4.336667,2025,territorializacao_aproximada,nivel_4,True,
4102604,INF-ENE-01,11.367585,2025,observado,nivel_2,False,14622:3197|14658:927
4102604,INF-ENE-02,6.579484,2025,observado,nivel_2,False,14622:3197|14658:927
4102703,INF-ENE-01,4.27,2025,territorializacao_aproximada,nivel_4,True,
4102703,INF-ENE-02,1.98,2025,territorializacao_aproximada,nivel_4,True,
4102752,INF-ENE-01,12.94,2025,observado,nivel_1,False,
4102752,INF-ENE-02,7.73,2025,observado,nivel_1,False,
4102802,INF-ENE-01,8.877437,2025,observado,nivel_2,False,14696:6857|16761:3
4102802,INF-ENE-02,5.168408,2025,observado,nivel_2,False,14696:6857|16761:3
4102901,INF-ENE-01,11.037533,2025,observado,nivel_2,False,15927:5675|15959:879
4102901,INF-ENE-02,5.498566,2025,observado,nivel_2,False,15927:5675|15959:879
4103008,INF-ENE-01,15.717988,2025,observado,nivel_2,False,14647:2075|14656:57
4103008,INF-ENE-02,11.120178,2025,observado,nivel_2,False,14647:2075|14656:57
4103024,INF-ENE-01,15.28,2025,observado,nivel_1,False,
4103024,INF-ENE-02,11.1,2025,observado,nivel_1,False,
4103040,INF-ENE-01,17.433827,2025,observado,nivel_2,False,14632:2323|14653:5
4103040,INF-ENE-02,11.367049,2025,observado,nivel_2,False,14632:2323|14653:5
4103057,INF-ENE-01,14.11,2025,territorializacao_aproximada,nivel_4,True,
4103057,INF-ENE-02,9.415,2025,territorializacao_aproximada,nivel_4,True,
4103107,INF-ENE-01,17.911996,2025,observado,nivel_2,False,14578:1441|14586:20|15950:67|15973:4899
4103107,INF-ENE-02,13.933036,2025,observado,nivel_2,False,14578:1441|14586:20|15950:67|15973:4899
4103156,INF-ENE-01,11.411334,2025,observado,nivel_2,False,14622:1329|14658:350
4103156,INF-ENE-02,6.596951,2025,observado,nivel_2,False,14622:1329|14658:350
4103206,INF-ENE-01,6.4725,2025,territorializacao_aproximada,nivel_4,True,
4103206,INF-ENE-02,3.9975,2025,territorializacao_aproximada,nivel_4,True,
4103222,INF-ENE-01,8.628076,2025,observado,nivel_2,False,14658:59|15919:1391
4103222,INF-ENE-02,6.872393,2025,observado,nivel_2,False,14658:59|15919:1391
4103305,INF-ENE-01,10.571356,2025,observado,nivel_2,False,14662:3514|16772:99
4103305,INF-ENE-02,5.723689,2025,observado,nivel_2,False,14662:3514|16772:99
4103354,INF-ENE-01,9.665356,2025,observado,nivel_2,False,16760:2158|16768:56|16776:4
4103354,INF-ENE-02,6.549883,2025,observado,nivel_2,False,16760:2158|16768:56|16776:4
4103370,INF-ENE-01,10.614797,2025,observado,nivel_2,False,15571:4|16756:1872
4103370,INF-ENE-02,6.470682,2025,observado,nivel_2,False,15571:4|16756:1872
4103404,INF-ENE-01,4.731086,2025,observado,nivel_2,False,14659:1191|14666:43
4103404,INF-ENE-02,2.090146,2025,observado,nivel_2,False,14659:1191|14666:43
4103453,INF-ENE-01,9.68894,2025,observado,nivel_2,False,16756:83|16760:7993|16768:10|16776:1
4103453,INF-ENE-02,6.539781,2025,observado,nivel_2,False,16756:83|16760:7993|16768:10|16776:1
4103479,INF-ENE-01,8.097239,2025,observado,nivel_2,False,15571:2184|15572:54
4103479,INF-ENE-02,6.707721,2025,observado,nivel_2,False,15571:2184|15572:54
4103503,INF-ENE-01,8.0,2025,observado,nivel_1,False,
4103503,INF-ENE-02,5.97,2025,observado,nivel_1,False,
4103602,INF-ENE-01,4.69,2025,observado,nivel_1,False,
4103602,INF-ENE-02,2.2,2025,observado,nivel_1,False,
4103701,INF-ENE-01,3.375637,2025,observado,nivel_2,False,14626:8|14696:496|15930:106|15936:8680|15961:253|16761:18042|16763:20461
4103701,INF-ENE-02,2.193033,2025,observado,nivel_2,False,14626:8|14696:496|15930:106|15936:8680|15961:253|16761:18042|16763:20461
4103800,INF-ENE-01,7.785,2025,territorializacao_aproximada,nivel_4,True,
4103800,INF-ENE-02,4.58,2025,territorializacao_aproximada,nivel_4,True,
4103909,INF-ENE-01,11.1625,2025,territorializacao_aproximada,nivel_4,True,
4103909,INF-ENE-02,7.9325,2025,territorializacao_aproximada,nivel_4,True,
4103958,INF-ENE-01,12.535,2025,territorializacao_aproximada,nivel_4,True,
4103958,INF-ENE-02,7.4825,2025,territorializacao_aproximada,nivel_4,True,
4104006,INF-ENE-01,18.587341,2025,observado,nivel_2,False,14578:20453|14586:69|14593:25
4104006,INF-ENE-02,11.265343,2025,observado,nivel_2,False,14578:20453|14586:69|14593:25
4104055,INF-ENE-01,9.573333,2025,territorializacao_aproximada,nivel_4,True,
4104055,INF-ENE-02,6.806667,2025,territorializacao_aproximada,nivel_4,True,
4104105,INF-ENE-01,14.34,2025,observado,nivel_1,False,
4104105,INF-ENE-02,9.17,2025,observado,nivel_1,False,
4104204,INF-ENE-01,11.855,2025,territorializacao_aproximada,nivel_4,True,
4104204,INF-ENE-02,8.0125,2025,territorializacao_aproximada,nivel_4,True,
4104253,INF-ENE-01,13.58,2025,territorializacao_aproximada,nivel_4,True,
4104253,INF-ENE-02,10.3,2025,territorializacao_aproximada,nivel_4,True,
4104303,INF-ENE-01,5.675341,2025,observado,nivel_2,False,14582:369|14647:13|14682:46434|16757:39
4104303,INF-ENE-02,3.511005,2025,observado,nivel_2,False,14582:369|14647:13|14682:46434|16757:39
4104402,INF-ENE-01,16.247384,2025,observado,nivel_2,False,14632:5331|14653:994|15947:29|16770:3
4104402,INF-ENE-02,10.430601,2025,observado,nivel_2,False,14632:5331|14653:994|15947:29|16770:3
4104428,INF-ENE-01,11.44,2025,territorializacao_aproximada,nivel_4,True,
4104428,INF-ENE-02,6.674,2025,territorializacao_aproximada,nivel_4,True,
4104451,INF-ENE-01,17.967507,2025,observado,nivel_2,False,14642:4574|15946:96
4104451,INF-ENE-02,9.525961,2025,observado,nivel_2,False,14642:4574|15946:96
4104501,INF-ENE-01,12.94,2025,observado,nivel_1,False,
4104501,INF-ENE-02,7.73,2025,observado,nivel_1,False,
4104600,INF-ENE-01,12.94,2025,observado,nivel_1,False,
4104600,INF-ENE-02,7.73,2025,observado,nivel_1,False,
4104659,INF-ENE-01,10.12,2025,territorializacao_aproximada,nivel_4,True,
4104659,INF-ENE-02,5.925,2025,territorializacao_aproximada,nivel_4,True,
4104709,INF-ENE-01,10.789105,2025,observado,nivel_2,False,14623:2|16780:7756
4104709,INF-ENE-02,5.589577,2025,observado,nivel_2,False,14623:2|16780:7756
4104808,INF-ENE-01,6.293554,2025,observado,nivel_2,False,14611:34224|14628:639|14640:48001|14668:26440|15968:521|16756:17|16760:176|16768:49388
4104808,INF-ENE-02,4.659004,2025,observado,nivel_2,False,14611:34224|14628:639|14640:48001|14668:26440|15968:521|16756:17|16760:176|16768:49388
4104907,INF-ENE-01,16.458636,2025,observado,nivel_2,False,14678:27047|15574:121|15929:2|15970:28
4104907,INF-ENE-02,9.000122,2025,observado,nivel_2,False,14678:27047|15574:121|15929:2|15970:28
4105003,INF-ENE-01,9.516426,2025,observado,nivel_2,False,14628:194|14629:245|14668:1|16768:3343
4105003,INF-ENE-02,7.001573,2025,observado,nivel_2,False,14628:194|14629:245|14668:1|16768:3343
4105102,INF-ENE-01,4.66,2025,observado,nivel_1,False,
4105102,INF-ENE-02,2.01,2025,observado,nivel_1,False,
4105201,INF-ENE-01,38.500579,2025,observado,nivel_2,False,14678:311|15950:6614|15970:835
4105201,INF-ENE-02,19.408651,2025,observado,nivel_2,False,14678:311|15950:6614|15970:835
4105300,INF-ENE-01,10.14,2025,territorializacao_aproximada,nivel_4,True,
4105300,INF-ENE-02,6.75,2025,territorializacao_aproximada,nivel_4,True,
4105409,INF-ENE-01,9.633869,2025,observado,nivel_2,False,15919:41|15939:95|15946:100|15967:9042
4105409,INF-ENE-02,5.132533,2025,observado,nivel_2,False,15919:41|15939:95|15946:100|15967:9042
4105508,INF-ENE-01,8.224172,2025,observado,nivel_2,False,14672:35938|14682:1189
4105508,INF-ENE-02,6.626238,2025,observado,nivel_2,False,14672:35938|14682:1189
4105607,INF-ENE-01,9.26,2025,observado,nivel_1,False,
4105607,INF-ENE-02,6.41,2025,observado,nivel_1,False,
4105706,INF-ENE-01,16.651592,2025,observado,nivel_2,False,14676:6901|15919:7|15946:1
4105706,INF-ENE-02,9.177801,2025,observado,nivel_2,False,14676:6901|15919:7|15946:1
4105805,INF-ENE-01,5.828841,2025,observado,nivel_2,False,14578:1226|14581:252|14586:39240|15923:40617|15948:47|15970:1|15973:9271
4105805,INF-ENE-02,4.964319,2025,observado,nivel_2,False,14578:1226|14581:252|14586:39240|15923:40617|15948:47|15970:1|15973:9271
4105904,INF-ENE-01,9.5125,2025,territorializacao_aproximada,nivel_4,True,
4105904,INF-ENE-02,6.185,2025,territorializacao_aproximada,nivel_4,True,
4106001,INF-ENE-01,9.86894,2025,observado,nivel_2,False,14665:98|15940:3391
4106001,INF-ENE-02,4.511969,2025,observado,nivel_2,False,14665:98|15940:3391
4106100,INF-ENE-01,9.87,2025,observado,nivel_1,False,
4106100,INF-ENE-02,4.26,2025,observado,nivel_1,False,
4106209,INF-ENE-01,7.482667,2025,observado,nivel_2,False,14652:64|14684:284|15924:7748|15938:33
4106209,INF-ENE-02,5.477051,2025,observado,nivel_2,False,14652:64|14684:284|15924:7748|15938:33
4106308,INF-ENE-01,9.693158,2025,observado,nivel_2,False,16760:6803|16768:69|16776:494
4106308,INF-ENE-02,6.572881,2025,observado,nivel_2,False,16760:6803|16768:69|16776:494
4106407,INF-ENE-01,5.68,2025,observado,nivel_1,False,
4106407,INF-ENE-02,2.85,2025,observado,nivel_1,False,
4106456,INF-ENE-01,14.772205,2025,observado,nivel_2,False,14637:582|14676:1962|15927:101|15946:8
4106456,INF-ENE-02,7.958654,2025,observado,nivel_2,False,14637:582|14676:1962|15927:101|15946:8
4106506,INF-ENE-01,9.3625,2025,territorializacao_aproximada,nivel_4,True,
4106506,INF-ENE-02,6.9225,2025,territorializacao_aproximada,nivel_4,True,
4106555,INF-ENE-01,8.4338,2025,observado,nivel_2,False,14682:44|16757:1619
4106555,INF-ENE-02,3.782063,2025,observado,nivel_2,False,14682:44|16757:1619
4106571,INF-ENE-01,15.28,2025,observado,nivel_1,False,
4106571,INF-ENE-02,11.1,2025,observado,nivel_1,False,
4106605,INF-ENE-01,8.212223,2025,observado,nivel_2,False,14667:301|14672:17|15571:9839
4106605,INF-ENE-02,6.778638,2025,observado,nivel_2,False,14667:301|14672:17|15571:9839
4106704,INF-ENE-01,7.726667,2025,territorializacao_aproximada,nivel_4,True,
4106704,INF-ENE-02,4.856667,2025,territorializacao_aproximada,nivel_4,True,
4106803,INF-ENE-01,8.877012,2025,observado,nivel_2,False,15565:20|15927:1293|15959:5879
4106803,INF-ENE-02,4.828162,2025,observado,nivel_2,False,15565:20|15927:1293|15959:5879
4106852,INF-ENE-01,10.67,2025,observado,nivel_1,False,
4106852,INF-ENE-02,5.79,2025,observado,nivel_1,False,
4106902,INF-ENE-01,3.428235,2025,territorializacao_aproximada,nivel_4,True,
4106902,INF-ENE-02,2.512353,2025,territorializacao_aproximada,nivel_4,True,
4107009,INF-ENE-01,11.458,2025,territorializacao_aproximada,nivel_4,True,
4107009,INF-ENE-02,6.348,2025,territorializacao_aproximada,nivel_4,True,
4107108,INF-ENE-01,7.61,2025,observado,nivel_1,False,
4107108,INF-ENE-02,6.44,2025,observado,nivel_1,False,
4107124,INF-ENE-01,9.639717,2025,observado,nivel_2,False,14668:1406|16768:3|16776:4
4107124,INF-ENE-02,7.178839,2025,observado,nivel_2,False,14668:1406|16768:3|16776:4
4107157,INF-ENE-01,17.705579,2025,observado,nivel_2,False,14683:42|15569:1808|15928:23
4107157,INF-ENE-02,9.537384,2025,observado,nivel_2,False,14683:42|15569:1808|15928:23
4107207,INF-ENE-01,15.28,2025,observado,nivel_1,False,
4107207,INF-ENE-02,11.1,2025,observado,nivel_1,False,
4107256,INF-ENE-01,6.465,2025,territorializacao_aproximada,nivel_4,True,
4107256,INF-ENE-02,5.085,2025,territorializacao_aproximada,nivel_4,True,
4107306,INF-ENE-01,4.295015,2025,observado,nivel_2,False,14672:60|15933:5|15943:3241
4107306,INF-ENE-02,3.3234,2025,observado,nivel_2,False,14672:60|15933:5|15943:3241
4107405,INF-ENE-01,9.996761,2025,observado,nivel_2,False,14628:66|14658:2196|15939:257
4107405,INF-ENE-02,6.347709,2025,observado,nivel_2,False,14628:66|14658:2196|15939:257
4107504,INF-ENE-01,5.895,2025,territorializacao_aproximada,nivel_4,True,
4107504,INF-ENE-02,4.235,2025,territorializacao_aproximada,nivel_4,True,
4107520,INF-ENE-01,4.53,2025,observado,nivel_1,False,
4107520,INF-ENE-02,2.93,2025,observado,nivel_1,False,
4107538,INF-ENE-01,8.60878,2025,observado,nivel_2,False,14645:1996|15569:4
4107538,INF-ENE-02,5.52826,2025,observado,nivel_2,False,14645:1996|15569:4
4107546,INF-ENE-01,12.76,2025,observado,nivel_1,False,
4107546,INF-ENE-02,7.81,2025,observado,nivel_1,False,
4107553,INF-ENE-01,5.691924,2025,observado,nivel_2,False,14647:6|14682:992
4107553,INF-ENE-02,3.537014,2025,observado,nivel_2,False,14647:6|14682:992
4107603,INF-ENE-01,10.70683,2025,observado,nivel_2,False,14662:7079|15958:43
4107603,INF-ENE-02,5.821577,2025,observado,nivel_2,False,14662:7079|15958:43
4107652,INF-ENE-01,6.35,2025,territorializacao_aproximada,nivel_4,True,
4107652,INF-ENE-02,4.616,2025,territorializacao_aproximada,nivel_4,True,
4107702,INF-ENE-01,8.471122,2025,observado,nivel_2,False,15964:2|16757:2067|16772:53
4107702,INF-ENE-02,3.779199,2025,observado,nivel_2,False,15964:2|16757:2067|16772:53
4107736,INF-ENE-01,8.561646,2025,observado,nivel_2,False,15565:2399|15947:1
4107736,INF-ENE-02,5.362104,2025,observado,nivel_2,False,15565:2399|15947:1
4107751,INF-ENE-01,9.99,2025,observado,nivel_1,False,
4107751,INF-ENE-02,4.56,2025,observado,nivel_1,False,
4107801,INF-ENE-01,7.073333,2025,territorializacao_aproximada,nivel_4,True,
4107801,INF-ENE-02,4.6,2025,territorializacao_aproximada,nivel_4,True,
4107850,INF-ENE-01,9.29,2025,observado,nivel_1,False,
4107850,INF-ENE-02,5.75,2025,observado,nivel_1,False,
4107900,INF-ENE-01,4.257506,2025,observado,nivel_2,False,14682:155|15943:6044|15964:12
4107900,INF-ENE-02,3.266126,2025,observado,nivel_2,False,14682:155|15943:6044|15964:12
4108007,INF-ENE-01,4.66,2025,observado,nivel_1,False,
4108007,INF-ENE-02,2.01,2025,observado,nivel_1,False,
4108106,INF-ENE-01,7.036667,2025,territorializacao_aproximada,nivel_4,True,
4108106,INF-ENE-02,4.4,2025,territorializacao_aproximada,nivel_4,True,
4108205,INF-ENE-01,10.15,2025,territorializacao_aproximada,nivel_4,True,
4108205,INF-ENE-02,6.505,2025,territorializacao_aproximada,nivel_4,True,
4108304,INF-ENE-01,6.177408,2025,observado,nivel_2,False,15575:40606|15576:45012|15577:34932
4108304,INF-ENE-02,4.130349,2025,observado,nivel_2,False,15575:40606|15576:45012|15577:34932
4108320,INF-ENE-01,10.957498,2025,observado,nivel_2,False,14670:3301|14691:104
4108320,INF-ENE-02,7.137442,2025,observado,nivel_2,False,14670:3301|14691:104
4108403,INF-ENE-01,9.290734,2025,observado,nivel_2,False,14658:43719|15919:153|15939:23
4108403,INF-ENE-02,5.756881,2025,observado,nivel_2,False,14658:43719|15919:153|15939:23
4108452,INF-ENE-01,12.255,2025,territorializacao_aproximada,nivel_4,True,
4108452,INF-ENE-02,7.41,2025,territorializacao_aproximada,nivel_4,True,
4108502,INF-ENE-01,11.29,2025,territorializacao_aproximada,nivel_4,True,
4108502,INF-ENE-02,6.695,2025,territorializacao_aproximada,nivel_4,True,
4108551,INF-ENE-01,9.894733,2025,observado,nivel_2,False,14653:1495|16757:13|16772:7
4108551,INF-ENE-02,5.327465,2025,observado,nivel_2,False,14653:1495|16757:13|16772:7
4108601,INF-ENE-01,9.31,2025,territorializacao_aproximada,nivel_4,True,
4108601,INF-ENE-02,5.34,2025,territorializacao_aproximada,nivel_4,True,
4108650,INF-ENE-01,15.76,2025,territorializacao_aproximada,nivel_4,True,
4108650,INF-ENE-02,9.273333,2025,territorializacao_aproximada,nivel_4,True,
4108700,INF-ENE-01,9.947055,2025,observado,nivel_2,False,14653:2298|14662:86
4108700,INF-ENE-02,5.365872,2025,observado,nivel_2,False,14653:2298|14662:86
4108809,INF-ENE-01,11.16,2025,observado,nivel_1,False,
4108809,INF-ENE-02,7.27,2025,observado,nivel_1,False,
4108908,INF-ENE-01,6.039426,2025,observado,nivel_2,False,14634:2652|14651:151
4108908,INF-ENE-02,3.507,2025,observado,nivel_2,False,14634:2652|14651:151
4108957,INF-ENE-01,10.956667,2025,territorializacao_aproximada,nivel_4,True,
4108957,INF-ENE-02,7.563333,2025,territorializacao_aproximada,nivel_4,True,
4109005,INF-ENE-01,7.339191,2025,observado,nivel_2,False,14623:1978|16780:11
4109005,INF-ENE-02,3.95907,2025,observado,nivel_2,False,14623:1978|16780:11
4109104,INF-ENE-01,9.26,2025,observado,nivel_1,False,
4109104,INF-ENE-02,6.41,2025,observado,nivel_1,False,
4109203,INF-ENE-01,4.945913,2025,observado,nivel_2,False,14659:1908|14666:311
4109203,INF-ENE-02,2.332352,2025,observado,nivel_2,False,14659:1908|14666:311
4109302,INF-ENE-01,9.579021,2025,observado,nivel_2,False,14629:73|14668:5061|16768:1125|16776:54
4109302,INF-ENE-02,7.135677,2025,observado,nivel_2,False,14629:73|14668:5061|16768:1125|16776:54
4109401,INF-ENE-01,9.896667,2025,territorializacao_aproximada,nivel_4,True,
4109401,INF-ENE-02,5.837778,2025,territorializacao_aproximada,nivel_4,True,
4109500,INF-ENE-01,54.41,2025,observado,nivel_1,False,
4109500,INF-ENE-02,18.94,2025,observado,nivel_1,False,
4109609,INF-ENE-01,13.206667,2025,territorializacao_aproximada,nivel_4,True,
4109609,INF-ENE-02,6.68,2025,territorializacao_aproximada,nivel_4,True,
4109658,INF-ENE-01,9.96573,2025,observado,nivel_2,False,15919:1615|15946:439
4109658,INF-ENE-02,7.537678,2025,observado,nivel_2,False,15919:1615|15946:439
4109708,INF-ENE-01,9.800611,2025,observado,nivel_2,False,14697:268|15940:476|15966:12028
4109708,INF-ENE-02,4.23383,2025,observado,nivel_2,False,14697:268|15940:476|15966:12028
4109757,INF-ENE-01,9.60876,2025,observado,nivel_2,False,14668:2505|16768:148
4109757,INF-ENE-02,7.16438,2025,observado,nivel_2,False,14668:2505|16768:148
4109807,INF-ENE-01,5.106131,2025,observado,nivel_2,False,14650:80|14671:23938|14696:17|15961:25
4109807,INF-ENE-02,3.738648,2025,observado,nivel_2,False,14650:80|14671:23938|14696:17|15961:25
4109906,INF-ENE-01,4.820302,2025,observado,nivel_2,False,15571:95|15572:4540
4109906,INF-ENE-02,3.449892,2025,observado,nivel_2,False,15571:95|15572:4540
4110003,INF-ENE-01,6.327456,2025,observado,nivel_2,False,14698:2802|15933:181
4110003,INF-ENE-02,3.840583,2025,observado,nivel_2,False,14698:2802|15933:181
4110052,INF-ENE-01,9.711909,2025,observado,nivel_2,False,16760:933|16776:120
4110052,INF-ENE-02,6.590142,2025,observado,nivel_2,False,16760:933|16776:120
4110078,INF-ENE-01,16.69899,2025,observado,nivel_2,False,15929:56|15958:5141
4110078,INF-ENE-02,10.969679,2025,observado,nivel_2,False,15929:56|15958:5141
4110102,INF-ENE-01,12.429134,2025,observado,nivel_2,False,15565:241|15947:11601|16770:9
4110102,INF-ENE-02,10.304654,2025,observado,nivel_2,False,15565:241|15947:11601|16770:9
4110201,INF-ENE-01,9.073333,2025,territorializacao_aproximada,nivel_4,True,
4110201,INF-ENE-02,5.04,2025,territorializacao_aproximada,nivel_4,True,
4110300,INF-ENE-01,8.5,2025,observado,nivel_1,False,
4110300,INF-ENE-02,5.23,2025,observado,nivel_1,False,
4110409,INF-ENE-01,8.31,2025,observado,nivel_1,False,
4110409,INF-ENE-02,6.73,2025,observado,nivel_1,False,
4110508,INF-ENE-01,11.5875,2025,territorializacao_aproximada,nivel_4,True,
4110508,INF-ENE-02,7.865,2025,territorializacao_aproximada,nivel_4,True,
4110607,INF-ENE-01,4.669358,2025,observado,nivel_2,False,14691:6856|15571:223|16756:29
4110607,INF-ENE-02,3.065543,2025,observado,nivel_2,False,14691:6856|15571:223|16756:29
4110656,INF-ENE-01,10.615489,2025,observado,nivel_2,False,16756:1037|16760:5
4110656,INF-ENE-02,6.470336,2025,observado,nivel_2,False,16756:1037|16760:5
4110706,INF-ENE-01,11.1375,2025,territorializacao_aproximada,nivel_4,True,
4110706,INF-ENE-02,7.3975,2025,territorializacao_aproximada,nivel_4,True,
4110805,INF-ENE-01,11.297801,2025,observado,nivel_2,False,14582:3929|14647:593|16757:171
4110805,INF-ENE-02,6.464856,2025,observado,nivel_2,False,14582:3929|14647:593|16757:171
4110904,INF-ENE-01,6.7,2025,observado,nivel_1,False,
4110904,INF-ENE-02,4.31,2025,observado,nivel_1,False,
4110953,INF-ENE-01,8.91,2025,observado,nivel_1,False,
4110953,INF-ENE-02,5.83,2025,observado,nivel_1,False,
4111001,INF-ENE-01,6.35,2025,observado,nivel_1,False,
4111001,INF-ENE-02,2.48,2025,observado,nivel_1,False,
4111100,INF-ENE-01,6.305,2025,territorializacao_aproximada,nivel_4,True,
4111100,INF-ENE-02,3.47,2025,territorializacao_aproximada,nivel_4,True,
4111209,INF-ENE-01,9.282586,2025,observado,nivel_2,False,14658:153|15919:4922|15939:560
4111209,INF-ENE-02,7.303636,2025,observado,nivel_2,False,14658:153|15919:4922|15939:560
4111258,INF-ENE-01,20.866542,2025,observado,nivel_2,False,15952:143|15970:9772
4111258,INF-ENE-02,18.218659,2025,observado,nivel_2,False,15952:143|15970:9772
4111308,INF-ENE-01,7.61,2025,observado,nivel_1,False,
4111308,INF-ENE-02,6.44,2025,observado,nivel_1,False,
4111407,INF-ENE-01,12.41,2025,territorializacao_aproximada,nivel_4,True,
4111407,INF-ENE-02,8.4275,2025,territorializacao_aproximada,nivel_4,True,
4111506,INF-ENE-01,9.92,2025,observado,nivel_1,False,
4111506,INF-ENE-02,5.35,2025,observado,nivel_1,False,
4111555,INF-ENE-01,8.152821,2025,observado,nivel_2,False,15571:3130|15572:25
4111555,INF-ENE-02,6.762979,2025,observado,nivel_2,False,15571:3130|15572:25
4111605,INF-ENE-01,4.22,2025,observado,nivel_1,False,
4111605,INF-ENE-02,3.26,2025,observado,nivel_1,False,
4111704,INF-ENE-01,10.33,2025,territorializacao_aproximada,nivel_4,True,
4111704,INF-ENE-02,4.925,2025,territorializacao_aproximada,nivel_4,True,
4111803,INF-ENE-01,5.603333,2025,territorializacao_aproximada,nivel_4,True,
4111803,INF-ENE-02,2.873333,2025,territorializacao_aproximada,nivel_4,True,
4111902,INF-ENE-01,4.415,2025,territorializacao_aproximada,nivel_4,True,
4111902,INF-ENE-02,2.4675,2025,territorializacao_aproximada,nivel_4,True,
4112009,INF-ENE-01,14.554,2025,territorializacao_aproximada,nivel_4,True,
4112009,INF-ENE-02,6.78,2025,territorializacao_aproximada,nivel_4,True,
4112108,INF-ENE-01,5.483348,2025,observado,nivel_2,False,16755:89|16764:9845|16772:376
4112108,INF-ENE-02,3.220563,2025,observado,nivel_2,False,16755:89|16764:9845|16772:376
4112207,INF-ENE-01,8.622195,2025,observado,nivel_2,False,14647:208|14656:2443
4112207,INF-ENE-02,4.767073,2025,observado,nivel_2,False,14647:208|14656:2443
4112306,INF-ENE-01,9.87,2025,observado,nivel_1,False,
4112306,INF-ENE-02,4.26,2025,observado,nivel_1,False,
4112405,INF-ENE-01,8.314163,2025,observado,nivel_2,False,14672:4196|15945:94
4112405,INF-ENE-02,6.697133,2025,observado,nivel_2,False,14672:4196|15945:94
4112504,INF-ENE-01,9.215,2025,territorializacao_aproximada,nivel_4,True,
4112504,INF-ENE-02,4.57,2025,territorializacao_aproximada,nivel_4,True,
4112603,INF-ENE-01,6.7,2025,observado,nivel_1,False,
4112603,INF-ENE-02,4.31,2025,observado,nivel_1,False,
4112702,INF-ENE-01,5.14128,2025,observado,nivel_2,False,14671:4915|14699:45
4112702,INF-ENE-02,3.746804,2025,observado,nivel_2,False,14671:4915|14699:45
4112751,INF-ENE-01,10.593433,2025,observado,nivel_2,False,16756:4401|16760:128
4112751,INF-ENE-02,6.471978,2025,observado,nivel_2,False,16756:4401|16760:128
4112801,INF-ENE-01,10.767153,2025,observado,nivel_2,False,14623:34|16780:5130
4112801,INF-ENE-02,5.579202,2025,observado,nivel_2,False,14623:34|16780:5130
4112900,INF-ENE-01,6.360773,2025,observado,nivel_2,False,14697:1303|15966:4
4112900,INF-ENE-02,2.485448,2025,observado,nivel_2,False,14697:1303|15966:4
4112959,INF-ENE-01,9.993134,2025,observado,nivel_2,False,14647:159|14656:424|16776:2984
4112959,INF-ENE-02,6.843748,2025,observado,nivel_2,False,14647:159|14656:424|16776:2984
4113007,INF-ENE-01,6.265,2025,territorializacao_aproximada,nivel_4,True,
4113007,INF-ENE-02,4.995,2025,territorializacao_aproximada,nivel_4,True,
4113106,INF-ENE-01,7.072181,2025,observado,nivel_2,False,16755:2|16757:2|16772:2169
4113106,INF-ENE-02,3.37278,2025,observado,nivel_2,False,16755:2|16757:2|16772:2169
4113205,INF-ENE-01,14.133493,2025,observado,nivel_2,False,14638:11|14652:20620|15924:588
4113205,INF-ENE-02,9.061234,2025,observado,nivel_2,False,14638:11|14652:20620|15924:588
4113254,INF-ENE-01,13.705,2025,territorializacao_aproximada,nivel_4,True,
4113254,INF-ENE-02,9.18,2025,territorializacao_aproximada,nivel_4,True,
4113304,INF-ENE-01,18.03,2025,observado,nivel_1,False,
4113304,INF-ENE-02,9.52,2025,observado,nivel_1,False,
4113403,INF-ENE-01,5.68,2025,observado,nivel_1,False,
4113403,INF-ENE-02,2.85,2025,observado,nivel_1,False,
4113429,INF-ENE-01,9.898114,2025,observado,nivel_2,False,14653:1903|14662:1|16772:15
4113429,INF-ENE-02,5.334752,2025,observado,nivel_2,False,14653:1903|14662:1|16772:15
4113452,INF-ENE-01,10.553333,2025,territorializacao_aproximada,nivel_4,True,
4113452,INF-ENE-02,7.27,2025,territorializacao_aproximada,nivel_4,True,
4113502,INF-ENE-01,7.61,2025,observado,nivel_1,False,
4113502,INF-ENE-02,6.44,2025,observado,nivel_1,False,
4113601,INF-ENE-01,7.21,2025,territorializacao_aproximada,nivel_4,True,
4113601,INF-ENE-02,4.466667,2025,territorializacao_aproximada,nivel_4,True,
4113700,INF-ENE-01,4.530667,2025,territorializacao_aproximada,nivel_4,True,
4113700,INF-ENE-02,2.903333,2025,territorializacao_aproximada,nivel_4,True,
4113734,INF-ENE-01,11.108502,2025,observado,nivel_2,False,14582:2621|14647:214|16757:3|16776:5
4113734,INF-ENE-02,6.260802,2025,observado,nivel_2,False,14582:2621|14647:214|16757:3|16776:5
4113759,INF-ENE-01,7.584432,2025,observado,nivel_2,False,14653:424|16772:1925
4113759,INF-ENE-02,3.727395,2025,observado,nivel_2,False,14653:424|16772:1925
4113809,INF-ENE-01,4.73795,2025,observado,nivel_2,False,14659:2215|14666:88
4113809,INF-ENE-02,2.097885,2025,observado,nivel_2,False,14659:2215|14666:88
4113908,INF-ENE-01,11.658575,2025,observado,nivel_2,False,14627:5939|15959:38
4113908,INF-ENE-02,6.885695,2025,observado,nivel_2,False,14627:5939|15959:38
4114005,INF-ENE-01,15.246934,2025,observado,nivel_2,False,14647:5418|16776:700
4114005,INF-ENE-02,10.814577,2025,observado,nivel_2,False,14647:5418|16776:700
4114104,INF-ENE-01,4.779595,2025,observado,nivel_2,False,15933:13551|15943:2|15963:168
4114104,INF-ENE-02,3.558203,2025,observado,nivel_2,False,15933:13551|15943:2|15963:168
4114203,INF-ENE-01,6.4725,2025,territorializacao_aproximada,nivel_4,True,
4114203,INF-ENE-02,3.9975,2025,territorializacao_aproximada,nivel_4,True,
4114302,INF-ENE-01,14.458,2025,territorializacao_aproximada,nivel_4,True,
4114302,INF-ENE-02,8.674,2025,territorializacao_aproximada,nivel_4,True,
4114351,INF-ENE-01,9.33,2025,observado,nivel_2,False,14622:18|14658:1188
4114351,INF-ENE-02,5.76597,2025,observado,nivel_2,False,14622:18|14658:1188
4114401,INF-ENE-01,14.721532,2025,observado,nivel_2,False,14676:383|15919:388|15946:6101|15967:1
4114401,INF-ENE-02,9.611046,2025,observado,nivel_2,False,14676:383|15919:388|15946:6101|15967:1
4114500,INF-ENE-01,11.952911,2025,observado,nivel_2,False,14632:1507|14653:4075
4114500,INF-ENE-02,6.977949,2025,observado,nivel_2,False,14632:1507|14653:4075
4114609,INF-ENE-01,8.588703,2025,observado,nivel_2,False,14645:26349|15928:19
4114609,INF-ENE-02,5.519539,2025,observado,nivel_2,False,14645:26349|15928:19
4114708,INF-ENE-01,8.221122,2025,observado,nivel_2,False,14667:111|15571:2551|15572:3
4114708,INF-ENE-02,6.770334,2025,observado,nivel_2,False,14667:111|15571:2551|15572:3
4114807,INF-ENE-01,4.774286,2025,territorializacao_aproximada,nivel_4,True,
4114807,INF-ENE-02,3.204286,2025,territorializacao_aproximada,nivel_4,True,
4114906,INF-ENE-01,8.56724,2025,observado,nivel_2,False,14650:22|14662:794|16755:2869
4114906,INF-ENE-02,5.91629,2025,observado,nivel_2,False,14650:22|14662:794|16755:2869
4115002,INF-ENE-01,7.61,2025,observado,nivel_1,False,
4115002,INF-ENE-02,6.44,2025,observado,nivel_1,False,
4115101,INF-ENE-01,8.933333,2025,territorializacao_aproximada,nivel_4,True,
4115101,INF-ENE-02,5.823333,2025,territorializacao_aproximada,nivel_4,True,
4115200,INF-ENE-01,3.728801,2025,observado,nivel_2,False,14621:18739|15933:83737|15937:49236|15943:15889|15962:35341|15964:3
4115200,INF-ENE-02,2.77197,2025,observado,nivel_2,False,14621:18739|15933:83737|15937:49236|15943:15889|15962:35341|15964:3
4115309,INF-ENE-01,15.064437,2025,observado,nivel_2,False,14676:2281|15919:563
4115309,INF-ENE-02,8.732609,2025,observado,nivel_2,False,14676:2281|15919:563
4115358,INF-ENE-01,10.311667,2025,observado,nivel_2,False,14636:2167|14645:103|15928:4
4115358,INF-ENE-02,7.348531,2025,observado,nivel_2,False,14636:2167|14645:103|15928:4
4115408,INF-ENE-01,9.29,2025,observado,nivel_1,False,
4115408,INF-ENE-02,5.75,2025,observado,nivel_1,False,
4115457,INF-ENE-01,18.03,2025,observado,nivel_1,False,
4115457,INF-ENE-02,9.52,2025,observado,nivel_1,False,
4115507,INF-ENE-01,7.204185,2025,observado,nivel_2,False,16755:332|16772:1969
4115507,INF-ENE-02,3.745141,2025,observado,nivel_2,False,16755:332|16772:1969
4115606,INF-ENE-01,11.837389,2025,observado,nivel_2,False,14683:7361|15570:82
4115606,INF-ENE-02,7.224466,2025,observado,nivel_2,False,14683:7361|15570:82
4115705,INF-ENE-01,5.509536,2025,observado,nivel_2,False,14644:28178|14686:45|16769:14393
4115705,INF-ENE-02,3.045979,2025,observado,nivel_2,False,14644:28178|14686:45|16769:14393
4115739,INF-ENE-01,15.93,2025,observado,nivel_1,False,
4115739,INF-ENE-02,11.31,2025,observado,nivel_1,False,
4115754,INF-ENE-01,10.706824,2025,observado,nivel_2,False,14662:3787|15958:23
4115754,INF-ENE-02,5.821572,2025,observado,nivel_2,False,14662:3787|15958:23
4115804,INF-ENE-01,8.91,2025,observado,nivel_1,False,
4115804,INF-ENE-02,5.83,2025,observado,nivel_1,False,
4115853,INF-ENE-01,8.59,2025,observado,nivel_1,False,
4115853,INF-ENE-02,5.52,2025,observado,nivel_1,False,
4115903,INF-ENE-01,5.95,2025,observado,nivel_1,False,
4115903,INF-ENE-02,3.34,2025,observado,nivel_1,False,
4116000,INF-ENE-01,4.768653,2025,observado,nivel_2,False,14659:948|14698:62
4116000,INF-ENE-02,2.123564,2025,observado,nivel_2,False,14659:948|14698:62
4116059,INF-ENE-01,16.694945,2025,observado,nivel_2,False,15569:4695|15570:775
4116059,INF-ENE-02,9.108775,2025,observado,nivel_2,False,15569:4695|15570:775
4116109,INF-ENE-01,8.09,2025,territorializacao_aproximada,nivel_4,True,
4116109,INF-ENE-02,5.5,2025,territorializacao_aproximada,nivel_4,True,
4116208,INF-ENE-01,16.790971,2025,observado,nivel_2,False,14583:8946|14591:12
4116208,INF-ENE-02,8.807053,2025,observado,nivel_2,False,14583:8946|14591:12
4116307,INF-ENE-01,6.43,2025,observado,nivel_1,False,
4116307,INF-ENE-02,3.86,2025,observado,nivel_1,False,
4116406,INF-ENE-01,6.697336,2025,observado,nivel_2,False,14666:1806|14698:18
4116406,INF-ENE-02,4.305559,2025,observado,nivel_2,False,14666:1806|14698:18
4116505,INF-ENE-01,5.95,2025,observado,nivel_1,False,
4116505,INF-ENE-02,3.34,2025,observado,nivel_1,False,
4116604,INF-ENE-01,9.65,2025,observado,nivel_1,False,
4116604,INF-ENE-02,4.49,2025,observado,nivel_1,False,
4116703,INF-ENE-01,9.7437,2025,observado,nivel_2,False,16756:344|16760:5279|16776:161
4116703,INF-ENE-02,6.548084,2025,observado,nivel_2,False,16756:344|16760:5279|16776:161
4116802,INF-ENE-01,9.96,2025,observado,nivel_1,False,
4116802,INF-ENE-02,6.98,2025,observado,nivel_1,False,
4116901,INF-ENE-01,6.7925,2025,territorializacao_aproximada,nivel_4,True,
4116901,INF-ENE-02,4.285,2025,territorializacao_aproximada,nivel_4,True,
4116950,INF-ENE-01,9.658986,2025,observado,nivel_2,False,14628:188|14658:2083|15939:27
4116950,INF-ENE-02,5.974843,2025,observado,nivel_2,False,14628:188|14658:2083|15939:27
4117008,INF-ENE-01,5.728204,2025,observado,nivel_2,False,14665:3006|15940:34
4117008,INF-ENE-02,2.869125,2025,observado,nivel_2,False,14665:3006|15940:34
4117057,INF-ENE-01,17.353426,2025,observado,nivel_2,False,14629:2|14642:3582|14668:313
4117057,INF-ENE-02,9.331178,2025,observado,nivel_2,False,14629:2|14642:3582|14668:313
4117107,INF-ENE-01,7.61,2025,observado,nivel_1,False,
4117107,INF-ENE-02,6.44,2025,observado,nivel_1,False,
4117206,INF-ENE-01,9.26,2025,observado,nivel_1,False,
4117206,INF-ENE-02,6.41,2025,observado,nivel_1,False,
4117214,INF-ENE-01,9.652017,2025,observado,nivel_2,False,14699:1843|15940:11
4117214,INF-ENE-02,4.490415,2025,observado,nivel_2,False,14699:1843|15940:11
4117222,INF-ENE-01,8.593333,2025,territorializacao_aproximada,nivel_4,True,
4117222,INF-ENE-02,5.946667,2025,territorializacao_aproximada,nivel_4,True,
4117255,INF-ENE-01,14.904781,2025,observado,nivel_2,False,14628:880|15939:4608
4117255,INF-ENE-02,10.559621,2025,observado,nivel_2,False,14628:880|15939:4608
4117271,INF-ENE-01,11.72,2025,territorializacao_aproximada,nivel_4,True,
4117271,INF-ENE-02,6.983333,2025,territorializacao_aproximada,nivel_4,True,
4117297,INF-ENE-01,8.707779,2025,observado,nivel_2,False,14662:397|16755:1096|16772:2
4117297,INF-ENE-02,5.918722,2025,observado,nivel_2,False,14662:397|16755:1096|16772:2
4117305,INF-ENE-01,10.696667,2025,territorializacao_aproximada,nivel_4,True,
4117305,INF-ENE-02,6.09,2025,territorializacao_aproximada,nivel_4,True,
4117404,INF-ENE-01,4.720521,2025,observado,nivel_2,False,15933:1516|15943:59
4117404,INF-ENE-02,3.529511,2025,observado,nivel_2,False,15933:1516|15943:59
4117453,INF-ENE-01,6.79,2025,observado,nivel_1,False,
4117453,INF-ENE-02,4.88,2025,observado,nivel_1,False,
4117503,INF-ENE-01,4.220396,2025,observado,nivel_2,False,15933:15|15943:19684
4117503,INF-ENE-02,3.260213,2025,observado,nivel_2,False,15933:15|15943:19684
4117602,INF-ENE-01,12.055,2025,territorializacao_aproximada,nivel_4,True,
4117602,INF-ENE-02,6.6975,2025,territorializacao_aproximada,nivel_4,True,
4117701,INF-ENE-01,7.82338,2025,observado,nivel_2,False,14638:14791|14680:63|15565:56
4117701,INF-ENE-02,5.164554,2025,observado,nivel_2,False,14638:14791|14680:63|15565:56
4117800,INF-ENE-01,15.3425,2025,territorializacao_aproximada,nivel_4,True,
4117800,INF-ENE-02,9.7975,2025,territorializacao_aproximada,nivel_4,True,
4117909,INF-ENE-01,9.27,2025,territorializacao_aproximada,nivel_4,True,
4117909,INF-ENE-02,6.263333,2025,territorializacao_aproximada,nivel_4,True,
4118006,INF-ENE-01,6.022943,2025,observado,nivel_2,False,14634:5281|14667:119
4118006,INF-ENE-02,3.407654,2025,observado,nivel_2,False,14634:5281|14667:119
4118105,INF-ENE-01,8.409123,2025,observado,nivel_2,False,14666:228|15945:4288
4118105,INF-ENE-02,5.183552,2025,observado,nivel_2,False,14666:228|15945:4288
4118204,INF-ENE-01,5.722654,2025,observado,nivel_2,False,14593:658|14631:3379|14635:29115|14686:18653|16769:814
4118204,INF-ENE-02,3.461519,2025,observado,nivel_2,False,14593:658|14631:3379|14635:29115|14686:18653|16769:814
4118303,INF-ENE-01,7.6,2025,territorializacao_aproximada,nivel_4,True,
4118303,INF-ENE-02,4.77,2025,territorializacao_aproximada,nivel_4,True,
4118402,INF-ENE-01,5.998636,2025,observado,nivel_2,False,14634:41453|15945:806
4118402,INF-ENE-02,3.376048,2025,observado,nivel_2,False,14634:41453|15945:806
4118451,INF-ENE-01,8.59,2025,observado,nivel_1,False,
4118451,INF-ENE-02,5.52,2025,observado,nivel_1,False,
4118501,INF-ENE-01,8.6,2025,observado,nivel_1,False,
4118501,INF-ENE-02,6.92,2025,observado,nivel_1,False,
4118600,INF-ENE-01,8.793179,2025,observado,nivel_2,False,14627:355|15959:2121
4118600,INF-ENE-02,4.972597,2025,observado,nivel_2,False,14627:355|15959:2121
4118709,INF-ENE-01,11.677653,2025,observado,nivel_2,False,14627:2870|15959:2
4118709,INF-ENE-02,6.898433,2025,observado,nivel_2,False,14627:2870|15959:2
4118808,INF-ENE-01,5.718291,2025,observado,nivel_2,False,14682:5565|16757:176
4118808,INF-ENE-02,3.499197,2025,observado,nivel_2,False,14682:5565|16757:176
4118857,INF-ENE-01,8.18,2025,observado,nivel_1,False,
4118857,INF-ENE-02,6.79,2025,observado,nivel_1,False,
4118907,INF-ENE-01,4.530809,2025,observado,nivel_2,False,14691:5690|15572:21
4118907,INF-ENE-02,2.931655,2025,observado,nivel_2,False,14691:5690|15572:21
4119004,INF-ENE-01,12.94,2025,observado,nivel_1,False,
4119004,INF-ENE-02,7.73,2025,observado,nivel_1,False,
4119103,INF-ENE-01,15.57,2025,observado,nivel_1,False,
4119103,INF-ENE-02,12.44,2025,observado,nivel_1,False,
4119152,INF-ENE-01,3.42,2025,territorializacao_aproximada,nivel_4,True,
4119152,INF-ENE-02,2.462,2025,territorializacao_aproximada,nivel_4,True,
4119202,INF-ENE-01,10.38,2025,territorializacao_aproximada,nivel_4,True,
4119202,INF-ENE-02,5.133333,2025,territorializacao_aproximada,nivel_4,True,
4119251,INF-ENE-01,11.622463,2025,observado,nivel_2,False,14622:1000|14658:149
4119251,INF-ENE-02,6.681245,2025,observado,nivel_2,False,14622:1000|14658:149
4119301,INF-ENE-01,11.322151,2025,observado,nivel_2,False,14619:7389|15927:3683|15946:19|15959:260
4119301,INF-ENE-02,5.178409,2025,observado,nivel_2,False,14619:7389|15927:3683|15946:19|15959:260
4119400,INF-ENE-01,14.432,2025,territorializacao_aproximada,nivel_4,True,
4119400,INF-ENE-02,6.932,2025,territorializacao_aproximada,nivel_4,True,
4119509,INF-ENE-01,9.764708,2025,observado,nivel_2,False,14579:24026|14581:6457|14591:322|15972:3821
4119509,INF-ENE-02,5.709171,2025,observado,nivel_2,False,14579:24026|14581:6457|14591:322|15972:3821
4119608,INF-ENE-01,17.126237,2025,observado,nivel_2,False,14582:12|14632:13434|14647:403|14653:526
4119608,INF-ENE-02,11.152776,2025,observado,nivel_2,False,14582:12|14632:13434|14647:403|14653:526
4119657,INF-ENE-01,6.43,2025,observado,nivel_1,False,
4119657,INF-ENE-02,3.86,2025,observado,nivel_1,False,
4119707,INF-ENE-01,7.61,2025,observado,nivel_1,False,
4119707,INF-ENE-02,6.44,2025,observado,nivel_1,False,
4119806,INF-ENE-01,12.94,2025,observado,nivel_1,False,
4119806,INF-ENE-02,7.73,2025,observado,nivel_1,False,
4119905,INF-ENE-01,7.162857,2025,territorializacao_aproximada,nivel_4,True,
4119905,INF-ENE-02,4.914286,2025,territorializacao_aproximada,nivel_4,True,
4119954,INF-ENE-01,6.56,2025,observado,nivel_1,False,
4119954,INF-ENE-02,4.13,2025,observado,nivel_1,False,
4120002,INF-ENE-01,4.66,2025,observado,nivel_1,False,
4120002,INF-ENE-02,2.01,2025,observado,nivel_1,False,
4120101,INF-ENE-01,7.81,2025,observado,nivel_1,False,
4120101,INF-ENE-02,5.16,2025,observado,nivel_1,False,
4120150,INF-ENE-01,14.18,2025,territorializacao_aproximada,nivel_4,True,
4120150,INF-ENE-02,8.113333,2025,territorializacao_aproximada,nivel_4,True,
4120200,INF-ENE-01,7.61,2025,observado,nivel_1,False,
4120200,INF-ENE-02,6.44,2025,observado,nivel_1,False,
4120309,INF-ENE-01,11.108205,2025,observado,nivel_2,False,15927:1559|15959:196
4120309,INF-ENE-02,5.520553,2025,observado,nivel_2,False,15927:1559|15959:196
4120333,INF-ENE-01,3.84,2025,territorializacao_aproximada,nivel_4,True,
4120333,INF-ENE-02,1.77,2025,territorializacao_aproximada,nivel_4,True,
4120358,INF-ENE-01,12.040717,2025,observado,nivel_2,False,14622:2378|14628:187
4120358,INF-ENE-02,6.886343,2025,observado,nivel_2,False,14622:2378|14628:187
4120408,INF-ENE-01,5.288405,2025,observado,nivel_2,False,15933:1708|15963:348
4120408,INF-ENE-02,3.792198,2025,observado,nivel_2,False,15933:1708|15963:348
4120507,INF-ENE-01,8.88,2025,observado,nivel_1,False,
4120507,INF-ENE-02,5.17,2025,observado,nivel_1,False,
4120606,INF-ENE-01,11.79447,2025,observado,nivel_2,False,14632:351|15565:649|15947:2|16770:20371
4120606,INF-ENE-02,6.946201,2025,observado,nivel_2,False,14632:351|15565:649|15947:2|16770:20371
4120655,INF-ENE-01,9.565,2025,territorializacao_aproximada,nivel_4,True,
4120655,INF-ENE-02,6.05,2025,territorializacao_aproximada,nivel_4,True,
4120705,INF-ENE-01,10.79,2025,observado,nivel_1,False,
4120705,INF-ENE-02,5.59,2025,observado,nivel_1,False,
4120804,INF-ENE-01,18.59,2025,observado,nivel_1,False,
4120804,INF-ENE-02,11.28,2025,observado,nivel_1,False,
4120853,INF-ENE-01,8.586962,2025,observado,nivel_2,False,14645:2366|15928:4
4120853,INF-ENE-02,5.51892,2025,observado,nivel_2,False,14645:2366|15928:4
4120903,INF-ENE-01,14.02,2025,territorializacao_aproximada,nivel_4,True,
4120903,INF-ENE-02,9.455,2025,territorializacao_aproximada,nivel_4,True,
4121000,INF-ENE-01,7.61,2025,observado,nivel_1,False,
4121000,INF-ENE-02,6.44,2025,observado,nivel_1,False,
4121109,INF-ENE-01,5.764483,2025,observado,nivel_2,False,14682:2016|15964:2|16757:99
4121109,INF-ENE-02,3.504001,2025,observado,nivel_2,False,14682:2016|15964:2|16757:99
4121208,INF-ENE-01,14.279022,2025,observado,nivel_2,False,14633:1595|14652:7126|15924:309|15938:172
4121208,INF-ENE-02,9.580224,2025,observado,nivel_2,False,14633:1595|14652:7126|15924:309|15938:172
4121257,INF-ENE-01,17.109869,2025,observado,nivel_2,False,14683:194|15569:1385|15570:23
4121257,INF-ENE-02,9.303308,2025,observado,nivel_2,False,14683:194|15569:1385|15570:23
4121307,INF-ENE-01,5.68,2025,observado,nivel_1,False,
4121307,INF-ENE-02,2.85,2025,observado,nivel_1,False,
4121356,INF-ENE-01,8.0,2025,observado,nivel_1,False,
4121356,INF-ENE-02,4.21,2025,observado,nivel_1,False,
4121406,INF-ENE-01,12.94,2025,observado,nivel_1,False,
4121406,INF-ENE-02,7.73,2025,observado,nivel_1,False,
4121505,INF-ENE-01,8.843444,2025,observado,nivel_2,False,14627:537|15565:5374
4121505,INF-ENE-02,5.499905,2025,observado,nivel_2,False,14627:537|15565:5374
4121604,INF-ENE-01,9.277166,2025,observado,nivel_2,False,14658:2691|15919:51
4121604,INF-ENE-02,5.771761,2025,observado,nivel_2,False,14658:2691|15919:51
4121703,INF-ENE-01,13.366,2025,territorializacao_aproximada,nivel_4,True,
4121703,INF-ENE-02,8.902,2025,territorializacao_aproximada,nivel_4,True,
4121752,INF-ENE-01,14.950728,2025,observado,nivel_2,False,14619:19|15927:9|15946:2542
4121752,INF-ENE-02,9.759506,2025,observado,nivel_2,False,14619:19|15927:9|15946:2542
4121802,INF-ENE-01,5.5325,2025,territorializacao_aproximada,nivel_4,True,
4121802,INF-ENE-02,2.6925,2025,territorializacao_aproximada,nivel_4,True,
4121901,INF-ENE-01,7.34,2025,territorializacao_aproximada,nivel_4,True,
4121901,INF-ENE-02,3.296667,2025,territorializacao_aproximada,nivel_4,True,
4122008,INF-ENE-01,11.598764,2025,observado,nivel_2,False,14627:5611|15565:150
4122008,INF-ENE-02,6.859903,2025,observado,nivel_2,False,14627:5611|15565:150
4122107,INF-ENE-01,9.335,2025,territorializacao_aproximada,nivel_4,True,
4122107,INF-ENE-02,5.88,2025,territorializacao_aproximada,nivel_4,True,
4122156,INF-ENE-01,14.276667,2025,territorializacao_aproximada,nivel_4,True,
4122156,INF-ENE-02,8.543333,2025,territorializacao_aproximada,nivel_4,True,
4122172,INF-ENE-01,10.98636,2025,observado,nivel_2,False,14632:228|14653:1382
4122172,INF-ENE-02,6.203938,2025,observado,nivel_2,False,14632:228|14653:1382
4122206,INF-ENE-01,21.008603,2025,observado,nivel_2,False,14678:46|15950:152|15970:13305|15973:644
4122206,INF-ENE-02,18.179565,2025,observado,nivel_2,False,14678:46|15950:152|15970:13305|15973:644
4122305,INF-ENE-01,7.608568,2025,observado,nivel_2,False,13395:7276|13417:4368|14633:1391|14652:729
4122305,INF-ENE-02,4.516388,2025,observado,nivel_2,False,13395:7276|13417:4368|14633:1391|14652:729
4122404,INF-ENE-01,3.553001,2025,observado,nivel_2,False,14626:30822|14698:4|15584:261|15585:2|16761:59|16763:2
4122404,INF-ENE-02,2.476353,2025,observado,nivel_2,False,14626:30822|14698:4|15584:261|15585:2|16761:59|16763:2
4122503,INF-ENE-01,15.90483,2025,observado,nivel_2,False,14582:11|14647:4864|16776:11
4122503,INF-ENE-02,11.287959,2025,observado,nivel_2,False,14582:11|14647:4864|16776:11
4122602,INF-ENE-01,9.19748,2025,observado,nivel_2,False,14667:3679|14672:250|15571:8
4122602,INF-ENE-02,6.431092,2025,observado,nivel_2,False,14667:3679|14672:250|15571:8
4122651,INF-ENE-01,13.345,2025,territorializacao_aproximada,nivel_4,True,
4122651,INF-ENE-02,8.185,2025,territorializacao_aproximada,nivel_4,True,
4122701,INF-ENE-01,5.57,2025,territorializacao_aproximada,nivel_4,True,
4122701,INF-ENE-02,3.7625,2025,territorializacao_aproximada,nivel_4,True,
4122800,INF-ENE-01,9.29,2025,observado,nivel_1,False,
4122800,INF-ENE-02,5.75,2025,observado,nivel_1,False,
4122909,INF-ENE-01,10.79,2025,observado,nivel_1,False,
4122909,INF-ENE-02,5.59,2025,observado,nivel_1,False,
4123006,INF-ENE-01,13.329416,2025,observado,nivel_2,False,14628:4605|14658:108|15939:1143
4123006,INF-ENE-02,8.351255,2025,observado,nivel_2,False,14628:4605|14658:108|15939:1143
4123105,INF-ENE-01,6.35,2025,observado,nivel_1,False,
4123105,INF-ENE-02,2.48,2025,observado,nivel_1,False,
4123204,INF-ENE-01,9.65,2025,observado,nivel_1,False,
4123204,INF-ENE-02,4.49,2025,observado,nivel_1,False,
4123303,INF-ENE-01,7.61,2025,observado,nivel_1,False,
4123303,INF-ENE-02,6.44,2025,observado,nivel_1,False,
4123402,INF-ENE-01,6.435059,2025,observado,nivel_2,False,14666:100|14698:5237
4123402,INF-ENE-02,3.868432,2025,observado,nivel_2,False,14666:100|14698:5237
4123501,INF-ENE-01,10.5675,2025,territorializacao_aproximada,nivel_4,True,
4123501,INF-ENE-02,6.47,2025,territorializacao_aproximada,nivel_4,True,
4123600,INF-ENE-01,6.7,2025,observado,nivel_1,False,
4123600,INF-ENE-02,4.31,2025,observado,nivel_1,False,
4123709,INF-ENE-01,7.61,2025,observado,nivel_1,False,
4123709,INF-ENE-02,6.44,2025,observado,nivel_1,False,
4123808,INF-ENE-01,12.942797,2025,observado,nivel_2,False,14628:5014|15939:6
4123808,INF-ENE-02,7.734028,2025,observado,nivel_2,False,14628:5014|15939:6
4123824,INF-ENE-01,12.94,2025,observado,nivel_1,False,
4123824,INF-ENE-02,7.73,2025,observado,nivel_1,False,
4123857,INF-ENE-01,17.45,2025,observado,nivel_1,False,
4123857,INF-ENE-02,11.38,2025,observado,nivel_1,False,
4123907,INF-ENE-01,5.681439,2025,observado,nivel_2,False,14665:5109|14697:11
4123907,INF-ENE-02,2.849205,2025,observado,nivel_2,False,14665:5109|14697:11
4123956,INF-ENE-01,7.61,2025,observado,nivel_1,False,
4123956,INF-ENE-02,6.44,2025,observado,nivel_1,False,
4124004,INF-ENE-01,10.79,2025,observado,nivel_1,False,
4124004,INF-ENE-02,5.59,2025,observado,nivel_1,False,
4124020,INF-ENE-01,9.637224,2025,observado,nivel_2,False,14668:6021|16768:30
4124020,INF-ENE-02,7.178612,2025,observado,nivel_2,False,14668:6021|16768:30
4124053,INF-ENE-01,5.71,2025,observado,nivel_1,False,
4124053,INF-ENE-02,3.91,2025,observado,nivel_1,False,
4124103,INF-ENE-01,7.323003,2025,observado,nivel_2,False,14623:19628|16780:17
4124103,INF-ENE-02,3.951419,2025,observado,nivel_2,False,14623:19628|16780:17
4124202,INF-ENE-01,8.5,2025,observado,nivel_1,False,
4124202,INF-ENE-02,5.23,2025,observado,nivel_1,False,
4124301,INF-ENE-01,9.99,2025,observado,nivel_1,False,
4124301,INF-ENE-02,4.56,2025,observado,nivel_1,False,
4124400,INF-ENE-01,11.97,2025,observado,nivel_1,False,
4124400,INF-ENE-02,6.82,2025,observado,nivel_1,False,
4124509,INF-ENE-01,6.7,2025,observado,nivel_1,False,
4124509,INF-ENE-02,4.31,2025,observado,nivel_1,False,
4124608,INF-ENE-01,6.278,2025,territorializacao_aproximada,nivel_4,True,
4124608,INF-ENE-02,4.08,2025,territorializacao_aproximada,nivel_4,True,
4124707,INF-ENE-01,10.765,2025,territorializacao_aproximada,nivel_4,True,
4124707,INF-ENE-02,5.885,2025,territorializacao_aproximada,nivel_4,True,
4124806,INF-ENE-01,14.341499,2025,observado,nivel_2,False,15919:344|15939:4478|15967:462
4124806,INF-ENE-02,10.295401,2025,observado,nivel_2,False,15919:344|15939:4478|15967:462
4124905,INF-ENE-01,8.5,2025,observado,nivel_1,False,
4124905,INF-ENE-02,5.23,2025,observado,nivel_1,False,
4125001,INF-ENE-01,8.51,2025,observado,nivel_1,False,
4125001,INF-ENE-02,3.79,2025,observado,nivel_1,False,
4125100,INF-ENE-01,8.825,2025,territorializacao_aproximada,nivel_4,True,
4125100,INF-ENE-02,5.3325,2025,territorializacao_aproximada,nivel_4,True,
4125209,INF-ENE-01,15.28,2025,observado,nivel_1,False,
4125209,INF-ENE-02,11.1,2025,observado,nivel_1,False,
4125308,INF-ENE-01,6.803333,2025,territorializacao_aproximada,nivel_4,True,
4125308,INF-ENE-02,4.526667,2025,territorializacao_aproximada,nivel_4,True,
4125357,INF-ENE-01,4.53,2025,observado,nivel_1,False,
4125357,INF-ENE-02,2.93,2025,observado,nivel_1,False,
4125407,INF-ENE-01,13.93,2025,territorializacao_aproximada,nivel_4,True,
4125407,INF-ENE-02,6.193333,2025,territorializacao_aproximada,nivel_4,True,
4125456,INF-ENE-01,7.083906,2025,observado,nivel_2,False,14645:5|15569:46|15928:1731
4125456,INF-ENE-02,5.004927,2025,observado,nivel_2,False,14645:5|15569:46|15928:1731
4125506,INF-ENE-01,9.476364,2025,territorializacao_aproximada,nivel_4,True,
4125506,INF-ENE-02,5.382727,2025,territorializacao_aproximada,nivel_4,True,
4125555,INF-ENE-01,8.363561,2025,observado,nivel_2,False,14667:57|14672:954
4125555,INF-ENE-02,6.711958,2025,observado,nivel_2,False,14667:57|14672:954
4125605,INF-ENE-01,7.254386,2025,observado,nivel_2,False,14627:19|14687:19170
4125605,INF-ENE-02,3.912961,2025,observado,nivel_2,False,14627:19|14687:19170
4125704,INF-ENE-01,7.31,2025,territorializacao_aproximada,nivel_4,True,
4125704,INF-ENE-02,4.87,2025,territorializacao_aproximada,nivel_4,True,
4125753,INF-ENE-01,8.766,2025,territorializacao_aproximada,nivel_4,True,
4125753,INF-ENE-02,6.238,2025,territorializacao_aproximada,nivel_4,True,
4125803,INF-ENE-01,7.0,2025,territorializacao_aproximada,nivel_4,True,
4125803,INF-ENE-02,3.54,2025,territorializacao_aproximada,nivel_4,True,
4125902,INF-ENE-01,7.61,2025,observado,nivel_1,False,
4125902,INF-ENE-02,6.44,2025,observado,nivel_1,False,
4126009,INF-ENE-01,9.645491,2025,observado,nivel_2,False,14665:4|14699:3518
4126009,INF-ENE-02,4.488137,2025,observado,nivel_2,False,14665:4|14699:3518
4126108,INF-ENE-01,6.4425,2025,territorializacao_aproximada,nivel_4,True,
4126108,INF-ENE-02,4.69,2025,territorializacao_aproximada,nivel_4,True,
4126207,INF-ENE-01,12.136667,2025,territorializacao_aproximada,nivel_4,True,
4126207,INF-ENE-02,6.69,2025,territorializacao_aproximada,nivel_4,True,
4126256,INF-ENE-01,6.892,2025,territorializacao_aproximada,nivel_4,True,
4126256,INF-ENE-02,4.69,2025,territorializacao_aproximada,nivel_4,True,
4126272,INF-ENE-01,9.689265,2025,observado,nivel_2,False,15939:68|15967:2246
4126272,INF-ENE-02,5.188963,2025,observado,nivel_2,False,15939:68|15967:2246
4126306,INF-ENE-01,11.92,2025,territorializacao_aproximada,nivel_4,True,
4126306,INF-ENE-02,5.816667,2025,territorializacao_aproximada,nivel_4,True,
4126355,INF-ENE-01,8.91,2025,observado,nivel_1,False,
4126355,INF-ENE-02,5.83,2025,observado,nivel_1,False,
4126405,INF-ENE-01,5.68,2025,observado,nivel_1,False,
4126405,INF-ENE-02,2.85,2025,observado,nivel_1,False,
4126504,INF-ENE-01,7.28,2025,territorializacao_aproximada,nivel_4,True,
4126504,INF-ENE-02,4.01,2025,territorializacao_aproximada,nivel_4,True,
4126603,INF-ENE-01,10.79,2025,observado,nivel_1,False,
4126603,INF-ENE-02,5.59,2025,observado,nivel_1,False,
4126652,INF-ENE-01,14.881877,2025,observado,nivel_2,False,15939:1468|15967:109
4126652,INF-ENE-02,10.679068,2025,observado,nivel_2,False,15939:1468|15967:109
4126678,INF-ENE-01,11.363333,2025,territorializacao_aproximada,nivel_4,True,
4126678,INF-ENE-02,6.76,2025,territorializacao_aproximada,nivel_4,True,
4126702,INF-ENE-01,6.039693,2025,observado,nivel_2,False,14634:2167|15945:79
4126702,INF-ENE-02,3.406478,2025,observado,nivel_2,False,14634:2167|15945:79
4126801,INF-ENE-01,11.243333,2025,territorializacao_aproximada,nivel_4,True,
4126801,INF-ENE-02,7.6,2025,territorializacao_aproximada,nivel_4,True,
4126900,INF-ENE-01,9.150988,2025,observado,nivel_2,False,14667:2494|15571:280
4126900,INF-ENE-02,6.448356,2025,observado,nivel_2,False,14667:2494|15571:280
4127007,INF-ENE-01,9.86,2025,territorializacao_aproximada,nivel_4,True,
4127007,INF-ENE-02,6.813333,2025,territorializacao_aproximada,nivel_4,True,
4127106,INF-ENE-01,11.855,2025,territorializacao_aproximada,nivel_4,True,
4127106,INF-ENE-02,6.87,2025,territorializacao_aproximada,nivel_4,True,
4127205,INF-ENE-01,6.053333,2025,territorializacao_aproximada,nivel_4,True,
4127205,INF-ENE-02,4.493333,2025,territorializacao_aproximada,nivel_4,True,
4127304,INF-ENE-01,5.954874,2025,observado,nivel_2,False,14634:6792|14651:20
4127304,INF-ENE-02,3.349102,2025,observado,nivel_2,False,14634:6792|14651:20
4127403,INF-ENE-01,10.945221,2025,observado,nivel_2,False,14636:401|14645:554|14670:7093
4127403,INF-ENE-02,7.158006,2025,observado,nivel_2,False,14636:401|14645:554|14670:7093
4127502,INF-ENE-01,11.306,2025,territorializacao_aproximada,nivel_4,True,
4127502,INF-ENE-02,7.562,2025,territorializacao_aproximada,nivel_4,True,
4127601,INF-ENE-01,23.483333,2025,territorializacao_aproximada,nivel_4,True,
4127601,INF-ENE-02,12.683333,2025,territorializacao_aproximada,nivel_4,True,
4127700,INF-ENE-01,6.66055,2025,observado,nivel_2,False,14645:1811|15928:31595|15968:36231|16756:2|16768:15
4127700,INF-ENE-02,4.954338,2025,observado,nivel_2,False,14645:1811|15928:31595|15968:36231|16756:2|16768:15
4127809,INF-ENE-01,10.704197,2025,observado,nivel_2,False,15966:324|16780:3150
4127809,INF-ENE-02,5.465959,2025,observado,nivel_2,False,15966:324|16780:3150
4127858,INF-ENE-01,13.66,2025,territorializacao_aproximada,nivel_4,True,
4127858,INF-ENE-02,8.88,2025,territorializacao_aproximada,nivel_4,True,
4127882,INF-ENE-01,41.676036,2025,observado,nivel_2,False,14578:8|15950:2497
4127882,INF-ENE-02,20.002056,2025,observado,nivel_2,False,14578:8|15950:2497
4127908,INF-ENE-01,8.307664,2025,observado,nivel_2,False,14672:3662|15571:67
4127908,INF-ENE-02,6.731078,2025,observado,nivel_2,False,14672:3662|15571:67
4127957,INF-ENE-01,10.595832,2025,observado,nivel_2,False,15968:21|16756:3716|16760:3
4127957,INF-ENE-02,6.461746,2025,observado,nivel_2,False,15968:21|16756:3716|16760:3
4127965,INF-ENE-01,14.138874,2025,observado,nivel_2,False,14632:2396|16770:3392
4127965,INF-ENE-02,8.766261,2025,observado,nivel_2,False,14632:2396|16770:3392
4128005,INF-ENE-01,9.213333,2025,territorializacao_aproximada,nivel_4,True,
4128005,INF-ENE-02,5.91,2025,territorializacao_aproximada,nivel_4,True,
4128104,INF-ENE-01,6.143108,2025,observado,nivel_2,False,15571:22691|15572:33177
4128104,INF-ENE-02,4.764984,2025,observado,nivel_2,False,15571:22691|15572:33177
4128203,INF-ENE-01,9.400754,2025,observado,nivel_2,False,15927:8636|15959:16304
4128203,INF-ENE-02,4.989346,2025,observado,nivel_2,False,15927:8636|15959:16304
4128302,INF-ENE-01,7.980542,2025,observado,nivel_2,False,15945:1|15963:958
4128302,INF-ENE-02,5.030209,2025,observado,nivel_2,False,15945:1|15963:958
4128401,INF-ENE-01,5.684115,2025,observado,nivel_2,False,14665:4819|14699:5
4128401,INF-ENE-02,2.8517,2025,observado,nivel_2,False,14665:4819|14699:5
4128500,INF-ENE-01,10.789697,2025,observado,nivel_2,False,15953:8|16780:8182
4128500,INF-ENE-02,5.589961,2025,observado,nivel_2,False,15953:8|16780:8182
4128534,INF-ENE-01,11.402,2025,territorializacao_aproximada,nivel_4,True,
4128534,INF-ENE-02,5.946,2025,territorializacao_aproximada,nivel_4,True,
4128559,INF-ENE-01,11.57,2025,territorializacao_aproximada,nivel_4,True,
4128559,INF-ENE-02,7.2375,2025,territorializacao_aproximada,nivel_4,True,
4128609,INF-ENE-01,11.056667,2025,territorializacao_aproximada,nivel_4,True,
4128609,INF-ENE-02,7.923333,2025,territorializacao_aproximada,nivel_4,True,
4128625,INF-ENE-01,8.18,2025,observado,nivel_1,False,
4128625,INF-ENE-02,6.79,2025,observado,nivel_1,False,
4128633,INF-ENE-01,23.58381,2025,observado,nivel_2,False,14678:373|15941:1433|15950:863
4128633,INF-ENE-02,11.123586,2025,observado,nivel_2,False,14678:373|15941:1433|15950:863
4128658,INF-ENE-01,18.022901,2025,observado,nivel_2,False,14642:1709|15946:4
4128658,INF-ENE-02,9.520677,2025,observado,nivel_2,False,14642:1709|15946:4
4128708,INF-ENE-01,8.602549,2025,observado,nivel_2,False,14658:16|15919:4315
4128708,INF-ENE-02,6.915678,2025,observado,nivel_2,False,14658:16|15919:4315
4128807,INF-ENE-01,4.657139,2025,observado,nivel_2,False,14691:1170|15571:2|15572:1526
4128807,INF-ENE-02,3.187383,2025,observado,nivel_2,False,14691:1170|15571:2|15572:1526
4200051,INF-ENE-01,9.18,2025,observado,nivel_1,False,
4200051,INF-ENE-02,5.46,2025,observado,nivel_1,False,
4200101,INF-ENE-01,15.646667,2025,territorializacao_aproximada,nivel_4,True,
4200101,INF-ENE-02,9.076667,2025,territorializacao_aproximada,nivel_4,True,
4200200,INF-ENE-01,13.9,2025,territorializacao_aproximada,nivel_4,True,
4200200,INF-ENE-02,8.435,2025,territorializacao_aproximada,nivel_4,True,
4200309,INF-ENE-01,12.137566,2025,observado,nivel_2,False,13414:23|13438:2723|16812:2
4200309,INF-ENE-02,7.614683,2025,observado,nivel_2,False,13414:23|13438:2723|16812:2
4200408,INF-ENE-01,11.017843,2025,observado,nivel_2,False,13298:174|13314:5|16060:65|16818:15|16819:3023
4200408,INF-ENE-02,7.679583,2025,observado,nivel_2,False,13298:174|13314:5|16060:65|16818:15|16819:3023
4200507,INF-ENE-01,12.08,2025,territorializacao_aproximada,nivel_4,True,
4200507,INF-ENE-02,8.226667,2025,territorializacao_aproximada,nivel_4,True,
4200556,INF-ENE-01,11.150756,2025,observado,nivel_2,False,13413:44|16822:1332
4200556,INF-ENE-02,7.753895,2025,observado,nivel_2,False,13413:44|16822:1332
4200606,INF-ENE-01,20.46,2025,territorializacao_aproximada,nivel_4,True,
4200606,INF-ENE-02,9.16,2025,territorializacao_aproximada,nivel_4,True,
4200705,INF-ENE-01,26.958236,2025,observado,nivel_2,False,13279:6409|16812:1
4200705,INF-ENE-02,12.349515,2025,observado,nivel_2,False,13279:6409|16812:1
4200754,INF-ENE-01,8.56,2025,observado,nivel_1,False,
4200754,INF-ENE-02,5.67,2025,observado,nivel_1,False,
4200804,INF-ENE-01,12.050132,2025,observado,nivel_2,False,13425:2614|16821:332|16823:94
4200804,INF-ENE-02,7.87177,2025,observado,nivel_2,False,13425:2614|16821:332|16823:94
4200903,INF-ENE-01,20.46,2025,territorializacao_aproximada,nivel_4,True,
4200903,INF-ENE-02,9.16,2025,territorializacao_aproximada,nivel_4,True,
4201000,INF-ENE-01,14.86,2025,observado,nivel_1,False,
4201000,INF-ENE-02,7.91,2025,observado,nivel_1,False,
4201109,INF-ENE-01,,2025,ausente,,False,
4201109,INF-ENE-02,,2025,ausente,,False,
4201208,INF-ENE-01,16.895,2025,territorializacao_aproximada,nivel_4,True,
4201208,INF-ENE-02,8.525,2025,territorializacao_aproximada,nivel_4,True,
4201257,INF-ENE-01,12.566667,2025,territorializacao_aproximada,nivel_4,True,
4201257,INF-ENE-02,8.036667,2025,territorializacao_aproximada,nivel_4,True,
4201273,INF-ENE-01,16.719404,2025,observado,nivel_2,False,13267:1794|16820:220
4201273,INF-ENE-02,10.613744,2025,observado,nivel_2,False,13267:1794|16820:220
4201307,INF-ENE-01,7.0,2025,territorializacao_aproximada,nivel_4,True,
4201307,INF-ENE-02,4.268,2025,territorializacao_aproximada,nivel_4,True,
4201406,INF-ENE-01,8.616,2025,territorializacao_aproximada,nivel_4,True,
4201406,INF-ENE-02,5.984,2025,territorializacao_aproximada,nivel_4,True,
4201505,INF-ENE-01,6.58,2025,territorializacao_aproximada,nivel_4,True,
4201505,INF-ENE-02,5.61,2025,territorializacao_aproximada,nivel_4,True,
4201604,INF-ENE-01,8.863591,2025,observado,nivel_2,False,16818:1885|16819:3
4201604,INF-ENE-02,6.012781,2025,observado,nivel_2,False,16818:1885|16819:3
4201653,INF-ENE-01,14.54,2025,observado,nivel_1,False,
4201653,INF-ENE-02,10.62,2025,observado,nivel_1,False,
4201703,INF-ENE-01,9.68,2025,observado,nivel_1,False,
4201703,INF-ENE-02,6.43,2025,observado,nivel_1,False,
4201802,INF-ENE-01,15.65,2025,observado,nivel_1,False,
4201802,INF-ENE-02,9.24,2025,observado,nivel_1,False,
4201901,INF-ENE-01,10.998863,2025,observado,nivel_2,False,16053:1928|16812:1326
4201901,INF-ENE-02,7.059594,2025,observado,nivel_2,False,16053:1928|16812:1326
4201950,INF-ENE-01,7.5225,2025,territorializacao_aproximada,nivel_4,True,
4201950,INF-ENE-02,5.25,2025,territorializacao_aproximada,nivel_4,True,
4202008,INF-ENE-01,7.144182,2025,observado,nivel_2,False,13292:24719|13351:23026
4202008,INF-ENE-02,4.669716,2025,observado,nivel_2,False,13292:24719|13351:23026
4202057,INF-ENE-01,10.7,2025,observado,nivel_1,False,
4202057,INF-ENE-02,6.3,2025,observado,nivel_1,False,
4202073,INF-ENE-01,8.87,2025,observado,nivel_1,False,
4202073,INF-ENE-02,8.55,2025,observado,nivel_1,False,
4202081,INF-ENE-01,11.59,2025,observado,nivel_1,False,
4202081,INF-ENE-02,7.4,2025,observado,nivel_1,False,
4202099,INF-ENE-01,11.59,2025,observado,nivel_1,False,
4202099,INF-ENE-02,7.4,2025,observado,nivel_1,False,
4202107,INF-ENE-01,10.015,2025,territorializacao_aproximada,nivel_4,True,
4202107,INF-ENE-02,6.115,2025,territorializacao_aproximada,nivel_4,True,
4202131,INF-ENE-01,8.322385,2025,observado,nivel_2,False,13295:2231|13396:276
4202131,INF-ENE-02,4.673028,2025,observado,nivel_2,False,13295:2231|13396:276
4202156,INF-ENE-01,11.59,2025,observado,nivel_1,False,
4202156,INF-ENE-02,7.4,2025,observado,nivel_1,False,
4202206,INF-ENE-01,6.68,2025,territorializacao_aproximada,nivel_4,True,
4202206,INF-ENE-02,5.91,2025,territorializacao_aproximada,nivel_4,True,
4202305,INF-ENE-01,11.505,2025,territorializacao_aproximada,nivel_4,True,
4202305,INF-ENE-02,6.1125,2025,territorializacao_aproximada,nivel_4,True,
4202404,INF-ENE-01,6.45715,2025,observado,nivel_2,False,13272:44394|13274:39709|13325:248|16810:25141|16811:1|16813:25987|16814:37625
4202404,INF-ENE-02,5.002374,2025,observado,nivel_2,False,13272:44394|13274:39709|13325:248|16810:25141|16811:1|16813:25987|16814:37625
4202438,INF-ENE-01,12.415587,2025,observado,nivel_2,False,13279:441|16815:1476
4202438,INF-ENE-02,5.997887,2025,observado,nivel_2,False,13279:441|16815:1476
4202453,INF-ENE-01,,2025,ausente,,False,
4202453,INF-ENE-02,,2025,ausente,,False,
4202503,INF-ENE-01,20.26,2025,observado,nivel_1,False,
4202503,INF-ENE-02,7.26,2025,observado,nivel_1,False,
4202537,INF-ENE-01,10.54,2025,observado,nivel_1,False,
4202537,INF-ENE-02,6.79,2025,observado,nivel_1,False,
4202578,INF-ENE-01,10.87,2025,observado,nivel_1,False,
4202578,INF-ENE-02,7.72,2025,observado,nivel_1,False,
4202602,INF-ENE-01,26.957438,2025,observado,nivel_2,False,13279:4413|16812:1
4202602,INF-ENE-02,12.349295,2025,observado,nivel_2,False,13279:4413|16812:1
4202701,INF-ENE-01,16.47,2025,observado,nivel_1,False,
4202701,INF-ENE-02,8.08,2025,observado,nivel_1,False,
4202800,INF-ENE-01,6.893333,2025,territorializacao_aproximada,nivel_4,True,
4202800,INF-ENE-02,5.543333,2025,territorializacao_aproximada,nivel_4,True,
4202859,INF-ENE-01,12.15,2025,observado,nivel_1,False,
4202859,INF-ENE-02,7.63,2025,observado,nivel_1,False,
4202875,INF-ENE-01,10.525,2025,territorializacao_aproximada,nivel_4,True,
4202875,INF-ENE-02,5.48,2025,territorializacao_aproximada,nivel_4,True,
4202909,INF-ENE-01,11.517077,2025,observado,nivel_2,False,13281:31448|13283:32414|13325:623
4202909,INF-ENE-02,5.817353,2025,observado,nivel_2,False,13281:31448|13283:32414|13325:623
4203006,INF-ENE-01,7.99226,2025,observado,nivel_2,False,13284:25193|13289:5368|16818:57|16819:1
4203006,INF-ENE-02,5.416772,2025,observado,nivel_2,False,13284:25193|13289:5368|16818:57|16819:1
4203105,INF-ENE-01,16.813929,2025,observado,nivel_2,False,16042:2937|16822:3
4203105,INF-ENE-02,11.026622,2025,observado,nivel_2,False,16042:2937|16822:3
4203154,INF-ENE-01,7.981053,2025,observado,nivel_2,False,13284:1343|13289:24
4203154,INF-ENE-02,5.698574,2025,observado,nivel_2,False,13284:1343|13289:24
4203204,INF-ENE-01,8.138106,2025,observado,nivel_2,False,13290:16805|13351:674|13352:8535
4203204,INF-ENE-02,4.998076,2025,observado,nivel_2,False,13290:16805|13351:674|13352:8535
4203253,INF-ENE-01,14.86,2025,observado,nivel_1,False,
4203253,INF-ENE-02,7.91,2025,observado,nivel_1,False,
4203303,INF-ENE-01,10.333062,2025,observado,nivel_2,False,13420:1219|13421:5812
4203303,INF-ENE-02,5.841485,2025,observado,nivel_2,False,13420:1219|13421:5812
4203402,INF-ENE-01,14.86,2025,observado,nivel_1,False,
4203402,INF-ENE-02,7.91,2025,observado,nivel_1,False,
4203501,INF-ENE-01,17.208497,2025,observado,nivel_2,False,13425:235|13426:3687|16821:11|16822:271
4203501,INF-ENE-02,9.947436,2025,observado,nivel_2,False,13425:235|13426:3687|16821:11|16822:271
4203600,INF-ENE-01,9.168582,2025,observado,nivel_2,False,13293:16202|13296:778|16060:118|16818:5
4203600,INF-ENE-02,5.490241,2025,observado,nivel_2,False,13293:16202|13296:778|16060:118|16818:5
4203709,INF-ENE-01,16.895,2025,territorializacao_aproximada,nivel_4,True,
4203709,INF-ENE-02,8.525,2025,territorializacao_aproximada,nivel_4,True,
4203808,INF-ENE-01,7.36462,2025,observado,nivel_2,False,13295:24493|13412:160
4203808,INF-ENE-02,4.234831,2025,observado,nivel_2,False,13295:24493|13412:160
4203907,INF-ENE-01,9.38,2025,observado,nivel_1,False,
4203907,INF-ENE-02,6.37,2025,observado,nivel_1,False,
4203956,INF-ENE-01,5.535,2025,territorializacao_aproximada,nivel_4,True,
4203956,INF-ENE-02,4.745,2025,territorializacao_aproximada,nivel_4,True,
4204004,INF-ENE-01,10.998691,2025,observado,nivel_2,False,13298:5034|16819:6|16820:3
4204004,INF-ENE-02,7.738792,2025,observado,nivel_2,False,13298:5034|16819:6|16820:3
4204103,INF-ENE-01,10.134017,2025,observado,nivel_2,False,13300:1777|16042:421
4204103,INF-ENE-02,6.906843,2025,observado,nivel_2,False,13300:1777|16042:421
4204152,INF-ENE-01,14.86,2025,observado,nivel_1,False,
4204152,INF-ENE-02,7.91,2025,observado,nivel_1,False,
4204178,INF-ENE-01,14.86,2025,observado,nivel_1,False,
4204178,INF-ENE-02,7.91,2025,observado,nivel_1,False,
4204194,INF-ENE-01,15.65,2025,observado,nivel_1,False,
4204194,INF-ENE-02,9.24,2025,observado,nivel_1,False,
4204202,INF-ENE-01,7.282431,2025,observado,nivel_2,False,13299:47149|13300:65348|16042:19|16822:23
4204202,INF-ENE-02,5.403341,2025,observado,nivel_2,False,13299:47149|13300:65348|16042:19|16822:23
4204251,INF-ENE-01,2.995,2025,territorializacao_aproximada,nivel_4,True,
4204251,INF-ENE-02,2.995,2025,territorializacao_aproximada,nivel_4,True,
4204301,INF-ENE-01,8.61001,2025,observado,nivel_2,False,13267:212|16820:38619
4204301,INF-ENE-02,5.700301,2025,observado,nivel_2,False,13267:212|16820:38619
4204350,INF-ENE-01,8.203333,2025,territorializacao_aproximada,nivel_4,True,
4204350,INF-ENE-02,5.796667,2025,territorializacao_aproximada,nivel_4,True,
4204400,INF-ENE-01,12.4025,2025,territorializacao_aproximada,nivel_4,True,
4204400,INF-ENE-02,7.305,2025,territorializacao_aproximada,nivel_4,True,
4204459,INF-ENE-01,17.99,2025,observado,nivel_1,False,
4204459,INF-ENE-02,10.23,2025,observado,nivel_1,False,
4204509,INF-ENE-01,9.26,2025,territorializacao_aproximada,nivel_4,True,
4204509,INF-ENE-02,6.415,2025,territorializacao_aproximada,nivel_4,True,
4204558,INF-ENE-01,8.194543,2025,observado,nivel_2,False,13402:8|16815:6791|16816:121|16817:55
4204558,INF-ENE-02,4.1573,2025,observado,nivel_2,False,13402:8|16815:6791|16816:121|16817:55
4204608,INF-ENE-01,5.818,2025,territorializacao_aproximada,nivel_4,True,
4204608,INF-ENE-02,4.137,2025,territorializacao_aproximada,nivel_4,True,
4204707,INF-ENE-01,11.136986,2025,observado,nivel_2,False,16042:208|16821:14|16822:4200|16823:4
4204707,INF-ENE-02,7.864257,2025,observado,nivel_2,False,16042:208|16821:14|16822:4200|16823:4
4204756,INF-ENE-01,16.82,2025,observado,nivel_1,False,
4204756,INF-ENE-02,11.03,2025,observado,nivel_1,False,
4204806,INF-ENE-01,11.87,2025,observado,nivel_1,False,
4204806,INF-ENE-02,5.5,2025,observado,nivel_1,False,
4204905,INF-ENE-01,14.205,2025,territorializacao_aproximada,nivel_4,True,
4204905,INF-ENE-02,9.215,2025,territorializacao_aproximada,nivel_4,True,
4205001,INF-ENE-01,12.75,2025,observado,nivel_1,False,
4205001,INF-ENE-02,8.35,2025,observado,nivel_1,False,
4205100,INF-ENE-01,11.0025,2025,territorializacao_aproximada,nivel_4,True,
4205100,INF-ENE-02,6.7,2025,territorializacao_aproximada,nivel_4,True,
4205159,INF-ENE-01,13.0375,2025,territorializacao_aproximada,nivel_4,True,
4205159,INF-ENE-02,7.3025,2025,territorializacao_aproximada,nivel_4,True,
4205175,INF-ENE-01,10.54,2025,observado,nivel_1,False,
4205175,INF-ENE-02,6.79,2025,observado,nivel_1,False,
4205191,INF-ENE-01,7.482,2025,territorializacao_aproximada,nivel_4,True,
4205191,INF-ENE-02,5.772,2025,territorializacao_aproximada,nivel_4,True,
4205209,INF-ENE-01,6.425661,2025,observado,nivel_2,False,13293:1|13296:166|16060:2398
4205209,INF-ENE-02,3.985669,2025,observado,nivel_2,False,13293:1|13296:166|16060:2398
4205308,INF-ENE-01,14.63,2025,territorializacao_aproximada,nivel_4,True,
4205308,INF-ENE-02,9.465,2025,territorializacao_aproximada,nivel_4,True,
4205357,INF-ENE-01,11.527722,2025,observado,nivel_2,False,16821:12|16823:936
4205357,INF-ENE-02,7.36,2025,observado,nivel_2,False,16821:12|16823:936
4205407,INF-ENE-01,5.289211,2025,observado,nivel_2,False,13342:46426|15586:33364|15587:22861|15588:43842|16796:59705|16797:28256|16798:9333|16799:36921
4205407,INF-ENE-02,3.156496,2025,observado,nivel_2,False,13342:46426|15586:33364|15587:22861|15588:43842|16796:59705|16797:28256|16798:9333|16799:36921
4205431,INF-ENE-01,18.82,2025,territorializacao_aproximada,nivel_4,True,
4205431,INF-ENE-02,9.505,2025,territorializacao_aproximada,nivel_4,True,
4205456,INF-ENE-01,3.38,2025,territorializacao_aproximada,nivel_4,True,
4205456,INF-ENE-02,3.205,2025,territorializacao_aproximada,nivel_4,True,
4205506,INF-ENE-01,7.959726,2025,observado,nivel_2,False,13289:21|13320:14314|16816:206|16818:53
4205506,INF-ENE-02,4.185317,2025,observado,nivel_2,False,13289:21|13320:14314|16816:206|16818:53
4205555,INF-ENE-01,11.87,2025,observado,nivel_1,False,
4205555,INF-ENE-02,5.5,2025,observado,nivel_1,False,
4205605,INF-ENE-01,17.99,2025,observado,nivel_1,False,
4205605,INF-ENE-02,10.23,2025,observado,nivel_1,False,
4205704,INF-ENE-01,5.276667,2025,territorializacao_aproximada,nivel_4,True,
4205704,INF-ENE-02,5.916667,2025,territorializacao_aproximada,nivel_4,True,
4205803,INF-ENE-01,10.04,2025,observado,nivel_1,False,
4205803,INF-ENE-02,4.48,2025,observado,nivel_1,False,
4205902,INF-ENE-01,7.856,2025,territorializacao_aproximada,nivel_4,True,
4205902,INF-ENE-02,5.33,2025,territorializacao_aproximada,nivel_4,True,
4206009,INF-ENE-01,10.536,2025,territorializacao_aproximada,nivel_4,True,
4206009,INF-ENE-02,5.682,2025,territorializacao_aproximada,nivel_4,True,
4206108,INF-ENE-01,6.3,2025,territorializacao_aproximada,nivel_4,True,
4206108,INF-ENE-02,5.93,2025,territorializacao_aproximada,nivel_4,True,
4206207,INF-ENE-01,5.765,2025,territorializacao_aproximada,nivel_4,True,
4206207,INF-ENE-02,5.16,2025,territorializacao_aproximada,nivel_4,True,
4206306,INF-ENE-01,10.755307,2025,observado,nivel_2,False,13281:6009|13283:4506
4206306,INF-ENE-02,5.451241,2025,observado,nivel_2,False,13281:6009|13283:4506
4206405,INF-ENE-01,11.833955,2025,observado,nivel_2,False,13425:1106|16823:4153
4206405,INF-ENE-02,7.599791,2025,observado,nivel_2,False,13425:1106|16823:4153
4206504,INF-ENE-01,7.69,2025,territorializacao_aproximada,nivel_4,True,
4206504,INF-ENE-02,5.448333,2025,territorializacao_aproximada,nivel_4,True,
4206603,INF-ENE-01,12.75,2025,observado,nivel_1,False,
4206603,INF-ENE-02,8.35,2025,observado,nivel_1,False,
4206652,INF-ENE-01,10.296667,2025,territorializacao_aproximada,nivel_4,True,
4206652,INF-ENE-02,7.21,2025,territorializacao_aproximada,nivel_4,True,
4206702,INF-ENE-01,6.22,2025,observado,nivel_1,False,
4206702,INF-ENE-02,3.82,2025,observado,nivel_1,False,
4206751,INF-ENE-01,8.842214,2025,observado,nivel_2,False,16060:7|16818:1032
4206751,INF-ENE-02,5.995245,2025,observado,nivel_2,False,16060:7|16818:1032
4206801,INF-ENE-01,6.364966,2025,observado,nivel_2,False,16060:1717|16818:14|16819:45
4206801,INF-ENE-02,3.937095,2025,observado,nivel_2,False,16060:1717|16818:14|16819:45
4206900,INF-ENE-01,12.369497,2025,observado,nivel_2,False,16052:9083|16053:1
4206900,INF-ENE-02,8.439683,2025,observado,nivel_2,False,16052:9083|16053:1
4207007,INF-ENE-01,3.583333,2025,territorializacao_aproximada,nivel_4,True,
4207007,INF-ENE-02,3.226667,2025,territorializacao_aproximada,nivel_4,True,
4207106,INF-ENE-01,12.23466,2025,observado,nivel_2,False,13325:232|15589:8050|16810:6
4207106,INF-ENE-02,7.800244,2025,observado,nivel_2,False,13325:232|15589:8050|16810:6
4207205,INF-ENE-01,5.025,2025,territorializacao_aproximada,nivel_4,True,
4207205,INF-ENE-02,4.86,2025,territorializacao_aproximada,nivel_4,True,
4207304,INF-ENE-01,5.425,2025,territorializacao_aproximada,nivel_4,True,
4207304,INF-ENE-02,5.91,2025,territorializacao_aproximada,nivel_4,True,
4207403,INF-ENE-01,15.65,2025,observado,nivel_1,False,
4207403,INF-ENE-02,9.24,2025,observado,nivel_1,False,
4207502,INF-ENE-01,9.697683,2025,observado,nivel_2,False,13272:20|13274:2|13345:23121|16811:6811|16814:1092
4207502,INF-ENE-02,6.591528,2025,observado,nivel_2,False,13272:20|13274:2|13345:23121|16811:6811|16814:1092
4207577,INF-ENE-01,8.86433,2025,observado,nivel_2,False,16818:1563|16819:3
4207577,INF-ENE-02,6.013352,2025,observado,nivel_2,False,16818:1563|16819:3
4207601,INF-ENE-01,9.372836,2025,observado,nivel_2,False,13296:2496|16820:22
4207601,INF-ENE-02,6.363884,2025,observado,nivel_2,False,13296:2496|16820:22
4207650,INF-ENE-01,7.676832,2025,observado,nivel_2,False,16041:3675|16042:5|16823:793
4207650,INF-ENE-02,5.50617,2025,observado,nivel_2,False,16041:3675|16042:5|16823:793
4207684,INF-ENE-01,14.475,2025,territorializacao_aproximada,nivel_4,True,
4207684,INF-ENE-02,8.5,2025,territorializacao_aproximada,nivel_4,True,
4207700,INF-ENE-01,10.642859,2025,observado,nivel_2,False,13267:490|13347:3008
4207700,INF-ENE-02,6.81721,2025,observado,nivel_2,False,13267:490|13347:3008
4207759,INF-ENE-01,11.656476,2025,observado,nivel_2,False,16042:37|16822:77|16823:1963
4207759,INF-ENE-02,7.476529,2025,observado,nivel_2,False,16042:37|16822:77|16823:1963
4207809,INF-ENE-01,11.182325,2025,observado,nivel_2,False,13267:151|13298:4120|16820:90
4207809,INF-ENE-02,7.817776,2025,observado,nivel_2,False,13267:151|13298:4120|16820:90
4207858,INF-ENE-01,15.26,2025,territorializacao_aproximada,nivel_4,True,
4207858,INF-ENE-02,8.25,2025,territorializacao_aproximada,nivel_4,True,
4207908,INF-ENE-01,22.17173,2025,observado,nivel_2,False,13295:331|13412:4085
4207908,INF-ENE-02,14.825772,2025,observado,nivel_2,False,13295:331|13412:4085
4208005,INF-ENE-01,13.701079,2025,observado,nivel_2,False,13431:3107|16820:507
4208005,INF-ENE-02,9.925576,2025,observado,nivel_2,False,13431:3107|16820:507
4208104,INF-ENE-01,14.77,2025,territorializacao_aproximada,nivel_4,True,
4208104,INF-ENE-02,7.15,2025,territorializacao_aproximada,nivel_4,True,
4208203,INF-ENE-01,10.08781,2025,observado,nivel_2,False,13325:7|13351:28153|13352:45069|15589:44656
4208203,INF-ENE-02,6.746906,2025,observado,nivel_2,False,13325:7|13351:28153|13352:45069|15589:44656
4208302,INF-ENE-01,7.730887,2025,observado,nivel_2,False,13290:1|13292:13840|16804:43942
4208302,INF-ENE-02,5.047166,2025,observado,nivel_2,False,13290:1|13292:13840|16804:43942
4208401,INF-ENE-01,12.44,2025,observado,nivel_1,False,
4208401,INF-ENE-02,8.42,2025,observado,nivel_1,False,
4208450,INF-ENE-01,5.609475,2025,observado,nivel_2,False,13359:28523|16808:61
4208450,INF-ENE-02,3.252625,2025,observado,nivel_2,False,13359:28523|16808:61
4208500,INF-ENE-01,15.65,2025,observado,nivel_1,False,
4208500,INF-ENE-02,9.24,2025,observado,nivel_1,False,
4208609,INF-ENE-01,8.593333,2025,territorializacao_aproximada,nivel_4,True,
4208609,INF-ENE-02,5.743333,2025,territorializacao_aproximada,nivel_4,True,
4208708,INF-ENE-01,6.245,2025,territorializacao_aproximada,nivel_4,True,
4208708,INF-ENE-02,5.25,2025,territorializacao_aproximada,nivel_4,True,
4208807,INF-ENE-01,5.486667,2025,territorializacao_aproximada,nivel_4,True,
4208807,INF-ENE-02,4.82,2025,territorializacao_aproximada,nivel_4,True,
4208906,INF-ENE-01,8.55625,2025,territorializacao_aproximada,nivel_4,True,
4208906,INF-ENE-02,6.32625,2025,territorializacao_aproximada,nivel_4,True,
4208955,INF-ENE-01,19.409452,2025,observado,nivel_2,False,13413:852|16822:24
4208955,INF-ENE-02,8.750959,2025,observado,nivel_2,False,13413:852|16822:24
4209003,INF-ENE-01,9.43,2025,territorializacao_aproximada,nivel_4,True,
4209003,INF-ENE-02,6.4225,2025,territorializacao_aproximada,nivel_4,True,
4209102,INF-ENE-01,6.683846,2025,territorializacao_aproximada,nivel_4,True,
4209102,INF-ENE-02,3.832308,2025,territorializacao_aproximada,nivel_4,True,
4209151,INF-ENE-01,13.0875,2025,territorializacao_aproximada,nivel_4,True,
4209151,INF-ENE-02,8.3975,2025,territorializacao_aproximada,nivel_4,True,
4209177,INF-ENE-01,17.99,2025,observado,nivel_1,False,
4209177,INF-ENE-02,10.23,2025,observado,nivel_1,False,
4209201,INF-ENE-01,8.596,2025,observado,nivel_2,False,13296:891|16060:294
4209201,INF-ENE-02,5.737342,2025,observado,nivel_2,False,13296:891|16060:294
4209300,INF-ENE-01,10.153747,2025,observado,nivel_2,False,13424:5|16815:52242|16817:23120
4209300,INF-ENE-02,5.268986,2025,observado,nivel_2,False,13424:5|16815:52242|16817:23120
4209409,INF-ENE-01,5.025,2025,territorializacao_aproximada,nivel_4,True,
4209409,INF-ENE-02,4.04,2025,territorializacao_aproximada,nivel_4,True,
4209458,INF-ENE-01,10.54,2025,observado,nivel_1,False,
4209458,INF-ENE-02,6.79,2025,observado,nivel_1,False,
4209508,INF-ENE-01,10.36,2025,observado,nivel_1,False,
4209508,INF-ENE-02,5.66,2025,observado,nivel_1,False,
4209607,INF-ENE-01,9.31,2025,territorializacao_aproximada,nivel_4,True,
4209607,INF-ENE-02,5.7725,2025,territorializacao_aproximada,nivel_4,True,
4209706,INF-ENE-01,8.9475,2025,territorializacao_aproximada,nivel_4,True,
4209706,INF-ENE-02,4.8325,2025,territorializacao_aproximada,nivel_4,True,
4209805,INF-ENE-01,19.605,2025,territorializacao_aproximada,nivel_4,True,
4209805,INF-ENE-02,9.825,2025,territorializacao_aproximada,nivel_4,True,
4209854,INF-ENE-01,13.51492,2025,observado,nivel_2,False,13267:1038|13347:1082|16820:2
4209854,INF-ENE-02,8.6041,2025,observado,nivel_2,False,13267:1038|13347:1082|16820:2
4209904,INF-ENE-01,11.257538,2025,observado,nivel_2,False,16052:3524|16053:1844|16812:559
4209904,INF-ENE-02,7.61943,2025,observado,nivel_2,False,16052:3524|16053:1844|16812:559
4210001,INF-ENE-01,11.83,2025,observado,nivel_1,False,
4210001,INF-ENE-02,7.56,2025,observado,nivel_1,False,
4210035,INF-ENE-01,6.23058,2025,observado,nivel_2,False,16060:3235|16819:7
4210035,INF-ENE-02,3.828507,2025,observado,nivel_2,False,16060:3235|16819:7
4210050,INF-ENE-01,8.692014,2025,observado,nivel_2,False,13284:197|16818:676|16819:11
4210050,INF-ENE-02,5.969378,2025,observado,nivel_2,False,13284:197|16818:676|16819:11
4210100,INF-ENE-01,6.940816,2025,observado,nivel_2,False,13295:34|13395:26526|16809:381
4210100,INF-ENE-02,4.161754,2025,observado,nivel_2,False,13295:34|13395:26526|16809:381
4210209,INF-ENE-01,16.895,2025,territorializacao_aproximada,nivel_4,True,
4210209,INF-ENE-02,8.525,2025,territorializacao_aproximada,nivel_4,True,
4210308,INF-ENE-01,16.62116,2025,observado,nivel_2,False,13295:105|13396:3403
4210308,INF-ENE-02,8.680519,2025,observado,nivel_2,False,13295:105|13396:3403
4210407,INF-ENE-01,8.645,2025,territorializacao_aproximada,nivel_4,True,
4210407,INF-ENE-02,5.315,2025,territorializacao_aproximada,nivel_4,True,
4210506,INF-ENE-01,6.76687,2025,observado,nivel_2,False,16821:12330|16822:56|16823:200
4210506,INF-ENE-02,4.305698,2025,observado,nivel_2,False,16821:12330|16822:56|16823:200
4210555,INF-ENE-01,10.54,2025,observado,nivel_1,False,
4210555,INF-ENE-02,6.79,2025,observado,nivel_1,False,
4210605,INF-ENE-01,8.2725,2025,territorializacao_aproximada,nivel_4,True,
4210605,INF-ENE-02,5.575,2025,territorializacao_aproximada,nivel_4,True,
4210704,INF-ENE-01,7.995052,2025,observado,nivel_2,False,13284:1151|15927:5
4210704,INF-ENE-02,5.729567,2025,observado,nivel_2,False,13284:1151|15927:5
4210803,INF-ENE-01,6.515,2025,territorializacao_aproximada,nivel_4,True,
4210803,INF-ENE-02,4.355,2025,territorializacao_aproximada,nivel_4,True,
4210852,INF-ENE-01,17.78,2025,observado,nivel_1,False,
4210852,INF-ENE-02,9.71,2025,observado,nivel_1,False,
4210902,INF-ENE-01,10.87,2025,observado,nivel_1,False,
4210902,INF-ENE-02,7.72,2025,observado,nivel_1,False,
4211009,INF-ENE-01,6.827164,2025,observado,nivel_2,False,13357:6|16041:4701
4211009,INF-ENE-02,5.094245,2025,observado,nivel_2,False,13357:6|16041:4701
4211058,INF-ENE-01,7.914176,2025,observado,nivel_2,False,13320:3482|16816:12|16818:2
4211058,INF-ENE-02,4.165658,2025,observado,nivel_2,False,13320:3482|16816:12|16818:2
4211108,INF-ENE-01,16.048987,2025,observado,nivel_2,False,13396:167|16809:3663|16816:9
4211108,INF-ENE-02,10.462904,2025,observado,nivel_2,False,13396:167|16809:3663|16816:9
4211207,INF-ENE-01,2.87,2025,territorializacao_aproximada,nivel_4,True,
4211207,INF-ENE-02,2.64,2025,territorializacao_aproximada,nivel_4,True,
4211256,INF-ENE-01,4.04,2025,observado,nivel_1,False,
4211256,INF-ENE-02,3.66,2025,observado,nivel_1,False,
4211306,INF-ENE-01,10.66,2025,territorializacao_aproximada,nivel_4,True,
4211306,INF-ENE-02,7.505,2025,territorializacao_aproximada,nivel_4,True,
4211405,INF-ENE-01,10.87,2025,observado,nivel_1,False,
4211405,INF-ENE-02,7.72,2025,observado,nivel_1,False,
4211454,INF-ENE-01,10.689804,2025,observado,nivel_2,False,13300:175|16042:5|16822:1908
4211454,INF-ENE-02,7.577902,2025,observado,nivel_2,False,13300:175|16042:5|16822:1908
4211504,INF-ENE-01,16.895,2025,territorializacao_aproximada,nivel_4,True,
4211504,INF-ENE-02,8.525,2025,territorializacao_aproximada,nivel_4,True,
4211603,INF-ENE-01,5.095,2025,territorializacao_aproximada,nivel_4,True,
4211603,INF-ENE-02,3.91,2025,territorializacao_aproximada,nivel_4,True,
4211652,INF-ENE-01,18.003582,2025,observado,nivel_2,False,13413:9|13426:1091
4211652,INF-ENE-02,10.218136,2025,observado,nivel_2,False,13413:9|13426:1091
4211702,INF-ENE-01,6.296,2025,territorializacao_aproximada,nivel_4,True,
4211702,INF-ENE-02,5.274,2025,territorializacao_aproximada,nivel_4,True,
4211751,INF-ENE-01,12.497593,2025,observado,nivel_2,False,13279:4|13402:7460|13438:1|16812:2|16815:5|16816:95
4211751,INF-ENE-02,6.677139,2025,observado,nivel_2,False,13279:4|13402:7460|13438:1|16812:2|16815:5|16816:95
4211801,INF-ENE-01,9.38,2025,observado,nivel_1,False,
4211801,INF-ENE-02,6.37,2025,observado,nivel_1,False,
4211850,INF-ENE-01,18.41,2025,observado,nivel_1,False,
4211850,INF-ENE-02,10.21,2025,observado,nivel_1,False,
4211876,INF-ENE-01,14.54,2025,observado,nivel_1,False,
4211876,INF-ENE-02,10.62,2025,observado,nivel_1,False,
4211892,INF-ENE-01,8.078859,2025,observado,nivel_2,False,13424:1|16815:1375
4211892,INF-ENE-02,4.102297,2025,observado,nivel_2,False,13424:1|16815:1375
4211900,INF-ENE-01,11.6375,2025,territorializacao_aproximada,nivel_4,True,
4211900,INF-ENE-02,6.11,2025,territorializacao_aproximada,nivel_4,True,
4212007,INF-ENE-01,12.75,2025,observado,nivel_1,False,
4212007,INF-ENE-02,8.35,2025,observado,nivel_1,False,
4212056,INF-ENE-01,12.413663,2025,observado,nivel_2,False,13402:1459|16815:29
4212056,INF-ENE-02,6.639523,2025,observado,nivel_2,False,13402:1459|16815:29
4212106,INF-ENE-01,16.82,2025,observado,nivel_1,False,
4212106,INF-ENE-02,11.03,2025,observado,nivel_1,False,
4212205,INF-ENE-01,16.02,2025,observado,nivel_1,False,
4212205,INF-ENE-02,10.55,2025,observado,nivel_1,False,
4212239,INF-ENE-01,11.59,2025,observado,nivel_1,False,
4212239,INF-ENE-02,7.4,2025,observado,nivel_1,False,
4212254,INF-ENE-01,7.706667,2025,territorializacao_aproximada,nivel_4,True,
4212254,INF-ENE-02,6.703333,2025,territorializacao_aproximada,nivel_4,True,
4212270,INF-ENE-01,18.70619,2025,observado,nivel_2,False,13298:3|13314:1674
4212270,INF-ENE-02,12.132129,2025,observado,nivel_2,False,13298:3|13314:1674
4212304,INF-ENE-01,3.28,2025,observado,nivel_1,False,
4212304,INF-ENE-02,5.83,2025,observado,nivel_1,False,
4212403,INF-ENE-01,5.094,2025,territorializacao_aproximada,nivel_4,True,
4212403,INF-ENE-02,4.4,2025,territorializacao_aproximada,nivel_4,True,
4212502,INF-ENE-01,8.2,2025,observado,nivel_1,False,
4212502,INF-ENE-02,4.67,2025,observado,nivel_1,False,
4212601,INF-ENE-01,8.56,2025,observado,nivel_1,False,
4212601,INF-ENE-02,5.67,2025,observado,nivel_1,False,
4212650,INF-ENE-01,3.49,2025,observado,nivel_1,False,
4212650,INF-ENE-02,2.44,2025,observado,nivel_1,False,
4212700,INF-ENE-01,15.65,2025,observado,nivel_1,False,
4212700,INF-ENE-02,9.24,2025,observado,nivel_1,False,
4212809,INF-ENE-01,8.2,2025,observado,nivel_1,False,
4212809,INF-ENE-02,4.67,2025,observado,nivel_1,False,
4212908,INF-ENE-01,10.87,2025,observado,nivel_1,False,
4212908,INF-ENE-02,7.72,2025,observado,nivel_1,False,
4213005,INF-ENE-01,9.99,2025,territorializacao_aproximada,nivel_4,True,
4213005,INF-ENE-02,6.885,2025,territorializacao_aproximada,nivel_4,True,
4213104,INF-ENE-01,9.38,2025,observado,nivel_1,False,
4213104,INF-ENE-02,6.37,2025,observado,nivel_1,False,
4213153,INF-ENE-01,16.217945,2025,observado,nivel_2,False,13300:53|16042:1359|16822:77
4213153,INF-ENE-02,10.6773,2025,observado,nivel_2,False,13300:53|16042:1359|16822:77
4213203,INF-ENE-01,9.048211,2025,observado,nivel_2,False,13370:102|15593:14091|16810:35|16811:14
4213203,INF-ENE-02,6.151684,2025,observado,nivel_2,False,13370:102|15593:14091|16810:35|16811:14
4213302,INF-ENE-01,8.208182,2025,observado,nivel_2,False,16815:2067|16816:78
4213302,INF-ENE-02,4.150909,2025,observado,nivel_2,False,16815:2067|16816:78
4213351,INF-ENE-01,11.87,2025,observado,nivel_1,False,
4213351,INF-ENE-02,5.5,2025,observado,nivel_1,False,
4213401,INF-ENE-01,14.2325,2025,territorializacao_aproximada,nivel_4,True,
4213401,INF-ENE-02,9.3,2025,territorializacao_aproximada,nivel_4,True,
4213500,INF-ENE-01,10.51,2025,territorializacao_aproximada,nivel_4,True,
4213500,INF-ENE-02,6.096667,2025,territorializacao_aproximada,nivel_4,True,
4213609,INF-ENE-01,12.795883,2025,observado,nivel_2,False,13412:2557|15927:8009|15959:3648
4213609,INF-ENE-02,7.188209,2025,observado,nivel_2,False,13412:2557|15927:8009|15959:3648
4213708,INF-ENE-01,16.68868,2025,observado,nivel_2,False,13414:10|13434:6026|13438:1435
4213708,INF-ENE-02,9.305061,2025,observado,nivel_2,False,13414:10|13434:6026|13438:1435
4213807,INF-ENE-01,6.96,2025,territorializacao_aproximada,nivel_4,True,
4213807,INF-ENE-02,6.03,2025,territorializacao_aproximada,nivel_4,True,
4213906,INF-ENE-01,8.618657,2025,observado,nivel_2,False,13296:49|16820:636
4213906,INF-ENE-02,5.720073,2025,observado,nivel_2,False,13296:49|16820:636
4214003,INF-ENE-01,13.099356,2025,observado,nivel_2,False,13414:239|16052:2240|16053:1|16054:6026
4214003,INF-ENE-02,7.440576,2025,observado,nivel_2,False,13414:239|16052:2240|16053:1|16054:6026
4214102,INF-ENE-01,12.566667,2025,territorializacao_aproximada,nivel_4,True,
4214102,INF-ENE-02,8.036667,2025,territorializacao_aproximada,nivel_4,True,
4214151,INF-ENE-01,12.75,2025,observado,nivel_1,False,
4214151,INF-ENE-02,8.35,2025,observado,nivel_1,False,
4214201,INF-ENE-01,19.65,2025,observado,nivel_1,False,
4214201,INF-ENE-02,8.78,2025,observado,nivel_1,False,
4214300,INF-ENE-01,22.626667,2025,territorializacao_aproximada,nivel_4,True,
4214300,INF-ENE-02,10.223333,2025,territorializacao_aproximada,nivel_4,True,
4214409,INF-ENE-01,8.85011,2025,observado,nivel_2,False,13284:23|13289:7|13320:2|16818:2789
4214409,INF-ENE-02,6.001269,2025,observado,nivel_2,False,13284:23|13289:7|13320:2|16818:2789
4214508,INF-ENE-01,17.774399,2025,observado,nivel_2,False,13434:3067|16054:4
4214508,INF-ENE-02,9.706653,2025,observado,nivel_2,False,13434:3067|16054:4
4214607,INF-ENE-01,13.43,2025,territorializacao_aproximada,nivel_4,True,
4214607,INF-ENE-02,7.666667,2025,territorializacao_aproximada,nivel_4,True,
4214706,INF-ENE-01,10.981195,2025,observado,nivel_2,False,13447:257|16811:6045
4214706,INF-ENE-02,7.434716,2025,observado,nivel_2,False,13447:257|16811:6045
4214805,INF-ENE-01,8.567171,2025,observado,nivel_2,False,13414:9949|16052:4|16053:23270
4214805,INF-ENE-02,5.590293,2025,observado,nivel_2,False,13414:9949|16052:4|16053:23270
4214904,INF-ENE-01,6.3,2025,territorializacao_aproximada,nivel_4,True,
4214904,INF-ENE-02,5.93,2025,territorializacao_aproximada,nivel_4,True,
4215000,INF-ENE-01,14.363333,2025,territorializacao_aproximada,nivel_4,True,
4215000,INF-ENE-02,7.086667,2025,territorializacao_aproximada,nivel_4,True,
4215059,INF-ENE-01,26.859895,2025,observado,nivel_2,False,13279:1324|13424:3|16815:6
4215059,INF-ENE-02,12.30141,2025,observado,nivel_2,False,13279:1324|13424:3|16815:6
4215075,INF-ENE-01,11.693773,2025,observado,nivel_2,False,16041:1188|16042:1130|16823:25
4215075,INF-ENE-02,7.979437,2025,observado,nivel_2,False,16041:1188|16042:1130|16823:25
4215109,INF-ENE-01,10.279933,2025,observado,nivel_2,False,13345:1502|16811:4504
4215109,INF-ENE-02,7.202414,2025,observado,nivel_2,False,13345:1502|16811:4504
4215208,INF-ENE-01,8.060973,2025,observado,nivel_2,False,16821:1710|16823:674
4215208,INF-ENE-02,5.133389,2025,observado,nivel_2,False,16821:1710|16823:674
4215307,INF-ENE-01,17.769031,2025,observado,nivel_2,False,13434:3519|16054:9
4215307,INF-ENE-02,9.703444,2025,observado,nivel_2,False,13434:3519|16054:9
4215356,INF-ENE-01,10.87,2025,observado,nivel_1,False,
4215356,INF-ENE-02,7.72,2025,observado,nivel_1,False,
4215406,INF-ENE-01,8.893317,2025,observado,nivel_2,False,16818:2005|16819:30
4215406,INF-ENE-02,6.035799,2025,observado,nivel_2,False,16818:2005|16819:30
4215455,INF-ENE-01,6.57,2025,territorializacao_aproximada,nivel_4,True,
4215455,INF-ENE-02,5.325,2025,territorializacao_aproximada,nivel_4,True,
4215505,INF-ENE-01,11.87,2025,observado,nivel_1,False,
4215505,INF-ENE-02,5.5,2025,observado,nivel_1,False,
4215554,INF-ENE-01,11.573912,2025,observado,nivel_2,False,16041:4|16823:1182
4215554,INF-ENE-02,7.392209,2025,observado,nivel_2,False,16041:4|16823:1182
4215604,INF-ENE-01,6.4,2025,observado,nivel_1,False,
4215604,INF-ENE-02,4.6,2025,observado,nivel_1,False,
4215653,INF-ENE-01,9.946667,2025,territorializacao_aproximada,nivel_4,True,
4215653,INF-ENE-02,6.9,2025,territorializacao_aproximada,nivel_4,True,
4215679,INF-ENE-01,15.76,2025,territorializacao_aproximada,nivel_4,True,
4215679,INF-ENE-02,9.133333,2025,territorializacao_aproximada,nivel_4,True,
4215687,INF-ENE-01,8.228586,2025,observado,nivel_2,False,13426:32|16821:819|16822:365
4215687,INF-ENE-02,5.442204,2025,observado,nivel_2,False,13426:32|16821:819|16822:365
4215695,INF-ENE-01,19.638488,2025,observado,nivel_2,False,13413:716|13426:5
4215695,INF-ENE-02,8.790055,2025,observado,nivel_2,False,13413:716|13426:5
4215703,INF-ENE-01,15.91,2025,territorializacao_aproximada,nivel_4,True,
4215703,INF-ENE-02,8.235,2025,territorializacao_aproximada,nivel_4,True,
4215752,INF-ENE-01,16.987362,2025,observado,nivel_2,False,13426:964|16822:158
4215752,INF-ENE-02,9.876542,2025,observado,nivel_2,False,13426:964|16822:158
4215802,INF-ENE-01,6.619026,2025,observado,nivel_2,False,13307:2|13416:1266|13420:26257|13421:9602
4215802,INF-ENE-02,4.284686,2025,observado,nivel_2,False,13307:2|13416:1266|13420:26257|13421:9602
4215901,INF-ENE-01,5.76,2025,observado,nivel_1,False,
4215901,INF-ENE-02,5.18,2025,observado,nivel_1,False,
4216008,INF-ENE-01,16.82,2025,observado,nivel_1,False,
4216008,INF-ENE-02,11.03,2025,observado,nivel_1,False,
4216057,INF-ENE-01,11.861832,2025,observado,nivel_2,False,16815:4|16816:1857
4216057,INF-ENE-02,5.496991,2025,observado,nivel_2,False,16815:4|16816:1857
4216107,INF-ENE-01,18.195786,2025,observado,nivel_2,False,13426:2186|13448:2100
4216107,INF-ENE-02,10.220201,2025,observado,nivel_2,False,13426:2186|13448:2100
4216206,INF-ENE-01,6.232027,2025,observado,nivel_2,False,13359:1907|13423:12446|13441:16822|16808:6
4216206,INF-ENE-02,4.389209,2025,observado,nivel_2,False,13359:1907|13423:12446|13441:16822|16808:6
4216255,INF-ENE-01,12.398554,2025,observado,nivel_2,False,13357:3010|16041:17|16823:37
4216255,INF-ENE-02,8.389207,2025,observado,nivel_2,False,13357:3010|16041:17|16823:37
4216305,INF-ENE-01,10.23,2025,observado,nivel_1,False,
4216305,INF-ENE-02,6.64,2025,observado,nivel_1,False,
4216354,INF-ENE-01,8.223541,2025,observado,nivel_2,False,13331:1|15591:2140|16810:14
4216354,INF-ENE-02,4.688858,2025,observado,nivel_2,False,13331:1|15591:2140|16810:14
4216404,INF-ENE-01,7.013333,2025,territorializacao_aproximada,nivel_4,True,
4216404,INF-ENE-02,6.873333,2025,territorializacao_aproximada,nivel_4,True,
4216503,INF-ENE-01,20.242771,2025,observado,nivel_2,False,13424:12011|16815:17
4216503,INF-ENE-02,7.255534,2025,observado,nivel_2,False,13424:12011|16815:17
4216602,INF-ENE-01,7.7075,2025,territorializacao_aproximada,nivel_4,True,
4216602,INF-ENE-02,4.38375,2025,territorializacao_aproximada,nivel_4,True,
4216701,INF-ENE-01,12.741474,2025,observado,nivel_2,False,13425:6753|16823:50
4216701,INF-ENE-02,8.343018,2025,observado,nivel_2,False,13425:6753|16823:50
4216800,INF-ENE-01,13.305588,2025,observado,nivel_2,False,16815:2|16816:2469|16817:2287
4216800,INF-ENE-02,6.657812,2025,observado,nivel_2,False,16815:2|16816:2469|16817:2287
4216909,INF-ENE-01,17.989378,2025,observado,nivel_2,False,13426:11453|16822:1
4216909,INF-ENE-02,10.229781,2025,observado,nivel_2,False,13426:11453|16822:1
4217006,INF-ENE-01,8.08,2025,observado,nivel_1,False,
4217006,INF-ENE-02,4.77,2025,observado,nivel_1,False,
4217105,INF-ENE-01,5.76,2025,observado,nivel_1,False,
4217105,INF-ENE-02,5.18,2025,observado,nivel_1,False,
4217154,INF-ENE-01,7.049468,2025,observado,nivel_2,False,16821:688|16822:41|16823:23
4217154,INF-ENE-02,4.526383,2025,observado,nivel_2,False,16821:688|16822:41|16823:23
4217204,INF-ENE-01,11.59,2025,observado,nivel_1,False,
4217204,INF-ENE-02,7.4,2025,observado,nivel_1,False,
4217253,INF-ENE-01,12.282,2025,territorializacao_aproximada,nivel_4,True,
4217253,INF-ENE-02,6.356,2025,territorializacao_aproximada,nivel_4,True,
4217303,INF-ENE-01,10.873508,2025,observado,nivel_2,False,16042:1|16822:1695
4217303,INF-ENE-02,7.721952,2025,observado,nivel_2,False,16042:1|16822:1695
4217402,INF-ENE-01,7.181696,2025,observado,nivel_2,False,13329:207|13430:7712
4217402,INF-ENE-02,6.677131,2025,observado,nivel_2,False,13329:207|13430:7712
4217501,INF-ENE-01,14.573692,2025,observado,nivel_2,False,13267:302|13347:45|13431:7847|16820:76
4217501,INF-ENE-02,10.571826,2025,observado,nivel_2,False,13267:302|13347:45|13431:7847|16820:76
4217550,INF-ENE-01,10.87,2025,observado,nivel_1,False,
4217550,INF-ENE-02,7.72,2025,observado,nivel_1,False,
4217600,INF-ENE-01,6.6375,2025,territorializacao_aproximada,nivel_4,True,
4217600,INF-ENE-02,5.1175,2025,territorializacao_aproximada,nivel_4,True,
4217709,INF-ENE-01,6.9475,2025,territorializacao_aproximada,nivel_4,True,
4217709,INF-ENE-02,5.43,2025,territorializacao_aproximada,nivel_4,True,
4217758,INF-ENE-01,19.159353,2025,observado,nivel_2,False,13413:321|16822:19
4217758,INF-ENE-02,8.720765,2025,observado,nivel_2,False,13413:321|16822:19
4217808,INF-ENE-01,13.3725,2025,territorializacao_aproximada,nivel_4,True,
4217808,INF-ENE-02,7.0025,2025,territorializacao_aproximada,nivel_4,True,
4217907,INF-ENE-01,8.854035,2025,observado,nivel_2,False,16060:9|16818:3974
4217907,INF-ENE-02,6.005051,2025,observado,nivel_2,False,16060:9|16818:3974
4217956,INF-ENE-01,10.420459,2025,observado,nivel_2,False,16821:35|16822:292
4217956,INF-ENE-02,7.347523,2025,observado,nivel_2,False,16821:35|16822:292
4218004,INF-ENE-01,13.79,2025,territorializacao_aproximada,nivel_4,True,
4218004,INF-ENE-02,7.363333,2025,territorializacao_aproximada,nivel_4,True,
4218103,INF-ENE-01,5.645,2025,territorializacao_aproximada,nivel_4,True,
4218103,INF-ENE-02,4.6,2025,territorializacao_aproximada,nivel_4,True,
4218202,INF-ENE-01,10.48,2025,observado,nivel_1,False,
4218202,INF-ENE-02,7.46,2025,observado,nivel_1,False,
4218251,INF-ENE-01,7.980021,2025,observado,nivel_2,False,13284:2903|13289:1
4218251,INF-ENE-02,5.729384,2025,observado,nivel_2,False,13284:2903|13289:1
4218301,INF-ENE-01,7.26,2025,observado,nivel_1,False,
4218301,INF-ENE-02,4.16,2025,observado,nivel_1,False,
4218350,INF-ENE-01,7.065,2025,territorializacao_aproximada,nivel_4,True,
4218350,INF-ENE-02,5.68,2025,territorializacao_aproximada,nivel_4,True,
4218400,INF-ENE-01,7.35,2025,territorializacao_aproximada,nivel_4,True,
4218400,INF-ENE-02,6.81,2025,territorializacao_aproximada,nivel_4,True,
4218509,INF-ENE-01,11.054683,2025,observado,nivel_2,False,16060:54|16818:5|16819:4165
4218509,INF-ENE-02,7.707559,2025,observado,nivel_2,False,16060:54|16818:5|16819:4165
4218608,INF-ENE-01,12.15,2025,observado,nivel_1,False,
4218608,INF-ENE-02,7.63,2025,observado,nivel_1,False,
4218707,INF-ENE-01,6.195,2025,territorializacao_aproximada,nivel_4,True,
4218707,INF-ENE-02,5.281667,2025,territorializacao_aproximada,nivel_4,True,
4218756,INF-ENE-01,12.120856,2025,observado,nivel_2,False,13357:1828|16041:71|16823:390
4218756,INF-ENE-02,8.142923,2025,observado,nivel_2,False,13357:1828|16041:71|16823:390
4218806,INF-ENE-01,6.76,2025,territorializacao_aproximada,nivel_4,True,
4218806,INF-ENE-02,4.75,2025,territorializacao_aproximada,nivel_4,True,
4218855,INF-ENE-01,18.386791,2025,observado,nivel_2,False,13413:1083|16822:182
4218855,INF-ENE-02,8.627494,2025,observado,nivel_2,False,13413:1083|16822:182
4218905,INF-ENE-01,26.392252,2025,observado,nivel_2,False,13279:6351|13424:588
4218905,INF-ENE-02,11.918681,2025,observado,nivel_2,False,13279:6351|13424:588
4218954,INF-ENE-01,12.242857,2025,observado,nivel_2,False,13424:508|16815:976
4218954,INF-ENE-02,5.181725,2025,observado,nivel_2,False,13424:508|16815:976
4219002,INF-ENE-01,4.32,2025,territorializacao_aproximada,nivel_4,True,
4219002,INF-ENE-02,3.7475,2025,territorializacao_aproximada,nivel_4,True,
4219101,INF-ENE-01,18.72,2025,observado,nivel_1,False,
4219101,INF-ENE-02,12.14,2025,observado,nivel_1,False,
4219150,INF-ENE-01,9.18,2025,observado,nivel_1,False,
4219150,INF-ENE-02,5.46,2025,observado,nivel_1,False,
4219176,INF-ENE-01,11.06,2025,territorializacao_aproximada,nivel_4,True,
4219176,INF-ENE-02,7.75,2025,territorializacao_aproximada,nivel_4,True,
4219200,INF-ENE-01,15.65,2025,observado,nivel_1,False,
4219200,INF-ENE-02,9.24,2025,observado,nivel_1,False,
4219309,INF-ENE-01,8.858988,2025,observado,nivel_2,False,13320:28|16818:26526
4219309,INF-ENE-02,6.008049,2025,observado,nivel_2,False,13320:28|16818:26526
4219358,INF-ENE-01,14.543333,2025,territorializacao_aproximada,nivel_4,True,
4219358,INF-ENE-02,8.43,2025,territorializacao_aproximada,nivel_4,True,
4219408,INF-ENE-01,13.475186,2025,observado,nivel_2,False,16052:9|16054:2066
4219408,INF-ENE-02,7.145639,2025,observado,nivel_2,False,16052:9|16054:2066
4219507,INF-ENE-01,10.54,2025,observado,nivel_1,False,
4219507,INF-ENE-02,6.79,2025,observado,nivel_1,False,
4219606,INF-ENE-01,14.264134,2025,observado,nivel_2,False,13267:23|13347:105|13431:1529
4219606,INF-ENE-02,10.341907,2025,observado,nivel_2,False,13267:23|13347:105|13431:1529
4219705,INF-ENE-01,10.54,2025,observado,nivel_1,False,
4219705,INF-ENE-02,6.79,2025,observado,nivel_1,False,
4219853,INF-ENE-01,9.38,2025,observado,nivel_1,False,
4219853,INF-ENE-02,6.37,2025,observado,nivel_1,False,
4220000,INF-ENE-01,,2025,ausente,,False,
4220000,INF-ENE-02,,2025,ausente,,False,
4300034,INF-ENE-01,28.28,2025,observado,nivel_1,False,
4300034,INF-ENE-02,16.2,2025,observado,nivel_1,False,
4300059,INF-ENE-01,11.145,2025,territorializacao_aproximada,nivel_4,True,
4300059,INF-ENE-02,5.895,2025,territorializacao_aproximada,nivel_4,True,
4300109,INF-ENE-01,18.81,2025,territorializacao_aproximada,nivel_4,True,
4300109,INF-ENE-02,7.62,2025,territorializacao_aproximada,nivel_4,True,
4300208,INF-ENE-01,6.673333,2025,territorializacao_aproximada,nivel_4,True,
4300208,INF-ENE-02,4.736667,2025,territorializacao_aproximada,nivel_4,True,
4300307,INF-ENE-01,15.6225,2025,territorializacao_aproximada,nivel_4,True,
4300307,INF-ENE-02,9.9125,2025,territorializacao_aproximada,nivel_4,True,
4300406,INF-ENE-01,15.121667,2025,territorializacao_aproximada,nivel_4,True,
4300406,INF-ENE-02,5.755,2025,territorializacao_aproximada,nivel_4,True,
4300455,INF-ENE-01,11.79,2025,territorializacao_aproximada,nivel_4,True,
4300455,INF-ENE-02,8.6,2025,territorializacao_aproximada,nivel_4,True,
4300471,INF-ENE-01,10.78,2025,observado,nivel_1,False,
4300471,INF-ENE-02,7.28,2025,observado,nivel_1,False,
4300505,INF-ENE-01,14.37,2025,territorializacao_aproximada,nivel_4,True,
4300505,INF-ENE-02,7.983333,2025,territorializacao_aproximada,nivel_4,True,
4300554,INF-ENE-01,17.62,2025,observado,nivel_1,False,
4300554,INF-ENE-02,10.1,2025,observado,nivel_1,False,
4300570,INF-ENE-01,12.84,2025,territorializacao_aproximada,nivel_4,True,
4300570,INF-ENE-02,4.775,2025,territorializacao_aproximada,nivel_4,True,
4300604,INF-ENE-01,7.273879,2025,observado,nivel_2,False,16862:36112|16878:20599|16879:13674|16890:4910
4300604,INF-ENE-02,3.521761,2025,observado,nivel_2,False,16862:36112|16878:20599|16879:13674|16890:4910
4300638,INF-ENE-01,21.28,2025,observado,nivel_1,False,
4300638,INF-ENE-02,8.98,2025,observado,nivel_1,False,
4300646,INF-ENE-01,10.688434,2025,observado,nivel_2,False,15441:3718|16515:318
4300646,INF-ENE-02,7.017091,2025,observado,nivel_2,False,15441:3718|16515:318
4300661,INF-ENE-01,13.3175,2025,territorializacao_aproximada,nivel_4,True,
4300661,INF-ENE-02,6.8525,2025,territorializacao_aproximada,nivel_4,True,
4300703,INF-ENE-01,16.241908,2025,observado,nivel_2,False,16509:2489|16614:399
4300703,INF-ENE-02,7.339803,2025,observado,nivel_2,False,16509:2489|16614:399
4300802,INF-ENE-01,11.93,2025,territorializacao_aproximada,nivel_4,True,
4300802,INF-ENE-02,5.63,2025,territorializacao_aproximada,nivel_4,True,
4300851,INF-ENE-01,20.359407,2025,observado,nivel_2,False,12525:460|12532:4260
4300851,INF-ENE-02,9.404195,2025,observado,nivel_2,False,12525:460|12532:4260
4300877,INF-ENE-01,7.365,2025,territorializacao_aproximada,nivel_4,True,
4300877,INF-ENE-02,4.185,2025,territorializacao_aproximada,nivel_4,True,
4300901,INF-ENE-01,18.06152,2025,observado,nivel_2,False,16519:312|16520:3792
4300901,INF-ENE-02,9.381579,2025,observado,nivel_2,False,16519:312|16520:3792
4301008,INF-ENE-01,10.365,2025,territorializacao_aproximada,nivel_4,True,
4301008,INF-ENE-02,4.6725,2025,territorializacao_aproximada,nivel_4,True,
4301057,INF-ENE-01,12.36,2025,territorializacao_aproximada,nivel_4,True,
4301057,INF-ENE-02,5.5475,2025,territorializacao_aproximada,nivel_4,True,
4301073,INF-ENE-01,19.68,2025,observado,nivel_1,False,
4301073,INF-ENE-02,8.76,2025,observado,nivel_1,False,
4301107,INF-ENE-01,10.21,2025,territorializacao_aproximada,nivel_4,True,
4301107,INF-ENE-02,4.793333,2025,territorializacao_aproximada,nivel_4,True,
4301206,INF-ENE-01,18.109021,2025,observado,nivel_2,False,13183:3256|16896:1085
4301206,INF-ENE-02,6.812087,2025,observado,nivel_2,False,13183:3256|16896:1085
4301305,INF-ENE-01,23.867678,2025,observado,nivel_2,False,12543:2|16894:9431
4301305,INF-ENE-02,9.248991,2025,observado,nivel_2,False,12543:2|16894:9431
4301404,INF-ENE-01,16.270113,2025,observado,nivel_2,False,16509:4256|16538:8|16614:692
4301404,INF-ENE-02,7.360436,2025,observado,nivel_2,False,16509:4256|16538:8|16614:692
4301503,INF-ENE-01,7.0725,2025,territorializacao_aproximada,nivel_4,True,
4301503,INF-ENE-02,4.7125,2025,territorializacao_aproximada,nivel_4,True,
4301552,INF-ENE-01,18.5,2025,territorializacao_aproximada,nivel_4,True,
4301552,INF-ENE-02,8.62,2025,territorializacao_aproximada,nivel_4,True,
4301602,INF-ENE-01,18.682,2025,territorializacao_aproximada,nivel_4,True,
4301602,INF-ENE-02,8.304,2025,territorializacao_aproximada,nivel_4,True,
4301636,INF-ENE-01,10.698357,2025,observado,nivel_2,False,12547:748|12553:16656
4301636,INF-ENE-02,4.785013,2025,observado,nivel_2,False,12547:748|12553:16656
4301651,INF-ENE-01,12.353333,2025,territorializacao_aproximada,nivel_4,True,
4301651,INF-ENE-02,6.736667,2025,territorializacao_aproximada,nivel_4,True,
4301701,INF-ENE-01,7.311633,2025,observado,nivel_2,False,16519:3358|16520:84
4301701,INF-ENE-02,3.957159,2025,observado,nivel_2,False,16519:3358|16520:84
4301750,INF-ENE-01,22.171205,2025,observado,nivel_2,False,12485:1739|12524:1148|16866:133
4301750,INF-ENE-02,11.270212,2025,observado,nivel_2,False,12485:1739|12524:1148|16866:133
4301800,INF-ENE-01,18.146667,2025,territorializacao_aproximada,nivel_4,True,
4301800,INF-ENE-02,9.023333,2025,territorializacao_aproximada,nivel_4,True,
4301859,INF-ENE-01,15.69,2025,observado,nivel_1,False,
4301859,INF-ENE-02,9.88,2025,observado,nivel_1,False,
4301875,INF-ENE-01,29.99,2025,observado,nivel_1,False,
4301875,INF-ENE-02,9.53,2025,observado,nivel_1,False,
4301909,INF-ENE-01,11.463106,2025,observado,nivel_2,False,12524:551|12542:5485
4301909,INF-ENE-02,4.931365,2025,observado,nivel_2,False,12524:551|12542:5485
4301925,INF-ENE-01,18.07,2025,territorializacao_aproximada,nivel_4,True,
4301925,INF-ENE-02,8.65,2025,territorializacao_aproximada,nivel_4,True,
4301958,INF-ENE-01,9.0225,2025,territorializacao_aproximada,nivel_4,True,
4301958,INF-ENE-02,5.0525,2025,territorializacao_aproximada,nivel_4,True,
4302006,INF-ENE-01,19.385,2025,territorializacao_aproximada,nivel_4,True,
4302006,INF-ENE-02,11.3125,2025,territorializacao_aproximada,nivel_4,True,
4302055,INF-ENE-01,23.595,2025,territorializacao_aproximada,nivel_4,True,
4302055,INF-ENE-02,11.07,2025,territorializacao_aproximada,nivel_4,True,
4302105,INF-ENE-01,7.110247,2025,observado,nivel_2,False,16517:33|16528:393|16532:29306|16533:32598|16546:55
4302105,INF-ENE-02,3.490446,2025,observado,nivel_2,False,16517:33|16528:393|16532:29306|16533:32598|16546:55
4302154,INF-ENE-01,11.18,2025,territorializacao_aproximada,nivel_4,True,
4302154,INF-ENE-02,6.54,2025,territorializacao_aproximada,nivel_4,True,
4302204,INF-ENE-01,11.658962,2025,observado,nivel_2,False,16508:68|16530:3497
4302204,INF-ENE-02,7.132996,2025,observado,nivel_2,False,16508:68|16530:3497
4302220,INF-ENE-01,9.65,2025,territorializacao_aproximada,nivel_4,True,
4302220,INF-ENE-02,5.73,2025,territorializacao_aproximada,nivel_4,True,
4302238,INF-ENE-01,17.62,2025,observado,nivel_1,False,
4302238,INF-ENE-02,10.1,2025,observado,nivel_1,False,
4302253,INF-ENE-01,8.176446,2025,observado,nivel_2,False,15450:816|16528:602
4302253,INF-ENE-02,4.298872,2025,observado,nivel_2,False,15450:816|16528:602
4302303,INF-ENE-01,13.397087,2025,observado,nivel_2,False,16529:164|16545:5452
4302303,INF-ENE-02,6.744523,2025,observado,nivel_2,False,16529:164|16545:5452
4302352,INF-ENE-01,11.58,2025,observado,nivel_1,False,
4302352,INF-ENE-02,5.19,2025,observado,nivel_1,False,
4302378,INF-ENE-01,12.7125,2025,observado,nivel_2,False,16530:750|16535:250
4302378,INF-ENE-02,7.8475,2025,observado,nivel_2,False,16530:750|16535:250
4302402,INF-ENE-01,13.4975,2025,territorializacao_aproximada,nivel_4,True,
4302402,INF-ENE-02,6.1925,2025,territorializacao_aproximada,nivel_4,True,
4302451,INF-ENE-01,15.793804,2025,observado,nivel_2,False,13204:410|15452:2789|16373:6|16614:10
4302451,INF-ENE-02,10.290849,2025,observado,nivel_2,False,13204:410|15452:2789|16373:6|16614:10
4302501,INF-ENE-01,13.31,2025,territorializacao_aproximada,nivel_4,True,
4302501,INF-ENE-02,7.415,2025,territorializacao_aproximada,nivel_4,True,
4302584,INF-ENE-01,13.14,2025,territorializacao_aproximada,nivel_4,True,
4302584,INF-ENE-02,9.39,2025,territorializacao_aproximada,nivel_4,True,
4302600,INF-ENE-01,11.958509,2025,observado,nivel_2,False,15441:25|16530:1373|16535:98
4302600,INF-ENE-02,7.344853,2025,observado,nivel_2,False,15441:25|16530:1373|16535:98
4302659,INF-ENE-01,9.093333,2025,territorializacao_aproximada,nivel_4,True,
4302659,INF-ENE-02,4.096667,2025,territorializacao_aproximada,nivel_4,True,
4302709,INF-ENE-01,16.04,2025,observado,nivel_1,False,
4302709,INF-ENE-02,7.89,2025,observado,nivel_1,False,
4302808,INF-ENE-01,15.75,2025,territorializacao_aproximada,nivel_4,True,
4302808,INF-ENE-02,6.154,2025,territorializacao_aproximada,nivel_4,True,
4302907,INF-ENE-01,14.848571,2025,territorializacao_aproximada,nivel_4,True,
4302907,INF-ENE-02,5.454286,2025,territorializacao_aproximada,nivel_4,True,
4303004,INF-ENE-01,15.75,2025,territorializacao_aproximada,nivel_4,True,
4303004,INF-ENE-02,6.154,2025,territorializacao_aproximada,nivel_4,True,
4303103,INF-ENE-01,7.827305,2025,observado,nivel_2,False,16531:42440|17110:20107
4303103,INF-ENE-02,4.878635,2025,observado,nivel_2,False,16531:42440|17110:20107
4303202,INF-ENE-01,21.345,2025,territorializacao_aproximada,nivel_4,True,
4303202,INF-ENE-02,9.68,2025,territorializacao_aproximada,nivel_4,True,
4303301,INF-ENE-01,13.08,2025,observado,nivel_1,False,
4303301,INF-ENE-02,9.72,2025,observado,nivel_1,False,
4303400,INF-ENE-01,13.464409,2025,observado,nivel_2,False,15441:180|16515:2224
4303400,INF-ENE-02,7.093261,2025,observado,nivel_2,False,15441:180|16515:2224
4303509,INF-ENE-01,21.099475,2025,observado,nivel_2,False,12524:78|12525:24101|12532:4984
4303509,INF-ENE-02,9.064175,2025,observado,nivel_2,False,12524:78|12525:24101|12532:4984
4303558,INF-ENE-01,20.903333,2025,territorializacao_aproximada,nivel_4,True,
4303558,INF-ENE-02,11.676667,2025,territorializacao_aproximada,nivel_4,True,
4303608,INF-ENE-01,14.63,2025,observado,nivel_1,False,
4303608,INF-ENE-02,6.23,2025,observado,nivel_1,False,
4303673,INF-ENE-01,13.556667,2025,territorializacao_aproximada,nivel_4,True,
4303673,INF-ENE-02,6.206667,2025,territorializacao_aproximada,nivel_4,True,
4303707,INF-ENE-01,18.820686,2025,observado,nivel_2,False,15456:1792|16542:1238
4303707,INF-ENE-02,11.563835,2025,observado,nivel_2,False,15456:1792|16542:1238
4303806,INF-ENE-01,18.07,2025,territorializacao_aproximada,nivel_4,True,
4303806,INF-ENE-02,8.65,2025,territorializacao_aproximada,nivel_4,True,
4303905,INF-ENE-01,6.558333,2025,territorializacao_aproximada,nivel_4,True,
4303905,INF-ENE-02,3.731667,2025,territorializacao_aproximada,nivel_4,True,
4304002,INF-ENE-01,11.71298,2025,observado,nivel_2,False,15441:13|16530:2376
4304002,INF-ENE-02,7.169129,2025,observado,nivel_2,False,15441:13|16530:2376
4304101,INF-ENE-01,17.62,2025,observado,nivel_1,False,
4304101,INF-ENE-02,10.1,2025,observado,nivel_1,False,
4304200,INF-ENE-01,16.52,2025,territorializacao_aproximada,nivel_4,True,
4304200,INF-ENE-02,6.442857,2025,territorializacao_aproximada,nivel_4,True,
4304309,INF-ENE-01,14.115,2025,territorializacao_aproximada,nivel_4,True,
4304309,INF-ENE-02,8.4075,2025,territorializacao_aproximada,nivel_4,True,
4304358,INF-ENE-01,22.233333,2025,territorializacao_aproximada,nivel_4,True,
4304358,INF-ENE-02,10.173333,2025,territorializacao_aproximada,nivel_4,True,
4304408,INF-ENE-01,9.76,2025,territorializacao_aproximada,nivel_4,True,
4304408,INF-ENE-02,4.365,2025,territorializacao_aproximada,nivel_4,True,
4304507,INF-ENE-01,21.442,2025,territorializacao_aproximada,nivel_4,True,
4304507,INF-ENE-02,9.276,2025,territorializacao_aproximada,nivel_4,True,
4304606,INF-ENE-01,5.783333,2025,territorializacao_aproximada,nivel_4,True,
4304606,INF-ENE-02,3.558333,2025,territorializacao_aproximada,nivel_4,True,
4304614,INF-ENE-01,14.96,2025,observado,nivel_1,False,
4304614,INF-ENE-02,10.66,2025,observado,nivel_1,False,
4304622,INF-ENE-01,11.78004,2025,observado,nivel_2,False,16502:11|16506:985
4304622,INF-ENE-02,7.702821,2025,observado,nivel_2,False,16502:11|16506:985
4304630,INF-ENE-01,9.49116,2025,observado,nivel_2,False,15978:39762|15984:20872|16873:334
4304630,INF-ENE-02,4.257144,2025,observado,nivel_2,False,15978:39762|15984:20872|16873:334
4304655,INF-ENE-01,14.82,2025,territorializacao_aproximada,nivel_4,True,
4304655,INF-ENE-02,7.126667,2025,territorializacao_aproximada,nivel_4,True,
4304663,INF-ENE-01,19.726024,2025,observado,nivel_2,False,16893:11525|16894:128
4304663,INF-ENE-02,8.765382,2025,observado,nivel_2,False,16893:11525|16894:128
4304671,INF-ENE-01,17.997707,2025,observado,nivel_2,False,12547:2355|16890:4
4304671,INF-ENE-02,6.008796,2025,observado,nivel_2,False,12547:2355|16890:4
4304689,INF-ENE-01,9.93866,2025,observado,nivel_2,False,12485:8|13218:1141|15780:4|15783:34|16369:3373|16375:433
4304689,INF-ENE-02,3.442049,2025,observado,nivel_2,False,12485:8|13218:1141|15780:4|15783:34|16369:3373|16375:433
4304697,INF-ENE-01,17.92,2025,territorializacao_aproximada,nivel_4,True,
4304697,INF-ENE-02,9.065,2025,territorializacao_aproximada,nivel_4,True,
4304705,INF-ENE-01,5.240093,2025,observado,nivel_2,False,14435:29091|14436:53
4304705,INF-ENE-02,5.103964,2025,observado,nivel_2,False,14435:29091|14436:53
4304713,INF-ENE-01,18.967075,2025,observado,nivel_2,False,12570:4727|16882:295
4304713,INF-ENE-02,6.424307,2025,observado,nivel_2,False,12570:4727|16882:295
4304804,INF-ENE-01,10.053092,2025,observado,nivel_2,False,15453:788|16517:301|16528:14638
4304804,INF-ENE-02,4.863177,2025,observado,nivel_2,False,15453:788|16517:301|16528:14638
4304853,INF-ENE-01,20.983333,2025,territorializacao_aproximada,nivel_4,True,
4304853,INF-ENE-02,9.703333,2025,territorializacao_aproximada,nivel_4,True,
4304903,INF-ENE-01,17.61,2025,territorializacao_aproximada,nivel_4,True,
4304903,INF-ENE-02,9.3,2025,territorializacao_aproximada,nivel_4,True,
4304952,INF-ENE-01,14.495,2025,territorializacao_aproximada,nivel_4,True,
4304952,INF-ENE-02,8.495,2025,territorializacao_aproximada,nivel_4,True,
4305009,INF-ENE-01,9.22,2025,territorializacao_aproximada,nivel_4,True,
4305009,INF-ENE-02,7.04,2025,territorializacao_aproximada,nivel_4,True,
4305108,INF-ENE-01,5.661665,2025,observado,nivel_2,False,16495:23908|16504:835|16516:56|16517:2231|16524:55869|16525:27071|16526:71935|16527:52508|16529:11|16540:1502|16545:1
4305108,INF-ENE-02,3.358583,2025,observado,nivel_2,False,16495:23908|16504:835|16516:56|16517:2231|16524:55869|16525:27071|16526:71935|16527:52508|16529:11|16540:1502|16545:1
4305116,INF-ENE-01,20.983333,2025,territorializacao_aproximada,nivel_4,True,
4305116,INF-ENE-02,9.703333,2025,territorializacao_aproximada,nivel_4,True,
4305124,INF-ENE-01,22.946936,2025,observado,nivel_2,False,16893:701|16894:2481
4305124,INF-ENE-02,9.142052,2025,observado,nivel_2,False,16893:701|16894:2481
4305132,INF-ENE-01,17.125,2025,territorializacao_aproximada,nivel_4,True,
4305132,INF-ENE-02,6.7325,2025,territorializacao_aproximada,nivel_4,True,
4305157,INF-ENE-01,10.17,2025,territorializacao_aproximada,nivel_4,True,
4305157,INF-ENE-02,4.946667,2025,territorializacao_aproximada,nivel_4,True,
4305173,INF-ENE-01,19.516711,2025,observado,nivel_2,False,12485:356|12524:3714|12525:114
4305173,INF-ENE-02,10.522859,2025,observado,nivel_2,False,12485:356|12524:3714|12525:114
4305207,INF-ENE-01,11.699759,2025,observado,nivel_2,False,15448:711|15449:631|16523:5623
4305207,INF-ENE-02,6.003062,2025,observado,nivel_2,False,15448:711|15449:631|16523:5623
4305306,INF-ENE-01,14.2,2025,territorializacao_aproximada,nivel_4,True,
4305306,INF-ENE-02,8.69,2025,territorializacao_aproximada,nivel_4,True,
4305355,INF-ENE-01,7.37977,2025,observado,nivel_2,False,15985:13999|16009:19
4305355,INF-ENE-02,3.379634,2025,observado,nivel_2,False,15985:13999|16009:19
4305371,INF-ENE-01,14.345,2025,territorializacao_aproximada,nivel_4,True,
4305371,INF-ENE-02,6.61,2025,territorializacao_aproximada,nivel_4,True,
4305405,INF-ENE-01,10.87201,2025,observado,nivel_2,False,15446:539|16530:1406
4305405,INF-ENE-02,7.588452,2025,observado,nivel_2,False,15446:539|16530:1406
4305439,INF-ENE-01,28.37,2025,observado,nivel_1,False,
4305439,INF-ENE-02,9.16,2025,observado,nivel_1,False,
4305447,INF-ENE-01,21.28,2025,observado,nivel_1,False,
4305447,INF-ENE-02,8.98,2025,observado,nivel_1,False,
4305454,INF-ENE-01,10.526352,2025,observado,nivel_2,False,12547:430|12553:21024|16882:46
4305454,INF-ENE-02,4.754573,2025,observado,nivel_2,False,12547:430|12553:21024|16882:46
4305504,INF-ENE-01,13.923333,2025,territorializacao_aproximada,nivel_4,True,
4305504,INF-ENE-02,7.77,2025,territorializacao_aproximada,nivel_4,True,
4305587,INF-ENE-01,12.429023,2025,observado,nivel_2,False,13186:151|13189:1035|15450:94
4305587,INF-ENE-02,5.168961,2025,observado,nivel_2,False,13186:151|13189:1035|15450:94
4305603,INF-ENE-01,,2025,ausente,,False,
4305603,INF-ENE-02,,2025,ausente,,False,
4305702,INF-ENE-01,10.38,2025,territorializacao_aproximada,nivel_4,True,
4305702,INF-ENE-02,7.696667,2025,territorializacao_aproximada,nivel_4,True,
4305801,INF-ENE-01,13.016667,2025,territorializacao_aproximada,nivel_4,True,
4305801,INF-ENE-02,5.89,2025,territorializacao_aproximada,nivel_4,True,
4305835,INF-ENE-01,20.0175,2025,territorializacao_aproximada,nivel_4,True,
4305835,INF-ENE-02,10.6075,2025,territorializacao_aproximada,nivel_4,True,
4305850,INF-ENE-01,11.235,2025,territorializacao_aproximada,nivel_4,True,
4305850,INF-ENE-02,7.19,2025,territorializacao_aproximada,nivel_4,True,
4305871,INF-ENE-01,8.683636,2025,observado,nivel_2,False,15446:1488|15449:8
4305871,INF-ENE-02,8.685561,2025,observado,nivel_2,False,15446:1488|15449:8
4305900,INF-ENE-01,11.415234,2025,observado,nivel_2,False,15441:183|15446:11|16501:165|16530:2826|16535:2
4305900,INF-ENE-02,6.937854,2025,observado,nivel_2,False,15441:183|15446:11|16501:165|16530:2826|16535:2
4305934,INF-ENE-01,8.699001,2025,observado,nivel_2,False,15450:255|16528:503|16532:13
4305934,INF-ENE-02,4.350363,2025,observado,nivel_2,False,15450:255|16528:503|16532:13
4305959,INF-ENE-01,11.079306,2025,observado,nivel_2,False,16509:13|16533:155|16546:1821
4305959,INF-ENE-02,6.010975,2025,observado,nivel_2,False,16509:13|16533:155|16546:1821
4305975,INF-ENE-01,12.205,2025,territorializacao_aproximada,nivel_4,True,
4305975,INF-ENE-02,6.205,2025,territorializacao_aproximada,nivel_4,True,
4306007,INF-ENE-01,15.666504,2025,observado,nivel_2,False,16508:1|16530:36|16535:6351
4306007,INF-ENE-02,9.864,2025,observado,nivel_2,False,16508:1|16530:36|16535:6351
4306056,INF-ENE-01,21.315919,2025,observado,nivel_2,False,12525:3338|12571:127
4306056,INF-ENE-02,9.032046,2025,observado,nivel_2,False,12525:3338|12571:127
4306072,INF-ENE-01,10.838573,2025,observado,nivel_2,False,15441:1258|16515:179
4306072,INF-ENE-02,7.021211,2025,observado,nivel_2,False,15441:1258|16515:179
4306106,INF-ENE-01,9.41,2025,territorializacao_aproximada,nivel_4,True,
4306106,INF-ENE-02,6.0775,2025,territorializacao_aproximada,nivel_4,True,
4306130,INF-ENE-01,18.07,2025,territorializacao_aproximada,nivel_4,True,
4306130,INF-ENE-02,8.65,2025,territorializacao_aproximada,nivel_4,True,
4306205,INF-ENE-01,11.022,2025,territorializacao_aproximada,nivel_4,True,
4306205,INF-ENE-02,4.854,2025,territorializacao_aproximada,nivel_4,True,
4306304,INF-ENE-01,20.245,2025,territorializacao_aproximada,nivel_4,True,
4306304,INF-ENE-02,11.0775,2025,territorializacao_aproximada,nivel_4,True,
4306320,INF-ENE-01,15.69,2025,observado,nivel_1,False,
4306320,INF-ENE-02,9.88,2025,observado,nivel_1,False,
4306353,INF-ENE-01,10.756154,2025,observado,nivel_2,False,15448:417|16541:909
4306353,INF-ENE-02,6.000181,2025,observado,nivel_2,False,15448:417|16541:909
4306379,INF-ENE-01,9.244,2025,territorializacao_aproximada,nivel_4,True,
4306379,INF-ENE-02,3.976,2025,territorializacao_aproximada,nivel_4,True,
4306403,INF-ENE-01,7.87,2025,territorializacao_aproximada,nivel_4,True,
4306403,INF-ENE-02,4.344,2025,territorializacao_aproximada,nivel_4,True,
4306429,INF-ENE-01,15.017669,2025,observado,nivel_2,False,15441:136|16535:928
4306429,INF-ENE-02,9.513158,2025,observado,nivel_2,False,15441:136|16535:928
4306452,INF-ENE-01,20.379767,2025,observado,nivel_2,False,16509:1193|16546:18|16614:504
4306452,INF-ENE-02,9.819294,2025,observado,nivel_2,False,16509:1193|16546:18|16614:504
4306502,INF-ENE-01,21.187249,2025,observado,nivel_2,False,12525:5716|16866:103
4306502,INF-ENE-02,8.960706,2025,observado,nivel_2,False,12525:5716|16866:103
4306551,INF-ENE-01,9.86,2025,observado,nivel_1,False,
4306551,INF-ENE-02,4.84,2025,observado,nivel_1,False,
4306601,INF-ENE-01,20.127887,2025,observado,nivel_2,False,12539:16508|15983:530
4306601,INF-ENE-02,7.853523,2025,observado,nivel_2,False,12539:16508|15983:530
4306700,INF-ENE-01,18.225,2025,territorializacao_aproximada,nivel_4,True,
4306700,INF-ENE-02,8.53,2025,territorializacao_aproximada,nivel_4,True,
4306734,INF-ENE-01,14.156667,2025,territorializacao_aproximada,nivel_4,True,
4306734,INF-ENE-02,9.476667,2025,territorializacao_aproximada,nivel_4,True,
4306759,INF-ENE-01,12.95,2025,territorializacao_aproximada,nivel_4,True,
4306759,INF-ENE-02,5.385,2025,territorializacao_aproximada,nivel_4,True,
4306767,INF-ENE-01,12.411502,2025,observado,nivel_2,False,12540:12624|12542:364|15985:1|16866:4561
4306767,INF-ENE-02,4.817394,2025,observado,nivel_2,False,12540:12624|12542:364|15985:1|16866:4561
4306809,INF-ENE-01,16.798,2025,territorializacao_aproximada,nivel_4,True,
4306809,INF-ENE-02,8.262,2025,territorializacao_aproximada,nivel_4,True,
4306908,INF-ENE-01,18.19,2025,territorializacao_aproximada,nivel_4,True,
4306908,INF-ENE-02,7.942,2025,territorializacao_aproximada,nivel_4,True,
4306924,INF-ENE-01,13.016667,2025,territorializacao_aproximada,nivel_4,True,
4306924,INF-ENE-02,5.89,2025,territorializacao_aproximada,nivel_4,True,
4306932,INF-ENE-01,8.9825,2025,territorializacao_aproximada,nivel_4,True,
4306932,INF-ENE-02,6.44,2025,territorializacao_aproximada,nivel_4,True,
4306957,INF-ENE-01,23.595,2025,territorializacao_aproximada,nivel_4,True,
4306957,INF-ENE-02,11.07,2025,territorializacao_aproximada,nivel_4,True,
4306973,INF-ENE-01,14.036667,2025,territorializacao_aproximada,nivel_4,True,
4306973,INF-ENE-02,6.153333,2025,territorializacao_aproximada,nivel_4,True,
4307005,INF-ENE-01,13.484,2025,territorializacao_aproximada,nivel_4,True,
4307005,INF-ENE-02,6.144,2025,territorializacao_aproximada,nivel_4,True,
4307054,INF-ENE-01,12.205,2025,territorializacao_aproximada,nivel_4,True,
4307054,INF-ENE-02,6.205,2025,territorializacao_aproximada,nivel_4,True,
4307104,INF-ENE-01,23.862878,2025,observado,nivel_2,False,12576:33|16894:3859
4307104,INF-ENE-02,9.249237,2025,observado,nivel_2,False,12576:33|16894:3859
4307203,INF-ENE-01,18.07,2025,territorializacao_aproximada,nivel_4,True,
4307203,INF-ENE-02,8.65,2025,territorializacao_aproximada,nivel_4,True,
4307302,INF-ENE-01,15.614586,2025,observado,nivel_2,False,15441:42|16515:10|16535:3140
4307302,INF-ENE-02,9.833528,2025,observado,nivel_2,False,15441:42|16515:10|16535:3140
4307401,INF-ENE-01,13.193333,2025,territorializacao_aproximada,nivel_4,True,
4307401,INF-ENE-02,7.176667,2025,territorializacao_aproximada,nivel_4,True,
4307450,INF-ENE-01,15.69,2025,observado,nivel_1,False,
4307450,INF-ENE-02,9.88,2025,observado,nivel_1,False,
4307500,INF-ENE-01,12.295,2025,territorializacao_aproximada,nivel_4,True,
4307500,INF-ENE-02,6.985,2025,territorializacao_aproximada,nivel_4,True,
4307559,INF-ENE-01,17.443333,2025,territorializacao_aproximada,nivel_4,True,
4307559,INF-ENE-02,7.976667,2025,territorializacao_aproximada,nivel_4,True,
4307609,INF-ENE-01,7.1625,2025,territorializacao_aproximada,nivel_4,True,
4307609,INF-ENE-02,3.805,2025,territorializacao_aproximada,nivel_4,True,
4307708,INF-ENE-01,6.37,2025,territorializacao_aproximada,nivel_4,True,
4307708,INF-ENE-02,3.628333,2025,territorializacao_aproximada,nivel_4,True,
4307807,INF-ENE-01,12.243418,2025,observado,nivel_2,False,13189:14392|15450:190
4307807,INF-ENE-02,5.038664,2025,observado,nivel_2,False,13189:14392|15450:190
4307815,INF-ENE-01,22.36,2025,territorializacao_aproximada,nivel_4,True,
4307815,INF-ENE-02,8.605,2025,territorializacao_aproximada,nivel_4,True,
4307831,INF-ENE-01,8.478292,2025,observado,nivel_2,False,15446:8|15449:65|16543:1443
4307831,INF-ENE-02,4.879129,2025,observado,nivel_2,False,15446:8|15449:65|16543:1443
4307864,INF-ENE-01,12.25,2025,territorializacao_aproximada,nivel_4,True,
4307864,INF-ENE-02,5.9,2025,territorializacao_aproximada,nivel_4,True,
4307906,INF-ENE-01,11.2575,2025,territorializacao_aproximada,nivel_4,True,
4307906,INF-ENE-02,5.3925,2025,territorializacao_aproximada,nivel_4,True,
4308003,INF-ENE-01,16.77,2025,territorializacao_aproximada,nivel_4,True,
4308003,INF-ENE-02,7.36,2025,territorializacao_aproximada,nivel_4,True,
4308052,INF-ENE-01,23.595,2025,territorializacao_aproximada,nivel_4,True,
4308052,INF-ENE-02,11.07,2025,territorializacao_aproximada,nivel_4,True,
4308078,INF-ENE-01,13.01,2025,territorializacao_aproximada,nivel_4,True,
4308078,INF-ENE-02,6.095,2025,territorializacao_aproximada,nivel_4,True,
4308102,INF-ENE-01,12.84,2025,territorializacao_aproximada,nivel_4,True,
4308102,INF-ENE-02,4.775,2025,territorializacao_aproximada,nivel_4,True,
4308201,INF-ENE-01,10.07,2025,territorializacao_aproximada,nivel_4,True,
4308201,INF-ENE-02,4.711667,2025,territorializacao_aproximada,nivel_4,True,
4308250,INF-ENE-01,18.1475,2025,territorializacao_aproximada,nivel_4,True,
4308250,INF-ENE-02,8.42,2025,territorializacao_aproximada,nivel_4,True,
4308300,INF-ENE-01,39.163878,2025,observado,nivel_2,False,15452:9|16614:4723
4308300,INF-ENE-02,20.980334,2025,observado,nivel_2,False,15452:9|16614:4723
4308409,INF-ENE-01,12.07,2025,observado,nivel_1,False,
4308409,INF-ENE-02,4.07,2025,observado,nivel_1,False,
4308433,INF-ENE-01,13.933376,2025,observado,nivel_2,False,15451:174|15452:1248
4308433,INF-ENE-02,9.905021,2025,observado,nivel_2,False,15451:174|15452:1248
4308458,INF-ENE-01,12.295,2025,territorializacao_aproximada,nivel_4,True,
4308458,INF-ENE-02,6.985,2025,territorializacao_aproximada,nivel_4,True,
4308508,INF-ENE-01,13.299273,2025,observado,nivel_2,False,15441:2120|16515:14810
4308508,INF-ENE-02,7.08873,2025,observado,nivel_2,False,15441:2120|16515:14810
4308607,INF-ENE-01,9.355741,2025,observado,nivel_2,False,16528:16984|16532:1091
4308607,INF-ENE-02,4.399037,2025,observado,nivel_2,False,16528:16984|16532:1091
4308656,INF-ENE-01,12.23,2025,observado,nivel_1,False,
4308656,INF-ENE-02,5.54,2025,observado,nivel_1,False,
4308706,INF-ENE-01,15.1375,2025,territorializacao_aproximada,nivel_4,True,
4308706,INF-ENE-02,7.0925,2025,territorializacao_aproximada,nivel_4,True,
4308805,INF-ENE-01,12.419988,2025,observado,nivel_2,False,12485:1135|16372:10|16375:3005
4308805,INF-ENE-02,5.533289,2025,observado,nivel_2,False,12485:1135|16372:10|16375:3005
4308854,INF-ENE-01,15.01,2025,territorializacao_aproximada,nivel_4,True,
4308854,INF-ENE-02,7.8,2025,territorializacao_aproximada,nivel_4,True,
4308904,INF-ENE-01,15.922,2025,territorializacao_aproximada,nivel_4,True,
4308904,INF-ENE-02,7.498,2025,territorializacao_aproximada,nivel_4,True,
4309001,INF-ENE-01,13.466667,2025,territorializacao_aproximada,nivel_4,True,
4309001,INF-ENE-02,9.35,2025,territorializacao_aproximada,nivel_4,True,
4309050,INF-ENE-01,9.91,2025,territorializacao_aproximada,nivel_4,True,
4309050,INF-ENE-02,5.563333,2025,territorializacao_aproximada,nivel_4,True,
4309100,INF-ENE-01,10.652,2025,territorializacao_aproximada,nivel_4,True,
4309100,INF-ENE-02,4.606,2025,territorializacao_aproximada,nivel_4,True,
4309126,INF-ENE-01,20.3,2025,territorializacao_aproximada,nivel_4,True,
4309126,INF-ENE-02,9.746667,2025,territorializacao_aproximada,nivel_4,True,
4309159,INF-ENE-01,19.276724,2025,observado,nivel_2,False,13204:490|15452:819|16614:135
4309159,INF-ENE-02,10.591717,2025,observado,nivel_2,False,13204:490|15452:819|16614:135
4309209,INF-ENE-01,8.438,2025,territorializacao_aproximada,nivel_4,True,
4309209,INF-ENE-02,4.824,2025,territorializacao_aproximada,nivel_4,True,
4309258,INF-ENE-01,12.78,2025,observado,nivel_1,False,
4309258,INF-ENE-02,6.32,2025,observado,nivel_1,False,
4309308,INF-ENE-01,10.784501,2025,observado,nivel_2,False,12540:7062|12542:34646
4309308,INF-ENE-02,4.268249,2025,observado,nivel_2,False,12540:7062|12542:34646
4309407,INF-ENE-01,18.99,2025,territorializacao_aproximada,nivel_4,True,
4309407,INF-ENE-02,9.675,2025,territorializacao_aproximada,nivel_4,True,
4309506,INF-ENE-01,11.181572,2025,observado,nivel_2,False,15449:16|15456:28|16523:3194|16543:305
4309506,INF-ENE-02,5.294728,2025,observado,nivel_2,False,15449:16|15456:28|16523:3194|16543:305
4309555,INF-ENE-01,11.1967,2025,observado,nivel_2,False,13218:2327|15453:27|16375:328
4309555,INF-ENE-02,5.005011,2025,observado,nivel_2,False,13218:2327|15453:27|16375:328
4309571,INF-ENE-01,18.936499,2025,observado,nivel_2,False,13204:851|16374:243
4309571,INF-ENE-02,7.174644,2025,observado,nivel_2,False,13204:851|16374:243
4309605,INF-ENE-01,13.5475,2025,territorializacao_aproximada,nivel_4,True,
4309605,INF-ENE-02,8.9,2025,territorializacao_aproximada,nivel_4,True,
4309654,INF-ENE-01,16.7,2025,territorializacao_aproximada,nivel_4,True,
4309654,INF-ENE-02,8.14,2025,territorializacao_aproximada,nivel_4,True,
4309704,INF-ENE-01,12.146341,2025,observado,nivel_2,False,16530:2186|16535:263
4309704,INF-ENE-02,7.461029,2025,observado,nivel_2,False,16530:2186|16535:263
4309753,INF-ENE-01,14.152929,2025,observado,nivel_2,False,13183:1654|16896:29
4309753,INF-ENE-02,5.143547,2025,observado,nivel_2,False,13183:1654|16896:29
4309803,INF-ENE-01,15.946667,2025,territorializacao_aproximada,nivel_4,True,
4309803,INF-ENE-02,7.816667,2025,territorializacao_aproximada,nivel_4,True,
4309902,INF-ENE-01,13.923333,2025,territorializacao_aproximada,nivel_4,True,
4309902,INF-ENE-02,7.77,2025,territorializacao_aproximada,nivel_4,True,
4309951,INF-ENE-01,12.205,2025,territorializacao_aproximada,nivel_4,True,
4309951,INF-ENE-02,6.205,2025,territorializacao_aproximada,nivel_4,True,
4310009,INF-ENE-01,12.295,2025,territorializacao_aproximada,nivel_4,True,
4310009,INF-ENE-02,6.985,2025,territorializacao_aproximada,nivel_4,True,
4310108,INF-ENE-01,9.785648,2025,observado,nivel_2,False,16500:10|16512:269|16536:10085|16537:6246
4310108,INF-ENE-02,4.165267,2025,observado,nivel_2,False,16500:10|16512:269|16536:10085|16537:6246
4310207,INF-ENE-01,5.793333,2025,territorializacao_aproximada,nivel_4,True,
4310207,INF-ENE-02,5.72,2025,territorializacao_aproximada,nivel_4,True,
4310306,INF-ENE-01,19.615,2025,territorializacao_aproximada,nivel_4,True,
4310306,INF-ENE-02,8.835,2025,territorializacao_aproximada,nivel_4,True,
4310330,INF-ENE-01,13.09,2025,territorializacao_aproximada,nivel_4,True,
4310330,INF-ENE-02,6.283333,2025,territorializacao_aproximada,nivel_4,True,
4310363,INF-ENE-01,11.49227,2025,observado,nivel_2,False,13186:18|13189:1307|15450:270
4310363,INF-ENE-02,4.920219,2025,observado,nivel_2,False,13186:18|13189:1307|15450:270
4310405,INF-ENE-01,13.594,2025,territorializacao_aproximada,nivel_4,True,
4310405,INF-ENE-02,9.394,2025,territorializacao_aproximada,nivel_4,True,
4310413,INF-ENE-01,12.88,2025,territorializacao_aproximada,nivel_4,True,
4310413,INF-ENE-02,9.723333,2025,territorializacao_aproximada,nivel_4,True,
4310439,INF-ENE-01,15.289165,2025,observado,nivel_2,False,16503:34|16534:3509|16545:121
4310439,INF-ENE-02,6.62184,2025,observado,nivel_2,False,16503:34|16534:3509|16545:121
4310462,INF-ENE-01,17.545,2025,territorializacao_aproximada,nivel_4,True,
4310462,INF-ENE-02,7.325,2025,territorializacao_aproximada,nivel_4,True,
4310504,INF-ENE-01,13.018412,2025,observado,nivel_2,False,15441:754|16515:2822
4310504,INF-ENE-02,7.081023,2025,observado,nivel_2,False,15441:754|16515:2822
4310538,INF-ENE-01,8.752,2025,territorializacao_aproximada,nivel_4,True,
4310538,INF-ENE-02,3.988,2025,territorializacao_aproximada,nivel_4,True,
4310553,INF-ENE-01,12.664151,2025,observado,nivel_2,False,16376:305|16377:1367
4310553,INF-ENE-02,5.576483,2025,observado,nivel_2,False,16376:305|16377:1367
4310579,INF-ENE-01,17.575,2025,territorializacao_aproximada,nivel_4,True,
4310579,INF-ENE-02,8.99,2025,territorializacao_aproximada,nivel_4,True,
4310603,INF-ENE-01,8.97454,2025,observado,nivel_2,False,13191:13331|16376:121|16377:32|16379:714
4310603,INF-ENE-02,4.202503,2025,observado,nivel_2,False,13191:13331|16376:121|16377:32|16379:714
4310652,INF-ENE-01,19.09,2025,observado,nivel_1,False,
4310652,INF-ENE-02,9.22,2025,observado,nivel_1,False,
4310702,INF-ENE-01,18.07,2025,territorializacao_aproximada,nivel_4,True,
4310702,INF-ENE-02,8.65,2025,territorializacao_aproximada,nivel_4,True,
4310751,INF-ENE-01,6.2575,2025,territorializacao_aproximada,nivel_4,True,
4310751,INF-ENE-02,3.485,2025,territorializacao_aproximada,nivel_4,True,
4310801,INF-ENE-01,7.742,2025,territorializacao_aproximada,nivel_4,True,
4310801,INF-ENE-02,4.37,2025,territorializacao_aproximada,nivel_4,True,
4310850,INF-ENE-01,10.43,2025,observado,nivel_1,False,
4310850,INF-ENE-02,7.01,2025,observado,nivel_1,False,
4310876,INF-ENE-01,17.62,2025,observado,nivel_1,False,
4310876,INF-ENE-02,10.1,2025,observado,nivel_1,False,
4310900,INF-ENE-01,17.62,2025,territorializacao_aproximada,nivel_4,True,
4310900,INF-ENE-02,8.055,2025,territorializacao_aproximada,nivel_4,True,
4311007,INF-ENE-01,13.025032,2025,observado,nivel_2,False,12543:13423|16894:130
4311007,INF-ENE-02,4.535658,2025,observado,nivel_2,False,12543:13423|16894:130
4311106,INF-ENE-01,14.61,2025,observado,nivel_1,False,
4311106,INF-ENE-02,5.74,2025,observado,nivel_1,False,
4311122,INF-ENE-01,14.62418,2025,observado,nivel_2,False,16529:2172|16545:10
4311122,INF-ENE-02,6.232429,2025,observado,nivel_2,False,16529:2172|16545:10
4311130,INF-ENE-01,14.8425,2025,territorializacao_aproximada,nivel_4,True,
4311130,INF-ENE-02,6.7875,2025,territorializacao_aproximada,nivel_4,True,
4311155,INF-ENE-01,11.648,2025,territorializacao_aproximada,nivel_4,True,
4311155,INF-ENE-02,7.496,2025,territorializacao_aproximada,nivel_4,True,
4311205,INF-ENE-01,16.17,2025,territorializacao_aproximada,nivel_4,True,
4311205,INF-ENE-02,7.875,2025,territorializacao_aproximada,nivel_4,True,
4311239,INF-ENE-01,19.3575,2025,territorializacao_aproximada,nivel_4,True,
4311239,INF-ENE-02,7.6175,2025,territorializacao_aproximada,nivel_4,True,
4311254,INF-ENE-01,20.835,2025,territorializacao_aproximada,nivel_4,True,
4311254,INF-ENE-02,8.73,2025,territorializacao_aproximada,nivel_4,True,
4311270,INF-ENE-01,12.295,2025,territorializacao_aproximada,nivel_4,True,
4311270,INF-ENE-02,6.985,2025,territorializacao_aproximada,nivel_4,True,
4311304,INF-ENE-01,13.92,2025,territorializacao_aproximada,nivel_4,True,
4311304,INF-ENE-02,7.426,2025,territorializacao_aproximada,nivel_4,True,
4311403,INF-ENE-01,10.122,2025,territorializacao_aproximada,nivel_4,True,
4311403,INF-ENE-02,4.652,2025,territorializacao_aproximada,nivel_4,True,
4311429,INF-ENE-01,9.4825,2025,territorializacao_aproximada,nivel_4,True,
4311429,INF-ENE-02,4.3925,2025,territorializacao_aproximada,nivel_4,True,
4311502,INF-ENE-01,21.8725,2025,territorializacao_aproximada,nivel_4,True,
4311502,INF-ENE-02,8.5925,2025,territorializacao_aproximada,nivel_4,True,
4311601,INF-ENE-01,12.638,2025,territorializacao_aproximada,nivel_4,True,
4311601,INF-ENE-02,6.356,2025,territorializacao_aproximada,nivel_4,True,
4311627,INF-ENE-01,9.823333,2025,territorializacao_aproximada,nivel_4,True,
4311627,INF-ENE-02,5.643333,2025,territorializacao_aproximada,nivel_4,True,
4311643,INF-ENE-01,11.525124,2025,observado,nivel_2,False,16504:21|16517:869
4311643,INF-ENE-02,4.017517,2025,observado,nivel_2,False,16504:21|16517:869
4311700,INF-ENE-01,21.345,2025,territorializacao_aproximada,nivel_4,True,
4311700,INF-ENE-02,9.68,2025,territorializacao_aproximada,nivel_4,True,
4311718,INF-ENE-01,16.155,2025,territorializacao_aproximada,nivel_4,True,
4311718,INF-ENE-02,6.1775,2025,territorializacao_aproximada,nivel_4,True,
4311734,INF-ENE-01,14.475,2025,territorializacao_aproximada,nivel_4,True,
4311734,INF-ENE-02,7.03,2025,territorializacao_aproximada,nivel_4,True,
4311759,INF-ENE-01,14.917158,2025,observado,nivel_2,False,16376:3210|16377:194|16379:100
4311759,INF-ENE-02,5.837089,2025,observado,nivel_2,False,16376:3210|16377:194|16379:100
4311775,INF-ENE-01,12.4075,2025,territorializacao_aproximada,nivel_4,True,
4311775,INF-ENE-02,5.5575,2025,territorializacao_aproximada,nivel_4,True,
4311791,INF-ENE-01,7.918611,2025,observado,nivel_2,False,15453:17|16375:1358
4311791,INF-ENE-02,3.179062,2025,observado,nivel_2,False,15453:17|16375:1358
4311809,INF-ENE-01,10.223333,2025,territorializacao_aproximada,nivel_4,True,
4311809,INF-ENE-02,5.72,2025,territorializacao_aproximada,nivel_4,True,
4311908,INF-ENE-01,20.246677,2025,observado,nivel_2,False,16502:7|16514:3035
4311908,INF-ENE-02,9.74381,2025,observado,nivel_2,False,16502:7|16514:3035
4311981,INF-ENE-01,11.670801,2025,observado,nivel_2,False,12485:15|12524:219|12542:1884|16866:4
4311981,INF-ENE-02,5.064472,2025,observado,nivel_2,False,12485:15|12524:219|12542:1884|16866:4
4312005,INF-ENE-01,20.153422,2025,observado,nivel_2,False,16514:1177|16520:106
4312005,INF-ENE-02,9.757436,2025,observado,nivel_2,False,16514:1177|16520:106
4312054,INF-ENE-01,13.833778,2025,observado,nivel_2,False,15451:318|15452:2051
4312054,INF-ENE-02,9.831777,2025,observado,nivel_2,False,15451:318|15452:2051
4312104,INF-ENE-01,12.63,2025,territorializacao_aproximada,nivel_4,True,
4312104,INF-ENE-02,5.19,2025,territorializacao_aproximada,nivel_4,True,
4312138,INF-ENE-01,17.24,2025,observado,nivel_1,False,
4312138,INF-ENE-02,9.28,2025,observado,nivel_1,False,
4312153,INF-ENE-01,13.046667,2025,territorializacao_aproximada,nivel_4,True,
4312153,INF-ENE-02,5.203333,2025,territorializacao_aproximada,nivel_4,True,
4312179,INF-ENE-01,13.08,2025,observado,nivel_1,False,
4312179,INF-ENE-02,9.72,2025,observado,nivel_1,False,
4312203,INF-ENE-01,14.603694,2025,observado,nivel_2,False,16502:2200|16514:52
4312203,INF-ENE-02,7.122114,2025,observado,nivel_2,False,16502:2200|16514:52
4312252,INF-ENE-01,12.595,2025,territorializacao_aproximada,nivel_4,True,
4312252,INF-ENE-02,6.23,2025,territorializacao_aproximada,nivel_4,True,
4312302,INF-ENE-01,14.17566,2025,observado,nivel_2,False,15441:664|16530:1|16535:1644
4312302,INF-ENE-02,9.053499,2025,observado,nivel_2,False,15441:664|16530:1|16535:1644
4312351,INF-ENE-01,20.4475,2025,territorializacao_aproximada,nivel_4,True,
4312351,INF-ENE-02,10.4375,2025,territorializacao_aproximada,nivel_4,True,
4312377,INF-ENE-01,13.995,2025,territorializacao_aproximada,nivel_4,True,
4312377,INF-ENE-02,6.495,2025,territorializacao_aproximada,nivel_4,True,
4312385,INF-ENE-01,7.109049,2025,observado,nivel_2,False,16532:1437|16533:35
4312385,INF-ENE-02,3.451427,2025,observado,nivel_2,False,16532:1437|16533:35
4312401,INF-ENE-01,12.5025,2025,territorializacao_aproximada,nivel_4,True,
4312401,INF-ENE-02,5.8825,2025,territorializacao_aproximada,nivel_4,True,
4312427,INF-ENE-01,11.685,2025,territorializacao_aproximada,nivel_4,True,
4312427,INF-ENE-02,6.795,2025,territorializacao_aproximada,nivel_4,True,
4312443,INF-ENE-01,14.137059,2025,observado,nivel_2,False,12574:938|16873:810
4312443,INF-ENE-02,6.869634,2025,observado,nivel_2,False,12574:938|16873:810
4312450,INF-ENE-01,19.785048,2025,observado,nivel_2,False,16893:3422|16894:88
4312450,INF-ENE-02,8.772285,2025,observado,nivel_2,False,16893:3422|16894:88
4312476,INF-ENE-01,8.635,2025,territorializacao_aproximada,nivel_4,True,
4312476,INF-ENE-02,4.83,2025,territorializacao_aproximada,nivel_4,True,
4312500,INF-ENE-01,28.232125,2025,observado,nivel_2,False,12546:8801|12547:24
4312500,INF-ENE-02,10.048986,2025,observado,nivel_2,False,12546:8801|12547:24
4312609,INF-ENE-01,16.5,2025,observado,nivel_1,False,
4312609,INF-ENE-02,6.6,2025,observado,nivel_1,False,
4312617,INF-ENE-01,13.496667,2025,territorializacao_aproximada,nivel_4,True,
4312617,INF-ENE-02,7.03,2025,territorializacao_aproximada,nivel_4,True,
4312625,INF-ENE-01,14.495,2025,territorializacao_aproximada,nivel_4,True,
4312625,INF-ENE-02,8.495,2025,territorializacao_aproximada,nivel_4,True,
4312658,INF-ENE-01,9.94,2025,territorializacao_aproximada,nivel_4,True,
4312658,INF-ENE-02,6.356667,2025,territorializacao_aproximada,nivel_4,True,
4312674,INF-ENE-01,17.24,2025,observado,nivel_1,False,
4312674,INF-ENE-02,9.28,2025,observado,nivel_1,False,
4312708,INF-ENE-01,16.196,2025,territorializacao_aproximada,nivel_4,True,
4312708,INF-ENE-02,7.414,2025,territorializacao_aproximada,nivel_4,True,
4312757,INF-ENE-01,23.076667,2025,territorializacao_aproximada,nivel_4,True,
4312757,INF-ENE-02,12.2,2025,territorializacao_aproximada,nivel_4,True,
4312807,INF-ENE-01,13.575307,2025,observado,nivel_2,False,16503:2607|16509:3|16614:81
4312807,INF-ENE-02,6.760569,2025,observado,nivel_2,False,16503:2607|16509:3|16614:81
4312906,INF-ENE-01,15.529287,2025,observado,nivel_2,False,16503:3747|16509:271|16614:469
4312906,INF-ENE-02,7.783751,2025,observado,nivel_2,False,16503:3747|16509:271|16614:469
4312955,INF-ENE-01,10.286667,2025,territorializacao_aproximada,nivel_4,True,
4312955,INF-ENE-02,5.036667,2025,territorializacao_aproximada,nivel_4,True,
4313003,INF-ENE-01,21.703333,2025,territorializacao_aproximada,nivel_4,True,
4313003,INF-ENE-02,10.59,2025,territorializacao_aproximada,nivel_4,True,
4313011,INF-ENE-01,11.977862,2025,observado,nivel_2,False,16530:1382|16535:96
4313011,INF-ENE-02,7.346022,2025,observado,nivel_2,False,16530:1382|16535:96
4313037,INF-ENE-01,14.61,2025,observado,nivel_1,False,
4313037,INF-ENE-02,5.74,2025,observado,nivel_1,False,
4313060,INF-ENE-01,5.054408,2025,observado,nivel_2,False,16500:9439|16536:119
4313060,INF-ENE-02,3.296225,2025,observado,nivel_2,False,16500:9439|16536:119
4313086,INF-ENE-01,10.08,2025,territorializacao_aproximada,nivel_4,True,
4313086,INF-ENE-02,4.5475,2025,territorializacao_aproximada,nivel_4,True,
4313102,INF-ENE-01,18.225,2025,territorializacao_aproximada,nivel_4,True,
4313102,INF-ENE-02,8.53,2025,territorializacao_aproximada,nivel_4,True,
4313201,INF-ENE-01,14.197081,2025,observado,nivel_2,False,16504:13083|16512:18|16517:62|16529:4
4313201,INF-ENE-02,5.558653,2025,observado,nivel_2,False,16504:13083|16512:18|16517:62|16529:4
4313300,INF-ENE-01,12.779295,2025,observado,nivel_2,False,16503:13603|16546:7
4313300,INF-ENE-02,6.319954,2025,observado,nivel_2,False,16503:13603|16546:7
4313334,INF-ENE-01,8.66,2025,observado,nivel_1,False,
4313334,INF-ENE-02,8.68,2025,observado,nivel_1,False,
4313359,INF-ENE-01,11.6,2025,territorializacao_aproximada,nivel_4,True,
4313359,INF-ENE-02,5.1425,2025,territorializacao_aproximada,nivel_4,True,
4313375,INF-ENE-01,7.45,2025,territorializacao_aproximada,nivel_4,True,
4313375,INF-ENE-02,3.811429,2025,territorializacao_aproximada,nivel_4,True,
4313391,INF-ENE-01,17.125,2025,territorializacao_aproximada,nivel_4,True,
4313391,INF-ENE-02,6.7325,2025,territorializacao_aproximada,nivel_4,True,
4313409,INF-ENE-01,6.136667,2025,territorializacao_aproximada,nivel_4,True,
4313409,INF-ENE-02,3.3925,2025,territorializacao_aproximada,nivel_4,True,
4313425,INF-ENE-01,11.856667,2025,territorializacao_aproximada,nivel_4,True,
4313425,INF-ENE-02,7.763333,2025,territorializacao_aproximada,nivel_4,True,
4313441,INF-ENE-01,10.43,2025,observado,nivel_1,False,
4313441,INF-ENE-02,7.01,2025,observado,nivel_1,False,
4313466,INF-ENE-01,10.04,2025,territorializacao_aproximada,nivel_4,True,
4313466,INF-ENE-02,3.915,2025,territorializacao_aproximada,nivel_4,True,
4313490,INF-ENE-01,9.742,2025,territorializacao_aproximada,nivel_4,True,
4313490,INF-ENE-02,4.97,2025,territorializacao_aproximada,nivel_4,True,
4313508,INF-ENE-01,12.298029,2025,observado,nivel_2,False,12547:12|12570:36|15981:4816|16882:23885
4313508,INF-ENE-02,4.530033,2025,observado,nivel_2,False,12547:12|12570:36|15981:4816|16882:23885
4313607,INF-ENE-01,20.983333,2025,territorializacao_aproximada,nivel_4,True,
4313607,INF-ENE-02,9.703333,2025,territorializacao_aproximada,nivel_4,True,
4313656,INF-ENE-01,12.362749,2025,observado,nivel_2,False,12547:4118|12553:11670
4313656,INF-ENE-02,5.063864,2025,observado,nivel_2,False,12547:4118|12553:11670
4313706,INF-ENE-01,11.766667,2025,territorializacao_aproximada,nivel_4,True,
4313706,INF-ENE-02,7.613333,2025,territorializacao_aproximada,nivel_4,True,
4313805,INF-ENE-01,14.80714,2025,observado,nivel_2,False,15441:572|16515:161|16535:3036
4313805,INF-ENE-02,9.325683,2025,observado,nivel_2,False,15441:572|16515:161|16535:3036
4313904,INF-ENE-01,11.24,2025,territorializacao_aproximada,nivel_4,True,
4313904,INF-ENE-02,7.205,2025,territorializacao_aproximada,nivel_4,True,
4313953,INF-ENE-01,16.039014,2025,observado,nivel_2,False,12541:1|16866:4724
4313953,INF-ENE-02,7.889367,2025,observado,nivel_2,False,12541:1|16866:4724
4314001,INF-ENE-01,13.779097,2025,observado,nivel_2,False,16503:3589|16614:141
4314001,INF-ENE-02,6.874928,2025,observado,nivel_2,False,16503:3589|16614:141
4314027,INF-ENE-01,23.957726,2025,observado,nivel_2,False,13183:1186|16374:120|16896:1948
4314027,INF-ENE-02,9.335538,2025,observado,nivel_2,False,13183:1186|16374:120|16896:1948
4314035,INF-ENE-01,9.395433,2025,observado,nivel_2,False,13218:907|16375:1219
4314035,INF-ENE-02,3.968706,2025,observado,nivel_2,False,13218:907|16375:1219
4314050,INF-ENE-01,5.154564,2025,observado,nivel_2,False,16500:23738|16536:40|16537:644
4314050,INF-ENE-02,3.331692,2025,observado,nivel_2,False,16500:23738|16536:40|16537:644
4314068,INF-ENE-01,19.3575,2025,territorializacao_aproximada,nivel_4,True,
4314068,INF-ENE-02,7.6175,2025,territorializacao_aproximada,nivel_4,True,
4314076,INF-ENE-01,16.88,2025,territorializacao_aproximada,nivel_4,True,
4314076,INF-ENE-02,7.134,2025,territorializacao_aproximada,nivel_4,True,
4314100,INF-ENE-01,7.86,2025,territorializacao_aproximada,nivel_4,True,
4314100,INF-ENE-02,4.814,2025,territorializacao_aproximada,nivel_4,True,
4314134,INF-ENE-01,7.02,2025,observado,nivel_1,False,
4314134,INF-ENE-02,3.81,2025,observado,nivel_1,False,
4314159,INF-ENE-01,18.884068,2025,observado,nivel_2,False,12485:2160|13189:1541|15450:204|16375:16
4314159,INF-ENE-02,8.87481,2025,observado,nivel_2,False,12485:2160|13189:1541|15450:204|16375:16
4314175,INF-ENE-01,23.03,2025,observado,nivel_1,False,
4314175,INF-ENE-02,9.16,2025,observado,nivel_1,False,
4314209,INF-ENE-01,23.87,2025,observado,nivel_1,False,
4314209,INF-ENE-02,9.25,2025,observado,nivel_1,False,
4314308,INF-ENE-01,9.66,2025,territorializacao_aproximada,nivel_4,True,
4314308,INF-ENE-02,5.21,2025,territorializacao_aproximada,nivel_4,True,
4314407,INF-ENE-01,8.012691,2025,observado,nivel_2,False,12571:523|15361:286|16865:34818|16869:68115|16883:52606|16893:20656
4314407,INF-ENE-02,4.44643,2025,observado,nivel_2,False,12571:523|15361:286|16865:34818|16869:68115|16883:52606|16893:20656
4314423,INF-ENE-01,14.22,2025,observado,nivel_1,False,
4314423,INF-ENE-02,5.57,2025,observado,nivel_1,False,
4314456,INF-ENE-01,10.43,2025,observado,nivel_1,False,
4314456,INF-ENE-02,7.01,2025,observado,nivel_1,False,
4314464,INF-ENE-01,13.11,2025,territorializacao_aproximada,nivel_4,True,
4314464,INF-ENE-02,7.385,2025,territorializacao_aproximada,nivel_4,True,
4314472,INF-ENE-01,11.588261,2025,observado,nivel_2,False,16544:1773|16896:90
4314472,INF-ENE-02,4.719227,2025,observado,nivel_2,False,16544:1773|16896:90
4314498,INF-ENE-01,15.039754,2025,observado,nivel_2,False,15441:231|16515:53|16535:1746
4314498,INF-ENE-02,9.480833,2025,observado,nivel_2,False,15441:231|16515:53|16535:1746
4314506,INF-ENE-01,20.8125,2025,territorializacao_aproximada,nivel_4,True,
4314506,INF-ENE-02,8.1625,2025,territorializacao_aproximada,nivel_4,True,
4314548,INF-ENE-01,,2025,ausente,,False,
4314548,INF-ENE-02,,2025,ausente,,False,
4314555,INF-ENE-01,11.243591,2025,observado,nivel_2,False,15448:540|16541:674
4314555,INF-ENE-02,6.505865,2025,observado,nivel_2,False,15448:540|16541:674
4314605,INF-ENE-01,21.432617,2025,observado,nivel_2,False,12576:515|15361:8445|16894:1300
4314605,INF-ENE-02,9.105556,2025,observado,nivel_2,False,12576:515|15361:8445|16894:1300
4314704,INF-ENE-01,13.54474,2025,observado,nivel_2,False,15441:236|16515:4448
4314704,INF-ENE-02,7.095465,2025,observado,nivel_2,False,15441:236|16515:4448
4314753,INF-ENE-01,8.15264,2025,observado,nivel_2,False,15450:1075|15453:88
4314753,INF-ENE-02,4.823921,2025,observado,nivel_2,False,15450:1075|15453:88
4314779,INF-ENE-01,11.235,2025,territorializacao_aproximada,nivel_4,True,
4314779,INF-ENE-02,7.19,2025,territorializacao_aproximada,nivel_4,True,
4314787,INF-ENE-01,18.07,2025,territorializacao_aproximada,nivel_4,True,
4314787,INF-ENE-02,8.65,2025,territorializacao_aproximada,nivel_4,True,
4314803,INF-ENE-01,9.535449,2025,observado,nivel_2,False,13187:120|13218:704|15780:59|15783:18|16368:792|16369:14437
4314803,INF-ENE-02,3.018389,2025,observado,nivel_2,False,13187:120|13218:704|15780:59|15783:18|16368:792|16369:14437
4314902,INF-ENE-01,5.616957,2025,territorializacao_aproximada,nivel_4,True,
4314902,INF-ENE-02,2.656522,2025,territorializacao_aproximada,nivel_4,True,
4315008,INF-ENE-01,16.743466,2025,observado,nivel_2,False,15448:45|15456:1055|16542:1433
4315008,INF-ENE-02,10.129558,2025,observado,nivel_2,False,15448:45|15456:1055|16542:1433
4315057,INF-ENE-01,13.525,2025,territorializacao_aproximada,nivel_4,True,
4315057,INF-ENE-02,9.03,2025,territorializacao_aproximada,nivel_4,True,
4315073,INF-ENE-01,17.958631,2025,observado,nivel_2,False,15456:577|16542:533
4315073,INF-ENE-02,10.961685,2025,observado,nivel_2,False,15456:577|16542:533
4315107,INF-ENE-01,11.708725,2025,observado,nivel_2,False,15448:1961|16541:1477|16542:1786
4315107,INF-ENE-02,6.855295,2025,observado,nivel_2,False,15448:1961|16541:1477|16542:1786
4315131,INF-ENE-01,14.96,2025,observado,nivel_1,False,
4315131,INF-ENE-02,10.66,2025,observado,nivel_1,False,
4315149,INF-ENE-01,9.823333,2025,territorializacao_aproximada,nivel_4,True,
4315149,INF-ENE-02,5.643333,2025,territorializacao_aproximada,nivel_4,True,
4315156,INF-ENE-01,14.976424,2025,observado,nivel_2,False,15452:2951|16614:2
4315156,INF-ENE-02,10.667003,2025,observado,nivel_2,False,15452:2951|16614:2
4315172,INF-ENE-01,12.75549,2025,observado,nivel_2,False,16503:1062|16534:7|16546:33
4315172,INF-ENE-02,6.319211,2025,observado,nivel_2,False,16503:1062|16534:7|16546:33
4315206,INF-ENE-01,18.12,2025,territorializacao_aproximada,nivel_4,True,
4315206,INF-ENE-02,10.075,2025,territorializacao_aproximada,nivel_4,True,
4315305,INF-ENE-01,17.845,2025,territorializacao_aproximada,nivel_4,True,
4315305,INF-ENE-02,6.8775,2025,territorializacao_aproximada,nivel_4,True,
4315313,INF-ENE-01,14.036667,2025,territorializacao_aproximada,nivel_4,True,
4315313,INF-ENE-02,6.153333,2025,territorializacao_aproximada,nivel_4,True,
4315321,INF-ENE-01,17.075,2025,territorializacao_aproximada,nivel_4,True,
4315321,INF-ENE-02,8.535,2025,territorializacao_aproximada,nivel_4,True,
4315354,INF-ENE-01,12.295,2025,territorializacao_aproximada,nivel_4,True,
4315354,INF-ENE-02,6.985,2025,territorializacao_aproximada,nivel_4,True,
4315404,INF-ENE-01,15.511826,2025,observado,nivel_2,False,15441:82|16530:15|16535:2658
4315404,INF-ENE-02,9.779822,2025,observado,nivel_2,False,15441:82|16530:15|16535:2658
4315453,INF-ENE-01,21.703333,2025,territorializacao_aproximada,nivel_4,True,
4315453,INF-ENE-02,10.59,2025,territorializacao_aproximada,nivel_4,True,
4315503,INF-ENE-01,15.505,2025,territorializacao_aproximada,nivel_4,True,
4315503,INF-ENE-02,6.9325,2025,territorializacao_aproximada,nivel_4,True,
4315552,INF-ENE-01,20.3,2025,territorializacao_aproximada,nivel_4,True,
4315552,INF-ENE-02,9.746667,2025,territorializacao_aproximada,nivel_4,True,
4315602,INF-ENE-01,11.148333,2025,territorializacao_aproximada,nivel_4,True,
4315602,INF-ENE-02,4.153333,2025,territorializacao_aproximada,nivel_4,True,
4315701,INF-ENE-01,15.634,2025,territorializacao_aproximada,nivel_4,True,
4315701,INF-ENE-02,6.553,2025,territorializacao_aproximada,nivel_4,True,
4315750,INF-ENE-01,10.625284,2025,observado,nivel_2,False,16529:22|16537:2497
4315750,INF-ENE-02,4.85214,2025,observado,nivel_2,False,16529:22|16537:2497
4315800,INF-ENE-01,11.3525,2025,territorializacao_aproximada,nivel_4,True,
4315800,INF-ENE-02,5.0,2025,territorializacao_aproximada,nivel_4,True,
4315909,INF-ENE-01,10.43,2025,observado,nivel_1,False,
4315909,INF-ENE-02,7.01,2025,observado,nivel_1,False,
4315958,INF-ENE-01,11.333333,2025,territorializacao_aproximada,nivel_4,True,
4315958,INF-ENE-02,6.583333,2025,territorializacao_aproximada,nivel_4,True,
4316006,INF-ENE-01,12.61,2025,territorializacao_aproximada,nivel_4,True,
4316006,INF-ENE-02,5.535,2025,territorializacao_aproximada,nivel_4,True,
4316105,INF-ENE-01,12.44,2025,territorializacao_aproximada,nivel_4,True,
4316105,INF-ENE-02,5.703333,2025,territorializacao_aproximada,nivel_4,True,
4316204,INF-ENE-01,12.44,2025,territorializacao_aproximada,nivel_4,True,
4316204,INF-ENE-02,5.703333,2025,territorializacao_aproximada,nivel_4,True,
4316303,INF-ENE-01,10.553277,2025,observado,nivel_2,False,15448:866|16523:4|16541:2465
4316303,INF-ENE-02,5.788084,2025,observado,nivel_2,False,15448:866|16523:4|16541:2465
4316402,INF-ENE-01,15.3,2025,territorializacao_aproximada,nivel_4,True,
4316402,INF-ENE-02,5.98,2025,territorializacao_aproximada,nivel_4,True,
4316428,INF-ENE-01,9.4825,2025,territorializacao_aproximada,nivel_4,True,
4316428,INF-ENE-02,4.3925,2025,territorializacao_aproximada,nivel_4,True,
4316436,INF-ENE-01,9.94,2025,territorializacao_aproximada,nivel_4,True,
4316436,INF-ENE-02,6.356667,2025,territorializacao_aproximada,nivel_4,True,
4316451,INF-ENE-01,19.696667,2025,territorializacao_aproximada,nivel_4,True,
4316451,INF-ENE-02,8.876667,2025,territorializacao_aproximada,nivel_4,True,
4316477,INF-ENE-01,12.001184,2025,observado,nivel_2,False,15448:364|15449:144|16523:961
4316477,INF-ENE-02,6.533131,2025,observado,nivel_2,False,15448:364|15449:144|16523:961
4316501,INF-ENE-01,19.028035,2025,observado,nivel_2,False,15453:3546|16375:240
4316501,INF-ENE-02,12.07954,2025,observado,nivel_2,False,15453:3546|16375:240
4316600,INF-ENE-01,18.388,2025,territorializacao_aproximada,nivel_4,True,
4316600,INF-ENE-02,9.22,2025,territorializacao_aproximada,nivel_4,True,
4316709,INF-ENE-01,9.94,2025,territorializacao_aproximada,nivel_4,True,
4316709,INF-ENE-02,6.356667,2025,territorializacao_aproximada,nivel_4,True,
4316733,INF-ENE-01,17.24,2025,observado,nivel_1,False,
4316733,INF-ENE-02,9.28,2025,observado,nivel_1,False,
4316758,INF-ENE-01,8.325,2025,territorializacao_aproximada,nivel_4,True,
4316758,INF-ENE-02,4.1325,2025,territorializacao_aproximada,nivel_4,True,
4316808,INF-ENE-01,13.752857,2025,territorializacao_aproximada,nivel_4,True,
4316808,INF-ENE-02,5.928571,2025,territorializacao_aproximada,nivel_4,True,
4316907,INF-ENE-01,10.85125,2025,territorializacao_aproximada,nivel_4,True,
4316907,INF-ENE-02,4.88125,2025,territorializacao_aproximada,nivel_4,True,
4316956,INF-ENE-01,7.653333,2025,territorializacao_aproximada,nivel_4,True,
4316956,INF-ENE-02,4.71,2025,territorializacao_aproximada,nivel_4,True,
4316972,INF-ENE-01,15.626,2025,territorializacao_aproximada,nivel_4,True,
4316972,INF-ENE-02,6.206,2025,territorializacao_aproximada,nivel_4,True,
4317004,INF-ENE-01,11.9725,2025,territorializacao_aproximada,nivel_4,True,
4317004,INF-ENE-02,4.645,2025,territorializacao_aproximada,nivel_4,True,
4317103,INF-ENE-01,16.326,2025,territorializacao_aproximada,nivel_4,True,
4317103,INF-ENE-02,6.27,2025,territorializacao_aproximada,nivel_4,True,
4317202,INF-ENE-01,14.434,2025,territorializacao_aproximada,nivel_4,True,
4317202,INF-ENE-02,9.288,2025,territorializacao_aproximada,nivel_4,True,
4317251,INF-ENE-01,7.109032,2025,observado,nivel_2,False,15450:23|16532:742|16533:72
4317251,INF-ENE-02,3.475221,2025,observado,nivel_2,False,15450:23|16532:742|16533:72
4317301,INF-ENE-01,28.37,2025,observado,nivel_1,False,
4317301,INF-ENE-02,9.16,2025,observado,nivel_1,False,
4317400,INF-ENE-01,10.202857,2025,territorializacao_aproximada,nivel_4,True,
4317400,INF-ENE-02,4.295714,2025,territorializacao_aproximada,nivel_4,True,
4317509,INF-ENE-01,7.442164,2025,observado,nivel_2,False,15446:22|15449:371|15456:6|16496:14060|16521:2|16523:3|16543:23158
4317509,INF-ENE-02,3.976626,2025,observado,nivel_2,False,15446:22|15449:371|15456:6|16496:14060|16521:2|16523:3|16543:23158
4317558,INF-ENE-01,15.01,2025,territorializacao_aproximada,nivel_4,True,
4317558,INF-ENE-02,7.8,2025,territorializacao_aproximada,nivel_4,True,
4317608,INF-ENE-01,15.888,2025,territorializacao_aproximada,nivel_4,True,
4317608,INF-ENE-02,6.826,2025,territorializacao_aproximada,nivel_4,True,
4317707,INF-ENE-01,13.092537,2025,observado,nivel_2,False,15448:3974|16377:1048
4317707,INF-ENE-02,8.008913,2025,observado,nivel_2,False,15448:3974|16377:1048
4317756,INF-ENE-01,13.363333,2025,territorializacao_aproximada,nivel_4,True,
4317756,INF-ENE-02,8.16,2025,territorializacao_aproximada,nivel_4,True,
4317806,INF-ENE-01,9.266667,2025,territorializacao_aproximada,nivel_4,True,
4317806,INF-ENE-02,6.193333,2025,territorializacao_aproximada,nivel_4,True,
4317905,INF-ENE-01,14.492932,2025,observado,nivel_2,False,15456:1803|16497:74|16542:5842
4317905,INF-ENE-02,8.556321,2025,observado,nivel_2,False,15456:1803|16497:74|16542:5842
4317954,INF-ENE-01,21.345,2025,territorializacao_aproximada,nivel_4,True,
4317954,INF-ENE-02,9.68,2025,territorializacao_aproximada,nivel_4,True,
4318002,INF-ENE-01,16.155,2025,territorializacao_aproximada,nivel_4,True,
4318002,INF-ENE-02,6.1775,2025,territorializacao_aproximada,nivel_4,True,
4318051,INF-ENE-01,24.114854,2025,observado,nivel_2,False,16503:839|16614:630
4318051,INF-ENE-02,12.615711,2025,observado,nivel_2,False,16503:839|16614:630
4318101,INF-ENE-01,18.943333,2025,territorializacao_aproximada,nivel_4,True,
4318101,INF-ENE-02,6.936667,2025,territorializacao_aproximada,nivel_4,True,
4318200,INF-ENE-01,12.305,2025,territorializacao_aproximada,nivel_4,True,
4318200,INF-ENE-02,5.601667,2025,territorializacao_aproximada,nivel_4,True,
4318309,INF-ENE-01,14.83375,2025,territorializacao_aproximada,nivel_4,True,
4318309,INF-ENE-02,5.7325,2025,territorializacao_aproximada,nivel_4,True,
4318408,INF-ENE-01,9.535241,2025,observado,nivel_2,False,12524:399|12525:597|15985:8|16009:7778|16866:1127
4318408,INF-ENE-02,4.301876,2025,observado,nivel_2,False,12524:399|12525:597|15985:8|16009:7778|16866:1127
4318424,INF-ENE-01,20.983333,2025,territorializacao_aproximada,nivel_4,True,
4318424,INF-ENE-02,9.703333,2025,territorializacao_aproximada,nivel_4,True,
4318432,INF-ENE-01,9.725,2025,territorializacao_aproximada,nivel_4,True,
4318432,INF-ENE-02,4.945,2025,territorializacao_aproximada,nivel_4,True,
4318440,INF-ENE-01,12.78,2025,observado,nivel_1,False,
4318440,INF-ENE-02,6.32,2025,observado,nivel_1,False,
4318457,INF-ENE-01,9.4825,2025,territorializacao_aproximada,nivel_4,True,
4318457,INF-ENE-02,4.3925,2025,territorializacao_aproximada,nivel_4,True,
4318465,INF-ENE-01,37.947475,2025,observado,nivel_2,False,15452:53|16614:965
4318465,INF-ENE-02,20.46167,2025,observado,nivel_2,False,15452:53|16614:965
4318481,INF-ENE-01,9.823333,2025,territorializacao_aproximada,nivel_4,True,
4318481,INF-ENE-02,5.643333,2025,territorializacao_aproximada,nivel_4,True,
4318499,INF-ENE-01,12.833333,2025,territorializacao_aproximada,nivel_4,True,
4318499,INF-ENE-02,8.573333,2025,territorializacao_aproximada,nivel_4,True,
4318507,INF-ENE-01,21.01,2025,observado,nivel_1,False,
4318507,INF-ENE-02,6.98,2025,observado,nivel_1,False,
4318606,INF-ENE-01,21.345,2025,territorializacao_aproximada,nivel_4,True,
4318606,INF-ENE-02,9.68,2025,territorializacao_aproximada,nivel_4,True,
4318614,INF-ENE-01,13.046667,2025,territorializacao_aproximada,nivel_4,True,
4318614,INF-ENE-02,6.98,2025,territorializacao_aproximada,nivel_4,True,
4318622,INF-ENE-01,14.63,2025,observado,nivel_1,False,
4318622,INF-ENE-02,6.23,2025,observado,nivel_1,False,
4318705,INF-ENE-01,5.997143,2025,territorializacao_aproximada,nivel_4,True,
4318705,INF-ENE-02,3.205714,2025,territorializacao_aproximada,nivel_4,True,
4318804,INF-ENE-01,22.2598,2025,observado,nivel_2,False,12571:19511|15361:3
4318804,INF-ENE-02,10.399797,2025,observado,nivel_2,False,12571:19511|15361:3
4318903,INF-ENE-01,12.6475,2025,territorializacao_aproximada,nivel_4,True,
4318903,INF-ENE-02,7.225,2025,territorializacao_aproximada,nivel_4,True,
4319000,INF-ENE-01,11.398,2025,territorializacao_aproximada,nivel_4,True,
4319000,INF-ENE-02,5.44,2025,territorializacao_aproximada,nivel_4,True,
4319109,INF-ENE-01,11.79,2025,territorializacao_aproximada,nivel_4,True,
4319109,INF-ENE-02,8.6,2025,territorializacao_aproximada,nivel_4,True,
4319125,INF-ENE-01,9.244,2025,territorializacao_aproximada,nivel_4,True,
4319125,INF-ENE-02,3.976,2025,territorializacao_aproximada,nivel_4,True,
4319158,INF-ENE-01,14.385,2025,territorializacao_aproximada,nivel_4,True,
4319158,INF-ENE-02,7.775,2025,territorializacao_aproximada,nivel_4,True,
4319208,INF-ENE-01,9.68896,2025,observado,nivel_2,False,15448:77|16541:2566
4319208,INF-ENE-02,4.893038,2025,observado,nivel_2,False,15448:77|16541:2566
4319307,INF-ENE-01,15.025,2025,territorializacao_aproximada,nivel_4,True,
4319307,INF-ENE-02,8.875,2025,territorializacao_aproximada,nivel_4,True,
4319356,INF-ENE-01,19.79,2025,observado,nivel_1,False,
4319356,INF-ENE-02,12.69,2025,observado,nivel_1,False,
4319364,INF-ENE-01,7.447117,2025,observado,nivel_2,False,15441:7|16501:770
4319364,INF-ENE-02,2.768559,2025,observado,nivel_2,False,15441:7|16501:770
4319372,INF-ENE-01,11.865541,2025,observado,nivel_2,False,15448:324|15449:75|16523:1070
4319372,INF-ENE-02,6.23032,2025,observado,nivel_2,False,15448:324|15449:75|16523:1070
4319406,INF-ENE-01,10.93,2025,territorializacao_aproximada,nivel_4,True,
4319406,INF-ENE-02,4.705,2025,territorializacao_aproximada,nivel_4,True,
4319505,INF-ENE-01,9.676667,2025,territorializacao_aproximada,nivel_4,True,
4319505,INF-ENE-02,3.71,2025,territorializacao_aproximada,nivel_4,True,
4319604,INF-ENE-01,15.75,2025,territorializacao_aproximada,nivel_4,True,
4319604,INF-ENE-02,6.154,2025,territorializacao_aproximada,nivel_4,True,
4319703,INF-ENE-01,18.07,2025,territorializacao_aproximada,nivel_4,True,
4319703,INF-ENE-02,8.65,2025,territorializacao_aproximada,nivel_4,True,
4319711,INF-ENE-01,23.55231,2025,observado,nivel_2,False,16509:753|16532:5|16533:20|16546:22|16614:572
4319711,INF-ENE-02,11.745233,2025,observado,nivel_2,False,16509:753|16532:5|16533:20|16546:22|16614:572
4319737,INF-ENE-01,12.88,2025,territorializacao_aproximada,nivel_4,True,
4319737,INF-ENE-02,9.723333,2025,territorializacao_aproximada,nivel_4,True,
4319752,INF-ENE-01,15.685,2025,territorializacao_aproximada,nivel_4,True,
4319752,INF-ENE-02,8.94,2025,territorializacao_aproximada,nivel_4,True,
4319802,INF-ENE-01,22.3,2025,territorializacao_aproximada,nivel_4,True,
4319802,INF-ENE-02,7.635,2025,territorializacao_aproximada,nivel_4,True,
4319901,INF-ENE-01,5.881429,2025,territorializacao_aproximada,nivel_4,True,
4319901,INF-ENE-02,3.511429,2025,territorializacao_aproximada,nivel_4,True,
4320008,INF-ENE-01,6.05,2025,territorializacao_aproximada,nivel_4,True,
4320008,INF-ENE-02,3.218333,2025,territorializacao_aproximada,nivel_4,True,
4320107,INF-ENE-01,9.4825,2025,territorializacao_aproximada,nivel_4,True,
4320107,INF-ENE-02,4.3925,2025,territorializacao_aproximada,nivel_4,True,
4320206,INF-ENE-01,13.506731,2025,observado,nivel_2,False,15441:473|16515:5355|16535:168
4320206,INF-ENE-02,7.170792,2025,observado,nivel_2,False,15441:473|16515:5355|16535:168
4320230,INF-ENE-01,11.72,2025,observado,nivel_1,False,
4320230,INF-ENE-02,7.17,2025,observado,nivel_1,False,
4320263,INF-ENE-01,21.906667,2025,territorializacao_aproximada,nivel_4,True,
4320263,INF-ENE-02,8.273333,2025,territorializacao_aproximada,nivel_4,True,
4320305,INF-ENE-01,11.425,2025,territorializacao_aproximada,nivel_4,True,
4320305,INF-ENE-02,7.6,2025,territorializacao_aproximada,nivel_4,True,
4320321,INF-ENE-01,16.71,2025,territorializacao_aproximada,nivel_4,True,
4320321,INF-ENE-02,10.895,2025,territorializacao_aproximada,nivel_4,True,
4320354,INF-ENE-01,21.326667,2025,territorializacao_aproximada,nivel_4,True,
4320354,INF-ENE-02,10.653333,2025,territorializacao_aproximada,nivel_4,True,
4320404,INF-ENE-01,12.638893,2025,observado,nivel_2,False,16503:120|16509:7961|16614:23
4320404,INF-ENE-02,5.212309,2025,observado,nivel_2,False,16503:120|16509:7961|16614:23
4320453,INF-ENE-01,13.385,2025,territorializacao_aproximada,nivel_4,True,
4320453,INF-ENE-02,6.435,2025,territorializacao_aproximada,nivel_4,True,
4320503,INF-ENE-01,10.426667,2025,territorializacao_aproximada,nivel_4,True,
4320503,INF-ENE-02,4.92,2025,territorializacao_aproximada,nivel_4,True,
4320552,INF-ENE-01,19.86268,2025,observado,nivel_2,False,12485:482|12524:2615
4320552,INF-ENE-02,10.67991,2025,observado,nivel_2,False,12485:482|12524:2615
4320578,INF-ENE-01,13.035,2025,territorializacao_aproximada,nivel_4,True,
4320578,INF-ENE-02,7.4075,2025,territorializacao_aproximada,nivel_4,True,
4320602,INF-ENE-01,22.483333,2025,territorializacao_aproximada,nivel_4,True,
4320602,INF-ENE-02,10.63,2025,territorializacao_aproximada,nivel_4,True,
4320651,INF-ENE-01,5.59,2025,observado,nivel_1,False,
4320651,INF-ENE-02,4.87,2025,observado,nivel_1,False,
4320677,INF-ENE-01,17.736667,2025,territorializacao_aproximada,nivel_4,True,
4320677,INF-ENE-02,7.076667,2025,territorializacao_aproximada,nivel_4,True,
4320701,INF-ENE-01,21.906667,2025,territorializacao_aproximada,nivel_4,True,
4320701,INF-ENE-02,8.273333,2025,territorializacao_aproximada,nivel_4,True,
4320800,INF-ENE-01,6.488386,2025,observado,nivel_2,False,16538:12940|16614:292
4320800,INF-ENE-02,3.876406,2025,observado,nivel_2,False,16538:12940|16614:292
4320859,INF-ENE-01,16.46,2025,territorializacao_aproximada,nivel_4,True,
4320859,INF-ENE-02,6.9525,2025,territorializacao_aproximada,nivel_4,True,
4320909,INF-ENE-01,2.38,2025,observado,nivel_1,False,
4320909,INF-ENE-02,1.87,2025,observado,nivel_1,False,
4321006,INF-ENE-01,9.94,2025,territorializacao_aproximada,nivel_4,True,
4321006,INF-ENE-02,6.356667,2025,territorializacao_aproximada,nivel_4,True,
4321105,INF-ENE-01,18.97309,2025,observado,nivel_2,False,12524:8750|12532:89
4321105,INF-ENE-02,10.410233,2025,observado,nivel_2,False,12524:8750|12532:89
4321204,INF-ENE-01,11.381429,2025,territorializacao_aproximada,nivel_4,True,
4321204,INF-ENE-02,5.1,2025,territorializacao_aproximada,nivel_4,True,
4321303,INF-ENE-01,14.946667,2025,territorializacao_aproximada,nivel_4,True,
4321303,INF-ENE-02,6.733333,2025,territorializacao_aproximada,nivel_4,True,
4321329,INF-ENE-01,12.922311,2025,observado,nivel_2,False,15441:432|16515:1012|16535:101
4321329,INF-ENE-02,7.25657,2025,observado,nivel_2,False,15441:432|16515:1012|16535:101
4321352,INF-ENE-01,28.26,2025,observado,nivel_1,False,
4321352,INF-ENE-02,10.06,2025,observado,nivel_1,False,
4321402,INF-ENE-01,15.681679,2025,observado,nivel_2,False,15441:10|16535:6311
4321402,INF-ENE-02,9.87546,2025,observado,nivel_2,False,15441:10|16535:6311
4321436,INF-ENE-01,19.09,2025,observado,nivel_1,False,
4321436,INF-ENE-02,9.22,2025,observado,nivel_1,False,
4321451,INF-ENE-01,7.276558,2025,observado,nivel_2,False,13189:247|15450:16420|16375:28
4321451,INF-ENE-02,4.190993,2025,observado,nivel_2,False,13189:247|15450:16420|16375:28
4321469,INF-ENE-01,17.43,2025,territorializacao_aproximada,nivel_4,True,
4321469,INF-ENE-02,9.69,2025,territorializacao_aproximada,nivel_4,True,
4321477,INF-ENE-01,15.69,2025,observado,nivel_1,False,
4321477,INF-ENE-02,9.88,2025,observado,nivel_1,False,
4321493,INF-ENE-01,16.439212,2025,observado,nivel_2,False,13216:1632|16376:81
4321493,INF-ENE-02,6.911839,2025,observado,nivel_2,False,13216:1632|16376:81
4321501,INF-ENE-01,9.837773,2025,observado,nivel_2,False,12574:31474|15977:2431
4321501,INF-ENE-02,4.730298,2025,observado,nivel_2,False,12574:31474|15977:2431
4321600,INF-ENE-01,13.651893,2025,observado,nivel_2,False,12575:47144|16882:817
4321600,INF-ENE-02,8.624196,2025,observado,nivel_2,False,12575:47144|16882:817
4321626,INF-ENE-01,15.80008,2025,observado,nivel_2,False,13186:2|13192:10|15452:1068|16614:41
4321626,INF-ENE-02,10.973042,2025,observado,nivel_2,False,13186:2|13192:10|15452:1068|16614:41
4321634,INF-ENE-01,15.904,2025,territorializacao_aproximada,nivel_4,True,
4321634,INF-ENE-02,7.642,2025,territorializacao_aproximada,nivel_4,True,
4321667,INF-ENE-01,19.09,2025,observado,nivel_1,False,
4321667,INF-ENE-02,9.22,2025,observado,nivel_1,False,
4321709,INF-ENE-01,9.384822,2025,observado,nivel_2,False,16512:209|16529:131|16536:10897
4321709,INF-ENE-02,3.796312,2025,observado,nivel_2,False,16512:209|16529:131|16536:10897
4321808,INF-ENE-01,14.206,2025,territorializacao_aproximada,nivel_4,True,
4321808,INF-ENE-02,9.092,2025,territorializacao_aproximada,nivel_4,True,
4321832,INF-ENE-01,19.09,2025,observado,nivel_1,False,
4321832,INF-ENE-02,9.22,2025,observado,nivel_1,False,
4321857,INF-ENE-01,18.668301,2025,observado,nivel_2,False,16520:2148|17108:58|17109:7
4321857,INF-ENE-02,9.675996,2025,observado,nivel_2,False,16520:2148|17108:58|17109:7
4321907,INF-ENE-01,15.686969,2025,observado,nivel_2,False,15441:2|16530:7|16535:12629
4321907,INF-ENE-02,9.878045,2025,observado,nivel_2,False,15441:2|16530:7|16535:12629
4321956,INF-ENE-01,16.8175,2025,territorializacao_aproximada,nivel_4,True,
4321956,INF-ENE-02,7.4925,2025,territorializacao_aproximada,nivel_4,True,
4322004,INF-ENE-01,7.77,2025,observado,nivel_1,False,
4322004,INF-ENE-02,3.06,2025,observado,nivel_1,False,
4322103,INF-ENE-01,11.856667,2025,territorializacao_aproximada,nivel_4,True,
4322103,INF-ENE-02,7.763333,2025,territorializacao_aproximada,nivel_4,True,
4322152,INF-ENE-01,15.74,2025,territorializacao_aproximada,nivel_4,True,
4322152,INF-ENE-02,7.56,2025,territorializacao_aproximada,nivel_4,True,
4322186,INF-ENE-01,14.47,2025,observado,nivel_1,False,
4322186,INF-ENE-02,7.06,2025,observado,nivel_1,False,
4322202,INF-ENE-01,14.28,2025,territorializacao_aproximada,nivel_4,True,
4322202,INF-ENE-02,6.726667,2025,territorializacao_aproximada,nivel_4,True,
4322251,INF-ENE-01,15.966667,2025,territorializacao_aproximada,nivel_4,True,
4322251,INF-ENE-02,8.283333,2025,territorializacao_aproximada,nivel_4,True,
4322301,INF-ENE-01,15.6225,2025,territorializacao_aproximada,nivel_4,True,
4322301,INF-ENE-02,9.9125,2025,territorializacao_aproximada,nivel_4,True,
4322327,INF-ENE-01,22.082305,2025,observado,nivel_2,False,12571:1406|16893:104
4322327,INF-ENE-02,10.287046,2025,observado,nivel_2,False,12571:1406|16893:104
4322343,INF-ENE-01,14.92,2025,territorializacao_aproximada,nivel_4,True,
4322343,INF-ENE-02,9.013333,2025,territorializacao_aproximada,nivel_4,True,
4322350,INF-ENE-01,21.516667,2025,territorializacao_aproximada,nivel_4,True,
4322350,INF-ENE-02,10.823333,2025,territorializacao_aproximada,nivel_4,True,
4322376,INF-ENE-01,14.587826,2025,observado,nivel_2,False,16376:1276|16377:12
4322376,INF-ENE-02,5.738137,2025,observado,nivel_2,False,16376:1276|16377:12
4322400,INF-ENE-01,14.7325,2025,territorializacao_aproximada,nivel_4,True,
4322400,INF-ENE-02,5.2,2025,territorializacao_aproximada,nivel_4,True,
4322509,INF-ENE-01,12.555,2025,territorializacao_aproximada,nivel_4,True,
4322509,INF-ENE-02,7.235,2025,territorializacao_aproximada,nivel_4,True,
4322525,INF-ENE-01,13.893333,2025,territorializacao_aproximada,nivel_4,True,
4322525,INF-ENE-02,6.573333,2025,territorializacao_aproximada,nivel_4,True,
4322533,INF-ENE-01,16.7675,2025,territorializacao_aproximada,nivel_4,True,
4322533,INF-ENE-02,6.5625,2025,territorializacao_aproximada,nivel_4,True,
4322541,INF-ENE-01,10.403333,2025,territorializacao_aproximada,nivel_4,True,
4322541,INF-ENE-02,4.136667,2025,territorializacao_aproximada,nivel_4,True,
4322558,INF-ENE-01,23.076667,2025,territorializacao_aproximada,nivel_4,True,
4322558,INF-ENE-02,12.2,2025,territorializacao_aproximada,nivel_4,True,
4322608,INF-ENE-01,11.86,2025,territorializacao_aproximada,nivel_4,True,
4322608,INF-ENE-02,5.0275,2025,territorializacao_aproximada,nivel_4,True,
4322707,INF-ENE-01,13.128,2025,territorializacao_aproximada,nivel_4,True,
4322707,INF-ENE-02,5.518,2025,territorializacao_aproximada,nivel_4,True,
4322806,INF-ENE-01,11.361245,2025,observado,nivel_2,False,16533:146|16534:3|16546:12603
4322806,INF-ENE-02,6.19895,2025,observado,nivel_2,False,16533:146|16534:3|16546:12603
4322855,INF-ENE-01,16.566991,2025,observado,nivel_2,False,13186:1014|16614:3
4322855,INF-ENE-02,6.642478,2025,observado,nivel_2,False,13186:1014|16614:3
4322905,INF-ENE-01,20.983333,2025,territorializacao_aproximada,nivel_4,True,
4322905,INF-ENE-02,9.703333,2025,territorializacao_aproximada,nivel_4,True,
4323002,INF-ENE-01,9.365556,2025,territorializacao_aproximada,nivel_4,True,
4323002,INF-ENE-02,4.728889,2025,territorializacao_aproximada,nivel_4,True,
4323101,INF-ENE-01,13.279104,2025,observado,nivel_2,False,15441:299|16515:1977
4323101,INF-ENE-02,7.088177,2025,observado,nivel_2,False,15441:299|16515:1977
4323200,INF-ENE-01,12.295,2025,territorializacao_aproximada,nivel_4,True,
4323200,INF-ENE-02,6.985,2025,territorializacao_aproximada,nivel_4,True,
4323309,INF-ENE-01,13.19,2025,territorializacao_aproximada,nivel_4,True,
4323309,INF-ENE-02,6.39,2025,territorializacao_aproximada,nivel_4,True,
4323358,INF-ENE-01,17.24,2025,observado,nivel_1,False,
4323358,INF-ENE-02,9.28,2025,observado,nivel_1,False,
4323408,INF-ENE-01,12.093333,2025,territorializacao_aproximada,nivel_4,True,
4323408,INF-ENE-02,6.783333,2025,territorializacao_aproximada,nivel_4,True,
4323457,INF-ENE-01,16.76,2025,territorializacao_aproximada,nivel_4,True,
4323457,INF-ENE-02,6.28,2025,territorializacao_aproximada,nivel_4,True,
4323507,INF-ENE-01,12.775475,2025,observado,nivel_2,False,15441:357|16515:896
4323507,INF-ENE-02,7.074358,2025,observado,nivel_2,False,15441:357|16515:896
4323606,INF-ENE-01,12.77639,2025,observado,nivel_2,False,16503:918|16509:9|16546:1
4323606,INF-ENE-02,6.308556,2025,observado,nivel_2,False,16503:918|16509:9|16546:1
4323705,INF-ENE-01,14.7,2025,territorializacao_aproximada,nivel_4,True,
4323705,INF-ENE-02,8.49,2025,territorializacao_aproximada,nivel_4,True,
4323754,INF-ENE-01,12.01924,2025,observado,nivel_2,False,15449:1435|16543:406
4323754,INF-ENE-02,8.599696,2025,observado,nivel_2,False,15449:1435|16543:406
4323770,INF-ENE-01,7.2,2025,observado,nivel_1,False,
4323770,INF-ENE-02,4.18,2025,observado,nivel_1,False,
4323804,INF-ENE-01,12.700728,2025,observado,nivel_2,False,15978:4320|15981:20376|16882:14
4323804,INF-ENE-02,5.552906,2025,observado,nivel_2,False,15978:4320|15981:20376|16882:14
