alias,aeroporto_id,tipo,fonte
PA0008,SBAA,CIAD,cadastro ANAC
CE0004,SBAC,CIAD,cadastro ANAC
SP0010,SBAE,CIAD,cadastro ANAC
SP0012,SBAQ,CIAD,cadastro ANAC
SE0001,SBAR,CIAD,cadastro ANAC
MT0003,SBAT,CIAD,cadastro ANAC
SP0009,SBAU,CIAD,cadastro ANAC
MG0008,SBAX,CIAD,cadastro ANAC
PA0001,SBBE,CIAD,cadastro ANAC
RS0010,SBBG,CIAD,cadastro ANAC
MG0003,SBBH,CIAD,cadastro ANAC
PR0006,SBBI,CIAD,cadastro ANAC
SP0036,SBBP,CIAD,cadastro ANAC
DF0001,SBBR,CIAD,cadastro ANAC
SP0017,SBBU,CIAD,cadastro ANAC
RR0001,SBBV,CIAD,cadastro ANAC
MT0008,SBBW,CIAD,cadastro ANAC
PR0005,SBCA,CIAD,cadastro ANAC
RJ0003,SBCB,CIAD,cadastro ANAC
SC0006,SBCD,CIAD,cadastro ANAC
MG0001,SBCF,CIAD,cadastro ANAC
MS0001,SBCG,CIAD,cadastro ANAC
SC0003,SBCH,CIAD,cadastro ANAC
MA0003,SBCI,CIAD,cadastro ANAC
PA0006,SBCJ,CIAD,cadastro ANAC
GO0003,SBCN,CIAD,cadastro ANAC
RJ0006,SBCP,CIAD,cadastro ANAC
MS0009,SBCR,CIAD,cadastro ANAC
PR0001,SBCT,CIAD,cadastro ANAC
RS0007,SBCX,CIAD,cadastro ANAC
MT0001,SBCY,CIAD,cadastro ANAC
AC0002,SBCZ,CIAD,cadastro ANAC
MS0004,SBDB,CIAD,cadastro ANAC
SP0005,SBDN,CIAD,cadastro ANAC
MS0008,SBDO,CIAD,cadastro ANAC
AM0001,SBEG,CIAD,cadastro ANAC
PA0011,SBEK,CIAD,cadastro ANAC
PR0002,SBFI,CIAD,cadastro ANAC
SC0001,SBFL,CIAD,cadastro ANAC
PE0003,SBFN,CIAD,cadastro ANAC
RJ0028,SBFS,CIAD,cadastro ANAC
CE0001,SBFZ,CIAD,cadastro ANAC
RJ0001,SBGL,CIAD,cadastro ANAC
RO0006,SBGM,CIAD,cadastro ANAC
GO0001,SBGO,CIAD,cadastro ANAC
SP0075,SBGP,CIAD,cadastro ANAC
SP0002,SBGR,CIAD,cadastro ANAC
MG0032,SBGV,CIAD,cadastro ANAC
SP0076,SBGW,CIAD,cadastro ANAC
PA0003,SBHT,CIAD,cadastro ANAC
AM0012,SBIC,CIAD,cadastro ANAC
PA0010,SBIH,CIAD,cadastro ANAC
BA0004,SBIL,CIAD,cadastro ANAC
MG0007,SBIP,CIAD,cadastro ANAC
GO0035,SBIT,CIAD,cadastro ANAC
MA0002,SBIZ,CIAD,cadastro ANAC
SC0005,SBJA,CIAD,cadastro ANAC
SP0031,SBJD,CIAD,cadastro ANAC
CE0003,SBJE,CIAD,cadastro ANAC
MG0016,SBJF,CIAD,cadastro ANAC
SP1176,SBJH,CIAD,cadastro ANAC
RO0005,SBJI,CIAD,cadastro ANAC
PB0001,SBJP,CIAD,cadastro ANAC
RJ0005,SBJR,CIAD,cadastro ANAC
CE0002,SBJU,CIAD,cadastro ANAC
SC0004,SBJV,CIAD,cadastro ANAC
PB0003,SBKG,CIAD,cadastro ANAC
SP0003,SBKP,CIAD,cadastro ANAC
BA0006,SBLE,CIAD,cadastro ANAC
SC0007,SBLJ,CIAD,cadastro ANAC
PR0003,SBLO,CIAD,cadastro ANAC
PA0004,SBMA,CIAD,cadastro ANAC
PA0009,SBMD,CIAD,cadastro ANAC
RJ0004,SBME,CIAD,cadastro ANAC
PR0004,SBMG,CIAD,cadastro ANAC
RJ0009,SBMI,CIAD,cadastro ANAC
MG0004,SBMK,CIAD,cadastro ANAC
SP0014,SBML,CIAD,cadastro ANAC
AL0001,SBMO,CIAD,cadastro ANAC
AP0001,SBMQ,CIAD,cadastro ANAC
RN0002,SBMS,CIAD,cadastro ANAC
SP0007,SBMT,CIAD,cadastro ANAC
AM0015,SBMY,CIAD,cadastro ANAC
SC0002,SBNF,CIAD,cadastro ANAC
RS0008,SBNM,CIAD,cadastro ANAC
GO0002,SBNV,CIAD,cadastro ANAC
PB0031,SBOA,CIAD,cadastro ANAC
MG0470,SBOB,CIAD,cadastro ANAC
TO0080,SBOD,CIAD,cadastro ANAC
MT0679,SBOE,CIAD,cadastro ANAC
MS0478,SBOF,CIAD,cadastro ANAC
BA0339,SBOG,CIAD,cadastro ANAC
MT0657,SBOH,CIAD,cadastro ANAC
AP0002,SBOI,CIAD,cadastro ANAC
PA0165,SBOJ,CIAD,cadastro ANAC
MT0654,SBOK,CIAD,cadastro ANAC
GO0298,SBOL,CIAD,cadastro ANAC
MT0644,SBOM,CIAD,cadastro ANAC
TO0084,SBON,CIAD,cadastro ANAC
MS0434,SBOO,CIAD,cadastro ANAC
GO0281,SBOQ,CIAD,cadastro ANAC
GO0290,SBOR,CIAD,cadastro ANAC
MT0493,SBOS,CIAD,cadastro ANAC
MA0110,SBOT,CIAD,cadastro ANAC
MT0667,SBOU,CIAD,cadastro ANAC
MT0670,SBOV,CIAD,cadastro ANAC
PA0248,SBOW,CIAD,cadastro ANAC
MS0534,SBOX,CIAD,cadastro ANAC
MS0483,SBOY,CIAD,cadastro ANAC
MT0606,SBOZ,CIAD,cadastro ANAC
RS0001,SBPA,CIAD,cadastro ANAC
PI0002,SBPB,CIAD,cadastro ANAC
MG0018,SBPC,CIAD,cadastro ANAC
RS0006,SBPF,CIAD,cadastro ANAC
PR0012,SBPG,CIAD,cadastro ANAC
TO0001,SBPJ,CIAD,cadastro ANAC
RS0005,SBPK,CIAD,cadastro ANAC
PE0002,SBPL,CIAD,cadastro ANAC
PR0018,SBPO,CIAD,cadastro ANAC
MS0005,SBPP,CIAD,cadastro ANAC
BA0002,SBPS,CIAD,cadastro ANAC
RO0001,SBPV,CIAD,cadastro ANAC
RJ0321,SBPW,CIAD,cadastro ANAC
GO0271,SBQA,CIAD,cadastro ANAC
BA0357,SBQB,CIAD,cadastro ANAC
MT0635,SBQC,CIAD,cadastro ANAC
MT0694,SBQD,CIAD,cadastro ANAC
PI0064,SBQE,CIAD,cadastro ANAC
MT0653,SBQG,CIAD,cadastro ANAC
MT0627,SBQH,CIAD,cadastro ANAC
PR0155,SBQJ,CIAD,cadastro ANAC
PA0246,SBQK,CIAD,cadastro ANAC
MS0526,SBQM,CIAD,cadastro ANAC
MT0668,SBQN,CIAD,cadastro ANAC
BA0352,SBQO,CIAD,cadastro ANAC
PI0079,SBQP,CIAD,cadastro ANAC
MG0463,SBQR,CIAD,cadastro ANAC
MT0642,SBQS,CIAD,cadastro ANAC
MT0660,SBQT,CIAD,cadastro ANAC
AC0001,SBRB,CIAD,cadastro ANAC
MT0004,SBRD,CIAD,cadastro ANAC
PE0001,SBRF,CIAD,cadastro ANAC
RJ0002,SBRJ,CIAD,cadastro ANAC
SP0004,SBRP,CIAD,cadastro ANAC
RN0001,SBSG,CIAD,cadastro ANAC
MT0002,SBSI,CIAD,cadastro ANAC
SP0008,SBSJ,CIAD,cadastro ANAC
MA0001,SBSL,CIAD,cadastro ANAC
RS0003,SBSM,CIAD,cadastro ANAC
PA0002,SBSN,CIAD,cadastro ANAC
MT0005,SBSO,CIAD,cadastro ANAC
SP0001,SBSP,CIAD,cadastro ANAC
SP0006,SBSR,CIAD,cadastro ANAC
BA0001,SBSV,CIAD,cadastro ANAC
PA0012,SBTB,CIAD,cadastro ANAC
BA0067,SBTC,CIAD,cadastro ANAC
PR0008,SBTD,CIAD,cadastro ANAC
PI0001,SBTE,CIAD,cadastro ANAC
AM0004,SBTF,CIAD,cadastro ANAC
MS0006,SBTG,CIAD,cadastro ANAC
AC0004,SBTK,CIAD,cadastro ANAC
AM0005,SBTT,CIAD,cadastro ANAC
PA0007,SBTU,CIAD,cadastro ANAC
BA0068,SBTV,CIAD,cadastro ANAC
AM0003,SBUA,CIAD,cadastro ANAC
BA0007,SBUF,CIAD,cadastro ANAC
RS0012,SBUG,CIAD,cadastro ANAC
MG0002,SBUL,CIAD,cadastro ANAC
MG0009,SBUR,CIAD,cadastro ANAC
AM0025,SBUY,CIAD,cadastro ANAC
BA0005,SBVC,CIAD,cadastro ANAC
MG0019,SBVG,CIAD,cadastro ANAC
RO0003,SBVH,CIAD,cadastro ANAC
ES0001,SBVT,CIAD,cadastro ANAC
MG0006,SBZM,CIAD,cadastro ANAC
CE0180,SD00,CIAD,cadastro ANAC
GO0401,SD01,CIAD,cadastro ANAC
BA0301,SD02,CIAD,cadastro ANAC
MS0769,SD03,CIAD,cadastro ANAC
PA0386,SD04,CIAD,cadastro ANAC
TO0158,SD06,CIAD,cadastro ANAC
BA0502,SD07,CIAD,cadastro ANAC
MT1132,SD08,CIAD,cadastro ANAC
PA0265,SD0E,CIAD,cadastro ANAC
BA0509,SD0G,CIAD,cadastro ANAC
MS0787,SD0M,CIAD,cadastro ANAC
MT1134,SD10,CIAD,cadastro ANAC
AM0120,SD11,CIAD,cadastro ANAC
PA0017,SD12,CIAD,cadastro ANAC
MT1136,SD13,CIAD,cadastro ANAC
MG0648,SD14,CIAD,cadastro ANAC
MT1140,SD15,CIAD,cadastro ANAC
MG0649,SD17,CIAD,cadastro ANAC
MT1152,SD19,CIAD,cadastro ANAC
RO0116,SD1B,CIAD,cadastro ANAC
MT1158,SD1C,CIAD,cadastro ANAC
MT1159,SD1D,CIAD,cadastro ANAC
PA0438,SD1E,CIAD,cadastro ANAC
PA0443,SD1F,CIAD,cadastro ANAC
MT1160,SD1I,CIAD,cadastro ANAC
RR0170,SD1J,CIAD,cadastro ANAC
MS0794,SD1K,CIAD,cadastro ANAC
TO0165,SD1L,CIAD,cadastro ANAC
MS0747,SD1M,CIAD,cadastro ANAC
MS0270,SD1N,CIAD,cadastro ANAC
PA0436,SD1P,CIAD,cadastro ANAC
MS0784,SD1Q,CIAD,cadastro ANAC
BA0516,SD1R,CIAD,cadastro ANAC
RO0117,SD1S,CIAD,cadastro ANAC
SC0207,SD1U,CIAD,cadastro ANAC
GO0418,SD1V,CIAD,cadastro ANAC
MT1163,SD1X,CIAD,cadastro ANAC
MS0799,SD1Y,CIAD,cadastro ANAC
GO0420,SD1Z,CIAD,cadastro ANAC
RO0015,SD22,CIAD,cadastro ANAC
MS0544,SD23,CIAD,cadastro ANAC
MT0678,SD24,CIAD,cadastro ANAC
MS0505,SD26,CIAD,cadastro ANAC
BA0346,SD27,CIAD,cadastro ANAC
MS0555,SD29,CIAD,cadastro ANAC
PA0098,SD2A,CIAD,cadastro ANAC
MT0555,SD2B,CIAD,cadastro ANAC
MT0637,SD2D,CIAD,cadastro ANAC
MT0645,SD2E,CIAD,cadastro ANAC
PA0259,SD2F,CIAD,cadastro ANAC
SC0179,SD2G,CIAD,cadastro ANAC
SP1296,SD2I,CIAD,cadastro ANAC
MT0650,SD2J,CIAD,cadastro ANAC
MT0672,SD2K,CIAD,cadastro ANAC
MT0630,SD2L,CIAD,cadastro ANAC
MS0497,SD2M,CIAD,cadastro ANAC
RS0178,SD2N,CIAD,cadastro ANAC
TO0083,SD2P,CIAD,cadastro ANAC
MS0528,SD2Q,CIAD,cadastro ANAC
MS0535,SD2R,CIAD,cadastro ANAC
MT0155,SD2S,CIAD,cadastro ANAC
MT0641,SD2T,CIAD,cadastro ANAC
MT0613,SD2V,CIAD,cadastro ANAC
SP1288,SD2W,CIAD,cadastro ANAC
MS0477,SD2X,CIAD,cadastro ANAC
MT0518,SD2Y,CIAD,cadastro ANAC
MT0631,SD2Z,CIAD,cadastro ANAC
MT0496,SD30,CIAD,cadastro ANAC
MT1155,SD31,CIAD,cadastro ANAC
PA0260,SD32,CIAD,cadastro ANAC
SP1310,SD33,CIAD,cadastro ANAC
BA0363,SD34,CIAD,cadastro ANAC
BA0358,SD36,CIAD,cadastro ANAC
PA0256,SD37,CIAD,cadastro ANAC
RO0063,SD38,CIAD,cadastro ANAC
PA0251,SD39,CIAD,cadastro ANAC
MT0666,SD3A,CIAD,cadastro ANAC
MT0575,SD3B,CIAD,cadastro ANAC
MS0542,SD3D,CIAD,cadastro ANAC
RO0068,SD3E,CIAD,cadastro ANAC
MT0671,SD3G,CIAD,cadastro ANAC
MT0675,SD3H,CIAD,cadastro ANAC
MS0484,SD3J,CIAD,cadastro ANAC
SP1304,SD3K,CIAD,cadastro ANAC
CE0148,SD3L,CIAD,cadastro ANAC
MT0685,SD3M,CIAD,cadastro ANAC
MS0492,SD3N,CIAD,cadastro ANAC
MT0646,SD3O,CIAD,cadastro ANAC
MS0503,SD3P,CIAD,cadastro ANAC
BA0290,SD3Q,CIAD,cadastro ANAC
MT0639,SD3R,CIAD,cadastro ANAC
AC0017,SD3S,CIAD,cadastro ANAC
MT0689,SD3U,CIAD,cadastro ANAC
MT0691,SD3V,CIAD,cadastro ANAC
MT0693,SD3W,CIAD,cadastro ANAC
RJ0350,SD3Y,CIAD,cadastro ANAC
MT0516,SD3Z,CIAD,cadastro ANAC
MA0114,SD42,CIAD,cadastro ANAC
MG0494,SD43,CIAD,cadastro ANAC
MT0961,SD44,CIAD,cadastro ANAC
RO0067,SD46,CIAD,cadastro ANAC
MS0485,SD47,CIAD,cadastro ANAC
MT0687,SD48,CIAD,cadastro ANAC
RS0168,SD4A,CIAD,cadastro ANAC
MT0699,SD4B,CIAD,cadastro ANAC
RS0167,SD4D,CIAD,cadastro ANAC
BA0364,SD4E,CIAD,cadastro ANAC
MT0621,SD4F,CIAD,cadastro ANAC
AC0018,SD4G,CIAD,cadastro ANAC
MT0698,SD4H,CIAD,cadastro ANAC
MS0501,SD4J,CIAD,cadastro ANAC
MG0067,SD4L,CIAD,cadastro ANAC
GO0274,SD4O,CIAD,cadastro ANAC
GO0292,SD4P,CIAD,cadastro ANAC
PA0267,SD4R,CIAD,cadastro ANAC
MS0498,SD4U,CIAD,cadastro ANAC
SP1344,SD4V,CIAD,cadastro ANAC
MS0545,SD4W,CIAD,cadastro ANAC
MG0487,SD4Y,CIAD,cadastro ANAC
MS0539,SD4Z,CIAD,cadastro ANAC
MT1138,SD51,CIAD,cadastro ANAC
SP1448,SD53,CIAD,cadastro ANAC
PI0125,SD54,CIAD,cadastro ANAC
TO0162,SD55,CIAD,cadastro ANAC
MT0541,SD57,CIAD,cadastro ANAC
MG0657,SD58,CIAD,cadastro ANAC
MS0801,SD5B,CIAD,cadastro ANAC
GO0411,SD5C,CIAD,cadastro ANAC
MS0800,SD5D,CIAD,cadastro ANAC
RR0173,SD5E,CIAD,cadastro ANAC
SC0261,SD5G,CIAD,cadastro ANAC
MG0143,SD5H,CIAD,cadastro ANAC
PE0111,SD5I,CIAD,cadastro ANAC
RS0195,SD5K,CIAD,cadastro ANAC
AM0121,SD5N,CIAD,cadastro ANAC
MS0796,SD5Q,CIAD,cadastro ANAC
GO0423,SD5R,CIAD,cadastro ANAC
MT1168,SD5S,CIAD,cadastro ANAC
MS0804,SD5T,CIAD,cadastro ANAC
MT1170,SD5U,CIAD,cadastro ANAC
BA0521,SD5V,CIAD,cadastro ANAC
MS0805,SD5Y,CIAD,cadastro ANAC
RR0166,SD61,CIAD,cadastro ANAC
MT0487,SD62,CIAD,cadastro ANAC
BA0365,SD63,CIAD,cadastro ANAC
BA0368,SD64,CIAD,cadastro ANAC
PA0439,SD65,CIAD,cadastro ANAC
MT0582,SD66,CIAD,cadastro ANAC
MS0568,SD67,CIAD,cadastro ANAC
MT0658,SD68,CIAD,cadastro ANAC
PA0249,SD69,CIAD,cadastro ANAC
RS0175,SD6A,CIAD,cadastro ANAC
MT0696,SD6B,CIAD,cadastro ANAC
MT0681,SD6C,CIAD,cadastro ANAC
TO0079,SD6G,CIAD,cadastro ANAC
RS0179,SD6H,CIAD,cadastro ANAC
MT0616,SD6J,CIAD,cadastro ANAC
MT0688,SD6K,CIAD,cadastro ANAC
MS0558,SD6L,CIAD,cadastro ANAC
MT0697,SD6N,CIAD,cadastro ANAC
BA0041,SD6P,CIAD,cadastro ANAC
MT0569,SD6S,CIAD,cadastro ANAC
MS0572,SD6T,CIAD,cadastro ANAC
MT0669,SD6U,CIAD,cadastro ANAC
MT0497,SD6V,CIAD,cadastro ANAC
RR0119,SD6X,CIAD,cadastro ANAC
AM0096,SD6Y,CIAD,cadastro ANAC
SP1303,SD6Z,CIAD,cadastro ANAC
MS0431,SD70,CIAD,cadastro ANAC
GO0236,SD72,CIAD,cadastro ANAC
BA0371,SD73,CIAD,cadastro ANAC
MS0530,SD74,CIAD,cadastro ANAC
MG0659,SD75,CIAD,cadastro ANAC
TO0070,SD77,CIAD,cadastro ANAC
AM0097,SD78,CIAD,cadastro ANAC
MS0531,SD79,CIAD,cadastro ANAC
MS0562,SD7A,CIAD,cadastro ANAC
PA0272,SD7B,CIAD,cadastro ANAC
PR0199,SD7C,CIAD,cadastro ANAC
MS0551,SD7D,CIAD,cadastro ANAC
PI0080,SD7E,CIAD,cadastro ANAC
AC0019,SD7F,CIAD,cadastro ANAC
MT0718,SD7G,CIAD,cadastro ANAC
AC0005,SD7H,CIAD,cadastro ANAC
MT0721,SD7J,CIAD,cadastro ANAC
MT0713,SD7L,CIAD,cadastro ANAC
MG0467,SD7M,CIAD,cadastro ANAC
MS0529,SD7N,CIAD,cadastro ANAC
MT0769,SD7O,CIAD,cadastro ANAC
TO0075,SD7P,CIAD,cadastro ANAC
MA0117,SD7Q,CIAD,cadastro ANAC
MT0723,SD7S,CIAD,cadastro ANAC
MT0313,SD7U,CIAD,cadastro ANAC
PA0273,SD7W,CIAD,cadastro ANAC
MT0717,SD7X,CIAD,cadastro ANAC
MA0121,SD7Z,CIAD,cadastro ANAC
PA0442,SD80,CIAD,cadastro ANAC
RO0118,SD81,CIAD,cadastro ANAC
MT0732,SD84,CIAD,cadastro ANAC
RO0073,SD86,CIAD,cadastro ANAC
MS0556,SD87,CIAD,cadastro ANAC
MT0659,SD88,CIAD,cadastro ANAC
MS0549,SD8A,CIAD,cadastro ANAC
MS0557,SD8B,CIAD,cadastro ANAC
AM0098,SD8C,CIAD,cadastro ANAC
PA0288,SD8E,CIAD,cadastro ANAC
MT0623,SD8F,CIAD,cadastro ANAC
PA0287,SD8G,CIAD,cadastro ANAC
MA0129,SD8H,CIAD,cadastro ANAC
BA0359,SD8K,CIAD,cadastro ANAC
MT0655,SD8N,CIAD,cadastro ANAC
MG0497,SD8O,CIAD,cadastro ANAC
TO0093,SD8P,CIAD,cadastro ANAC
SP1312,SD8Q,CIAD,cadastro ANAC
MT0690,SD8R,CIAD,cadastro ANAC
MA0115,SD8S,CIAD,cadastro ANAC
SP1279,SD8T,CIAD,cadastro ANAC
MT0663,SD8U,CIAD,cadastro ANAC
TO0091,SD8V,CIAD,cadastro ANAC
MT0656,SD8W,CIAD,cadastro ANAC
GO0302,SD8X,CIAD,cadastro ANAC
MA0120,SD8Y,CIAD,cadastro ANAC
MT0734,SD8Z,CIAD,cadastro ANAC
BA0514,SD90,CIAD,cadastro ANAC
MA0122,SD92,CIAD,cadastro ANAC
MS0548,SD93,CIAD,cadastro ANAC
PA0171,SD94,CIAD,cadastro ANAC
MT1162,SD95,CIAD,cadastro ANAC
MS0547,SD96,CIAD,cadastro ANAC
BA0373,SD97,CIAD,cadastro ANAC
PA0290,SD98,CIAD,cadastro ANAC
MT0704,SD99,CIAD,cadastro ANAC
RO0070,SD9A,CIAD,cadastro ANAC
PA0269,SD9B,CIAD,cadastro ANAC
PI0065,SD9C,CIAD,cadastro ANAC
PA0294,SD9D,CIAD,cadastro ANAC
PA0274,SD9E,CIAD,cadastro ANAC
AC0020,SD9F,CIAD,cadastro ANAC
PA0271,SD9G,CIAD,cadastro ANAC
PA0306,SD9I,CIAD,cadastro ANAC
PA0261,SD9L,CIAD,cadastro ANAC
RO0071,SD9M,CIAD,cadastro ANAC
PA0117,SD9O,CIAD,cadastro ANAC
PA0302,SD9P,CIAD,cadastro ANAC
MG0495,SD9Q,CIAD,cadastro ANAC
BA0374,SD9R,CIAD,cadastro ANAC
BA0343,SD9S,CIAD,cadastro ANAC
MS0513,SD9V,CIAD,cadastro ANAC
RO0072,SD9Y,CIAD,cadastro ANAC
RO0066,SD9Z,CIAD,cadastro ANAC
PA0359,SDA1,CIAD,cadastro ANAC
MT0716,SDA3,CIAD,cadastro ANAC
SP1305,SDA4,CIAD,cadastro ANAC
SC0184,SDA6,CIAD,cadastro ANAC
MT0727,SDA7,CIAD,cadastro ANAC
BA0367,SDA8,CIAD,cadastro ANAC
PR0207,SDA9,CIAD,cadastro ANAC
SP0045,SDAA,CIAD,cadastro ANAC
SP0046,SDAD,CIAD,cadastro ANAC
SP0053,SDAE,CIAD,cadastro ANAC
SP0077,SDAF,CIAD,cadastro ANAC
RJ0010,SDAG,CIAD,cadastro ANAC
SP0047,SDAI,CIAD,cadastro ANAC
MS0022,SDAJ,CIAD,cadastro ANAC
SP0037,SDAM,CIAD,cadastro ANAC
SP0078,SDAN,CIAD,cadastro ANAC
MT0030,SDAR,CIAD,cadastro ANAC
SP0079,SDAS,CIAD,cadastro ANAC
PA0032,SDAY,CIAD,cadastro ANAC
MG0661,SDB1,CIAD,cadastro ANAC
TO0081,SDB2,CIAD,cadastro ANAC
MT0624,SDB3,CIAD,cadastro ANAC
MT0701,SDB4,CIAD,cadastro ANAC
GO0424,SDB5,CIAD,cadastro ANAC
MT0619,SDB7,CIAD,cadastro ANAC
MA0123,SDB8,CIAD,cadastro ANAC
MT0703,SDB9,CIAD,cadastro ANAC
SP0018,SDBB,CIAD,cadastro ANAC
PA0033,SDBE,CIAD,cadastro ANAC
MS0024,SDBI,CIAD,cadastro ANAC
MG0079,SDBJ,CIAD,cadastro ANAC
SP0019,SDBK,CIAD,cadastro ANAC
SP0080,SDBN,CIAD,cadastro ANAC
GO0036,SDBP,CIAD,cadastro ANAC
SP0081,SDBV,CIAD,cadastro ANAC
PR0153,SDBX,CIAD,cadastro ANAC
SP0032,SDBY,CIAD,cadastro ANAC
TO0011,SDBZ,CIAD,cadastro ANAC
PA0369,SDC0,CIAD,cadastro ANAC
AM0099,SDC2,CIAD,cadastro ANAC
MT0720,SDC3,CIAD,cadastro ANAC
PE0093,SDC4,CIAD,cadastro ANAC
MS0299,SDC5,CIAD,cadastro ANAC
MS0573,SDC6,CIAD,cadastro ANAC
AM0102,SDC8,CIAD,cadastro ANAC
TO0095,SDC9,CIAD,cadastro ANAC
SP0051,SDCA,CIAD,cadastro ANAC
DF0021,SDCB,CIAD,cadastro ANAC
SP0082,SDCD,CIAD,cadastro ANAC
MS0025,SDCF,CIAD,cadastro ANAC
AM0016,SDCG,CIAD,cadastro ANAC
GO0037,SDCH,CIAD,cadastro ANAC
MT0032,SDCJ,CIAD,cadastro ANAC
MG0080,SDCK,CIAD,cadastro ANAC
SP0083,SDCL,CIAD,cadastro ANAC
BA0069,SDCM,CIAD,cadastro ANAC
SP0027,SDCO,CIAD,cadastro ANAC
RJ0013,SDCU,CIAD,cadastro ANAC
SP0085,SDCW,CIAD,cadastro ANAC
PI0013,SDCX,CIAD,cadastro ANAC
RJ0014,SDCZ,CIAD,cadastro ANAC
MT0709,SDD3,CIAD,cadastro ANAC
BA0295,SDD4,CIAD,cadastro ANAC
MS0795,SDD5,CIAD,cadastro ANAC
PI0084,SDD6,CIAD,cadastro ANAC
PA0309,SDD7,CIAD,cadastro ANAC
MS0518,SDD8,CIAD,cadastro ANAC
PA0295,SDD9,CIAD,cadastro ANAC
MS0026,SDDA,CIAD,cadastro ANAC
BA0070,SDDB,CIAD,cadastro ANAC
MT0033,SDDC,CIAD,cadastro ANAC
AM0026,SDDE,CIAD,cadastro ANAC
SP0086,SDDI,CIAD,cadastro ANAC
SP0087,SDDJ,CIAD,cadastro ANAC
SP0088,SDDK,CIAD,cadastro ANAC
GO0186,SDDL,CIAD,cadastro ANAC
SP0020,SDDN,CIAD,cadastro ANAC
BA0071,SDDQ,CIAD,cadastro ANAC
SP0021,SDDR,CIAD,cadastro ANAC
SP0089,SDDV,CIAD,cadastro ANAC
SP0090,SDDX,CIAD,cadastro ANAC
MT0692,SDE2,CIAD,cadastro ANAC
MT0746,SDE4,CIAD,cadastro ANAC
MT1171,SDE5,CIAD,cadastro ANAC
RS0181,SDE6,CIAD,cadastro ANAC
MT0695,SDE7,CIAD,cadastro ANAC
SP0091,SDEB,CIAD,cadastro ANAC
SP0092,SDED,CIAD,cadastro ANAC
SP0093,SDEJ,CIAD,cadastro ANAC
SP0094,SDEM,CIAD,cadastro ANAC
SC0023,SDEN,CIAD,cadastro ANAC
SP0095,SDEO,CIAD,cadastro ANAC
SP0052,SDEP,CIAD,cadastro ANAC
SP0096,SDER,CIAD,cadastro ANAC
SP0097,SDES,CIAD,cadastro ANAC
SP0067,SDET,CIAD,cadastro ANAC
MT0034,SDEV,CIAD,cadastro ANAC
MT0941,SDF0,CIAD,cadastro ANAC
MT1165,SDF1,CIAD,cadastro ANAC
MS0537,SDF2,CIAD,cadastro ANAC
MT0762,SDF3,CIAD,cadastro ANAC
MT0730,SDF4,CIAD,cadastro ANAC
RS0228,SDF5,CIAD,cadastro ANAC
SP1315,SDF7,CIAD,cadastro ANAC
MT0745,SDF8,CIAD,cadastro ANAC
RR0123,SDF9,CIAD,cadastro ANAC
SP0098,SDFC,CIAD,cadastro ANAC
SP0054,SDFD,CIAD,cadastro ANAC
MT0035,SDFE,CIAD,cadastro ANAC
AM0027,SDFF,CIAD,cadastro ANAC
SP0099,SDFH,CIAD,cadastro ANAC
GO0038,SDFI,CIAD,cadastro ANAC
SP0100,SDFK,CIAD,cadastro ANAC
SP0101,SDFT,CIAD,cadastro ANAC
SP0102,SDFU,CIAD,cadastro ANAC
BA0054,SDFX,CIAD,cadastro ANAC
MS0028,SDFY,CIAD,cadastro ANAC
BA0072,SDFZ,CIAD,cadastro ANAC
MS0807,SDG1,CIAD,cadastro ANAC
MS0627,SDG2,CIAD,cadastro ANAC
MT0755,SDG3,CIAD,cadastro ANAC
MG0654,SDG5,CIAD,cadastro ANAC
MS0029,SDGA,CIAD,cadastro ANAC
SP0103,SDGB,CIAD,cadastro ANAC
SP0055,SDGC,CIAD,cadastro ANAC
MS0030,SDGF,CIAD,cadastro ANAC
MS0031,SDGJ,CIAD,cadastro ANAC
MT0036,SDGP,CIAD,cadastro ANAC
CE0014,SDGQ,CIAD,cadastro ANAC
AM0028,SDGT,CIAD,cadastro ANAC
BA0073,SDGX,CIAD,cadastro ANAC
SP0104,SDGY,CIAD,cadastro ANAC
MT0662,SDH2,CIAD,cadastro ANAC
MT0761,SDH3,CIAD,cadastro ANAC
SP0062,SDH4,CIAD,cadastro ANAC
MT1157,SDH5,CIAD,cadastro ANAC
MT0770,SDH6,CIAD,cadastro ANAC
SP0105,SDHC,CIAD,cadastro ANAC
SP0106,SDHE,CIAD,cadastro ANAC
GO0039,SDHK,CIAD,cadastro ANAC
MS0032,SDHP,CIAD,cadastro ANAC
MS0033,SDHR,CIAD,cadastro ANAC
MT0037,SDHS,CIAD,cadastro ANAC
RS0055,SDHX,CIAD,cadastro ANAC
BA0400,SDI2,CIAD,cadastro ANAC
PA0270,SDI3,CIAD,cadastro ANAC
RO0075,SDI4,CIAD,cadastro ANAC
MS0536,SDI7,CIAD,cadastro ANAC
PA0298,SDI8,CIAD,cadastro ANAC
MT0750,SDI9,CIAD,cadastro ANAC
SP0107,SDIB,CIAD,cadastro ANAC
MG0082,SDIC,CIAD,cadastro ANAC
SP1246,SDID,CIAD,cadastro ANAC
MG0444,SDIE,CIAD,cadastro ANAC
SP0038,SDIG,CIAD,cadastro ANAC
SP0108,SDIH,CIAD,cadastro ANAC
RJ0015,SDIL,CIAD,cadastro ANAC
SP0033,SDIM,CIAD,cadastro ANAC
MS0034,SDIN,CIAD,cadastro ANAC
SP0109,SDIO,CIAD,cadastro ANAC
SP0110,SDIP,CIAD,cadastro ANAC
SP0056,SDIV,CIAD,cadastro ANAC
MG0083,SDIX,CIAD,cadastro ANAC
BA0013,SDIY,CIAD,cadastro ANAC
PI0014,SDIZ,CIAD,cadastro ANAC
MT1166,SDJ1,CIAD,cadastro ANAC
RO0069,SDJ2,CIAD,cadastro ANAC
PA0297,SDJ3,CIAD,cadastro ANAC
MS0588,SDJ4,CIAD,cadastro ANAC
BA0523,SDJ5,CIAD,cadastro ANAC
PI0083,SDJ7,CIAD,cadastro ANAC
SP1293,SDJ8,CIAD,cadastro ANAC
PA0308,SDJ9,CIAD,cadastro ANAC
SP0111,SDJA,CIAD,cadastro ANAC
SP0064,SDJC,CIAD,cadastro ANAC
SP0112,SDJF,CIAD,cadastro ANAC
PI0015,SDJG,CIAD,cadastro ANAC
SP0113,SDJL,CIAD,cadastro ANAC
SP0114,SDJN,CIAD,cadastro ANAC
SP0057,SDJO,CIAD,cadastro ANAC
SP0115,SDJQ,CIAD,cadastro ANAC
MG0084,SDJR,CIAD,cadastro ANAC
RR0003,SDJS,CIAD,cadastro ANAC
SP0035,SDJV,CIAD,cadastro ANAC
TO0013,SDJX,CIAD,cadastro ANAC
RS0056,SDJZ,CIAD,cadastro ANAC
PA0247,SDK2,CIAD,cadastro ANAC
MT0611,SDK3,CIAD,cadastro ANAC
CE0140,SDK4,CIAD,cadastro ANAC
CE0136,SDK6,CIAD,cadastro ANAC
MS0563,SDK7,CIAD,cadastro ANAC
MT0729,SDK8,CIAD,cadastro ANAC
MS0504,SDK9,CIAD,cadastro ANAC
RR0004,SDKA,CIAD,cadastro ANAC
PI0073,SDKE,CIAD,cadastro ANAC
BA0025,SDKJ,CIAD,cadastro ANAC
SP0058,SDKK,CIAD,cadastro ANAC
RR0005,SDKL,CIAD,cadastro ANAC
SP0117,SDKO,CIAD,cadastro ANAC
MS0035,SDKP,CIAD,cadastro ANAC
MT0038,SDKX,CIAD,cadastro ANAC
RR0006,SDKZ,CIAD,cadastro ANAC
MT0946,SDL0,CIAD,cadastro ANAC
MT0661,SDL2,CIAD,cadastro ANAC
MS0527,SDL3,CIAD,cadastro ANAC
AC0008,SDL4,CIAD,cadastro ANAC
GO0315,SDL6,CIAD,cadastro ANAC
GO0204,SDL7,CIAD,cadastro ANAC
MT0537,SDL8,CIAD,cadastro ANAC
MT0760,SDL9,CIAD,cadastro ANAC
MT0039,SDLD,CIAD,cadastro ANAC
BA0038,SDLE,CIAD,cadastro ANAC
MS0455,SDLG,CIAD,cadastro ANAC
MS0036,SDLH,CIAD,cadastro ANAC
MT0570,SDLI,CIAD,cadastro ANAC
SP0048,SDLL,CIAD,cadastro ANAC
MT0040,SDLN,CIAD,cadastro ANAC
BA0074,SDLO,CIAD,cadastro ANAC
SP0034,SDLP,CIAD,cadastro ANAC
AM0030,SDLR,CIAD,cadastro ANAC
SP0119,SDLU,CIAD,cadastro ANAC
GO0040,SDLW,CIAD,cadastro ANAC
MT0041,SDLX,CIAD,cadastro ANAC
SP0071,SDLY,CIAD,cadastro ANAC
MT0042,SDLZ,CIAD,cadastro ANAC
BA0508,SDM0,CIAD,cadastro ANAC
TO0166,SDM1,CIAD,cadastro ANAC
MT0779,SDM2,CIAD,cadastro ANAC
PI0086,SDM3,CIAD,cadastro ANAC
MS0586,SDM4,CIAD,cadastro ANAC
MS0580,SDM6,CIAD,cadastro ANAC
MT0772,SDM7,CIAD,cadastro ANAC
MT0767,SDM8,CIAD,cadastro ANAC
BA0377,SDM9,CIAD,cadastro ANAC
SP0120,SDMA,CIAD,cadastro ANAC
PI0062,SDMC,CIAD,cadastro ANAC
MS0037,SDMD,CIAD,cadastro ANAC
SP0121,SDME,CIAD,cadastro ANAC
MS0038,SDMF,CIAD,cadastro ANAC
RR0008,SDMG,CIAD,cadastro ANAC
SP0059,SDMH,CIAD,cadastro ANAC
SP0022,SDMJ,CIAD,cadastro ANAC
RR0009,SDMM,CIAD,cadastro ANAC
SP0068,SDMO,CIAD,cadastro ANAC
SP0122,SDMP,CIAD,cadastro ANAC
SP0123,SDMV,CIAD,cadastro ANAC
GO0041,SDMW,CIAD,cadastro ANAC
MT0043,SDMX,CIAD,cadastro ANAC
SP0124,SDMY,CIAD,cadastro ANAC
MT0773,SDN4,CIAD,cadastro ANAC
GO0414,SDN5,CIAD,cadastro ANAC
BA0378,SDN6,CIAD,cadastro ANAC
MT0754,SDN7,CIAD,cadastro ANAC
MG0085,SDNA,CIAD,cadastro ANAC
MT0044,SDNB,CIAD,cadastro ANAC
MT0045,SDNC,CIAD,cadastro ANAC
SP0125,SDND,CIAD,cadastro ANAC
SP0126,SDNE,CIAD,cadastro ANAC
SP0060,SDNH,CIAD,cadastro ANAC
SP0127,SDNI,CIAD,cadastro ANAC
SP0128,SDNJ,CIAD,cadastro ANAC
MT0046,SDNK,CIAD,cadastro ANAC
MS0040,SDNL,CIAD,cadastro ANAC
MT0047,SDNM,CIAD,cadastro ANAC
SP0061,SDNO,CIAD,cadastro ANAC
AC0006,SDNQ,CIAD,cadastro ANAC
MT0048,SDNS,CIAD,cadastro ANAC
TO0014,SDNT,CIAD,cadastro ANAC
MS0041,SDNV,CIAD,cadastro ANAC
MT0049,SDNY,CIAD,cadastro ANAC
MT0751,SDO3,CIAD,cadastro ANAC
PA0316,SDO4,CIAD,cadastro ANAC
BA0384,SDO6,CIAD,cadastro ANAC
MG0510,SDO9,CIAD,cadastro ANAC
MA0013,SDOA,CIAD,cadastro ANAC
SP0129,SDOB,CIAD,cadastro ANAC
MA0014,SDOD,CIAD,cadastro ANAC
MA0015,SDOE,CIAD,cadastro ANAC
SP0130,SDOI,CIAD,cadastro ANAC
MT0050,SDOL,CIAD,cadastro ANAC
MT0051,SDOQ,CIAD,cadastro ANAC
SP0131,SDOR,CIAD,cadastro ANAC
SP0132,SDOS,CIAD,cadastro ANAC
SP0023,SDOU,CIAD,cadastro ANAC
GO0005,SDOV,CIAD,cadastro ANAC
PA0021,SDOW,CIAD,cadastro ANAC
PA0034,SDOX,CIAD,cadastro ANAC
MS0802,SDP1,CIAD,cadastro ANAC
MA0133,SDP2,CIAD,cadastro ANAC
MT0748,SDP3,CIAD,cadastro ANAC
MT0707,SDP4,CIAD,cadastro ANAC
MS0362,SDP5,CIAD,cadastro ANAC
BA0385,SDP6,CIAD,cadastro ANAC
SP1338,SDP7,CIAD,cadastro ANAC
AC0010,SDP8,CIAD,cadastro ANAC
MS0590,SDP9,CIAD,cadastro ANAC
RJ0016,SDPA,CIAD,cadastro ANAC
SP0072,SDPD,CIAD,cadastro ANAC
TO0003,SDPE,CIAD,cadastro ANAC
GO0042,SDPH,CIAD,cadastro ANAC
SP0024,SDPN,CIAD,cadastro ANAC
MT0052,SDPR,CIAD,cadastro ANAC
SP0040,SDPV,CIAD,cadastro ANAC
SP0041,SDPW,CIAD,cadastro ANAC
RR0012,SDPX,CIAD,cadastro ANAC
SP0066,SDPY,CIAD,cadastro ANAC
MS0043,SDPZ,CIAD,cadastro ANAC
MS0697,SDQ0,CIAD,cadastro ANAC
TO0172,SDQ1,CIAD,cadastro ANAC
MT0702,SDQ2,CIAD,cadastro ANAC
PA0254,SDQ3,CIAD,cadastro ANAC
MS0428,SDQ4,CIAD,cadastro ANAC
MT0765,SDQ6,CIAD,cadastro ANAC
TO0102,SDQ7,CIAD,cadastro ANAC
MT0764,SDQ9,CIAD,cadastro ANAC
MS0044,SDQA,CIAD,cadastro ANAC
MT0054,SDQD,CIAD,cadastro ANAC
GO0043,SDQF,CIAD,cadastro ANAC
SP0135,SDQG,CIAD,cadastro ANAC
MT0056,SDQH,CIAD,cadastro ANAC
BA0075,SDQJ,CIAD,cadastro ANAC
MS0413,SDQK,CIAD,cadastro ANAC
MS0045,SDQL,CIAD,cadastro ANAC
BA0076,SDQM,CIAD,cadastro ANAC
BA0077,SDQN,CIAD,cadastro ANAC
SP0136,SDQQ,CIAD,cadastro ANAC
MS0046,SDQT,CIAD,cadastro ANAC
PI0016,SDQU,CIAD,cadastro ANAC
MT0057,SDQX,CIAD,cadastro ANAC
MT0058,SDQZ,CIAD,cadastro ANAC
PI0107,SDR1,CIAD,cadastro ANAC
PA0307,SDR2,CIAD,cadastro ANAC
RN0018,SDR3,CIAD,cadastro ANAC
RR0175,SDR5,CIAD,cadastro ANAC
PA0322,SDR6,CIAD,cadastro ANAC
MS0566,SDR8,CIAD,cadastro ANAC
MT0788,SDR9,CIAD,cadastro ANAC
SP0137,SDRA,CIAD,cadastro ANAC
SP0138,SDRC,CIAD,cadastro ANAC
GO0044,SDRD,CIAD,cadastro ANAC
RJ0017,SDRF,CIAD,cadastro ANAC
SP0049,SDRK,CIAD,cadastro ANAC
MS0048,SDRL,CIAD,cadastro ANAC
RR0013,SDRM,CIAD,cadastro ANAC
RR0014,SDRP,CIAD,cadastro ANAC
BA0078,SDRQ,CIAD,cadastro ANAC
SP0028,SDRR,CIAD,cadastro ANAC
RJ0007,SDRS,CIAD,cadastro ANAC
RR0015,SDRT,CIAD,cadastro ANAC
SP0139,SDRU,CIAD,cadastro ANAC
MS0049,SDRV,CIAD,cadastro ANAC
MS0050,SDRW,CIAD,cadastro ANAC
RS0057,SDRX,CIAD,cadastro ANAC
MS0051,SDRZ,CIAD,cadastro ANAC
TO0169,SDS1,CIAD,cadastro ANAC
GO0280,SDS2,CIAD,cadastro ANAC
MT0775,SDS3,CIAD,cadastro ANAC
MT0753,SDS4,CIAD,cadastro ANAC
MT1176,SDS5,CIAD,cadastro ANAC
PI0087,SDS6,CIAD,cadastro ANAC
MT0787,SDS7,CIAD,cadastro ANAC
MS0625,SDS8,CIAD,cadastro ANAC
GO0326,SDS9,CIAD,cadastro ANAC
MS0052,SDSA,CIAD,cadastro ANAC
SP0029,SDSC,CIAD,cadastro ANAC
RR0016,SDSD,CIAD,cadastro ANAC
SP0141,SDSE,CIAD,cadastro ANAC
MT0059,SDSG,CIAD,cadastro ANAC
MT0060,SDSH,CIAD,cadastro ANAC
MA0016,SDSI,CIAD,cadastro ANAC
PR0039,SDSJ,CIAD,cadastro ANAC
MS0053,SDSK,CIAD,cadastro ANAC
MT0494,SDSL,CIAD,cadastro ANAC
SP0142,SDSM,CIAD,cadastro ANAC
RR0017,SDSP,CIAD,cadastro ANAC
SP0143,SDSQ,CIAD,cadastro ANAC
MS0514,SDSS,CIAD,cadastro ANAC
SP0144,SDST,CIAD,cadastro ANAC
SP0145,SDSV,CIAD,cadastro ANAC
PA0317,SDT2,CIAD,cadastro ANAC
MT0763,SDT3,CIAD,cadastro ANAC
MT0786,SDT4,CIAD,cadastro ANAC
PA0447,SDT5,CIAD,cadastro ANAC
MT0752,SDT6,CIAD,cadastro ANAC
RS0184,SDT7,CIAD,cadastro ANAC
MG0430,SDT8,CIAD,cadastro ANAC
MT0061,SDTA,CIAD,cadastro ANAC
SP0069,SDTB,CIAD,cadastro ANAC
MS0054,SDTD,CIAD,cadastro ANAC
SP0146,SDTE,CIAD,cadastro ANAC
SP0050,SDTF,CIAD,cadastro ANAC
MT0062,SDTH,CIAD,cadastro ANAC
SP0073,SDTI,CIAD,cadastro ANAC
RJ0011,SDTK,CIAD,cadastro ANAC
SP0147,SDTO,CIAD,cadastro ANAC
SP0025,SDTP,CIAD,cadastro ANAC
MT0063,SDTR,CIAD,cadastro ANAC
BA0079,SDTV,CIAD,cadastro ANAC
MT0064,SDTW,CIAD,cadastro ANAC
SP0148,SDTX,CIAD,cadastro ANAC
SP0149,SDTY,CIAD,cadastro ANAC
PI0017,SDTZ,CIAD,cadastro ANAC
MA0166,SDU1,CIAD,cadastro ANAC
TO0103,SDU3,CIAD,cadastro ANAC
BA0369,SDU4,CIAD,cadastro ANAC
PA0446,SDU5,CIAD,cadastro ANAC
AM0103,SDU6,CIAD,cadastro ANAC
MT0778,SDU7,CIAD,cadastro ANAC
PA0036,SDUA,CIAD,cadastro ANAC
SP0065,SDUB,CIAD,cadastro ANAC
SP0150,SDUD,CIAD,cadastro ANAC
PR0040,SDUE,CIAD,cadastro ANAC
SP0151,SDUL,CIAD,cadastro ANAC
MG0086,SDUM,CIAD,cadastro ANAC
RJ0008,SDUN,CIAD,cadastro ANAC
SP0042,SDUQ,CIAD,cadastro ANAC
RJ0019,SDUR,CIAD,cadastro ANAC
RO0010,SDUS,CIAD,cadastro ANAC
SP0152,SDUU,CIAD,cadastro ANAC
MT0066,SDUY,CIAD,cadastro ANAC
TO0163,SDV1,CIAD,cadastro ANAC
TO0098,SDV3,CIAD,cadastro ANAC
CE0150,SDV4,CIAD,cadastro ANAC
MT1172,SDV5,CIAD,cadastro ANAC
MT0722,SDV6,CIAD,cadastro ANAC
MS0577,SDV7,CIAD,cadastro ANAC
PA0310,SDV8,CIAD,cadastro ANAC
TO0100,SDV9,CIAD,cadastro ANAC
SP0153,SDVA,CIAD,cadastro ANAC
SP0070,SDVE,CIAD,cadastro ANAC
RR0020,SDVF,CIAD,cadastro ANAC
SP0026,SDVG,CIAD,cadastro ANAC
SP0154,SDVH,CIAD,cadastro ANAC
MT0067,SDVI,CIAD,cadastro ANAC
PA0037,SDVJ,CIAD,cadastro ANAC
MS0057,SDVK,CIAD,cadastro ANAC
MT0068,SDVM,CIAD,cadastro ANAC
TO0015,SDVO,CIAD,cadastro ANAC
RR0021,SDVP,CIAD,cadastro ANAC
TO0016,SDVQ,CIAD,cadastro ANAC
SP0155,SDVS,CIAD,cadastro ANAC
MS0058,SDVT,CIAD,cadastro ANAC
MT0069,SDVX,CIAD,cadastro ANAC
SP0156,SDVY,CIAD,cadastro ANAC
RN0006,SDVZ,CIAD,cadastro ANAC
MS0797,SDW1,CIAD,cadastro ANAC
MS0142,SDW2,CIAD,cadastro ANAC
SP1331,SDW3,CIAD,cadastro ANAC
BA0528,SDW5,CIAD,cadastro ANAC
BA0381,SDW6,CIAD,cadastro ANAC
TO0104,SDW7,CIAD,cadastro ANAC
MT0803,SDW8,CIAD,cadastro ANAC
MT0798,SDW9,CIAD,cadastro ANAC
MT0070,SDWC,CIAD,cadastro ANAC
MS0415,SDWE,CIAD,cadastro ANAC
RR0022,SDWF,CIAD,cadastro ANAC
BA0080,SDWG,CIAD,cadastro ANAC
SP0157,SDWH,CIAD,cadastro ANAC
PE0012,SDWI,CIAD,cadastro ANAC
MT0071,SDWJ,CIAD,cadastro ANAC
SP0158,SDWK,CIAD,cadastro ANAC
PA0038,SDWM,CIAD,cadastro ANAC
SP0160,SDWN,CIAD,cadastro ANAC
RR0023,SDWO,CIAD,cadastro ANAC
PA0027,SDWQ,CIAD,cadastro ANAC
MT0072,SDWR,CIAD,cadastro ANAC
MS0059,SDWU,CIAD,cadastro ANAC
PA0039,SDWV,CIAD,cadastro ANAC
SP0161,SDWZ,CIAD,cadastro ANAC
MT1175,SDX1,CIAD,cadastro ANAC
BA0386,SDX2,CIAD,cadastro ANAC
MS0579,SDX3,CIAD,cadastro ANAC
PI0093,SDX4,CIAD,cadastro ANAC
MS0812,SDX5,CIAD,cadastro ANAC
RS0176,SDX6,CIAD,cadastro ANAC
RS0196,SDX7,CIAD,cadastro ANAC
PI0091,SDX9,CIAD,cadastro ANAC
RR0024,SDXA,CIAD,cadastro ANAC
PI0070,SDXB,CIAD,cadastro ANAC
BA0081,SDXD,CIAD,cadastro ANAC
SP0162,SDXE,CIAD,cadastro ANAC
GO0020,SDXF,CIAD,cadastro ANAC
MS0060,SDXI,CIAD,cadastro ANAC
MS0017,SDXJ,CIAD,cadastro ANAC
MG0474,SDXM,CIAD,cadastro ANAC
MT0073,SDXS,CIAD,cadastro ANAC
MT0489,SDXU,CIAD,cadastro ANAC
MS0061,SDXW,CIAD,cadastro ANAC
MA0017,SDXY,CIAD,cadastro ANAC
GO0195,SDXZ,CIAD,cadastro ANAC
GO0333,SDY2,CIAD,cadastro ANAC
MT0789,SDY3,CIAD,cadastro ANAC
GO0332,SDY4,CIAD,cadastro ANAC
TO0109,SDY6,CIAD,cadastro ANAC
MT0801,SDY7,CIAD,cadastro ANAC
TO0106,SDY8,CIAD,cadastro ANAC
MT0792,SDY9,CIAD,cadastro ANAC
SP0164,SDYB,CIAD,cadastro ANAC
BA0082,SDYE,CIAD,cadastro ANAC
MT0074,SDYF,CIAD,cadastro ANAC
BA0254,SDYG,CIAD,cadastro ANAC
MG0087,SDYI,CIAD,cadastro ANAC
SP0165,SDYJ,CIAD,cadastro ANAC
SP0166,SDYN,CIAD,cadastro ANAC
MS0062,SDYQ,CIAD,cadastro ANAC
SC0024,SDYS,CIAD,cadastro ANAC
RR0026,SDYT,CIAD,cadastro ANAC
PI0051,SDYW,CIAD,cadastro ANAC
MS0571,SDZ2,CIAD,cadastro ANAC
TO0089,SDZ4,CIAD,cadastro ANAC
TO0170,SDZ5,CIAD,cadastro ANAC
AP0021,SDZ6,CIAD,cadastro ANAC
MT0812,SDZ7,CIAD,cadastro ANAC
PA0325,SDZ8,CIAD,cadastro ANAC
MT0810,SDZ9,CIAD,cadastro ANAC
RR0027,SDZC,CIAD,cadastro ANAC
CE0008,SDZG,CIAD,cadastro ANAC
SP0167,SDZH,CIAD,cadastro ANAC
BA0083,SDZI,CIAD,cadastro ANAC
RR0028,SDZK,CIAD,cadastro ANAC
MS0063,SDZL,CIAD,cadastro ANAC
RR0029,SDZN,CIAD,cadastro ANAC
RR0030,SDZO,CIAD,cadastro ANAC
PI0019,SDZS,CIAD,cadastro ANAC
SP0168,SDZU,CIAD,cadastro ANAC
MT0075,SDZV,CIAD,cadastro ANAC
MG0088,SDZW,CIAD,cadastro ANAC
MT0076,SDZX,CIAD,cadastro ANAC
SP0169,SDZZ,CIAD,cadastro ANAC
MS0792,SI07,CIAD,cadastro ANAC
MS0813,SI11,CIAD,cadastro ANAC
MG0671,SI13,CIAD,cadastro ANAC
MA0214,SI15,CIAD,cadastro ANAC
MT1180,SI16,CIAD,cadastro ANAC
BA0524,SI17,CIAD,cadastro ANAC
MT1179,SI19,CIAD,cadastro ANAC
MT1181,SI1B,CIAD,cadastro ANAC
PA0448,SI1E,CIAD,cadastro ANAC
MG0673,SI1H,CIAD,cadastro ANAC
PR0262,SI1K,CIAD,cadastro ANAC
TO0173,SI1L,CIAD,cadastro ANAC
GO0432,SI1N,CIAD,cadastro ANAC
MG0674,SI1S,CIAD,cadastro ANAC
GO0434,SI1U,CIAD,cadastro ANAC
BA0530,SI1V,CIAD,cadastro ANAC
GO0435,SI1W,CIAD,cadastro ANAC
SP1517,SI1Y,CIAD,cadastro ANAC
TO0176,SI1Z,CIAD,cadastro ANAC
MS0482,SI22,CIAD,cadastro ANAC
MT0797,SI23,CIAD,cadastro ANAC
MS0605,SI24,CIAD,cadastro ANAC
AM0105,SI25,CIAD,cadastro ANAC
PA0312,SI26,CIAD,cadastro ANAC
MS0593,SI27,CIAD,cadastro ANAC
MG0526,SI29,CIAD,cadastro ANAC
MG0509,SI2A,CIAD,cadastro ANAC
PI0088,SI2B,CIAD,cadastro ANAC
MT0759,SI2C,CIAD,cadastro ANAC
PA0283,SI2D,CIAD,cadastro ANAC
MT0821,SI2E,CIAD,cadastro ANAC
PA0326,SI2F,CIAD,cadastro ANAC
TO0107,SI2G,CIAD,cadastro ANAC
PA0252,SI2H,CIAD,cadastro ANAC
GO0325,SI2I,CIAD,cadastro ANAC
MS0584,SI2J,CIAD,cadastro ANAC
PA0329,SI2K,CIAD,cadastro ANAC
GO0330,SI2N,CIAD,cadastro ANAC
BA0453,SI2O,CIAD,cadastro ANAC
GO0337,SI2P,CIAD,cadastro ANAC
MT0711,SI2Q,CIAD,cadastro ANAC
MS0592,SI2R,CIAD,cadastro ANAC
MT0795,SI2S,CIAD,cadastro ANAC
MG0519,SI2T,CIAD,cadastro ANAC
MT0774,SI2V,CIAD,cadastro ANAC
MT0928,SI2W,CIAD,cadastro ANAC
MS0715,SI2X,CIAD,cadastro ANAC
MA0164,SI2Y,CIAD,cadastro ANAC
MS0718,SI2Z,CIAD,cadastro ANAC
MT0766,SI32,CIAD,cadastro ANAC
MT0815,SI33,CIAD,cadastro ANAC
PA0320,SI34,CIAD,cadastro ANAC
TO0175,SI35,CIAD,cadastro ANAC
MS0554,SI36,CIAD,cadastro ANAC
MS0609,SI37,CIAD,cadastro ANAC
PA0278,SI38,CIAD,cadastro ANAC
MG0535,SI39,CIAD,cadastro ANAC
MS0606,SI3A,CIAD,cadastro ANAC
MT0549,SI3B,CIAD,cadastro ANAC
MT0780,SI3C,CIAD,cadastro ANAC
AM0104,SI3D,CIAD,cadastro ANAC
MS0496,SI3E,CIAD,cadastro ANAC
MS0575,SI3F,CIAD,cadastro ANAC
MA0183,SI3K,CIAD,cadastro ANAC
MS0626,SI3L,CIAD,cadastro ANAC
MA0132,SI3N,CIAD,cadastro ANAC
PA0383,SI3O,CIAD,cadastro ANAC
ES0048,SI3P,CIAD,cadastro ANAC
PA0318,SI3Q,CIAD,cadastro ANAC
BA0392,SI3R,CIAD,cadastro ANAC
MS0631,SI3T,CIAD,cadastro ANAC
GO0305,SI3U,CIAD,cadastro ANAC
PI0082,SI3V,CIAD,cadastro ANAC
MS0723,SI3W,CIAD,cadastro ANAC
BA0416,SI3X,CIAD,cadastro ANAC
RS0208,SI3Y,CIAD,cadastro ANAC
MG0669,SI41,CIAD,cadastro ANAC
MG0527,SI42,CIAD,cadastro ANAC
MT0811,SI43,CIAD,cadastro ANAC
MT0784,SI44,CIAD,cadastro ANAC
SP1368,SI46,CIAD,cadastro ANAC
MA0108,SI47,CIAD,cadastro ANAC
MT0802,SI48,CIAD,cadastro ANAC
MS0602,SI4B,CIAD,cadastro ANAC
SP1215,SI4C,CIAD,cadastro ANAC
MT0808,SI4D,CIAD,cadastro ANAC
MS0603,SI4E,CIAD,cadastro ANAC
MT0776,SI4F,CIAD,cadastro ANAC
MT0768,SI4H,CIAD,cadastro ANAC
TO0133,SI4I,CIAD,cadastro ANAC
PA0387,SI4K,CIAD,cadastro ANAC
BA0388,SI4M,CIAD,cadastro ANAC
BA0389,SI4N,CIAD,cadastro ANAC
MT0970,SI4O,CIAD,cadastro ANAC
RO0074,SI4P,CIAD,cadastro ANAC
RO0080,SI4Q,CIAD,cadastro ANAC
MT0820,SI4R,CIAD,cadastro ANAC
BA0391,SI4S,CIAD,cadastro ANAC
GO0295,SI4U,CIAD,cadastro ANAC
MT0724,SI4V,CIAD,cadastro ANAC
MG0600,SI4X,CIAD,cadastro ANAC
MS0717,SI4Y,CIAD,cadastro ANAC
PR0213,SI4Z,CIAD,cadastro ANAC
SC0266,SI52,CIAD,cadastro ANAC
MT1184,SI54,CIAD,cadastro ANAC
MG0676,SI55,CIAD,cadastro ANAC
MT1178,SI56,CIAD,cadastro ANAC
SP1520,SI57,CIAD,cadastro ANAC
RO0123,SI58,CIAD,cadastro ANAC
RS0230,SI59,CIAD,cadastro ANAC
PA0434,SI5A,CIAD,cadastro ANAC
GO0438,SI5B,CIAD,cadastro ANAC
GO0439,SI5C,CIAD,cadastro ANAC
TO0178,SI5E,CIAD,cadastro ANAC
PI0127,SI5F,CIAD,cadastro ANAC
MT1187,SI5G,CIAD,cadastro ANAC
MS0816,SI5H,CIAD,cadastro ANAC
GO0442,SI5J,CIAD,cadastro ANAC
MS0815,SI5K,CIAD,cadastro ANAC
MS0823,SI5L,CIAD,cadastro ANAC
MG0681,SI5N,CIAD,cadastro ANAC
TO0167,SI5R,CIAD,cadastro ANAC
MT0809,SI62,CIAD,cadastro ANAC
PI0090,SI63,CIAD,cadastro ANAC
MS0613,SI64,CIAD,cadastro ANAC
MS0619,SI66,CIAD,cadastro ANAC
PI0095,SI67,CIAD,cadastro ANAC
MT0612,SI68,CIAD,cadastro ANAC
MS0660,SI6A,CIAD,cadastro ANAC
MT0836,SI6D,CIAD,cadastro ANAC
PA0313,SI6E,CIAD,cadastro ANAC
TO0108,SI6F,CIAD,cadastro ANAC
GO0350,SI6H,CIAD,cadastro ANAC
MG0551,SI6J,CIAD,cadastro ANAC
MT0980,SI6K,CIAD,cadastro ANAC
RO0083,SI6L,CIAD,cadastro ANAC
TO0094,SI6M,CIAD,cadastro ANAC
MT0849,SI6N,CIAD,cadastro ANAC
MS0611,SI6O,CIAD,cadastro ANAC
PA0338,SI6P,CIAD,cadastro ANAC
GO0341,SI6Q,CIAD,cadastro ANAC
MT0832,SI6R,CIAD,cadastro ANAC
CE0147,SI6S,CIAD,cadastro ANAC
MT0824,SI6T,CIAD,cadastro ANAC
PB0034,SI6U,CIAD,cadastro ANAC
PA0332,SI6V,CIAD,cadastro ANAC
PR0222,SI72,CIAD,cadastro ANAC
MG0370,SI73,CIAD,cadastro ANAC
MS0630,SI76,CIAD,cadastro ANAC
MT0781,SI77,CIAD,cadastro ANAC
RR0136,SI78,CIAD,cadastro ANAC
MT0837,SI79,CIAD,cadastro ANAC
PI0089,SI7A,CIAD,cadastro ANAC
TO0113,SI7B,CIAD,cadastro ANAC
AM0107,SI7C,CIAD,cadastro ANAC
MT0825,SI7D,CIAD,cadastro ANAC
RO0061,SI7E,CIAD,cadastro ANAC
MS0620,SI7G,CIAD,cadastro ANAC
SP1333,SI7H,CIAD,cadastro ANAC
MT0966,SI7I,CIAD,cadastro ANAC
MS0646,SI7J,CIAD,cadastro ANAC
MT0967,SI7K,CIAD,cadastro ANAC
PA0331,SI7L,CIAD,cadastro ANAC
MG0511,SI7M,CIAD,cadastro ANAC
MT0823,SI7N,CIAD,cadastro ANAC
MT0971,SI7O,CIAD,cadastro ANAC
RR0127,SI7P,CIAD,cadastro ANAC
MT0844,SI7Q,CIAD,cadastro ANAC
MT0847,SI7R,CIAD,cadastro ANAC
MS0664,SI7S,CIAD,cadastro ANAC
AL0045,SI7T,CIAD,cadastro ANAC
PA0334,SI7U,CIAD,cadastro ANAC
MT0843,SI7V,CIAD,cadastro ANAC
TO0132,SI7X,CIAD,cadastro ANAC
MT0800,SI7Y,CIAD,cadastro ANAC
MT0957,SI7Z,CIAD,cadastro ANAC
MS0576,SI82,CIAD,cadastro ANAC
MT0834,SI83,CIAD,cadastro ANAC
GO0351,SI88,CIAD,cadastro ANAC
PA0321,SI89,CIAD,cadastro ANAC
MS0515,SI8A,CIAD,cadastro ANAC
MS0601,SI8B,CIAD,cadastro ANAC
BA0396,SI8C,CIAD,cadastro ANAC
MS0363,SI8E,CIAD,cadastro ANAC
MA0154,SI8F,CIAD,cadastro ANAC
MT0581,SI8G,CIAD,cadastro ANAC
MT0972,SI8H,CIAD,cadastro ANAC
MT0982,SI8I,CIAD,cadastro ANAC
MT0736,SI8J,CIAD,cadastro ANAC
MS0645,SI8L,CIAD,cadastro ANAC
SE0010,SI8M,CIAD,cadastro ANAC
MG0506,SI8N,CIAD,cadastro ANAC
BA0402,SI8P,CIAD,cadastro ANAC
BA0399,SI8Q,CIAD,cadastro ANAC
RS0199,SI8T,CIAD,cadastro ANAC
MS0552,SI8U,CIAD,cadastro ANAC
AM0101,SI8V,CIAD,cadastro ANAC
PI0111,SI8W,CIAD,cadastro ANAC
TO0117,SI8X,CIAD,cadastro ANAC
MT0978,SI8Y,CIAD,cadastro ANAC
PA0381,SI8Z,CIAD,cadastro ANAC
MT0848,SI92,CIAD,cadastro ANAC
BA0407,SI93,CIAD,cadastro ANAC
MT0855,SI94,CIAD,cadastro ANAC
MT0835,SI96,CIAD,cadastro ANAC
PI0092,SI97,CIAD,cadastro ANAC
MS0589,SI99,CIAD,cadastro ANAC
GO0347,SI9A,CIAD,cadastro ANAC
MG0562,SI9B,CIAD,cadastro ANAC
MS0677,SI9C,CIAD,cadastro ANAC
MT0859,SI9E,CIAD,cadastro ANAC
MT0863,SI9F,CIAD,cadastro ANAC
MS0642,SI9G,CIAD,cadastro ANAC
RS0212,SI9I,CIAD,cadastro ANAC
MG0563,SI9J,CIAD,cadastro ANAC
MT0969,SI9K,CIAD,cadastro ANAC
MA0156,SI9L,CIAD,cadastro ANAC
MG0561,SI9M,CIAD,cadastro ANAC
MS0639,SI9N,CIAD,cadastro ANAC
SP1462,SI9O,CIAD,cadastro ANAC
BA0395,SI9Q,CIAD,cadastro ANAC
MG0553,SI9R,CIAD,cadastro ANAC
RO0081,SI9S,CIAD,cadastro ANAC
MT0853,SI9T,CIAD,cadastro ANAC
PA0333,SI9U,CIAD,cadastro ANAC
RO0077,SI9V,CIAD,cadastro ANAC
MT0983,SI9W,CIAD,cadastro ANAC
MT0973,SI9X,CIAD,cadastro ANAC
MS0721,SI9Y,CIAD,cadastro ANAC
PR0242,SI9Z,CIAD,cadastro ANAC
MS0222,SIA3,CIAD,cadastro ANAC
MA0184,SIA6,CIAD,cadastro ANAC
RR0145,SIA7,CIAD,cadastro ANAC
MT0857,SIA9,CIAD,cadastro ANAC
SP0170,SIAB,CIAD,cadastro ANAC
MG0089,SIAC,CIAD,cadastro ANAC
MS0064,SIAD,CIAD,cadastro ANAC
GO0045,SIAG,CIAD,cadastro ANAC
PR0042,SIAI,CIAD,cadastro ANAC
BA0084,SIAJ,CIAD,cadastro ANAC
RJ0020,SIAN,CIAD,cadastro ANAC
MT0077,SIAP,CIAD,cadastro ANAC
MT0078,SIAQ,CIAD,cadastro ANAC
MS0066,SIAR,CIAD,cadastro ANAC
MT0574,SIAS,CIAD,cadastro ANAC
MT0626,SIAT,CIAD,cadastro ANAC
MT0079,SIAU,CIAD,cadastro ANAC
PA0041,SIAW,CIAD,cadastro ANAC
MG0471,SIAX,CIAD,cadastro ANAC
MT0674,SIAY,CIAD,cadastro ANAC
MT0080,SIAZ,CIAD,cadastro ANAC
MS0729,SIB2,CIAD,cadastro ANAC
MS0719,SIB3,CIAD,cadastro ANAC
MT0979,SIB4,CIAD,cadastro ANAC
MS0811,SIB5,CIAD,cadastro ANAC
MA0142,SIB6,CIAD,cadastro ANAC
PR0244,SIB7,CIAD,cadastro ANAC
MT0975,SIB8,CIAD,cadastro ANAC
RO0092,SIB9,CIAD,cadastro ANAC
MT0081,SIBA,CIAD,cadastro ANAC
SP0171,SIBC,CIAD,cadastro ANAC
SE0002,SIBI,CIAD,cadastro ANAC
MG0090,SIBJ,CIAD,cadastro ANAC
RS0058,SIBK,CIAD,cadastro ANAC
RO0011,SIBN,CIAD,cadastro ANAC
MG0091,SIBO,CIAD,cadastro ANAC
MT0082,SIBP,CIAD,cadastro ANAC
PB0012,SIBU,CIAD,cadastro ANAC
MS0067,SIBV,CIAD,cadastro ANAC
SP0172,SIBX,CIAD,cadastro ANAC
PB0009,SIBY,CIAD,cadastro ANAC
PB0010,SIBZ,CIAD,cadastro ANAC
MT0985,SIC3,CIAD,cadastro ANAC
MT0083,SICF,CIAD,cadastro ANAC
MT0084,SICJ,CIAD,cadastro ANAC
MG0092,SICK,CIAD,cadastro ANAC
MS0068,SICM,CIAD,cadastro ANAC
SP0173,SICN,CIAD,cadastro ANAC
MG0093,SICP,CIAD,cadastro ANAC
MT0502,SICQ,CIAD,cadastro ANAC
MT0085,SICR,CIAD,cadastro ANAC
MT0086,SICS,CIAD,cadastro ANAC
MG0094,SICU,CIAD,cadastro ANAC
GO0046,SICW,CIAD,cadastro ANAC
PA0042,SICY,CIAD,cadastro ANAC
MT0986,SID3,CIAD,cadastro ANAC
RR0151,SID4,CIAD,cadastro ANAC
MT0977,SID6,CIAD,cadastro ANAC
GO0306,SID7,CIAD,cadastro ANAC
PR0233,SID8,CIAD,cadastro ANAC
MT0988,SID9,CIAD,cadastro ANAC
MT0087,SIDF,CIAD,cadastro ANAC
RO0012,SIDG,CIAD,cadastro ANAC
PA0043,SIDJ,CIAD,cadastro ANAC
TO0017,SIDK,CIAD,cadastro ANAC
MT0088,SIDM,CIAD,cadastro ANAC
MS0069,SIDN,CIAD,cadastro ANAC
SP0174,SIDO,CIAD,cadastro ANAC
MS0070,SIDR,CIAD,cadastro ANAC
MG0095,SIDV,CIAD,cadastro ANAC
MT0089,SIDW,CIAD,cadastro ANAC
PR0043,SIDY,CIAD,cadastro ANAC
BA0085,SIDZ,CIAD,cadastro ANAC
MT0990,SIE2,CIAD,cadastro ANAC
MT0989,SIE3,CIAD,cadastro ANAC
MS0661,SIE4,CIAD,cadastro ANAC
MS0726,SIE6,CIAD,cadastro ANAC
PA0187,SIE8,CIAD,cadastro ANAC
SP0175,SIEA,CIAD,cadastro ANAC
MS0072,SIEB,CIAD,cadastro ANAC
MS0073,SIEC,CIAD,cadastro ANAC
MS0074,SIED,CIAD,cadastro ANAC
MS0075,SIEF,CIAD,cadastro ANAC
MG0096,SIEG,CIAD,cadastro ANAC
SP1264,SIEH,CIAD,cadastro ANAC
PA0044,SIEK,CIAD,cadastro ANAC
RO0013,SIEL,CIAD,cadastro ANAC
MT0091,SIEM,CIAD,cadastro ANAC
MS0076,SIEN,CIAD,cadastro ANAC
MG0097,SIEO,CIAD,cadastro ANAC
MT0092,SIEQ,CIAD,cadastro ANAC
MS0077,SIEV,CIAD,cadastro ANAC
AM0031,SIEW,CIAD,cadastro ANAC
MG0098,SIEX,CIAD,cadastro ANAC
SC0025,SIEZ,CIAD,cadastro ANAC
MT0407,SIF0,CIAD,cadastro ANAC
MT0963,SIF2,CIAD,cadastro ANAC
MT0873,SIF3,CIAD,cadastro ANAC
RO0094,SIF6,CIAD,cadastro ANAC
MT0856,SIF7,CIAD,cadastro ANAC
BA0456,SIF8,CIAD,cadastro ANAC
TO0134,SIF9,CIAD,cadastro ANAC
PE0013,SIFC,CIAD,cadastro ANAC
MS0080,SIFE,CIAD,cadastro ANAC
RS0059,SIFF,CIAD,cadastro ANAC
MT0093,SIFJ,CIAD,cadastro ANAC
MS0081,SIFM,CIAD,cadastro ANAC
MS0082,SIFN,CIAD,cadastro ANAC
RS0060,SIFQ,CIAD,cadastro ANAC
MT0094,SIFT,CIAD,cadastro ANAC
RJ0021,SIFU,CIAD,cadastro ANAC
ES0008,SIFV,CIAD,cadastro ANAC
MS0084,SIFW,CIAD,cadastro ANAC
PA0045,SIFX,CIAD,cadastro ANAC
SP1463,SIG2,CIAD,cadastro ANAC
BA0455,SIG3,CIAD,cadastro ANAC
PA0372,SIG4,CIAD,cadastro ANAC
PA0449,SIG5,CIAD,cadastro ANAC
RR0118,SIG6,CIAD,cadastro ANAC
TO0136,SIG7,CIAD,cadastro ANAC
PI0104,SIG8,CIAD,cadastro ANAC
PA0385,SIG9,CIAD,cadastro ANAC
MG0099,SIGA,CIAD,cadastro ANAC
TO0018,SIGE,CIAD,cadastro ANAC
GO0047,SIGF,CIAD,cadastro ANAC
MT0488,SIGG,CIAD,cadastro ANAC
SP1271,SIGL,CIAD,cadastro ANAC
GO0049,SIGS,CIAD,cadastro ANAC
PI0020,SIGW,CIAD,cadastro ANAC
MT0095,SIGX,CIAD,cadastro ANAC
SP0178,SIGY,CIAD,cadastro ANAC
TO0137,SIH2,CIAD,cadastro ANAC
MT0991,SIH3,CIAD,cadastro ANAC
PA0389,SIH6,CIAD,cadastro ANAC
MT0997,SIH8,CIAD,cadastro ANAC
RS0061,SIHA,CIAD,cadastro ANAC
MA0019,SIHB,CIAD,cadastro ANAC
PA0046,SIHI,CIAD,cadastro ANAC
SP0179,SIHP,CIAD,cadastro ANAC
MT0490,SIHX,CIAD,cadastro ANAC
SP0181,SIHY,CIAD,cadastro ANAC
PA0344,SII2,CIAD,cadastro ANAC
GO0373,SII3,CIAD,cadastro ANAC
MG0598,SII4,CIAD,cadastro ANAC
GO0375,SII6,CIAD,cadastro ANAC
MA0186,SII8,CIAD,cadastro ANAC
MT0790,SII9,CIAD,cadastro ANAC
MT0097,SIIA,CIAD,cadastro ANAC
BA0087,SIIC,CIAD,cadastro ANAC
RS0062,SIID,CIAD,cadastro ANAC
MS0085,SIIE,CIAD,cadastro ANAC
SP0182,SIIG,CIAD,cadastro ANAC
SP0183,SIII,CIAD,cadastro ANAC
MS0086,SIIJ,CIAD,cadastro ANAC
MS0087,SIIK,CIAD,cadastro ANAC
RO0050,SIIN,CIAD,cadastro ANAC
MG0100,SIIP,CIAD,cadastro ANAC
PR0044,SIIS,CIAD,cadastro ANAC
MS0088,SIIT,CIAD,cadastro ANAC
GO0050,SIIZ,CIAD,cadastro ANAC
GO0374,SIJ2,CIAD,cadastro ANAC
SP1465,SIJ3,CIAD,cadastro ANAC
MS0731,SIJ4,CIAD,cadastro ANAC
MT1002,SIJ6,CIAD,cadastro ANAC
MT0994,SIJ7,CIAD,cadastro ANAC
AP0027,SIJ8,CIAD,cadastro ANAC
PA0047,SIJA,CIAD,cadastro ANAC
MS0089,SIJE,CIAD,cadastro ANAC
SP0184,SIJG,CIAD,cadastro ANAC
MS0090,SIJJ,CIAD,cadastro ANAC
BA0088,SIJK,CIAD,cadastro ANAC
RJ0022,SIJL,CIAD,cadastro ANAC
SC0026,SIJN,CIAD,cadastro ANAC
MS0091,SIJO,CIAD,cadastro ANAC
MT0099,SIJQ,CIAD,cadastro ANAC
PR0045,SIJR,CIAD,cadastro ANAC
MT0100,SIJU,CIAD,cadastro ANAC
MS0092,SIJV,CIAD,cadastro ANAC
MS0093,SIJW,CIAD,cadastro ANAC
SC0027,SIJY,CIAD,cadastro ANAC
PA0049,SIJZ,CIAD,cadastro ANAC
AP0026,SIK2,CIAD,cadastro ANAC
MA0185,SIK4,CIAD,cadastro ANAC
RO0093,SIK6,CIAD,cadastro ANAC
RS0209,SIK7,CIAD,cadastro ANAC
MT0998,SIK8,CIAD,cadastro ANAC
MS0727,SIK9,CIAD,cadastro ANAC
MS0094,SIKA,CIAD,cadastro ANAC
CE0015,SIKI,CIAD,cadastro ANAC
MT0101,SIKJ,CIAD,cadastro ANAC
MG0102,SIKK,CIAD,cadastro ANAC
MA0020,SIKM,CIAD,cadastro ANAC
MA0021,SIKN,CIAD,cadastro ANAC
MS0095,SIKO,CIAD,cadastro ANAC
MS0096,SIKP,CIAD,cadastro ANAC
MT0102,SIKQ,CIAD,cadastro ANAC
MS0508,SIKR,CIAD,cadastro ANAC
MT0649,SIKS,CIAD,cadastro ANAC
MT0499,SIKU,CIAD,cadastro ANAC
BA0089,SIKW,CIAD,cadastro ANAC
MT0103,SIKX,CIAD,cadastro ANAC
MG0642,SIL1,CIAD,cadastro ANAC
MT0981,SIL2,CIAD,cadastro ANAC
MT0968,SIL3,CIAD,cadastro ANAC
MT0478,SIL4,CIAD,cadastro ANAC
MT0958,SIL6,CIAD,cadastro ANAC
MT1003,SIL8,CIAD,cadastro ANAC
MG0533,SIL9,CIAD,cadastro ANAC
MS0097,SILA,CIAD,cadastro ANAC
BA0090,SILB,CIAD,cadastro ANAC
MT0025,SILC,CIAD,cadastro ANAC
SP0865,SILD,CIAD,cadastro ANAC
MT0104,SILG,CIAD,cadastro ANAC
PI0021,SILI,CIAD,cadastro ANAC
AP0003,SILJ,CIAD,cadastro ANAC
SC0028,SILN,CIAD,cadastro ANAC
GO0184,SILO,CIAD,cadastro ANAC
PR0046,SILQ,CIAD,cadastro ANAC
MT0105,SILS,CIAD,cadastro ANAC
MS0098,SILU,CIAD,cadastro ANAC
BA0267,SILY,CIAD,cadastro ANAC
TO0019,SILZ,CIAD,cadastro ANAC
PR0255,SIM0,CIAD,cadastro ANAC
MT0987,SIM2,CIAD,cadastro ANAC
PI0097,SIM3,CIAD,cadastro ANAC
MT1001,SIM4,CIAD,cadastro ANAC
TO0135,SIM6,CIAD,cadastro ANAC
CE0165,SIM7,CIAD,cadastro ANAC
PA0382,SIM8,CIAD,cadastro ANAC
MT0974,SIM9,CIAD,cadastro ANAC
MT0106,SIMA,CIAD,cadastro ANAC
AC0007,SIMB,CIAD,cadastro ANAC
MA0023,SIME,CIAD,cadastro ANAC
PI0022,SIMF,CIAD,cadastro ANAC
MS0099,SIMG,CIAD,cadastro ANAC
MG0103,SIMJ,CIAD,cadastro ANAC
SP0011,SIMK,CIAD,cadastro ANAC
MT0107,SIML,CIAD,cadastro ANAC
MT0108,SIMN,CIAD,cadastro ANAC
PR0048,SIMO,CIAD,cadastro ANAC
MS0489,SIMP,CIAD,cadastro ANAC
MS0100,SIMQ,CIAD,cadastro ANAC
GO0051,SIMR,CIAD,cadastro ANAC
MS0101,SIMS,CIAD,cadastro ANAC
MS0102,SIMU,CIAD,cadastro ANAC
MG0104,SIMV,CIAD,cadastro ANAC
MS0103,SIMW,CIAD,cadastro ANAC
MT0109,SIMX,CIAD,cadastro ANAC
MS0104,SIMY,CIAD,cadastro ANAC
MS0105,SIMZ,CIAD,cadastro ANAC
MT1004,SIN2,CIAD,cadastro ANAC
PA0391,SIN3,CIAD,cadastro ANAC
TO0138,SIN4,CIAD,cadastro ANAC
RR0149,SIN6,CIAD,cadastro ANAC
MT1006,SIN7,CIAD,cadastro ANAC
MS0349,SIN8,CIAD,cadastro ANAC
PA0180,SIN9,CIAD,cadastro ANAC
DF0004,SINA,CIAD,cadastro ANAC
SC0029,SINC,CIAD,cadastro ANAC
SP0187,SING,CIAD,cadastro ANAC
MS0106,SINH,CIAD,cadastro ANAC
MS0107,SINI,CIAD,cadastro ANAC
SP0188,SINK,CIAD,cadastro ANAC
MG0452,SINM,CIAD,cadastro ANAC
SC0030,SINN,CIAD,cadastro ANAC
PR0049,SINP,CIAD,cadastro ANAC
AP0004,SINQ,CIAD,cadastro ANAC
MT0110,SINR,CIAD,cadastro ANAC
MT0111,SINS,CIAD,cadastro ANAC
GO0052,SINT,CIAD,cadastro ANAC
GO0053,SINV,CIAD,cadastro ANAC
PR0050,SINZ,CIAD,cadastro ANAC
CE0176,SIO2,CIAD,cadastro ANAC
PR0245,SIO4,CIAD,cadastro ANAC
MT1014,SIO6,CIAD,cadastro ANAC
MT1012,SIO7,CIAD,cadastro ANAC
MT1010,SIO8,CIAD,cadastro ANAC
BA0091,SIOA,CIAD,cadastro ANAC
SP0189,SIOB,CIAD,cadastro ANAC
SP0190,SIOC,CIAD,cadastro ANAC
PR0051,SIOE,CIAD,cadastro ANAC
MT0112,SIOG,CIAD,cadastro ANAC
MS0109,SIOI,CIAD,cadastro ANAC
MG0105,SIOJ,CIAD,cadastro ANAC
MG0106,SIOK,CIAD,cadastro ANAC
MS0110,SIOL,CIAD,cadastro ANAC
BA0092,SIOM,CIAD,cadastro ANAC
MS0111,SIOO,CIAD,cadastro ANAC
MT0113,SIOP,CIAD,cadastro ANAC
SP0191,SIOR,CIAD,cadastro ANAC
MS0114,SIOT,CIAD,cadastro ANAC
PA0050,SIOU,CIAD,cadastro ANAC
PA0051,SIOZ,CIAD,cadastro ANAC
MT1022,SIP2,CIAD,cadastro ANAC
MT1016,SIP3,CIAD,cadastro ANAC
RR0152,SIP6,CIAD,cadastro ANAC
PA0392,SIP7,CIAD,cadastro ANAC
TO0129,SIP8,CIAD,cadastro ANAC
PI0113,SIP9,CIAD,cadastro ANAC
SP0192,SIPA,CIAD,cadastro ANAC
MA0024,SIPB,CIAD,cadastro ANAC
MT0115,SIPG,CIAD,cadastro ANAC
BA0093,SIPH,CIAD,cadastro ANAC
RS0064,SIPJ,CIAD,cadastro ANAC
MT0116,SIPK,CIAD,cadastro ANAC
PA0052,SIPL,CIAD,cadastro ANAC
MS0115,SIPN,CIAD,cadastro ANAC
BA0094,SIPO,CIAD,cadastro ANAC
MG0312,SIPP,CIAD,cadastro ANAC
RS0065,SIPR,CIAD,cadastro ANAC
BA0095,SIPU,CIAD,cadastro ANAC
MT0566,SIPV,CIAD,cadastro ANAC
PI0023,SIPW,CIAD,cadastro ANAC
PA0053,SIPY,CIAD,cadastro ANAC
BA0422,SIQ2,CIAD,cadastro ANAC
MT0996,SIQ3,CIAD,cadastro ANAC
MS0737,SIQ4,CIAD,cadastro ANAC
MS0733,SIQ6,CIAD,cadastro ANAC
BA0459,SIQ8,CIAD,cadastro ANAC
RS0207,SIQ9,CIAD,cadastro ANAC
DF0005,SIQE,CIAD,cadastro ANAC
SP0193,SIQF,CIAD,cadastro ANAC
MS0119,SIQG,CIAD,cadastro ANAC
MS0120,SIQH,CIAD,cadastro ANAC
RS0066,SIQI,CIAD,cadastro ANAC
MT0117,SIQJ,CIAD,cadastro ANAC
SP0194,SIQK,CIAD,cadastro ANAC
MS0121,SIQO,CIAD,cadastro ANAC
RJ0023,SIQQ,CIAD,cadastro ANAC
MT0118,SIQR,CIAD,cadastro ANAC
MT0119,SIQS,CIAD,cadastro ANAC
MS0122,SIQU,CIAD,cadastro ANAC
MT0120,SIQV,CIAD,cadastro ANAC
AL0004,SIQX,CIAD,cadastro ANAC
MT0121,SIQY,CIAD,cadastro ANAC
PI0024,SIQZ,CIAD,cadastro ANAC
MA0188,SIR3,CIAD,cadastro ANAC
MT1018,SIR4,CIAD,cadastro ANAC
MS0610,SIR7,CIAD,cadastro ANAC
BA0351,SIR8,CIAD,cadastro ANAC
PA0393,SIR9,CIAD,cadastro ANAC
MT0122,SIRA,CIAD,cadastro ANAC
MS0123,SIRC,CIAD,cadastro ANAC
RS0067,SIRD,CIAD,cadastro ANAC
PE0015,SIRF,CIAD,cadastro ANAC
MS0124,SIRH,CIAD,cadastro ANAC
BA0096,SIRI,CIAD,cadastro ANAC
MT0123,SIRM,CIAD,cadastro ANAC
MT0124,SIRN,CIAD,cadastro ANAC
MT0125,SIRQ,CIAD,cadastro ANAC
RR0031,SIRR,CIAD,cadastro ANAC
MG0107,SIRS,CIAD,cadastro ANAC
MT0126,SIRT,CIAD,cadastro ANAC
MT0127,SIRV,CIAD,cadastro ANAC
MT0128,SIRX,CIAD,cadastro ANAC
MT1019,SIS2,CIAD,cadastro ANAC
BA0461,SIS3,CIAD,cadastro ANAC
MA0180,SIS6,CIAD,cadastro ANAC
MT1009,SIS7,CIAD,cadastro ANAC
RR0153,SIS8,CIAD,cadastro ANAC
MG0584,SIS9,CIAD,cadastro ANAC
PA0055,SISA,CIAD,cadastro ANAC
GO0054,SISD,CIAD,cadastro ANAC
SE0003,SISG,CIAD,cadastro ANAC
MS0125,SISJ,CIAD,cadastro ANAC
GO0055,SISK,CIAD,cadastro ANAC
MT0129,SISL,CIAD,cadastro ANAC
AP0005,SISM,CIAD,cadastro ANAC
MG0304,SISN,CIAD,cadastro ANAC
PA0056,SISO,CIAD,cadastro ANAC
PA0057,SISR,CIAD,cadastro ANAC
MT0504,SISS,CIAD,cadastro ANAC
MG0108,SISU,CIAD,cadastro ANAC
MT0130,SISV,CIAD,cadastro ANAC
MT0131,SISW,CIAD,cadastro ANAC
MS0126,SISX,CIAD,cadastro ANAC
PR0052,SISY,CIAD,cadastro ANAC
MT0950,SIT2,CIAD,cadastro ANAC
MS0740,SIT3,CIAD,cadastro ANAC
PA0401,SIT4,CIAD,cadastro ANAC
MT1028,SIT6,CIAD,cadastro ANAC
MT1027,SIT7,CIAD,cadastro ANAC
MA0190,SIT8,CIAD,cadastro ANAC
MT0217,SIT9,CIAD,cadastro ANAC
MG0109,SITA,CIAD,cadastro ANAC
MS0127,SITB,CIAD,cadastro ANAC
MT0132,SITC,CIAD,cadastro ANAC
MS0128,SITF,CIAD,cadastro ANAC
BA0242,SITH,CIAD,cadastro ANAC
MG0110,SITI,CIAD,cadastro ANAC
MS0129,SITJ,CIAD,cadastro ANAC
MS0130,SITL,CIAD,cadastro ANAC
SP1268,SITM,CIAD,cadastro ANAC
GO0056,SITR,CIAD,cadastro ANAC
MT0578,SITS,CIAD,cadastro ANAC
PA0058,SITT,CIAD,cadastro ANAC
GO0057,SITU,CIAD,cadastro ANAC
MS0131,SITV,CIAD,cadastro ANAC
MS0132,SITX,CIAD,cadastro ANAC
MS0117,SIU2,CIAD,cadastro ANAC
BA0464,SIU4,CIAD,cadastro ANAC
MS0741,SIU6,CIAD,cadastro ANAC
MT1031,SIU7,CIAD,cadastro ANAC
MT1025,SIU9,CIAD,cadastro ANAC
RS0068,SIUA,CIAD,cadastro ANAC
MT0133,SIUB,CIAD,cadastro ANAC
MG0111,SIUC,CIAD,cadastro ANAC
MT0134,SIUF,CIAD,cadastro ANAC
CE0016,SIUH,CIAD,cadastro ANAC
RS0069,SIUL,CIAD,cadastro ANAC
MA0025,SIUM,CIAD,cadastro ANAC
MT0135,SIUO,CIAD,cadastro ANAC
MT0136,SIUQ,CIAD,cadastro ANAC
MS0133,SIUR,CIAD,cadastro ANAC
BA0098,SIUS,CIAD,cadastro ANAC
MT0137,SIUU,CIAD,cadastro ANAC
MT0138,SIUV,CIAD,cadastro ANAC
BA0099,SIUW,CIAD,cadastro ANAC
MT0139,SIUY,CIAD,cadastro ANAC
GO0379,SIV3,CIAD,cadastro ANAC
BA0460,SIV4,CIAD,cadastro ANAC
MT1033,SIV7,CIAD,cadastro ANAC
MS0735,SIV8,CIAD,cadastro ANAC
GO0380,SIV9,CIAD,cadastro ANAC
MS0134,SIVD,CIAD,cadastro ANAC
MT0140,SIVF,CIAD,cadastro ANAC
MT0141,SIVG,CIAD,cadastro ANAC
MG0112,SIVJ,CIAD,cadastro ANAC
MS0135,SIVK,CIAD,cadastro ANAC
MG0113,SIVN,CIAD,cadastro ANAC
MT0142,SIVO,CIAD,cadastro ANAC
GO0058,SIVP,CIAD,cadastro ANAC
SP0197,SIVQ,CIAD,cadastro ANAC
PA0060,SIVR,CIAD,cadastro ANAC
ES0009,SIVU,CIAD,cadastro ANAC
MT0143,SIVV,CIAD,cadastro ANAC
SP0198,SIVW,CIAD,cadastro ANAC
MT0144,SIVY,CIAD,cadastro ANAC
RS0070,SIVZ,CIAD,cadastro ANAC
PA0336,SIW2,CIAD,cadastro ANAC
GO0211,SIW3,CIAD,cadastro ANAC
MS0743,SIW4,CIAD,cadastro ANAC
MT1013,SIW6,CIAD,cadastro ANAC
MT1024,SIW7,CIAD,cadastro ANAC
MS0738,SIW8,CIAD,cadastro ANAC
MT1034,SIW9,CIAD,cadastro ANAC
MT0145,SIWA,CIAD,cadastro ANAC
MS0136,SIWB,CIAD,cadastro ANAC
MG0114,SIWC,CIAD,cadastro ANAC
MA0026,SIWD,CIAD,cadastro ANAC
MG0115,SIWH,CIAD,cadastro ANAC
PA0061,SIWK,CIAD,cadastro ANAC
RO0014,SIWO,CIAD,cadastro ANAC
MS0137,SIWQ,CIAD,cadastro ANAC
GO0060,SIWR,CIAD,cadastro ANAC
MT0146,SIWS,CIAD,cadastro ANAC
MT0147,SIWT,CIAD,cadastro ANAC
MS0412,SIWU,CIAD,cadastro ANAC
RJ0024,SIWV,CIAD,cadastro ANAC
MT0467,SIWX,CIAD,cadastro ANAC
MS0139,SIWZ,CIAD,cadastro ANAC
PA0404,SIX6,CIAD,cadastro ANAC
RR0150,SIX7,CIAD,cadastro ANAC
MT1037,SIX8,CIAD,cadastro ANAC
MT1035,SIX9,CIAD,cadastro ANAC
SP0199,SIXA,CIAD,cadastro ANAC
MT0148,SIXB,CIAD,cadastro ANAC
RS0071,SIXD,CIAD,cadastro ANAC
RS0072,SIXE,CIAD,cadastro ANAC
MS0140,SIXF,CIAD,cadastro ANAC
GO0061,SIXG,CIAD,cadastro ANAC
PA0062,SIXI,CIAD,cadastro ANAC
MS0141,SIXK,CIAD,cadastro ANAC
PA0063,SIXL,CIAD,cadastro ANAC
MT0149,SIXM,CIAD,cadastro ANAC
MT0150,SIXO,CIAD,cadastro ANAC
MS0506,SIXR,CIAD,cadastro ANAC
MT0151,SIXU,CIAD,cadastro ANAC
MS0143,SIXV,CIAD,cadastro ANAC
MT0152,SIXZ,CIAD,cadastro ANAC
BA0462,SIY2,CIAD,cadastro ANAC
BA0458,SIY7,CIAD,cadastro ANAC
TO0140,SIY8,CIAD,cadastro ANAC
PA0402,SIY9,CIAD,cadastro ANAC
RO0064,SIYA,CIAD,cadastro ANAC
MT0153,SIYD,CIAD,cadastro ANAC
SP0200,SIYE,CIAD,cadastro ANAC
GO0062,SIYF,CIAD,cadastro ANAC
MS0145,SIYH,CIAD,cadastro ANAC
GO0181,SIYI,CIAD,cadastro ANAC
GO0063,SIYK,CIAD,cadastro ANAC
PR0053,SIYM,CIAD,cadastro ANAC
PE0016,SIYN,CIAD,cadastro ANAC
GO0064,SIYO,CIAD,cadastro ANAC
PA0064,SIYR,CIAD,cadastro ANAC
TO0022,SIYS,CIAD,cadastro ANAC
AM0032,SIYW,CIAD,cadastro ANAC
MS0414,SIYX,CIAD,cadastro ANAC
AM0040,SIZ2,CIAD,cadastro ANAC
RO0101,SIZ3,CIAD,cadastro ANAC
RR0156,SIZ4,CIAD,cadastro ANAC
TO0142,SIZ6,CIAD,cadastro ANAC
MS0746,SIZ7,CIAD,cadastro ANAC
GO0310,SIZ8,CIAD,cadastro ANAC
MT1039,SIZ9,CIAD,cadastro ANAC
MT0154,SIZA,CIAD,cadastro ANAC
BA0100,SIZC,CIAD,cadastro ANAC
SC0103,SIZD,CIAD,cadastro ANAC
MT0475,SIZG,CIAD,cadastro ANAC
MS0146,SIZH,CIAD,cadastro ANAC
GO0282,SIZI,CIAD,cadastro ANAC
MT0156,SIZK,CIAD,cadastro ANAC
SP0201,SIZL,CIAD,cadastro ANAC
PR0054,SIZM,CIAD,cadastro ANAC
GO0296,SIZN,CIAD,cadastro ANAC
MT0157,SIZO,CIAD,cadastro ANAC
MT0158,SIZP,CIAD,cadastro ANAC
SP0202,SIZQ,CIAD,cadastro ANAC
MS0147,SIZR,CIAD,cadastro ANAC
MT0159,SIZS,CIAD,cadastro ANAC
MT0160,SIZU,CIAD,cadastro ANAC
MT0018,SIZX,CIAD,cadastro ANAC
MS0808,SJ08,CIAD,cadastro ANAC
MT1153,SJ0C,CIAD,cadastro ANAC
MS0810,SJ10,CIAD,cadastro ANAC
MS0791,SJ12,CIAD,cadastro ANAC
TO0164,SJ14,CIAD,cadastro ANAC
GO0415,SJ15,CIAD,cadastro ANAC
RO0119,SJ19,CIAD,cadastro ANAC
RS0229,SJ1B,CIAD,cadastro ANAC
MS0790,SJ1C,CIAD,cadastro ANAC
RO0120,SJ1E,CIAD,cadastro ANAC
GO0419,SJ1F,CIAD,cadastro ANAC
MG0677,SJ1L,CIAD,cadastro ANAC
MG0667,SJ1M,CIAD,cadastro ANAC
MT1149,SJ1O,CIAD,cadastro ANAC
BA0525,SJ1P,CIAD,cadastro ANAC
GO0101,SJ1R,CIAD,cadastro ANAC
MT0794,SJ22,CIAD,cadastro ANAC
BA0397,SJ23,CIAD,cadastro ANAC
PA0311,SJ27,CIAD,cadastro ANAC
GO0353,SJ28,CIAD,cadastro ANAC
MT0854,SJ29,CIAD,cadastro ANAC
MS0641,SJ2A,CIAD,cadastro ANAC
RN0019,SJ2C,CIAD,cadastro ANAC
MS0624,SJ2F,CIAD,cadastro ANAC
AM0109,SJ2G,CIAD,cadastro ANAC
TO0130,SJ2I,CIAD,cadastro ANAC
MS0651,SJ2J,CIAD,cadastro ANAC
BA0376,SJ2K,CIAD,cadastro ANAC
PA0346,SJ2M,CIAD,cadastro ANAC
PB0035,SJ2N,CIAD,cadastro ANAC
TO0143,SJ2O,CIAD,cadastro ANAC
TO0111,SJ2P,CIAD,cadastro ANAC
PE0103,SJ2R,CIAD,cadastro ANAC
MT0852,SJ2S,CIAD,cadastro ANAC
MS0622,SJ2T,CIAD,cadastro ANAC
MT0814,SJ2U,CIAD,cadastro ANAC
GO0354,SJ2V,CIAD,cadastro ANAC
RR0125,SJ2W,CIAD,cadastro ANAC
MS0632,SJ2X,CIAD,cadastro ANAC
SP0039,SJ2Y,CIAD,cadastro ANAC
RS0187,SJ32,CIAD,cadastro ANAC
AM0106,SJ33,CIAD,cadastro ANAC
MT0799,SJ34,CIAD,cadastro ANAC
MT0804,SJ36,CIAD,cadastro ANAC
MA0139,SJ37,CIAD,cadastro ANAC
MG0167,SJ38,CIAD,cadastro ANAC
MT0865,SJ39,CIAD,cadastro ANAC
MS0691,SJ3A,CIAD,cadastro ANAC
PE0100,SJ3B,CIAD,cadastro ANAC
MS0607,SJ3C,CIAD,cadastro ANAC
BA0417,SJ3D,CIAD,cadastro ANAC
RS0133,SJ3E,CIAD,cadastro ANAC
AP0022,SJ3F,CIAD,cadastro ANAC
MS0583,SJ3G,CIAD,cadastro ANAC
PA0350,SJ3J,CIAD,cadastro ANAC
TO0110,SJ3K,CIAD,cadastro ANAC
BA0413,SJ3L,CIAD,cadastro ANAC
RR0129,SJ3M,CIAD,cadastro ANAC
MS0598,SJ3N,CIAD,cadastro ANAC
MS0732,SJ3O,CIAD,cadastro ANAC
GO0320,SJ3P,CIAD,cadastro ANAC
GO0321,SJ3Q,CIAD,cadastro ANAC
RO0056,SJ3R,CIAD,cadastro ANAC
PA0347,SJ3S,CIAD,cadastro ANAC
MS0652,SJ3T,CIAD,cadastro ANAC
PA0345,SJ3U,CIAD,cadastro ANAC
MG0568,SJ3V,CIAD,cadastro ANAC
BA0390,SJ3X,CIAD,cadastro ANAC
SP1443,SJ3Y,CIAD,cadastro ANAC
BA0414,SJ3Z,CIAD,cadastro ANAC
MT0842,SJ42,CIAD,cadastro ANAC
MA0147,SJ43,CIAD,cadastro ANAC
AM0110,SJ44,CIAD,cadastro ANAC
GO0349,SJ46,CIAD,cadastro ANAC
MT0817,SJ48,CIAD,cadastro ANAC
GO0319,SJ49,CIAD,cadastro ANAC
RR0134,SJ4B,CIAD,cadastro ANAC
MS0618,SJ4C,CIAD,cadastro ANAC
MA0141,SJ4D,CIAD,cadastro ANAC
PI0055,SJ4E,CIAD,cadastro ANAC
MS0587,SJ4F,CIAD,cadastro ANAC
RO0084,SJ4H,CIAD,cadastro ANAC
PA0266,SJ4J,CIAD,cadastro ANAC
PR0085,SJ4K,CIAD,cadastro ANAC
AL0038,SJ4L,CIAD,cadastro ANAC
RS0186,SJ4M,CIAD,cadastro ANAC
PA0279,SJ4N,CIAD,cadastro ANAC
MT0841,SJ4P,CIAD,cadastro ANAC
GO0329,SJ4Q,CIAD,cadastro ANAC
MS0574,SJ4R,CIAD,cadastro ANAC
PR0191,SJ4S,CIAD,cadastro ANAC
GO0336,SJ4T,CIAD,cadastro ANAC
MT0756,SJ4U,CIAD,cadastro ANAC
MG0552,SJ4W,CIAD,cadastro ANAC
MG0541,SJ4X,CIAD,cadastro ANAC
GO0028,SJ4Y,CIAD,cadastro ANAC
PI0072,SJ4Z,CIAD,cadastro ANAC
TO0146,SJ5D,CIAD,cadastro ANAC
PR0212,SJ62,CIAD,cadastro ANAC
PA0291,SJ63,CIAD,cadastro ANAC
MG0540,SJ64,CIAD,cadastro ANAC
MA0128,SJ66,CIAD,cadastro ANAC
MT0793,SJ68,CIAD,cadastro ANAC
MS0564,SJ69,CIAD,cadastro ANAC
PA0253,SJ6A,CIAD,cadastro ANAC
PA0324,SJ6B,CIAD,cadastro ANAC
PA0330,SJ6D,CIAD,cadastro ANAC
MT0807,SJ6E,CIAD,cadastro ANAC
MS0546,SJ6F,CIAD,cadastro ANAC
MT0725,SJ6G,CIAD,cadastro ANAC
MS0567,SJ6H,CIAD,cadastro ANAC
MG0599,SJ6I,CIAD,cadastro ANAC
RO0079,SJ6K,CIAD,cadastro ANAC
GO0323,SJ6L,CIAD,cadastro ANAC
MT0782,SJ6M,CIAD,cadastro ANAC
PA0314,SJ6N,CIAD,cadastro ANAC
GO0328,SJ6P,CIAD,cadastro ANAC
MG0512,SJ6Q,CIAD,cadastro ANAC
MT0796,SJ6R,CIAD,cadastro ANAC
TO0099,SJ6S,CIAD,cadastro ANAC
MT0816,SJ6U,CIAD,cadastro ANAC
GO0217,SJ6V,CIAD,cadastro ANAC
MT0712,SJ6X,CIAD,cadastro ANAC
PA0360,SJ6Y,CIAD,cadastro ANAC
BA0387,SJ6Z,CIAD,cadastro ANAC
PI0069,SJ73,CIAD,cadastro ANAC
TO0115,SJ74,CIAD,cadastro ANAC
MG0658,SJ75,CIAD,cadastro ANAC
MT0771,SJ76,CIAD,cadastro ANAC
PI0103,SJ77,CIAD,cadastro ANAC
TO0112,SJ78,CIAD,cadastro ANAC
MS0654,SJ79,CIAD,cadastro ANAC
BA0430,SJ7A,CIAD,cadastro ANAC
MS0621,SJ7D,CIAD,cadastro ANAC
MS0672,SJ7F,CIAD,cadastro ANAC
MS0687,SJ7G,CIAD,cadastro ANAC
MT0881,SJ7I,CIAD,cadastro ANAC
MS0742,SJ7O,CIAD,cadastro ANAC
MS0696,SJ7Q,CIAD,cadastro ANAC
MS0699,SJ7R,CIAD,cadastro ANAC
MS0673,SJ7T,CIAD,cadastro ANAC
MS0695,SJ7U,CIAD,cadastro ANAC
MT0726,SJ7V,CIAD,cadastro ANAC
BA0060,SJ7W,CIAD,cadastro ANAC
BA0039,SJ7Z,CIAD,cadastro ANAC
MS0636,SJ82,CIAD,cadastro ANAC
MT0830,SJ83,CIAD,cadastro ANAC
MT0871,SJ84,CIAD,cadastro ANAC
MT0868,SJ89,CIAD,cadastro ANAC
BA0418,SJ8A,CIAD,cadastro ANAC
AM0100,SJ8B,CIAD,cadastro ANAC
MA0153,SJ8F,CIAD,cadastro ANAC
CE0175,SJ8I,CIAD,cadastro ANAC
MS0637,SJ8J,CIAD,cadastro ANAC
MS0616,SJ8K,CIAD,cadastro ANAC
MS0517,SJ8L,CIAD,cadastro ANAC
MT0279,SJ8N,CIAD,cadastro ANAC
RO0096,SJ8O,CIAD,cadastro ANAC
MT0840,SJ8P,CIAD,cadastro ANAC
RR0133,SJ8Q,CIAD,cadastro ANAC
MT0818,SJ8R,CIAD,cadastro ANAC
RR0143,SJ8T,CIAD,cadastro ANAC
MS0690,SJ8U,CIAD,cadastro ANAC
PI0099,SJ8V,CIAD,cadastro ANAC
TO0116,SJ8W,CIAD,cadastro ANAC
GO0317,SJ8X,CIAD,cadastro ANAC
MS0688,SJ8Y,CIAD,cadastro ANAC
MT0906,SJ8Z,CIAD,cadastro ANAC
MT0896,SJ92,CIAD,cadastro ANAC
MT0862,SJ93,CIAD,cadastro ANAC
GO0026,SJ94,CIAD,cadastro ANAC
PR0238,SJ96,CIAD,cadastro ANAC
MS0251,SJ97,CIAD,cadastro ANAC
RS0202,SJ98,CIAD,cadastro ANAC
MA0159,SJ99,CIAD,cadastro ANAC
AM0111,SJ9A,CIAD,cadastro ANAC
MT0878,SJ9B,CIAD,cadastro ANAC
RO0087,SJ9C,CIAD,cadastro ANAC
MT0870,SJ9G,CIAD,cadastro ANAC
GO0299,SJ9H,CIAD,cadastro ANAC
GO0371,SJ9I,CIAD,cadastro ANAC
PI0098,SJ9J,CIAD,cadastro ANAC
SP1441,SJ9K,CIAD,cadastro ANAC
BA0431,SJ9L,CIAD,cadastro ANAC
MA0167,SJ9M,CIAD,cadastro ANAC
MT0890,SJ9N,CIAD,cadastro ANAC
MT0909,SJ9P,CIAD,cadastro ANAC
MG0588,SJ9R,CIAD,cadastro ANAC
BA0438,SJ9U,CIAD,cadastro ANAC
MT0912,SJ9V,CIAD,cadastro ANAC
MA0138,SJ9X,CIAD,cadastro ANAC
MA0130,SJ9Y,CIAD,cadastro ANAC
SP0929,SJ9Z,CIAD,cadastro ANAC
MT1154,SJA1,CIAD,cadastro ANAC
BA0055,SJA2,CIAD,cadastro ANAC
MA0145,SJA3,CIAD,cadastro ANAC
MT0831,SJA8,CIAD,cadastro ANAC
MT0833,SJA9,CIAD,cadastro ANAC
PA0065,SJAC,CIAD,cadastro ANAC
MT0162,SJAF,CIAD,cadastro ANAC
MA0027,SJAH,CIAD,cadastro ANAC
GO0065,SJAI,CIAD,cadastro ANAC
MT0163,SJAK,CIAD,cadastro ANAC
BA0101,SJAL,CIAD,cadastro ANAC
MG0116,SJAQ,CIAD,cadastro ANAC
GO0066,SJAR,CIAD,cadastro ANAC
SP0203,SJAS,CIAD,cadastro ANAC
TO0007,SJAU,CIAD,cadastro ANAC
GO0067,SJAV,CIAD,cadastro ANAC
SP0204,SJAW,CIAD,cadastro ANAC
BA0102,SJAZ,CIAD,cadastro ANAC
MS0704,SJB3,CIAD,cadastro ANAC
PR0239,SJB6,CIAD,cadastro ANAC
MT0882,SJB8,CIAD,cadastro ANAC
MT0860,SJB9,CIAD,cadastro ANAC
MS0524,SJBA,CIAD,cadastro ANAC
TO0023,SJBB,CIAD,cadastro ANAC
PA0066,SJBC,CIAD,cadastro ANAC
MT0164,SJBH,CIAD,cadastro ANAC
PA0067,SJBK,CIAD,cadastro ANAC
PA0068,SJBN,CIAD,cadastro ANAC
TO0054,SJBR,CIAD,cadastro ANAC
MS0148,SJBT,CIAD,cadastro ANAC
BA0103,SJBU,CIAD,cadastro ANAC
RS0073,SJBW,CIAD,cadastro ANAC
RN0007,SJBX,CIAD,cadastro ANAC
MA0007,SJBY,CIAD,cadastro ANAC
SP0185,SJC2,CIAD,cadastro ANAC
MS0265,SJC3,CIAD,cadastro ANAC
TO0121,SJC4,CIAD,cadastro ANAC
TO0125,SJC7,CIAD,cadastro ANAC
SP0205,SJCA,CIAD,cadastro ANAC
BA0104,SJCC,CIAD,cadastro ANAC
TO0060,SJCF,CIAD,cadastro ANAC
MT0165,SJCJ,CIAD,cadastro ANAC
CE0017,SJCM,CIAD,cadastro ANAC
GO0187,SJCN,CIAD,cadastro ANAC
GO0069,SJCP,CIAD,cadastro ANAC
BA0105,SJCQ,CIAD,cadastro ANAC
BA0353,SJCR,CIAD,cadastro ANAC
RO0016,SJCS,CIAD,cadastro ANAC
BA0344,SJCU,CIAD,cadastro ANAC
MT0166,SJCY,CIAD,cadastro ANAC
MT0485,SJCZ,CIAD,cadastro ANAC
SP1356,SJD3,CIAD,cadastro ANAC
GO0335,SJD7,CIAD,cadastro ANAC
GO0197,SJDB,CIAD,cadastro ANAC
TO0024,SJDC,CIAD,cadastro ANAC
MS0149,SJDE,CIAD,cadastro ANAC
MG0118,SJDF,CIAD,cadastro ANAC
SP1270,SJDG,CIAD,cadastro ANAC
PR0055,SJDI,CIAD,cadastro ANAC
MS0150,SJDJ,CIAD,cadastro ANAC
MS0151,SJDL,CIAD,cadastro ANAC
MT0167,SJDM,CIAD,cadastro ANAC
MS0152,SJDN,CIAD,cadastro ANAC
CE0018,SJDS,CIAD,cadastro ANAC
MS0153,SJDT,CIAD,cadastro ANAC
RS0074,SJDU,CIAD,cadastro ANAC
MS0155,SJDW,CIAD,cadastro ANAC
MS0156,SJDX,CIAD,cadastro ANAC
MS0157,SJDY,CIAD,cadastro ANAC
BA0531,SJE1,CIAD,cadastro ANAC
SP1436,SJE2,CIAD,cadastro ANAC
MT0920,SJE3,CIAD,cadastro ANAC
GO0360,SJE4,CIAD,cadastro ANAC
MT1150,SJE5,CIAD,cadastro ANAC
RO0088,SJE6,CIAD,cadastro ANAC
MT0901,SJE8,CIAD,cadastro ANAC
TO0025,SJEA,CIAD,cadastro ANAC
RS0075,SJEC,CIAD,cadastro ANAC
MS0158,SJEF,CIAD,cadastro ANAC
MS0159,SJEG,CIAD,cadastro ANAC
SP0206,SJEH,CIAD,cadastro ANAC
RR0032,SJEJ,CIAD,cadastro ANAC
MT0168,SJEK,CIAD,cadastro ANAC
PR0056,SJEL,CIAD,cadastro ANAC
RS0076,SJEN,CIAD,cadastro ANAC
GO0070,SJER,CIAD,cadastro ANAC
CE0019,SJEV,CIAD,cadastro ANAC
MS0502,SJEW,CIAD,cadastro ANAC
BA0106,SJEX,CIAD,cadastro ANAC
GO0437,SJF1,CIAD,cadastro ANAC
MT0924,SJF2,CIAD,cadastro ANAC
SP1330,SJF4,CIAD,cadastro ANAC
TO0124,SJF7,CIAD,cadastro ANAC
MT0874,SJF8,CIAD,cadastro ANAC
MS0709,SJF9,CIAD,cadastro ANAC
BA0107,SJFA,CIAD,cadastro ANAC
MA0028,SJFB,CIAD,cadastro ANAC
SP0207,SJFF,CIAD,cadastro ANAC
MT0169,SJFG,CIAD,cadastro ANAC
TO0026,SJFI,CIAD,cadastro ANAC
MS0161,SJFJ,CIAD,cadastro ANAC
TO0027,SJFK,CIAD,cadastro ANAC
TO0028,SJFL,CIAD,cadastro ANAC
MS0162,SJFM,CIAD,cadastro ANAC
MS0163,SJFN,CIAD,cadastro ANAC
GO0071,SJFO,CIAD,cadastro ANAC
MS0164,SJFP,CIAD,cadastro ANAC
SP0208,SJFQ,CIAD,cadastro ANAC
BA0108,SJFR,CIAD,cadastro ANAC
MT0170,SJFT,CIAD,cadastro ANAC
PB0013,SJFU,CIAD,cadastro ANAC
MG0120,SJFV,CIAD,cadastro ANAC
GO0072,SJFW,CIAD,cadastro ANAC
MS0165,SJFX,CIAD,cadastro ANAC
MT0171,SJFY,CIAD,cadastro ANAC
TO0168,SJG1,CIAD,cadastro ANAC
MT0845,SJG2,CIAD,cadastro ANAC
MT0921,SJG3,CIAD,cadastro ANAC
MT0923,SJG4,CIAD,cadastro ANAC
MT0866,SJG6,CIAD,cadastro ANAC
RO0085,SJG7,CIAD,cadastro ANAC
MT0885,SJG8,CIAD,cadastro ANAC
GO0364,SJG9,CIAD,cadastro ANAC
MG0121,SJGB,CIAD,cadastro ANAC
BA0109,SJGC,CIAD,cadastro ANAC
BA0110,SJGD,CIAD,cadastro ANAC
MT0172,SJGF,CIAD,cadastro ANAC
RS0077,SJGH,CIAD,cadastro ANAC
MT0173,SJGI,CIAD,cadastro ANAC
SP0209,SJGJ,CIAD,cadastro ANAC
MT0174,SJGN,CIAD,cadastro ANAC
GO0074,SJGR,CIAD,cadastro ANAC
TO0005,SJGU,CIAD,cadastro ANAC
GO0183,SJGV,CIAD,cadastro ANAC
TO0078,SJGW,CIAD,cadastro ANAC
GO0075,SJGY,CIAD,cadastro ANAC
MS0167,SJGZ,CIAD,cadastro ANAC
MS0806,SJH1,CIAD,cadastro ANAC
PE0106,SJH2,CIAD,cadastro ANAC
TO0126,SJH3,CIAD,cadastro ANAC
RR0137,SJH4,CIAD,cadastro ANAC
BA0444,SJH6,CIAD,cadastro ANAC
BA0401,SJH8,CIAD,cadastro ANAC
MA0157,SJH9,CIAD,cadastro ANAC
TO0029,SJHD,CIAD,cadastro ANAC
MT0175,SJHE,CIAD,cadastro ANAC
BA0111,SJHF,CIAD,cadastro ANAC
MT0176,SJHG,CIAD,cadastro ANAC
GO0076,SJHH,CIAD,cadastro ANAC
PI0025,SJHJ,CIAD,cadastro ANAC
MT0177,SJHK,CIAD,cadastro ANAC
MS0422,SJHN,CIAD,cadastro ANAC
MT0179,SJHQ,CIAD,cadastro ANAC
MG0122,SJHS,CIAD,cadastro ANAC
MT0180,SJHU,CIAD,cadastro ANAC
RS0123,SJHV,CIAD,cadastro ANAC
MG0123,SJHW,CIAD,cadastro ANAC
MG0124,SJHX,CIAD,cadastro ANAC
MT0181,SJHZ,CIAD,cadastro ANAC
PI0060,SJI2,CIAD,cadastro ANAC
PI0101,SJI3,CIAD,cadastro ANAC
MT1029,SJI6,CIAD,cadastro ANAC
MS0257,SJI8,CIAD,cadastro ANAC
MS0168,SJIC,CIAD,cadastro ANAC
MT0182,SJIF,CIAD,cadastro ANAC
MT0486,SJIJ,CIAD,cadastro ANAC
MG0125,SJIL,CIAD,cadastro ANAC
MT0183,SJIN,CIAD,cadastro ANAC
BA0113,SJIR,CIAD,cadastro ANAC
MS0170,SJIS,CIAD,cadastro ANAC
MT0466,SJIU,CIAD,cadastro ANAC
TO0030,SJIV,CIAD,cadastro ANAC
GO0077,SJIY,CIAD,cadastro ANAC
BA0114,SJIZ,CIAD,cadastro ANAC
MT0838,SJJ3,CIAD,cadastro ANAC
MA0174,SJJ4,CIAD,cadastro ANAC
MT0861,SJJ6,CIAD,cadastro ANAC
TO0127,SJJ7,CIAD,cadastro ANAC
MS0171,SJJB,CIAD,cadastro ANAC
MS0420,SJJC,CIAD,cadastro ANAC
MS0172,SJJD,CIAD,cadastro ANAC
AM0034,SJJF,CIAD,cadastro ANAC
MS0173,SJJG,CIAD,cadastro ANAC
MT0184,SJJH,CIAD,cadastro ANAC
MT0480,SJJI,CIAD,cadastro ANAC
PA0070,SJJJ,CIAD,cadastro ANAC
MT0185,SJJK,CIAD,cadastro ANAC
BA0115,SJJL,CIAD,cadastro ANAC
MT0186,SJJM,CIAD,cadastro ANAC
MT0187,SJJN,CIAD,cadastro ANAC
GO0078,SJJO,CIAD,cadastro ANAC
MG0127,SJJQ,CIAD,cadastro ANAC
MG0128,SJJR,CIAD,cadastro ANAC
MS0480,SJJT,CIAD,cadastro ANAC
MT0188,SJJU,CIAD,cadastro ANAC
MS0174,SJJV,CIAD,cadastro ANAC
MS0175,SJJX,CIAD,cadastro ANAC
MT0929,SJK3,CIAD,cadastro ANAC
MA0173,SJK4,CIAD,cadastro ANAC
PA0363,SJK6,CIAD,cadastro ANAC
PA0362,SJK9,CIAD,cadastro ANAC
MT0189,SJKA,CIAD,cadastro ANAC
MT0190,SJKB,CIAD,cadastro ANAC
PA0071,SJKC,CIAD,cadastro ANAC
PA0072,SJKE,CIAD,cadastro ANAC
PI0026,SJKG,CIAD,cadastro ANAC
AP0006,SJKI,CIAD,cadastro ANAC
MT0191,SJKJ,CIAD,cadastro ANAC
PR0057,SJKK,CIAD,cadastro ANAC
RR0033,SJKL,CIAD,cadastro ANAC
RR0034,SJKM,CIAD,cadastro ANAC
RR0035,SJKN,CIAD,cadastro ANAC
RR0036,SJKO,CIAD,cadastro ANAC
RR0037,SJKP,CIAD,cadastro ANAC
RR0038,SJKQ,CIAD,cadastro ANAC
RR0039,SJKS,CIAD,cadastro ANAC
RR0040,SJKT,CIAD,cadastro ANAC
RR0041,SJKU,CIAD,cadastro ANAC
RR0042,SJKV,CIAD,cadastro ANAC
RR0043,SJKW,CIAD,cadastro ANAC
RR0044,SJKX,CIAD,cadastro ANAC
RR0045,SJKZ,CIAD,cadastro ANAC
TO0160,SJL1,CIAD,cadastro ANAC
MT0931,SJL3,CIAD,cadastro ANAC
MT0934,SJL4,CIAD,cadastro ANAC
PA0365,SJL6,CIAD,cadastro ANAC
MS0516,SJL7,CIAD,cadastro ANAC
TO0128,SJL8,CIAD,cadastro ANAC
SP0196,SJL9,CIAD,cadastro ANAC
RR0046,SJLA,CIAD,cadastro ANAC
MT0192,SJLB,CIAD,cadastro ANAC
RR0047,SJLC,CIAD,cadastro ANAC
MT0193,SJLD,CIAD,cadastro ANAC
RR0048,SJLE,CIAD,cadastro ANAC
RR0050,SJLH,CIAD,cadastro ANAC
MA0029,SJLI,CIAD,cadastro ANAC
RR0051,SJLJ,CIAD,cadastro ANAC
RR0053,SJLL,CIAD,cadastro ANAC
RR0055,SJLN,CIAD,cadastro ANAC
RR0056,SJLO,CIAD,cadastro ANAC
RR0057,SJLP,CIAD,cadastro ANAC
RR0058,SJLQ,CIAD,cadastro ANAC
RR0059,SJLS,CIAD,cadastro ANAC
RR0061,SJLU,CIAD,cadastro ANAC
RR0062,SJLV,CIAD,cadastro ANAC
RR0063,SJLW,CIAD,cadastro ANAC
RR0064,SJLX,CIAD,cadastro ANAC
TO0031,SJLZ,CIAD,cadastro ANAC
PA0353,SJM1,CIAD,cadastro ANAC
PA0364,SJM2,CIAD,cadastro ANAC
MS0713,SJM3,CIAD,cadastro ANAC
MT0869,SJM4,CIAD,cadastro ANAC
MG0679,SJM5,CIAD,cadastro ANAC
MT0933,SJM6,CIAD,cadastro ANAC
MT0937,SJM7,CIAD,cadastro ANAC
MT0935,SJM8,CIAD,cadastro ANAC
BA0421,SJM9,CIAD,cadastro ANAC
MS0176,SJMA,CIAD,cadastro ANAC
RR0065,SJMD,CIAD,cadastro ANAC
RR0066,SJME,CIAD,cadastro ANAC
RR0067,SJMF,CIAD,cadastro ANAC
RR0068,SJMH,CIAD,cadastro ANAC
RR0069,SJMI,CIAD,cadastro ANAC
RR0070,SJMJ,CIAD,cadastro ANAC
RR0071,SJMK,CIAD,cadastro ANAC
RR0072,SJML,CIAD,cadastro ANAC
RR0073,SJMM,CIAD,cadastro ANAC
RR0074,SJMN,CIAD,cadastro ANAC
RR0075,SJMO,CIAD,cadastro ANAC
RR0076,SJMP,CIAD,cadastro ANAC
RR0077,SJMQ,CIAD,cadastro ANAC
MS0177,SJMR,CIAD,cadastro ANAC
RR0078,SJMT,CIAD,cadastro ANAC
RR0079,SJMU,CIAD,cadastro ANAC
RR0080,SJMV,CIAD,cadastro ANAC
RR0081,SJMW,CIAD,cadastro ANAC
RR0082,SJMX,CIAD,cadastro ANAC
BA0116,SJMZ,CIAD,cadastro ANAC
PA0361,SJN2,CIAD,cadastro ANAC
TO0097,SJN3,CIAD,cadastro ANAC
MS0706,SJN4,CIAD,cadastro ANAC
BA0447,SJN9,CIAD,cadastro ANAC
SP0210,SJNA,CIAD,cadastro ANAC
RR0083,SJNB,CIAD,cadastro ANAC
CE0020,SJND,CIAD,cadastro ANAC
RR0085,SJNE,CIAD,cadastro ANAC
RR0086,SJNF,CIAD,cadastro ANAC
RR0087,SJNG,CIAD,cadastro ANAC
PA0073,SJNH,CIAD,cadastro ANAC
RO0017,SJNK,CIAD,cadastro ANAC
MT0194,SJNL,CIAD,cadastro ANAC
MT0195,SJNM,CIAD,cadastro ANAC
BA0117,SJNO,CIAD,cadastro ANAC
PA0026,SJNP,CIAD,cadastro ANAC
BA0118,SJNQ,CIAD,cadastro ANAC
MT0196,SJNU,CIAD,cadastro ANAC
GO0081,SJNV,CIAD,cadastro ANAC
MT0197,SJNW,CIAD,cadastro ANAC
GO0082,SJNX,CIAD,cadastro ANAC
MT0514,SJNZ,CIAD,cadastro ANAC
MT1015,SJO2,CIAD,cadastro ANAC
MT1020,SJO3,CIAD,cadastro ANAC
MT1023,SJO6,CIAD,cadastro ANAC
MG0454,SJO7,CIAD,cadastro ANAC
PA0398,SJO8,CIAD,cadastro ANAC
BA0253,SJO9,CIAD,cadastro ANAC
MT0198,SJOA,CIAD,cadastro ANAC
AC0009,SJOD,CIAD,cadastro ANAC
RO0008,SJOG,CIAD,cadastro ANAC
MG0465,SJOH,CIAD,cadastro ANAC
MA0030,SJOJ,CIAD,cadastro ANAC
MT0200,SJOO,CIAD,cadastro ANAC
MT0201,SJOP,CIAD,cadastro ANAC
BA0119,SJOR,CIAD,cadastro ANAC
MT0202,SJOU,CIAD,cadastro ANAC
SP0212,SJOW,CIAD,cadastro ANAC
MT0203,SJOX,CIAD,cadastro ANAC
PR0058,SJOY,CIAD,cadastro ANAC
TO0092,SJP2,CIAD,cadastro ANAC
MT0875,SJP4,CIAD,cadastro ANAC
MT0355,SJP6,CIAD,cadastro ANAC
MG0590,SJP7,CIAD,cadastro ANAC
PR0240,SJP8,CIAD,cadastro ANAC
MS0707,SJP9,CIAD,cadastro ANAC
MT0204,SJPC,CIAD,cadastro ANAC
PB0014,SJPE,CIAD,cadastro ANAC
MS0179,SJPI,CIAD,cadastro ANAC
MA0031,SJPK,CIAD,cadastro ANAC
PA0074,SJPL,CIAD,cadastro ANAC
AL0005,SJPO,CIAD,cadastro ANAC
MT0205,SJPP,CIAD,cadastro ANAC
PR0059,SJPR,CIAD,cadastro ANAC
MT0206,SJPS,CIAD,cadastro ANAC
MG0129,SJPT,CIAD,cadastro ANAC
PI0027,SJPU,CIAD,cadastro ANAC
AL0022,SJPV,CIAD,cadastro ANAC
MT0207,SJPW,CIAD,cadastro ANAC
MT0208,SJPX,CIAD,cadastro ANAC
PI0108,SJQ3,CIAD,cadastro ANAC
MS0671,SJQ4,CIAD,cadastro ANAC
MS0180,SJQB,CIAD,cadastro ANAC
BA0120,SJQD,CIAD,cadastro ANAC
MT0210,SJQI,CIAD,cadastro ANAC
SP0213,SJQJ,CIAD,cadastro ANAC
MG0130,SJQL,CIAD,cadastro ANAC
GO0006,SJQN,CIAD,cadastro ANAC
PI0028,SJQO,CIAD,cadastro ANAC
MT0211,SJQP,CIAD,cadastro ANAC
PA0075,SJQQ,CIAD,cadastro ANAC
MT0453,SJQS,CIAD,cadastro ANAC
MG0131,SJQT,CIAD,cadastro ANAC
BA0121,SJQU,CIAD,cadastro ANAC
AM0092,SJQV,CIAD,cadastro ANAC
PA0076,SJQX,CIAD,cadastro ANAC
RO0047,SJQZ,CIAD,cadastro ANAC
MS0252,SJR2,CIAD,cadastro ANAC
MT0936,SJR3,CIAD,cadastro ANAC
MA0178,SJR4,CIAD,cadastro ANAC
MT0948,SJR6,CIAD,cadastro ANAC
MT0943,SJR7,CIAD,cadastro ANAC
MT0918,SJR8,CIAD,cadastro ANAC
MT0951,SJR9,CIAD,cadastro ANAC
MT0212,SJRB,CIAD,cadastro ANAC
MT0213,SJRC,CIAD,cadastro ANAC
RS0013,SJRG,CIAD,cadastro ANAC
MT0214,SJRH,CIAD,cadastro ANAC
PI0029,SJRI,CIAD,cadastro ANAC
MS0181,SJRJ,CIAD,cadastro ANAC
PA0077,SJRK,CIAD,cadastro ANAC
SP0214,SJRO,CIAD,cadastro ANAC
MT0481,SJRP,CIAD,cadastro ANAC
SP0215,SJRS,CIAD,cadastro ANAC
MT0215,SJRT,CIAD,cadastro ANAC
PA0169,SJRU,CIAD,cadastro ANAC
MT0216,SJRV,CIAD,cadastro ANAC
MS0182,SJRW,CIAD,cadastro ANAC
MT0652,SJRY,CIAD,cadastro ANAC
MS0348,SJS3,CIAD,cadastro ANAC
PA0319,SJS4,CIAD,cadastro ANAC
MS0614,SJS6,CIAD,cadastro ANAC
MT0940,SJS7,CIAD,cadastro ANAC
RR0135,SJS9,CIAD,cadastro ANAC
MS0184,SJSB,CIAD,cadastro ANAC
RS0129,SJSC,CIAD,cadastro ANAC
PA0078,SJSE,CIAD,cadastro ANAC
MS0494,SJSF,CIAD,cadastro ANAC
SC0032,SJSH,CIAD,cadastro ANAC
RO0065,SJSK,CIAD,cadastro ANAC
PR0060,SJSM,CIAD,cadastro ANAC
GO0084,SJSN,CIAD,cadastro ANAC
MT0218,SJSS,CIAD,cadastro ANAC
MG0132,SJSV,CIAD,cadastro ANAC
GO0086,SJSX,CIAD,cadastro ANAC
MT0955,SJT2,CIAD,cadastro ANAC
PA0376,SJT3,CIAD,cadastro ANAC
MT0953,SJT4,CIAD,cadastro ANAC
BA0446,SJT7,CIAD,cadastro ANAC
MS0160,SJT8,CIAD,cadastro ANAC
MT0947,SJT9,CIAD,cadastro ANAC
MT0219,SJTB,CIAD,cadastro ANAC
MS0432,SJTC,CIAD,cadastro ANAC
RO0018,SJTF,CIAD,cadastro ANAC
MS0416,SJTG,CIAD,cadastro ANAC
GO0288,SJTH,CIAD,cadastro ANAC
MT0220,SJTJ,CIAD,cadastro ANAC
MS0185,SJTK,CIAD,cadastro ANAC
PR0062,SJTL,CIAD,cadastro ANAC
RO0019,SJTN,CIAD,cadastro ANAC
BA0123,SJTO,CIAD,cadastro ANAC
MT0222,SJTQ,CIAD,cadastro ANAC
TO0032,SJTR,CIAD,cadastro ANAC
PA0028,SJTS,CIAD,cadastro ANAC
MT0223,SJTT,CIAD,cadastro ANAC
MT0224,SJTU,CIAD,cadastro ANAC
RS0078,SJTW,CIAD,cadastro ANAC
MS0676,SJU2,CIAD,cadastro ANAC
MT0956,SJU3,CIAD,cadastro ANAC
MS0712,SJU4,CIAD,cadastro ANAC
MS0643,SJU6,CIAD,cadastro ANAC
MT0922,SJU7,CIAD,cadastro ANAC
MT0944,SJU8,CIAD,cadastro ANAC
GO0340,SJU9,CIAD,cadastro ANAC
MG0133,SJUA,CIAD,cadastro ANAC
MT0225,SJUB,CIAD,cadastro ANAC
GO0087,SJUC,CIAD,cadastro ANAC
MT0620,SJUD,CIAD,cadastro ANAC
MT0226,SJUJ,CIAD,cadastro ANAC
SP0217,SJUL,CIAD,cadastro ANAC
GO0088,SJUO,CIAD,cadastro ANAC
SP0846,SJUQ,CIAD,cadastro ANAC
MT0227,SJUR,CIAD,cadastro ANAC
MT0228,SJUV,CIAD,cadastro ANAC
MG0670,SJV1,CIAD,cadastro ANAC
GO0369,SJV2,CIAD,cadastro ANAC
MS0663,SJV3,CIAD,cadastro ANAC
RR0130,SJV4,CIAD,cadastro ANAC
AM0036,SJV6,CIAD,cadastro ANAC
MT0960,SJV7,CIAD,cadastro ANAC
RR0138,SJV8,CIAD,cadastro ANAC
BA0437,SJV9,CIAD,cadastro ANAC
MT0229,SJVA,CIAD,cadastro ANAC
SP0218,SJVB,CIAD,cadastro ANAC
MT0483,SJVD,CIAD,cadastro ANAC
MT0230,SJVF,CIAD,cadastro ANAC
MT0231,SJVG,CIAD,cadastro ANAC
MS0491,SJVI,CIAD,cadastro ANAC
RS0166,SJVK,CIAD,cadastro ANAC
SC0033,SJVL,CIAD,cadastro ANAC
MT0232,SJVM,CIAD,cadastro ANAC
MT0491,SJVN,CIAD,cadastro ANAC
GO0030,SJVO,CIAD,cadastro ANAC
AM0035,SJVP,CIAD,cadastro ANAC
MA0032,SJVQ,CIAD,cadastro ANAC
MS0186,SJVR,CIAD,cadastro ANAC
PR0063,SJVS,CIAD,cadastro ANAC
TO0034,SJVV,CIAD,cadastro ANAC
BA0124,SJVW,CIAD,cadastro ANAC
PA0079,SJVX,CIAD,cadastro ANAC
GO0091,SJVY,CIAD,cadastro ANAC
SP0219,SJVZ,CIAD,cadastro ANAC
MA0213,SJW1,CIAD,cadastro ANAC
MS0675,SJW2,CIAD,cadastro ANAC
MT0949,SJW3,CIAD,cadastro ANAC
PA0374,SJW6,CIAD,cadastro ANAC
PA0371,SJW9,CIAD,cadastro ANAC
MG0136,SJWA,CIAD,cadastro ANAC
SP0220,SJWB,CIAD,cadastro ANAC
MS0187,SJWE,CIAD,cadastro ANAC
RS0079,SJWG,CIAD,cadastro ANAC
MS0188,SJWI,CIAD,cadastro ANAC
PR0064,SJWL,CIAD,cadastro ANAC
MT0233,SJWO,CIAD,cadastro ANAC
BA0125,SJWP,CIAD,cadastro ANAC
SP0221,SJWQ,CIAD,cadastro ANAC
BA0126,SJWT,CIAD,cadastro ANAC
GO0092,SJWV,CIAD,cadastro ANAC
MS0189,SJWW,CIAD,cadastro ANAC
SP0222,SJWX,CIAD,cadastro ANAC
MT0932,SJX2,CIAD,cadastro ANAC
GO0368,SJX6,CIAD,cadastro ANAC
PA0370,SJX7,CIAD,cadastro ANAC
PA0368,SJX8,CIAD,cadastro ANAC
RO0089,SJX9,CIAD,cadastro ANAC
MG0137,SJXA,CIAD,cadastro ANAC
MS0190,SJXB,CIAD,cadastro ANAC
BA0127,SJXC,CIAD,cadastro ANAC
PI0030,SJXE,CIAD,cadastro ANAC
MT0618,SJXG,CIAD,cadastro ANAC
MG0311,SJXI,CIAD,cadastro ANAC
MS0191,SJXJ,CIAD,cadastro ANAC
MG0138,SJXM,CIAD,cadastro ANAC
BA0337,SJXO,CIAD,cadastro ANAC
DF0006,SJXU,CIAD,cadastro ANAC
MS0192,SJXV,CIAD,cadastro ANAC
MS0193,SJXX,CIAD,cadastro ANAC
BA0243,SJXZ,CIAD,cadastro ANAC
MT0945,SJY2,CIAD,cadastro ANAC
GO0356,SJY3,CIAD,cadastro ANAC
MG0592,SJY4,CIAD,cadastro ANAC
MT0938,SJY6,CIAD,cadastro ANAC
BA0439,SJY7,CIAD,cadastro ANAC
PR0211,SJY8,CIAD,cadastro ANAC
MT0886,SJY9,CIAD,cadastro ANAC
MS0194,SJYC,CIAD,cadastro ANAC
RO0020,SJYD,CIAD,cadastro ANAC
RR0089,SJYE,CIAD,cadastro ANAC
RR0090,SJYF,CIAD,cadastro ANAC
RR0091,SJYG,CIAD,cadastro ANAC
PA0080,SJYH,CIAD,cadastro ANAC
RR0092,SJYI,CIAD,cadastro ANAC
RR0093,SJYJ,CIAD,cadastro ANAC
RR0094,SJYK,CIAD,cadastro ANAC
RR0095,SJYL,CIAD,cadastro ANAC
RR0096,SJYM,CIAD,cadastro ANAC
RR0097,SJYO,CIAD,cadastro ANAC
RR0098,SJYP,CIAD,cadastro ANAC
RR0100,SJYR,CIAD,cadastro ANAC
RR0101,SJYS,CIAD,cadastro ANAC
RR0102,SJYT,CIAD,cadastro ANAC
RR0103,SJYU,CIAD,cadastro ANAC
MT0234,SJYW,CIAD,cadastro ANAC
MT0513,SJYZ,CIAD,cadastro ANAC
MT1186,SJZ1,CIAD,cadastro ANAC
PA0367,SJZ2,CIAD,cadastro ANAC
RS0087,SJZ3,CIAD,cadastro ANAC
GO0365,SJZ4,CIAD,cadastro ANAC
AM0112,SJZ5,CIAD,cadastro ANAC
BA0445,SJZ6,CIAD,cadastro ANAC
MA0172,SJZ8,CIAD,cadastro ANAC
MS0078,SJZ9,CIAD,cadastro ANAC
PB0004,SJZA,CIAD,cadastro ANAC
PE0018,SJZC,CIAD,cadastro ANAC
MS0195,SJZD,CIAD,cadastro ANAC
MT0236,SJZE,CIAD,cadastro ANAC
MS0196,SJZF,CIAD,cadastro ANAC
TO0035,SJZG,CIAD,cadastro ANAC
MT0237,SJZH,CIAD,cadastro ANAC
MS0197,SJZL,CIAD,cadastro ANAC
MS0198,SJZM,CIAD,cadastro ANAC
MT0238,SJZN,CIAD,cadastro ANAC
MS0199,SJZO,CIAD,cadastro ANAC
MT0239,SJZP,CIAD,cadastro ANAC
RS0080,SJZQ,CIAD,cadastro ANAC
RO0049,SJZR,CIAD,cadastro ANAC
PI0031,SJZS,CIAD,cadastro ANAC
BA0129,SJZT,CIAD,cadastro ANAC
SP0223,SJZW,CIAD,cadastro ANAC
TO0059,SJZZ,CIAD,cadastro ANAC
BA0519,SN02,CIAD,cadastro ANAC
BA0505,SN0A,CIAD,cadastro ANAC
MT1076,SN10,CIAD,cadastro ANAC
TO0177,SN12,CIAD,cadastro ANAC
PI0123,SN1B,CIAD,cadastro ANAC
SP1501,SN1C,CIAD,cadastro ANAC
GO0416,SN1F,CIAD,cadastro ANAC
MT1161,SN1R,CIAD,cadastro ANAC
MG0662,SN1S,CIAD,cadastro ANAC
MS0819,SN1X,CIAD,cadastro ANAC
MS0617,SN23,CIAD,cadastro ANAC
MA0160,SN2A,CIAD,cadastro ANAC
BA0059,SN2C,CIAD,cadastro ANAC
MT0930,SN2E,CIAD,cadastro ANAC
MG0595,SN2F,CIAD,cadastro ANAC
MG0594,SN2G,CIAD,cadastro ANAC
GO0359,SN2H,CIAD,cadastro ANAC
MT0939,SN2J,CIAD,cadastro ANAC
MS0692,SN2K,CIAD,cadastro ANAC
MA0135,SN2L,CIAD,cadastro ANAC
GO0362,SN2M,CIAD,cadastro ANAC
MS0716,SN2N,CIAD,cadastro ANAC
MT0959,SN2P,CIAD,cadastro ANAC
MA0134,SN2Q,CIAD,cadastro ANAC
PA0305,SN2R,CIAD,cadastro ANAC
MS0722,SN2S,CIAD,cadastro ANAC
MA0175,SN2U,CIAD,cadastro ANAC
AM0114,SN2W,CIAD,cadastro ANAC
SP1318,SN2X,CIAD,cadastro ANAC
PA0366,SN2Y,CIAD,cadastro ANAC
MA0170,SN32,CIAD,cadastro ANAC
AM0095,SN33,CIAD,cadastro ANAC
BA0443,SN37,CIAD,cadastro ANAC
PA0358,SN38,CIAD,cadastro ANAC
BA0425,SN39,CIAD,cadastro ANAC
MG0582,SN3A,CIAD,cadastro ANAC
MS0708,SN3B,CIAD,cadastro ANAC
MT0925,SN3C,CIAD,cadastro ANAC
MG0565,SN3E,CIAD,cadastro ANAC
PI0096,SN3G,CIAD,cadastro ANAC
GO0352,SN3H,CIAD,cadastro ANAC
MS0469,SN3J,CIAD,cadastro ANAC
MA0171,SN3L,CIAD,cadastro ANAC
GO0346,SN3M,CIAD,cadastro ANAC
BA0457,SN3O,CIAD,cadastro ANAC
MT0550,SN3P,CIAD,cadastro ANAC
MA0169,SN3Q,CIAD,cadastro ANAC
MS0608,SN3S,CIAD,cadastro ANAC
MT0829,SN3T,CIAD,cadastro ANAC
BA0049,SN3U,CIAD,cadastro ANAC
BA0251,SN3Y,CIAD,cadastro ANAC
MS0703,SN3Z,CIAD,cadastro ANAC
PA0286,SN43,CIAD,cadastro ANAC
MS0543,SN44,CIAD,cadastro ANAC
MT0898,SN46,CIAD,cadastro ANAC
MT0883,SN4A,CIAD,cadastro ANAC
MA0168,SN4B,CIAD,cadastro ANAC
MT0731,SN4C,CIAD,cadastro ANAC
BA0434,SN4D,CIAD,cadastro ANAC
RO0076,SN4F,CIAD,cadastro ANAC
MG0587,SN4G,CIAD,cadastro ANAC
MS0594,SN4H,CIAD,cadastro ANAC
PA0396,SN4I,CIAD,cadastro ANAC
MG0586,SN4J,CIAD,cadastro ANAC
MT0858,SN4K,CIAD,cadastro ANAC
PR0208,SN4L,CIAD,cadastro ANAC
MA0144,SN4M,CIAD,cadastro ANAC
MG0604,SN4O,CIAD,cadastro ANAC
MT0908,SN4P,CIAD,cadastro ANAC
SP1283,SN4Q,CIAD,cadastro ANAC
BA0435,SN4R,CIAD,cadastro ANAC
MT0911,SN4S,CIAD,cadastro ANAC
MA0143,SN4T,CIAD,cadastro ANAC
MG0500,SN4V,CIAD,cadastro ANAC
BA0436,SN4X,CIAD,cadastro ANAC
MS0689,SN4Z,CIAD,cadastro ANAC
BA0529,SN51,CIAD,cadastro ANAC
GO0427,SN5J,CIAD,cadastro ANAC
MS0803,SN5R,CIAD,cadastro ANAC
MT0907,SN5Z,CIAD,cadastro ANAC
MS0668,SN63,CIAD,cadastro ANAC
GO0318,SN64,CIAD,cadastro ANAC
MA0161,SN65,CIAD,cadastro ANAC
MT0813,SN69,CIAD,cadastro ANAC
MT0894,SN6A,CIAD,cadastro ANAC
MT0904,SN6B,CIAD,cadastro ANAC
RO0086,SN6C,CIAD,cadastro ANAC
MT0876,SN6D,CIAD,cadastro ANAC
MA0165,SN6E,CIAD,cadastro ANAC
MT0903,SN6G,CIAD,cadastro ANAC
TO0123,SN6H,CIAD,cadastro ANAC
GO0342,SN6I,CIAD,cadastro ANAC
MT0902,SN6J,CIAD,cadastro ANAC
CE0164,SN6L,CIAD,cadastro ANAC
TO0087,SN6M,CIAD,cadastro ANAC
MS0039,SN6O,CIAD,cadastro ANAC
MA0163,SN6Q,CIAD,cadastro ANAC
MT0888,SN6R,CIAD,cadastro ANAC
MT0887,SN6S,CIAD,cadastro ANAC
PA0343,SN6U,CIAD,cadastro ANAC
MT0872,SN6V,CIAD,cadastro ANAC
BA0398,SN6Y,CIAD,cadastro ANAC
PI0094,SN6Z,CIAD,cadastro ANAC
MS0684,SN72,CIAD,cadastro ANAC
RR0142,SN73,CIAD,cadastro ANAC
MT0927,SN75,CIAD,cadastro ANAC
MT0962,SN76,CIAD,cadastro ANAC
MS0670,SN77,CIAD,cadastro ANAC
MS0720,SN78,CIAD,cadastro ANAC
MT0964,SN79,CIAD,cadastro ANAC
MS0635,SN7B,CIAD,cadastro ANAC
MS0710,SN7C,CIAD,cadastro ANAC
MT0199,SN7E,CIAD,cadastro ANAC
MT0819,SN7F,CIAD,cadastro ANAC
RO0055,SN7G,CIAD,cadastro ANAC
PA0379,SN7H,CIAD,cadastro ANAC
RR0148,SN7I,CIAD,cadastro ANAC
MT0965,SN7J,CIAD,cadastro ANAC
MS0725,SN7K,CIAD,cadastro ANAC
PA0373,SN7M,CIAD,cadastro ANAC
RO0095,SN7O,CIAD,cadastro ANAC
MT0285,SN7P,CIAD,cadastro ANAC
MA0182,SN7R,CIAD,cadastro ANAC
PI0109,SN7S,CIAD,cadastro ANAC
BA0452,SN7T,CIAD,cadastro ANAC
MT0954,SN7W,CIAD,cadastro ANAC
MG0596,SN7X,CIAD,cadastro ANAC
MT0806,SN7Y,CIAD,cadastro ANAC
PA0378,SN82,CIAD,cadastro ANAC
PA0380,SN83,CIAD,cadastro ANAC
MA0162,SN84,CIAD,cadastro ANAC
TO0131,SN86,CIAD,cadastro ANAC
RO0090,SN87,CIAD,cadastro ANAC
MS0711,SN88,CIAD,cadastro ANAC
MS0597,SN89,CIAD,cadastro ANAC
PA0357,SN8A,CIAD,cadastro ANAC
MS0728,SN8C,CIAD,cadastro ANAC
AC0024,SN8D,CIAD,cadastro ANAC
SP1376,SN8E,CIAD,cadastro ANAC
RS0213,SN8F,CIAD,cadastro ANAC
BA0469,SN8G,CIAD,cadastro ANAC
PA0400,SN8H,CIAD,cadastro ANAC
MT0595,SN8J,CIAD,cadastro ANAC
MT1008,SN8K,CIAD,cadastro ANAC
MT1049,SN8L,CIAD,cadastro ANAC
MS0736,SN8O,CIAD,cadastro ANAC
MT1042,SN8P,CIAD,cadastro ANAC
BA0466,SN8S,CIAD,cadastro ANAC
MT1030,SN8U,CIAD,cadastro ANAC
GO0384,SN8V,CIAD,cadastro ANAC
MT1046,SN8W,CIAD,cadastro ANAC
RR0147,SN8X,CIAD,cadastro ANAC
SP1447,SN8Y,CIAD,cadastro ANAC
MT1005,SN8Z,CIAD,cadastro ANAC
BA0467,SN92,CIAD,cadastro ANAC
SP1471,SN97,CIAD,cadastro ANAC
TO0139,SN98,CIAD,cadastro ANAC
MA0191,SN99,CIAD,cadastro ANAC
PA0406,SN9A,CIAD,cadastro ANAC
MT0993,SN9B,CIAD,cadastro ANAC
MT1050,SN9D,CIAD,cadastro ANAC
PA0405,SN9E,CIAD,cadastro ANAC
MS0744,SN9G,CIAD,cadastro ANAC
MS0749,SN9I,CIAD,cadastro ANAC
PA0410,SN9J,CIAD,cadastro ANAC
MT1052,SN9K,CIAD,cadastro ANAC
MT1053,SN9M,CIAD,cadastro ANAC
PA0411,SN9N,CIAD,cadastro ANAC
PA0403,SN9O,CIAD,cadastro ANAC
MG0611,SN9P,CIAD,cadastro ANAC
PA0388,SN9S,CIAD,cadastro ANAC
MT1026,SN9T,CIAD,cadastro ANAC
MT1054,SN9X,CIAD,cadastro ANAC
MS0734,SN9Y,CIAD,cadastro ANAC
GO0348,SN9Z,CIAD,cadastro ANAC
RO0121,SNA1,CIAD,cadastro ANAC
RR0157,SNA2,CIAD,cadastro ANAC
RR0154,SNA3,CIAD,cadastro ANAC
MT1064,SNA4,CIAD,cadastro ANAC
MT1062,SNA6,CIAD,cadastro ANAC
MT1051,SNA7,CIAD,cadastro ANAC
PA0416,SNA8,CIAD,cadastro ANAC
MT1070,SNA9,CIAD,cadastro ANAC
PE0009,SNAB,CIAD,cadastro ANAC
PA0081,SNAC,CIAD,cadastro ANAC
MA0033,SNAD,CIAD,cadastro ANAC
PE0007,SNAE,CIAD,cadastro ANAC
SP0224,SNAF,CIAD,cadastro ANAC
MG0020,SNAG,CIAD,cadastro ANAC
RJ0342,SNAH,CIAD,cadastro ANAC
MS0520,SNAI,CIAD,cadastro ANAC
PA0082,SNAJ,CIAD,cadastro ANAC
AL0003,SNAL,CIAD,cadastro ANAC
RS0081,SNAN,CIAD,cadastro ANAC
RJ0025,SNAO,CIAD,cadastro ANAC
MG0021,SNAP,CIAD,cadastro ANAC
MG0033,SNAR,CIAD,cadastro ANAC
MG0022,SNAS,CIAD,cadastro ANAC
BA0130,SNAV,CIAD,cadastro ANAC
SP0016,SNAX,CIAD,cadastro ANAC
MT0240,SNAY,CIAD,cadastro ANAC
MT1071,SNB3,CIAD,cadastro ANAC
MA0194,SNB4,CIAD,cadastro ANAC
MS0751,SNB5,CIAD,cadastro ANAC
MA0195,SNB7,CIAD,cadastro ANAC
SP0013,SNBA,CIAD,cadastro ANAC
MA0006,SNBC,CIAD,cadastro ANAC
MS0200,SNBE,CIAD,cadastro ANAC
MT0241,SNBF,CIAD,cadastro ANAC
ES0005,SNBG,CIAD,cadastro ANAC
MA0005,SNBI,CIAD,cadastro ANAC
MT0600,SNBJ,CIAD,cadastro ANAC
MG0477,SNBL,CIAD,cadastro ANAC
MG0051,SNBM,CIAD,cadastro ANAC
PA0083,SNBN,CIAD,cadastro ANAC
BA0011,SNBR,CIAD,cadastro ANAC
MA0010,SNBS,CIAD,cadastro ANAC
MT0568,SNBW,CIAD,cadastro ANAC
BA0028,SNBX,CIAD,cadastro ANAC
GO0430,SNC1,CIAD,cadastro ANAC
MT1041,SNC2,CIAD,cadastro ANAC
MT1040,SNC3,CIAD,cadastro ANAC
MA0187,SNC4,CIAD,cadastro ANAC
PI0114,SNC6,CIAD,cadastro ANAC
MT1074,SNC7,CIAD,cadastro ANAC
PA0419,SNC8,CIAD,cadastro ANAC
TO0122,SNC9,CIAD,cadastro ANAC
MG0031,SNCA,CIAD,cadastro ANAC
PA0084,SNCB,CIAD,cadastro ANAC
RO0021,SNCC,CIAD,cadastro ANAC
MG0139,SNCF,CIAD,cadastro ANAC
MS0201,SNCG,CIAD,cadastro ANAC
PA0085,SNCI,CIAD,cadastro ANAC
PA0086,SNCJ,CIAD,cadastro ANAC
MG0140,SNCK,CIAD,cadastro ANAC
BA0131,SNCL,CIAD,cadastro ANAC
MT0242,SNCM,CIAD,cadastro ANAC
MS0202,SNCO,CIAD,cadastro ANAC
SC0181,SNCP,CIAD,cadastro ANAC
PR0202,SNCQ,CIAD,cadastro ANAC
CE0009,SNCS,CIAD,cadastro ANAC
MG0056,SNCT,CIAD,cadastro ANAC
ES0004,SNCX,CIAD,cadastro ANAC
AL0006,SNCY,CIAD,cadastro ANAC
MG0059,SNCZ,CIAD,cadastro ANAC
MT1057,SND2,CIAD,cadastro ANAC
MT1059,SND3,CIAD,cadastro ANAC
SC0020,SND4,CIAD,cadastro ANAC
SC0012,SND6,CIAD,cadastro ANAC
MT0243,SNDA,CIAD,cadastro ANAC
PA0030,SNDC,CIAD,cadastro ANAC
SP0225,SNDD,CIAD,cadastro ANAC
PR0065,SNDF,CIAD,cadastro ANAC
BA0132,SNDH,CIAD,cadastro ANAC
MS0203,SNDI,CIAD,cadastro ANAC
AM0063,SNDJ,CIAD,cadastro ANAC
MT0244,SNDP,CIAD,cadastro ANAC
BA0133,SNDQ,CIAD,cadastro ANAC
MA0035,SNDR,CIAD,cadastro ANAC
SP0226,SNDS,CIAD,cadastro ANAC
MG0030,SNDT,CIAD,cadastro ANAC
MG0141,SNDU,CIAD,cadastro ANAC
MG0015,SNDV,CIAD,cadastro ANAC
AL0007,SNDX,CIAD,cadastro ANAC
MT0245,SNDZ,CIAD,cadastro ANAC
PA0418,SNE3,CIAD,cadastro ANAC
MG0610,SNE4,CIAD,cadastro ANAC
MS0753,SNE7,CIAD,cadastro ANAC
RR0160,SNE8,CIAD,cadastro ANAC
MS0755,SNE9,CIAD,cadastro ANAC
RS0082,SNEA,CIAD,cadastro ANAC
PA0018,SNEB,CIAD,cadastro ANAC
BA0134,SNEC,CIAD,cadastro ANAC
BA0023,SNED,CIAD,cadastro ANAC
RS0004,SNEE,CIAD,cadastro ANAC
MT0246,SNEG,CIAD,cadastro ANAC
RS0083,SNEI,CIAD,cadastro ANAC
PA0087,SNEJ,CIAD,cadastro ANAC
BA0135,SNEK,CIAD,cadastro ANAC
MS0204,SNEL,CIAD,cadastro ANAC
PI0075,SNEN,CIAD,cadastro ANAC
MS0205,SNET,CIAD,cadastro ANAC
MG0142,SNEW,CIAD,cadastro ANAC
MT0248,SNEY,CIAD,cadastro ANAC
GO0094,SNEZ,CIAD,cadastro ANAC
MA0193,SNF2,CIAD,cadastro ANAC
TO0145,SNF3,CIAD,cadastro ANAC
MS0356,SNF4,CIAD,cadastro ANAC
MT1043,SNF6,CIAD,cadastro ANAC
MT1044,SNF7,CIAD,cadastro ANAC
MT1072,SNF8,CIAD,cadastro ANAC
RO0100,SNF9,CIAD,cadastro ANAC
GO0095,SNFB,CIAD,cadastro ANAC
PA0088,SNFC,CIAD,cadastro ANAC
MG0012,SNFE,CIAD,cadastro ANAC
CE0022,SNFF,CIAD,cadastro ANAC
PA0089,SNFG,CIAD,cadastro ANAC
RO0022,SNFH,CIAD,cadastro ANAC
MG0144,SNFI,CIAD,cadastro ANAC
PA0090,SNFJ,CIAD,cadastro ANAC
RJ0026,SNFL,CIAD,cadastro ANAC
MT0249,SNFM,CIAD,cadastro ANAC
SP0227,SNFN,CIAD,cadastro ANAC
MG0060,SNFO,CIAD,cadastro ANAC
MT0250,SNFP,CIAD,cadastro ANAC
MT0251,SNFQ,CIAD,cadastro ANAC
AM0037,SNFR,CIAD,cadastro ANAC
BA0136,SNFS,CIAD,cadastro ANAC
MT0252,SNFT,CIAD,cadastro ANAC
MG0063,SNFU,CIAD,cadastro ANAC
GO0096,SNFV,CIAD,cadastro ANAC
MS0206,SNFW,CIAD,cadastro ANAC
PA0013,SNFX,CIAD,cadastro ANAC
SC0034,SNFY,CIAD,cadastro ANAC
MG0145,SNFZ,CIAD,cadastro ANAC
MT1032,SNG2,CIAD,cadastro ANAC
MT1077,SNG3,CIAD,cadastro ANAC
PA0421,SNG4,CIAD,cadastro ANAC
PI0110,SNG6,CIAD,cadastro ANAC
MT1063,SNG7,CIAD,cadastro ANAC
ES0007,SNGA,CIAD,cadastro ANAC
PI0011,SNGB,CIAD,cadastro ANAC
PI0007,SNGG,CIAD,cadastro ANAC
MS0423,SNGH,CIAD,cadastro ANAC
BA0009,SNGI,CIAD,cadastro ANAC
PA0172,SNGJ,CIAD,cadastro ANAC
MG0146,SNGK,CIAD,cadastro ANAC
PA0091,SNGM,CIAD,cadastro ANAC
PE0006,SNGN,CIAD,cadastro ANAC
GO0097,SNGO,CIAD,cadastro ANAC
MG0147,SNGP,CIAD,cadastro ANAC
MG0148,SNGQ,CIAD,cadastro ANAC
AL0008,SNGS,CIAD,cadastro ANAC
BA0029,SNGT,CIAD,cadastro ANAC
MT0253,SNGV,CIAD,cadastro ANAC
BA0137,SNGW,CIAD,cadastro ANAC
MG0023,SNGX,CIAD,cadastro ANAC
PA0164,SNGY,CIAD,cadastro ANAC
MT1017,SNH4,CIAD,cadastro ANAC
MS0739,SNH6,CIAD,cadastro ANAC
MT1007,SNH9,CIAD,cadastro ANAC
MG0149,SNHD,CIAD,cadastro ANAC
TO0036,SNHE,CIAD,cadastro ANAC
TO0037,SNHG,CIAD,cadastro ANAC
SP0228,SNHJ,CIAD,cadastro ANAC
MS0207,SNHK,CIAD,cadastro ANAC
MS0429,SNHP,CIAD,cadastro ANAC
GO0283,SNHR,CIAD,cadastro ANAC
PE0005,SNHS,CIAD,cadastro ANAC
MA0036,SNHU,CIAD,cadastro ANAC
MA0037,SNHW,CIAD,cadastro ANAC
MS0208,SNHX,CIAD,cadastro ANAC
MG0619,SNI2,CIAD,cadastro ANAC
MT1081,SNI3,CIAD,cadastro ANAC
MT1083,SNI4,CIAD,cadastro ANAC
GO0391,SNI7,CIAD,cadastro ANAC
BA0045,SNIB,CIAD,cadastro ANAC
BA0019,SNIC,CIAD,cadastro ANAC
BA0020,SNIE,CIAD,cadastro ANAC
MG0150,SNIF,CIAD,cadastro ANAC
CE0007,SNIG,CIAD,cadastro ANAC
MS0209,SNIH,CIAD,cadastro ANAC
MS0210,SNII,CIAD,cadastro ANAC
SP0229,SNIJ,CIAD,cadastro ANAC
MT0254,SNIK,CIAD,cadastro ANAC
RS0084,SNIN,CIAD,cadastro ANAC
BA0010,SNIO,CIAD,cadastro ANAC
BA0057,SNIP,CIAD,cadastro ANAC
MA0038,SNIR,CIAD,cadastro ANAC
MA0039,SNIS,CIAD,cadastro ANAC
BA0046,SNIT,CIAD,cadastro ANAC
BA0030,SNIU,CIAD,cadastro ANAC
MG0151,SNIV,CIAD,cadastro ANAC
MS0211,SNIW,CIAD,cadastro ANAC
MT0255,SNIX,CIAD,cadastro ANAC
MT0590,SNIY,CIAD,cadastro ANAC
RO0023,SNIZ,CIAD,cadastro ANAC
MT1174,SNJ1,CIAD,cadastro ANAC
RR0158,SNJ2,CIAD,cadastro ANAC
RO0099,SNJ3,CIAD,cadastro ANAC
MT1080,SNJ4,CIAD,cadastro ANAC
GO0422,SNJ5,CIAD,cadastro ANAC
RR0146,SNJ7,CIAD,cadastro ANAC
GO0389,SNJ8,CIAD,cadastro ANAC
PA0397,SNJ9,CIAD,cadastro ANAC
RS0085,SNJA,CIAD,cadastro ANAC
BA0062,SNJB,CIAD,cadastro ANAC
CE0023,SNJC,CIAD,cadastro ANAC
GO0098,SNJD,CIAD,cadastro ANAC
MA0105,SNJE,CIAD,cadastro ANAC
BA0138,SNJF,CIAD,cadastro ANAC
BA0259,SNJH,CIAD,cadastro ANAC
MG0152,SNJI,CIAD,cadastro ANAC
MS0212,SNJJ,CIAD,cadastro ANAC
BA0047,SNJK,CIAD,cadastro ANAC
BA0139,SNJL,CIAD,cadastro ANAC
MG0050,SNJM,CIAD,cadastro ANAC
MG0036,SNJP,CIAD,cadastro ANAC
MG0053,SNJQ,CIAD,cadastro ANAC
MG0034,SNJR,CIAD,cadastro ANAC
MT0256,SNJU,CIAD,cadastro ANAC
MG0153,SNJV,CIAD,cadastro ANAC
PA0420,SNK2,CIAD,cadastro ANAC
AM0118,SNK4,CIAD,cadastro ANAC
PI0115,SNK7,CIAD,cadastro ANAC
BA0474,SNK9,CIAD,cadastro ANAC
PB0015,SNKB,CIAD,cadastro ANAC
BA0058,SNKC,CIAD,cadastro ANAC
MG0070,SNKD,CIAD,cadastro ANAC
MG0318,SNKE,CIAD,cadastro ANAC
MG0071,SNKF,CIAD,cadastro ANAC
ES0006,SNKI,CIAD,cadastro ANAC
PA0094,SNKJ,CIAD,cadastro ANAC
RN0004,SNKN,CIAD,cadastro ANAC
SP0230,SNKP,CIAD,cadastro ANAC
MS0213,SNKQ,CIAD,cadastro ANAC
BA0064,SNKS,CIAD,cadastro ANAC
MS0214,SNKT,CIAD,cadastro ANAC
BA0066,SNKU,CIAD,cadastro ANAC
AP0008,SNKV,CIAD,cadastro ANAC
PA0095,SNKY,CIAD,cadastro ANAC
MT0610,SNKZ,CIAD,cadastro ANAC
RR0159,SNL2,CIAD,cadastro ANAC
MS0714,SNL3,CIAD,cadastro ANAC
MS0752,SNL4,CIAD,cadastro ANAC
MS0596,SNL6,CIAD,cadastro ANAC
MS0760,SNL7,CIAD,cadastro ANAC
MT1085,SNL8,CIAD,cadastro ANAC
SP1483,SNL9,CIAD,cadastro ANAC
PA0096,SNLA,CIAD,cadastro ANAC
AM0038,SNLB,CIAD,cadastro ANAC
MG0307,SNLC,CIAD,cadastro ANAC
MG0154,SNLD,CIAD,cadastro ANAC
MS0495,SNLE,CIAD,cadastro ANAC
MT0257,SNLF,CIAD,cadastro ANAC
MG0155,SNLG,CIAD,cadastro ANAC
MG0040,SNLI,CIAD,cadastro ANAC
MS0216,SNLJ,CIAD,cadastro ANAC
RJ0189,SNLK,CIAD,cadastro ANAC
GO0191,SNLL,CIAD,cadastro ANAC
AM0090,SNLM,CIAD,cadastro ANAC
ES0002,SNLN,CIAD,cadastro ANAC
MG0037,SNLO,CIAD,cadastro ANAC
GO0100,SNLQ,CIAD,cadastro ANAC
PI0010,SNLT,CIAD,cadastro ANAC
SC0191,SNLV,CIAD,cadastro ANAC
MG0156,SNLY,CIAD,cadastro ANAC
TO0038,SNLZ,CIAD,cadastro ANAC
MA0018,SNM2,CIAD,cadastro ANAC
MS0758,SNM3,CIAD,cadastro ANAC
RO0103,SNM4,CIAD,cadastro ANAC
GO0428,SNM5,CIAD,cadastro ANAC
MS0754,SNM6,CIAD,cadastro ANAC
BA0473,SNM8,CIAD,cadastro ANAC
RO0078,SNM9,CIAD,cadastro ANAC
PA0019,SNMA,CIAD,cadastro ANAC
MS0217,SNMB,CIAD,cadastro ANAC
PA0097,SNMD,CIAD,cadastro ANAC
BA0140,SNME,CIAD,cadastro ANAC
MG0157,SNMF,CIAD,cadastro ANAC
GO0018,SNMH,CIAD,cadastro ANAC
BA0141,SNMI,CIAD,cadastro ANAC
BA0031,SNMJ,CIAD,cadastro ANAC
MG0017,SNMK,CIAD,cadastro ANAC
AL0009,SNML,CIAD,cadastro ANAC
BA0366,SNMM,CIAD,cadastro ANAC
MG0075,SNMN,CIAD,cadastro ANAC
BA0065,SNMR,CIAD,cadastro ANAC
AP0013,SNMS,CIAD,cadastro ANAC
BA0142,SNMU,CIAD,cadastro ANAC
MS0218,SNMV,CIAD,cadastro ANAC
PI0074,SNMW,CIAD,cadastro ANAC
ES0003,SNMX,CIAD,cadastro ANAC
PA0020,SNMZ,CIAD,cadastro ANAC
AM0119,SNN3,CIAD,cadastro ANAC
MS0700,SNN6,CIAD,cadastro ANAC
MA0201,SNN7,CIAD,cadastro ANAC
RS0218,SNN8,CIAD,cadastro ANAC
MG0158,SNNB,CIAD,cadastro ANAC
MS0219,SNNC,CIAD,cadastro ANAC
MG0078,SNNE,CIAD,cadastro ANAC
MS0220,SNNF,CIAD,cadastro ANAC
MS0481,SNNK,CIAD,cadastro ANAC
MT0258,SNNL,CIAD,cadastro ANAC
PR0066,SNNM,CIAD,cadastro ANAC
MG0316,SNNN,CIAD,cadastro ANAC
MT0259,SNNO,CIAD,cadastro ANAC
MT0508,SNNQ,CIAD,cadastro ANAC
MS0221,SNNR,CIAD,cadastro ANAC
MG0041,SNNU,CIAD,cadastro ANAC
SC0035,SNNV,CIAD,cadastro ANAC
GO0198,SNNW,CIAD,cadastro ANAC
RS0086,SNNX,CIAD,cadastro ANAC
RO0051,SNNY,CIAD,cadastro ANAC
PI0008,SNOE,CIAD,cadastro ANAC
MG0057,SNOF,CIAD,cadastro ANAC
RN0008,SNOG,CIAD,cadastro ANAC
MT0501,SNOH,CIAD,cadastro ANAC
SP0231,SNOI,CIAD,cadastro ANAC
BA0350,SNOJ,CIAD,cadastro ANAC
PA0100,SNOK,CIAD,cadastro ANAC
MT0260,SNOL,CIAD,cadastro ANAC
MT0261,SNOM,CIAD,cadastro ANAC
GO0190,SNON,CIAD,cadastro ANAC
MT0262,SNOP,CIAD,cadastro ANAC
MS0223,SNOR,CIAD,cadastro ANAC
MG0024,SNOS,CIAD,cadastro ANAC
MG0160,SNOT,CIAD,cadastro ANAC
AC0003,SNOU,CIAD,cadastro ANAC
AL0010,SNOV,CIAD,cadastro ANAC
SP0232,SNOW,CIAD,cadastro ANAC
PA0014,SNOX,CIAD,cadastro ANAC
MA0041,SNOZ,CIAD,cadastro ANAC
MS0761,SNP3,CIAD,cadastro ANAC
MT1104,SNP4,CIAD,cadastro ANAC
MS0793,SNP5,CIAD,cadastro ANAC
GO0394,SNP6,CIAD,cadastro ANAC
MT1103,SNP7,CIAD,cadastro ANAC
MG0052,SNPA,CIAD,cadastro ANAC
PI0009,SNPC,CIAD,cadastro ANAC
MG0010,SNPD,CIAD,cadastro ANAC
GO0102,SNPF,CIAD,cadastro ANAC
BA0021,SNPI,CIAD,cadastro ANAC
MG0042,SNPJ,CIAD,cadastro ANAC
SP0233,SNPL,CIAD,cadastro ANAC
SP0234,SNPN,CIAD,cadastro ANAC
PE0010,SNPQ,CIAD,cadastro ANAC
MS0409,SNPS,CIAD,cadastro ANAC
MG0456,SNPT,CIAD,cadastro ANAC
MG0073,SNPU,CIAD,cadastro ANAC
MT0263,SNPW,CIAD,cadastro ANAC
MG0028,SNPX,CIAD,cadastro ANAC
MG0013,SNPY,CIAD,cadastro ANAC
MS0665,SNQ2,CIAD,cadastro ANAC
MS0767,SNQ3,CIAD,cadastro ANAC
MT1097,SNQ6,CIAD,cadastro ANAC
MS0774,SNQ7,CIAD,cadastro ANAC
RO0109,SNQ8,CIAD,cadastro ANAC
PA0425,SNQ9,CIAD,cadastro ANAC
MT0605,SNQB,CIAD,cadastro ANAC
PB0006,SNQD,CIAD,cadastro ANAC
PA0101,SNQE,CIAD,cadastro ANAC
MS0486,SNQF,CIAD,cadastro ANAC
PI0003,SNQG,CIAD,cadastro ANAC
MG0292,SNQJ,CIAD,cadastro ANAC
GO0278,SNQM,CIAD,cadastro ANAC
MT0265,SNQN,CIAD,cadastro ANAC
SP0235,SNQP,CIAD,cadastro ANAC
GO0196,SNQQ,CIAD,cadastro ANAC
MT0266,SNQR,CIAD,cadastro ANAC
MS0226,SNQS,CIAD,cadastro ANAC
PR0067,SNQT,CIAD,cadastro ANAC
BA0032,SNQU,CIAD,cadastro ANAC
MG0044,SNQV,CIAD,cadastro ANAC
CE0010,SNQX,CIAD,cadastro ANAC
MS0468,SNQZ,CIAD,cadastro ANAC
BA0488,SNR2,CIAD,cadastro ANAC
MT1114,SNR3,CIAD,cadastro ANAC
PA0352,SNR6,CIAD,cadastro ANAC
RO0102,SNR7,CIAD,cadastro ANAC
MT1107,SNR8,CIAD,cadastro ANAC
GO0103,SNRA,CIAD,cadastro ANAC
RS0088,SNRB,CIAD,cadastro ANAC
MS0227,SNRC,CIAD,cadastro ANAC
BA0048,SNRD,CIAD,cadastro ANAC
AM0039,SNRH,CIAD,cadastro ANAC
PA0103,SNRJ,CIAD,cadastro ANAC
GO0200,SNRK,CIAD,cadastro ANAC
BA0022,SNRM,CIAD,cadastro ANAC
SP0236,SNRN,CIAD,cadastro ANAC
MT0640,SNRO,CIAD,cadastro ANAC
MG0066,SNRP,CIAD,cadastro ANAC
PA0104,SNRQ,CIAD,cadastro ANAC
MT0683,SNRS,CIAD,cadastro ANAC
PE0004,SNRU,CIAD,cadastro ANAC
PA0105,SNRV,CIAD,cadastro ANAC
MA0009,SNRX,CIAD,cadastro ANAC
MG0049,SNRZ,CIAD,cadastro ANAC
MT1117,SNS2,CIAD,cadastro ANAC
MT1115,SNS3,CIAD,cadastro ANAC
MT1109,SNS4,CIAD,cadastro ANAC
RO0112,SNS6,CIAD,cadastro ANAC
PA0428,SNS7,CIAD,cadastro ANAC
GO0395,SNS9,CIAD,cadastro ANAC
MG0294,SNSA,CIAD,cadastro ANAC
BA0056,SNSE,CIAD,cadastro ANAC
PE0008,SNSG,CIAD,cadastro ANAC
PA0106,SNSH,CIAD,cadastro ANAC
MG0076,SNSI,CIAD,cadastro ANAC
SP0238,SNSK,CIAD,cadastro ANAC
BA0241,SNSL,CIAD,cadastro ANAC
PA0250,SNSM,CIAD,cadastro ANAC
PI0078,SNSP,CIAD,cadastro ANAC
MG0161,SNSR,CIAD,cadastro ANAC
MG0029,SNSS,CIAD,cadastro ANAC
MT0615,SNSU,CIAD,cadastro ANAC
MS0228,SNSV,CIAD,cadastro ANAC
PA0025,SNSW,CIAD,cadastro ANAC
TO0152,SNT2,CIAD,cadastro ANAC
MG0626,SNT3,CIAD,cadastro ANAC
BA0487,SNT4,CIAD,cadastro ANAC
BA0478,SNT6,CIAD,cadastro ANAC
GO0397,SNT7,CIAD,cadastro ANAC
BA0485,SNT8,CIAD,cadastro ANAC
MG0628,SNT9,CIAD,cadastro ANAC
SP0239,SNTA,CIAD,cadastro ANAC
BA0332,SNTB,CIAD,cadastro ANAC
MG0449,SNTC,CIAD,cadastro ANAC
MG0162,SNTD,CIAD,cadastro ANAC
BA0016,SNTF,CIAD,cadastro ANAC
BA0143,SNTG,CIAD,cadastro ANAC
PA0016,SNTI,CIAD,cadastro ANAC
SP1284,SNTK,CIAD,cadastro ANAC
TO0039,SNTL,CIAD,cadastro ANAC
MG0048,SNTO,CIAD,cadastro ANAC
PA0107,SNTP,CIAD,cadastro ANAC
BA0053,SNTQ,CIAD,cadastro ANAC
BA0036,SNTR,CIAD,cadastro ANAC
PB0005,SNTS,CIAD,cadastro ANAC
MT0597,SNTU,CIAD,cadastro ANAC
BA0144,SNTV,CIAD,cadastro ANAC
MA0081,SNTX,CIAD,cadastro ANAC
BA0051,SNTY,CIAD,cadastro ANAC
RO0111,SNU3,CIAD,cadastro ANAC
MS0772,SNU4,CIAD,cadastro ANAC
PA0427,SNU7,CIAD,cadastro ANAC
MT1110,SNU8,CIAD,cadastro ANAC
PR0068,SNUA,CIAD,cadastro ANAC
MG0058,SNUB,CIAD,cadastro ANAC
MT0268,SNUD,CIAD,cadastro ANAC
RS0121,SNUE,CIAD,cadastro ANAC
SP0854,SNUF,CIAD,cadastro ANAC
MT0269,SNUG,CIAD,cadastro ANAC
MG0054,SNUH,CIAD,cadastro ANAC
MG0045,SNUI,CIAD,cadastro ANAC
MT0503,SNUJ,CIAD,cadastro ANAC
BA0097,SNUK,CIAD,cadastro ANAC
MT0617,SNUM,CIAD,cadastro ANAC
MG0055,SNUN,CIAD,cadastro ANAC
AL0011,SNUP,CIAD,cadastro ANAC
BA0017,SNUT,CIAD,cadastro ANAC
GO0266,SNUU,CIAD,cadastro ANAC
MT0270,SNUV,CIAD,cadastro ANAC
MG0165,SNUW,CIAD,cadastro ANAC
AL0012,SNUZ,CIAD,cadastro ANAC
SP1497,SNV1,CIAD,cadastro ANAC
MT1100,SNV2,CIAD,cadastro ANAC
MT1112,SNV4,CIAD,cadastro ANAC
CE0179,SNV6,CIAD,cadastro ANAC
PA0108,SNVA,CIAD,cadastro ANAC
BA0008,SNVB,CIAD,cadastro ANAC
MG0074,SNVC,CIAD,cadastro ANAC
BA0050,SNVD,CIAD,cadastro ANAC
MT0271,SNVH,CIAD,cadastro ANAC
MG0035,SNVI,CIAD,cadastro ANAC
MT0272,SNVJ,CIAD,cadastro ANAC
PA0161,SNVL,CIAD,cadastro ANAC
MG0166,SNVN,CIAD,cadastro ANAC
MG0319,SNVP,CIAD,cadastro ANAC
MS0522,SNVQ,CIAD,cadastro ANAC
BA0147,SNVR,CIAD,cadastro ANAC
PA0015,SNVS,CIAD,cadastro ANAC
MS0231,SNVY,CIAD,cadastro ANAC
BA0260,SNVZ,CIAD,cadastro ANAC
MT1183,SNW1,CIAD,cadastro ANAC
MT1125,SNW3,CIAD,cadastro ANAC
MG0625,SNW4,CIAD,cadastro ANAC
MS0781,SNW6,CIAD,cadastro ANAC
MT1120,SNW7,CIAD,cadastro ANAC
PI0120,SNW9,CIAD,cadastro ANAC
BA0148,SNWB,CIAD,cadastro ANAC
CE0011,SNWC,CIAD,cadastro ANAC
MS0232,SNWD,CIAD,cadastro ANAC
PB0016,SNWE,CIAD,cadastro ANAC
MS0233,SNWF,CIAD,cadastro ANAC
MS0234,SNWG,CIAD,cadastro ANAC
PR0069,SNWH,CIAD,cadastro ANAC
MT0274,SNWJ,CIAD,cadastro ANAC
MT0275,SNWK,CIAD,cadastro ANAC
MS0236,SNWO,CIAD,cadastro ANAC
MT0276,SNWP,CIAD,cadastro ANAC
RS0131,SNWQ,CIAD,cadastro ANAC
CE0005,SNWS,CIAD,cadastro ANAC
MS0237,SNWU,CIAD,cadastro ANAC
PA0160,SNWZ,CIAD,cadastro ANAC
MS0776,SNX2,CIAD,cadastro ANAC
MT1124,SNX4,CIAD,cadastro ANAC
BA0493,SNX6,CIAD,cadastro ANAC
GO0400,SNX7,CIAD,cadastro ANAC
MT1127,SNX8,CIAD,cadastro ANAC
MT1126,SNX9,CIAD,cadastro ANAC
CE0132,SNXA,CIAD,cadastro ANAC
MG0025,SNXB,CIAD,cadastro ANAC
PA0110,SNXG,CIAD,cadastro ANAC
MG0168,SNXI,CIAD,cadastro ANAC
PA0111,SNXK,CIAD,cadastro ANAC
PA0167,SNXN,CIAD,cadastro ANAC
MG0169,SNXP,CIAD,cadastro ANAC
BA0018,SNXQ,CIAD,cadastro ANAC
PA0112,SNXR,CIAD,cadastro ANAC
MT0588,SNXS,CIAD,cadastro ANAC
MT0511,SNXT,CIAD,cadastro ANAC
MS0239,SNXU,CIAD,cadastro ANAC
MG0170,SNXV,CIAD,cadastro ANAC
PA0113,SNXY,CIAD,cadastro ANAC
PI0033,SNXZ,CIAD,cadastro ANAC
MA0207,SNY3,CIAD,cadastro ANAC
MS0766,SNY4,CIAD,cadastro ANAC
SP1491,SNY6,CIAD,cadastro ANAC
MT1128,SNY7,CIAD,cadastro ANAC
MT1105,SNY8,CIAD,cadastro ANAC
PA0024,SNYA,CIAD,cadastro ANAC
MG0047,SNYB,CIAD,cadastro ANAC
MA0004,SNYE,CIAD,cadastro ANAC
MS0240,SNYF,CIAD,cadastro ANAC
PA0114,SNYH,CIAD,cadastro ANAC
PA0115,SNYJ,CIAD,cadastro ANAC
MT0277,SNYK,CIAD,cadastro ANAC
MT0278,SNYL,CIAD,cadastro ANAC
SP0240,SNYO,CIAD,cadastro ANAC
PA0116,SNYP,CIAD,cadastro ANAC
MG0171,SNYS,CIAD,cadastro ANAC
BA0014,SNYT,CIAD,cadastro ANAC
MG0014,SNYU,CIAD,cadastro ANAC
PA0118,SNYV,CIAD,cadastro ANAC
MA0043,SNYW,CIAD,cadastro ANAC
MG0172,SNYX,CIAD,cadastro ANAC
PR0070,SNYY,CIAD,cadastro ANAC
PA0119,SNYZ,CIAD,cadastro ANAC
MT1167,SNZ1,CIAD,cadastro ANAC
MG0637,SNZ2,CIAD,cadastro ANAC
PA0430,SNZ3,CIAD,cadastro ANAC
MT1122,SNZ4,CIAD,cadastro ANAC
RO0108,SNZ6,CIAD,cadastro ANAC
MT1106,SNZ7,CIAD,cadastro ANAC
MT1111,SNZ9,CIAD,cadastro ANAC
MG0038,SNZA,CIAD,cadastro ANAC
SC0036,SNZB,CIAD,cadastro ANAC
MS0241,SNZC,CIAD,cadastro ANAC
RO0024,SNZD,CIAD,cadastro ANAC
RS0089,SNZE,CIAD,cadastro ANAC
MT0622,SNZF,CIAD,cadastro ANAC
SP0241,SNZG,CIAD,cadastro ANAC
MG0173,SNZH,CIAD,cadastro ANAC
MG0174,SNZK,CIAD,cadastro ANAC
SP0242,SNZL,CIAD,cadastro ANAC
MS0242,SNZN,CIAD,cadastro ANAC
RN0009,SNZO,CIAD,cadastro ANAC
MT0577,SNZP,CIAD,cadastro ANAC
MG0026,SNZR,CIAD,cadastro ANAC
MT0665,SNZS,CIAD,cadastro ANAC
PA0120,SNZT,CIAD,cadastro ANAC
PA0121,SNZU,CIAD,cadastro ANAC
PA0122,SNZV,CIAD,cadastro ANAC
BA0063,SNZW,CIAD,cadastro ANAC
AL0013,SNZZ,CIAD,cadastro ANAC
MT1173,SS07,CIAD,cadastro ANAC
PR0261,SS1H,CIAD,cadastro ANAC
GO0421,SS1L,CIAD,cadastro ANAC
GO0431,SS1M,CIAD,cadastro ANAC
MT1185,SS1X,CIAD,cadastro ANAC
MT1082,SS22,CIAD,cadastro ANAC
RS0214,SS23,CIAD,cadastro ANAC
MT1096,SS25,CIAD,cadastro ANAC
BA0477,SS27,CIAD,cadastro ANAC
MS0757,SS28,CIAD,cadastro ANAC
MT1089,SS29,CIAD,cadastro ANAC
MT1090,SS2A,CIAD,cadastro ANAC
MT1045,SS2B,CIAD,cadastro ANAC
MT1047,SS2C,CIAD,cadastro ANAC
SC0242,SS2D,CIAD,cadastro ANAC
RO0097,SS2E,CIAD,cadastro ANAC
MT1075,SS2G,CIAD,cadastro ANAC
MS0763,SS2H,CIAD,cadastro ANAC
GO0385,SS2M,CIAD,cadastro ANAC
MA0198,SS2N,CIAD,cadastro ANAC
BA0480,SS2O,CIAD,cadastro ANAC
GO0392,SS2P,CIAD,cadastro ANAC
MA0199,SS2Q,CIAD,cadastro ANAC
PA0407,SS2R,CIAD,cadastro ANAC
MS0768,SS2S,CIAD,cadastro ANAC
MS0770,SS2T,CIAD,cadastro ANAC
TO0150,SS2U,CIAD,cadastro ANAC
MS0765,SS2V,CIAD,cadastro ANAC
BA0481,SS2W,CIAD,cadastro ANAC
RS0216,SS2X,CIAD,cadastro ANAC
GO0393,SS2Y,CIAD,cadastro ANAC
TO0151,SS2Z,CIAD,cadastro ANAC
MT1060,SS32,CIAD,cadastro ANAC
BA0476,SS34,CIAD,cadastro ANAC
MS0762,SS38,CIAD,cadastro ANAC
MG0432,SS39,CIAD,cadastro ANAC
MG0622,SS3A,CIAD,cadastro ANAC
MT1092,SS3B,CIAD,cadastro ANAC
MA0203,SS3D,CIAD,cadastro ANAC
CE0178,SS3E,CIAD,cadastro ANAC
RS0217,SS3H,CIAD,cadastro ANAC
PA0423,SS3I,CIAD,cadastro ANAC
MS0764,SS3K,CIAD,cadastro ANAC
MT1087,SS3L,CIAD,cadastro ANAC
MS0748,SS3M,CIAD,cadastro ANAC
MT1084,SS3P,CIAD,cadastro ANAC
RO0107,SS3Q,CIAD,cadastro ANAC
TO0149,SS3R,CIAD,cadastro ANAC
MS0634,SS3S,CIAD,cadastro ANAC
MA0202,SS3T,CIAD,cadastro ANAC
RO0110,SS3U,CIAD,cadastro ANAC
MT1098,SS3W,CIAD,cadastro ANAC
MA0204,SS3Z,CIAD,cadastro ANAC
MT1069,SS42,CIAD,cadastro ANAC
PA0417,SS43,CIAD,cadastro ANAC
MT1048,SS44,CIAD,cadastro ANAC
MT0899,SS46,CIAD,cadastro ANAC
MT1021,SS47,CIAD,cadastro ANAC
MT1066,SS48,CIAD,cadastro ANAC
MT0828,SS49,CIAD,cadastro ANAC
MT1065,SS4A,CIAD,cadastro ANAC
SP1476,SS4C,CIAD,cadastro ANAC
MS0750,SS4D,CIAD,cadastro ANAC
PA0413,SS4F,CIAD,cadastro ANAC
MT1067,SS4H,CIAD,cadastro ANAC
TO0148,SS4I,CIAD,cadastro ANAC
MA0196,SS4K,CIAD,cadastro ANAC
PB0042,SS4L,CIAD,cadastro ANAC
MT1073,SS4N,CIAD,cadastro ANAC
MT1068,SS4O,CIAD,cadastro ANAC
AM0117,SS4P,CIAD,cadastro ANAC
PA0414,SS4T,CIAD,cadastro ANAC
MA0192,SS4U,CIAD,cadastro ANAC
MS0306,SS4V,CIAD,cadastro ANAC
MS0775,SS4W,CIAD,cadastro ANAC
MS0777,SS4X,CIAD,cadastro ANAC
BA0483,SS4Z,CIAD,cadastro ANAC
PI0117,SS62,CIAD,cadastro ANAC
BA0484,SS63,CIAD,cadastro ANAC
RR0140,SS66,CIAD,cadastro ANAC
RS0219,SS67,CIAD,cadastro ANAC
BA0491,SS69,CIAD,cadastro ANAC
BA0490,SS6A,CIAD,cadastro ANAC
TO0153,SS6B,CIAD,cadastro ANAC
PI0118,SS6C,CIAD,cadastro ANAC
MT1091,SS6D,CIAD,cadastro ANAC
MS0780,SS6H,CIAD,cadastro ANAC
PA0429,SS6I,CIAD,cadastro ANAC
RR0163,SS6J,CIAD,cadastro ANAC
MS0782,SS6K,CIAD,cadastro ANAC
MA0205,SS6L,CIAD,cadastro ANAC
RS0223,SS6N,CIAD,cadastro ANAC
MT1130,SS6T,CIAD,cadastro ANAC
PA0431,SS6W,CIAD,cadastro ANAC
PA0432,SS73,CIAD,cadastro ANAC
MT1131,SS74,CIAD,cadastro ANAC
MT1129,SS78,CIAD,cadastro ANAC
RO0113,SS7B,CIAD,cadastro ANAC
RR0162,SS7C,CIAD,cadastro ANAC
MG0644,SS7E,CIAD,cadastro ANAC
GO0398,SS7F,CIAD,cadastro ANAC
MA0206,SS7G,CIAD,cadastro ANAC
BA0496,SS7H,CIAD,cadastro ANAC
MT1118,SS7J,CIAD,cadastro ANAC
MT1113,SS7K,CIAD,cadastro ANAC
RS0222,SS7L,CIAD,cadastro ANAC
PI0119,SS7N,CIAD,cadastro ANAC
SP1493,SS7O,CIAD,cadastro ANAC
TO0156,SS7P,CIAD,cadastro ANAC
BA0495,SS7Q,CIAD,cadastro ANAC
MT1139,SS7S,CIAD,cadastro ANAC
MT1121,SS7T,CIAD,cadastro ANAC
RO0114,SS7U,CIAD,cadastro ANAC
RS0033,SS7W,CIAD,cadastro ANAC
PA0351,SS7X,CIAD,cadastro ANAC
MT1116,SS7Y,CIAD,cadastro ANAC
TO0154,SS7Z,CIAD,cadastro ANAC
PA0426,SS82,CIAD,cadastro ANAC
MG0633,SS83,CIAD,cadastro ANAC
BA0489,SS86,CIAD,cadastro ANAC
RO0106,SS87,CIAD,cadastro ANAC
MG0627,SS88,CIAD,cadastro ANAC
MS0778,SS89,CIAD,cadastro ANAC
MS0779,SS8A,CIAD,cadastro ANAC
MS0629,SS8C,CIAD,cadastro ANAC
GO0396,SS8E,CIAD,cadastro ANAC
MT1094,SS8F,CIAD,cadastro ANAC
MT1095,SS8G,CIAD,cadastro ANAC
MS0230,SS8H,CIAD,cadastro ANAC
MT1038,SS8I,CIAD,cadastro ANAC
MT1102,SS8J,CIAD,cadastro ANAC
PR0082,SS8K,CIAD,cadastro ANAC
MS0773,SS8L,CIAD,cadastro ANAC
MT1101,SS8M,CIAD,cadastro ANAC
MT1088,SS8N,CIAD,cadastro ANAC
MT1079,SS8R,CIAD,cadastro ANAC
MT1093,SS8S,CIAD,cadastro ANAC
TO0141,SS8T,CIAD,cadastro ANAC
PR0254,SS8V,CIAD,cadastro ANAC
MG0650,SS8X,CIAD,cadastro ANAC
MT1135,SS8Y,CIAD,cadastro ANAC
GO0403,SS8Z,CIAD,cadastro ANAC
TO0155,SS93,CIAD,cadastro ANAC
MS0788,SS94,CIAD,cadastro ANAC
MG0651,SS96,CIAD,cadastro ANAC
MT1145,SS97,CIAD,cadastro ANAC
SC0258,SS99,CIAD,cadastro ANAC
MA0209,SS9A,CIAD,cadastro ANAC
MT1146,SS9B,CIAD,cadastro ANAC
SP1454,SS9C,CIAD,cadastro ANAC
MT1099,SS9D,CIAD,cadastro ANAC
MT1147,SS9E,CIAD,cadastro ANAC
MS0789,SS9H,CIAD,cadastro ANAC
GO0404,SS9I,CIAD,cadastro ANAC
MT1148,SS9J,CIAD,cadastro ANAC
BA0507,SS9O,CIAD,cadastro ANAC
PI0056,SS9P,CIAD,cadastro ANAC
RN0023,SS9Q,CIAD,cadastro ANAC
MG0583,SS9R,CIAD,cadastro ANAC
TO0159,SS9S,CIAD,cadastro ANAC
MS0785,SS9T,CIAD,cadastro ANAC
MS0786,SS9W,CIAD,cadastro ANAC
MT1151,SS9Z,CIAD,cadastro ANAC
RO0115,SSA0,CIAD,cadastro ANAC
SP0186,SSA2,CIAD,cadastro ANAC
BA0512,SSA3,CIAD,cadastro ANAC
PI0124,SSA4,CIAD,cadastro ANAC
MT1141,SSA6,CIAD,cadastro ANAC
BA0503,SSA7,CIAD,cadastro ANAC
GO0406,SSA8,CIAD,cadastro ANAC
BA0510,SSA9,CIAD,cadastro ANAC
PR0024,SSAB,CIAD,cadastro ANAC
MS0243,SSAD,CIAD,cadastro ANAC
RS0040,SSAE,CIAD,cadastro ANAC
PR0071,SSAF,CIAD,cadastro ANAC
MS0244,SSAG,CIAD,cadastro ANAC
MT0500,SSAH,CIAD,cadastro ANAC
GO0104,SSAI,CIAD,cadastro ANAC
RS0048,SSAK,CIAD,cadastro ANAC
MT0280,SSAM,CIAD,cadastro ANAC
PR0032,SSAN,CIAD,cadastro ANAC
BA0149,SSAO,CIAD,cadastro ANAC
PR0014,SSAP,CIAD,cadastro ANAC
RS0036,SSAQ,CIAD,cadastro ANAC
MG0176,SSAT,CIAD,cadastro ANAC
RS0090,SSAU,CIAD,cadastro ANAC
MS0245,SSAV,CIAD,cadastro ANAC
MS0246,SSAY,CIAD,cadastro ANAC
RN0010,SSAZ,CIAD,cadastro ANAC
MT1156,SSB2,CIAD,cadastro ANAC
PA0437,SSB3,CIAD,cadastro ANAC
MT1144,SSB6,CIAD,cadastro ANAC
BA0511,SSB7,CIAD,cadastro ANAC
PA0435,SSB8,CIAD,cadastro ANAC
GO0409,SSB9,CIAD,cadastro ANAC
BA0150,SSBA,CIAD,cadastro ANAC
MG0177,SSBB,CIAD,cadastro ANAC
SP0243,SSBC,CIAD,cadastro ANAC
MS0247,SSBF,CIAD,cadastro ANAC
RS0091,SSBG,CIAD,cadastro ANAC
BA0151,SSBI,CIAD,cadastro ANAC
BA0360,SSBJ,CIAD,cadastro ANAC
MS0248,SSBK,CIAD,cadastro ANAC
SC0019,SSBL,CIAD,cadastro ANAC
RS0002,SSBN,CIAD,cadastro ANAC
MT0281,SSBQ,CIAD,cadastro ANAC
MT0604,SSBS,CIAD,cadastro ANAC
MS0250,SSBT,CIAD,cadastro ANAC
MS0253,SSBX,CIAD,cadastro ANAC
MS0254,SSBY,CIAD,cadastro ANAC
RJ0012,SSBZ,CIAD,cadastro ANAC
RR0169,SSC2,CIAD,cadastro ANAC
PA0440,SSC3,CIAD,cadastro ANAC
BA0518,SSC7,CIAD,cadastro ANAC
MT1078,SSC8,CIAD,cadastro ANAC
BA0513,SSC9,CIAD,cadastro ANAC
MS0255,SSCA,CIAD,cadastro ANAC
SP0044,SSCB,CIAD,cadastro ANAC
MS0007,SSCD,CIAD,cadastro ANAC
RN0011,SSCE,CIAD,cadastro ANAC
PR0072,SSCF,CIAD,cadastro ANAC
MS0256,SSCH,CIAD,cadastro ANAC
MS0012,SSCI,CIAD,cadastro ANAC
SC0010,SSCK,CIAD,cadastro ANAC
MS0018,SSCL,CIAD,cadastro ANAC
MS0258,SSCM,CIAD,cadastro ANAC
RS0019,SSCN,CIAD,cadastro ANAC
RS0092,SSCO,CIAD,cadastro ANAC
PR0015,SSCP,CIAD,cadastro ANAC
PR0016,SSCR,CIAD,cadastro ANAC
PR0025,SSCT,CIAD,cadastro ANAC
MT0282,SSCW,CIAD,cadastro ANAC
RS0093,SSCX,CIAD,cadastro ANAC
ES0027,SSDC,CIAD,cadastro ANAC
BA0152,SSDF,CIAD,cadastro ANAC
MT0283,SSDG,CIAD,cadastro ANAC
BA0153,SSDH,CIAD,cadastro ANAC
MA0044,SSDI,CIAD,cadastro ANAC
MG0178,SSDK,CIAD,cadastro ANAC
PI0034,SSDL,CIAD,cadastro ANAC
BA0154,SSDM,CIAD,cadastro ANAC
PI0035,SSDN,CIAD,cadastro ANAC
BA0155,SSDO,CIAD,cadastro ANAC
MT0284,SSDP,CIAD,cadastro ANAC
MS0259,SSDQ,CIAD,cadastro ANAC
PA0124,SSDT,CIAD,cadastro ANAC
MT0286,SSDU,CIAD,cadastro ANAC
MS0260,SSDV,CIAD,cadastro ANAC
MT0287,SSDW,CIAD,cadastro ANAC
RS0094,SSDX,CIAD,cadastro ANAC
BA0156,SSDZ,CIAD,cadastro ANAC
MT0515,SSEA,CIAD,cadastro ANAC
GO0105,SSEB,CIAD,cadastro ANAC
MG0179,SSEC,CIAD,cadastro ANAC
MS0261,SSED,CIAD,cadastro ANAC
RS0054,SSEE,CIAD,cadastro ANAC
SP0244,SSEF,CIAD,cadastro ANAC
PR0073,SSEG,CIAD,cadastro ANAC
MT0472,SSEM,CIAD,cadastro ANAC
MT0609,SSEN,CIAD,cadastro ANAC
RS0031,SSEP,CIAD,cadastro ANAC
RS0018,SSER,CIAD,cadastro ANAC
SC0037,SSET,CIAD,cadastro ANAC
PA0125,SSEU,CIAD,cadastro ANAC
MS0263,SSEV,CIAD,cadastro ANAC
SP0245,SSEW,CIAD,cadastro ANAC
MS0264,SSEX,CIAD,cadastro ANAC
RS0050,SSEZ,CIAD,cadastro ANAC
PR0074,SSFA,CIAD,cadastro ANAC
PR0021,SSFB,CIAD,cadastro ANAC
RS0095,SSFC,CIAD,cadastro ANAC
PR0075,SSFE,CIAD,cadastro ANAC
MG0180,SSFH,CIAD,cadastro ANAC
MS0267,SSFI,CIAD,cadastro ANAC
MS0268,SSFJ,CIAD,cadastro ANAC
PI0006,SSFL,CIAD,cadastro ANAC
PI0036,SSFM,CIAD,cadastro ANAC
MS0269,SSFN,CIAD,cadastro ANAC
MT0576,SSFS,CIAD,cadastro ANAC
PA0126,SSFU,CIAD,cadastro ANAC
MG0181,SSFV,CIAD,cadastro ANAC
BA0157,SSFW,CIAD,cadastro ANAC
PR0076,SSFX,CIAD,cadastro ANAC
MG0182,SSFZ,CIAD,cadastro ANAC
RS0020,SSGA,CIAD,cadastro ANAC
PR0035,SSGB,CIAD,cadastro ANAC
MT0289,SSGC,CIAD,cadastro ANAC
BA0247,SSGD,CIAD,cadastro ANAC
MS0271,SSGE,CIAD,cadastro ANAC
MS0272,SSGF,CIAD,cadastro ANAC
PR0009,SSGG,CIAD,cadastro ANAC
MS0273,SSGH,CIAD,cadastro ANAC
MS0274,SSGJ,CIAD,cadastro ANAC
MT0579,SSGL,CIAD,cadastro ANAC
MS0275,SSGM,CIAD,cadastro ANAC
MS0276,SSGN,CIAD,cadastro ANAC
MS0277,SSGO,CIAD,cadastro ANAC
DF0007,SSGP,CIAD,cadastro ANAC
MS0278,SSGQ,CIAD,cadastro ANAC
GO0218,SSGR,CIAD,cadastro ANAC
MS0279,SSGS,CIAD,cadastro ANAC
MS0280,SSGT,CIAD,cadastro ANAC
PR0077,SSGU,CIAD,cadastro ANAC
PR0037,SSGW,CIAD,cadastro ANAC
SP0246,SSGX,CIAD,cadastro ANAC
PR0023,SSGY,CIAD,cadastro ANAC
MS0281,SSGZ,CIAD,cadastro ANAC
MS0282,SSHA,CIAD,cadastro ANAC
BA0158,SSHB,CIAD,cadastro ANAC
MS0540,SSHC,CIAD,cadastro ANAC
RS0096,SSHD,CIAD,cadastro ANAC
MT0290,SSHE,CIAD,cadastro ANAC
BA0159,SSHF,CIAD,cadastro ANAC
RS0120,SSHG,CIAD,cadastro ANAC
MS0283,SSHK,CIAD,cadastro ANAC
PR0079,SSHN,CIAD,cadastro ANAC
PR0080,SSHP,CIAD,cadastro ANAC
SP0247,SSHQ,CIAD,cadastro ANAC
MT0291,SSHT,CIAD,cadastro ANAC
MS0284,SSHU,CIAD,cadastro ANAC
MG0183,SSHV,CIAD,cadastro ANAC
TO0055,SSHW,CIAD,cadastro ANAC
MS0285,SSHX,CIAD,cadastro ANAC
RS0037,SSHZ,CIAD,cadastro ANAC
PI0037,SSIA,CIAD,cadastro ANAC
MS0286,SSIC,CIAD,cadastro ANAC
MS0002,SSIE,CIAD,cadastro ANAC
MS0287,SSIF,CIAD,cadastro ANAC
RS0032,SSIJ,CIAD,cadastro ANAC
SC0009,SSIM,CIAD,cadastro ANAC
MT0628,SSIO,CIAD,cadastro ANAC
RS0045,SSIQ,CIAD,cadastro ANAC
RS0049,SSIR,CIAD,cadastro ANAC
SP0248,SSIS,CIAD,cadastro ANAC
MT0292,SSIT,CIAD,cadastro ANAC
PA0127,SSIY,CIAD,cadastro ANAC
SC0014,SSJA,CIAD,cadastro ANAC
MS0288,SSJB,CIAD,cadastro ANAC
SP0249,SSJC,CIAD,cadastro ANAC
TO0076,SSJD,CIAD,cadastro ANAC
MS0289,SSJG,CIAD,cadastro ANAC
MS0019,SSJI,CIAD,cadastro ANAC
MS0290,SSJJ,CIAD,cadastro ANAC
RS0028,SSJK,CIAD,cadastro ANAC
RR0104,SSJL,CIAD,cadastro ANAC
PR0081,SSJP,CIAD,cadastro ANAC
MT0293,SSJQ,CIAD,cadastro ANAC
MT0601,SSJR,CIAD,cadastro ANAC
MT0294,SSJS,CIAD,cadastro ANAC
MT0587,SSJU,CIAD,cadastro ANAC
MS0293,SSJV,CIAD,cadastro ANAC
MS0294,SSJW,CIAD,cadastro ANAC
MS0295,SSJX,CIAD,cadastro ANAC
MS0296,SSJY,CIAD,cadastro ANAC
MS0297,SSKA,CIAD,cadastro ANAC
MS0298,SSKB,CIAD,cadastro ANAC
MT0295,SSKC,CIAD,cadastro ANAC
GO0106,SSKD,CIAD,cadastro ANAC
PI0053,SSKE,CIAD,cadastro ANAC
MS0003,SSKG,CIAD,cadastro ANAC
RO0025,SSKI,CIAD,cadastro ANAC
RN0012,SSKJ,CIAD,cadastro ANAC
RS0052,SSKK,CIAD,cadastro ANAC
PR0017,SSKM,CIAD,cadastro ANAC
SP0250,SSKN,CIAD,cadastro ANAC
MT0492,SSKO,CIAD,cadastro ANAC
PR0083,SSKP,CIAD,cadastro ANAC
GO0107,SSKQ,CIAD,cadastro ANAC
GO0108,SSKR,CIAD,cadastro ANAC
RS0039,SSKS,CIAD,cadastro ANAC
SC0038,SSKT,CIAD,cadastro ANAC
SC0016,SSKU,CIAD,cadastro ANAC
RO0004,SSKW,CIAD,cadastro ANAC
SE0004,SSKX,CIAD,cadastro ANAC
MT0296,SSKY,CIAD,cadastro ANAC
RS0009,SSKZ,CIAD,cadastro ANAC
MT0608,SSLA,CIAD,cadastro ANAC
MS0300,SSLB,CIAD,cadastro ANAC
MS0301,SSLD,CIAD,cadastro ANAC
RS0021,SSLG,CIAD,cadastro ANAC
MS0427,SSLI,CIAD,cadastro ANAC
RO0052,SSLJ,CIAD,cadastro ANAC
MG0184,SSLK,CIAD,cadastro ANAC
RO0048,SSLL,CIAD,cadastro ANAC
GO0202,SSLM,CIAD,cadastro ANAC
SC0018,SSLN,CIAD,cadastro ANAC
PR0031,SSLO,CIAD,cadastro ANAC
MS0302,SSLP,CIAD,cadastro ANAC
MS0487,SSLQ,CIAD,cadastro ANAC
MS0303,SSLR,CIAD,cadastro ANAC
BA0035,SSLS,CIAD,cadastro ANAC
RS0022,SSLT,CIAD,cadastro ANAC
MS0304,SSLW,CIAD,cadastro ANAC
PR0084,SSLX,CIAD,cadastro ANAC
RJ0187,SSMB,CIAD,cadastro ANAC
MT0638,SSMF,CIAD,cadastro ANAC
MT0297,SSMI,CIAD,cadastro ANAC
MS0020,SSMJ,CIAD,cadastro ANAC
RS0097,SSMK,CIAD,cadastro ANAC
BA0160,SSML,CIAD,cadastro ANAC
MS0511,SSMO,CIAD,cadastro ANAC
PR0026,SSMR,CIAD,cadastro ANAC
RS0044,SSMT,CIAD,cadastro ANAC
SP0251,SSMV,CIAD,cadastro ANAC
MG0185,SSMX,CIAD,cadastro ANAC
PR0086,SSMY,CIAD,cadastro ANAC
MT0298,SSMZ,CIAD,cadastro ANAC
MS0307,SSNA,CIAD,cadastro ANAC
MS0015,SSNB,CIAD,cadastro ANAC
MT0299,SSND,CIAD,cadastro ANAC
MT0300,SSNE,CIAD,cadastro ANAC
SP0253,SSNF,CIAD,cadastro ANAC
RS0046,SSNG,CIAD,cadastro ANAC
RS0023,SSNH,CIAD,cadastro ANAC
MS0308,SSNI,CIAD,cadastro ANAC
MS0309,SSNJ,CIAD,cadastro ANAC
MT0301,SSNN,CIAD,cadastro ANAC
GO0268,SSNO,CIAD,cadastro ANAC
RS0041,SSNP,CIAD,cadastro ANAC
MS0016,SSNQ,CIAD,cadastro ANAC
MS0311,SSNR,CIAD,cadastro ANAC
BA0269,SSNS,CIAD,cadastro ANAC
BA0161,SSNT,CIAD,cadastro ANAC
MS0312,SSNV,CIAD,cadastro ANAC
MT0302,SSNY,CIAD,cadastro ANAC
SP0877,SSNZ,CIAD,cadastro ANAC
PR0087,SSOC,CIAD,cadastro ANAC
MS0313,SSOD,CIAD,cadastro ANAC
SC0015,SSOE,CIAD,cadastro ANAC
PR0027,SSOG,CIAD,cadastro ANAC
SP0043,SSOI,CIAD,cadastro ANAC
MS0314,SSOJ,CIAD,cadastro ANAC
PR0088,SSOK,CIAD,cadastro ANAC
MG0027,SSOL,CIAD,cadastro ANAC
GO0194,SSOM,CIAD,cadastro ANAC
MS0315,SSON,CIAD,cadastro ANAC
MS0316,SSOO,CIAD,cadastro ANAC
PA0128,SSOP,CIAD,cadastro ANAC
MS0317,SSOQ,CIAD,cadastro ANAC
RS0042,SSOS,CIAD,cadastro ANAC
MG0186,SSOT,CIAD,cadastro ANAC
MT0303,SSOU,CIAD,cadastro ANAC
RS0098,SSOW,CIAD,cadastro ANAC
MS0318,SSOX,CIAD,cadastro ANAC
MT0304,SSOY,CIAD,cadastro ANAC
MS0319,SSOZ,CIAD,cadastro ANAC
TO0057,SSPA,CIAD,cadastro ANAC
MS0519,SSPB,CIAD,cadastro ANAC
MT0305,SSPC,CIAD,cadastro ANAC
MT0306,SSPD,CIAD,cadastro ANAC
MT0307,SSPE,CIAD,cadastro ANAC
PI0038,SSPF,CIAD,cadastro ANAC
PR0011,SSPG,CIAD,cadastro ANAC
MT0636,SSPH,CIAD,cadastro ANAC
PR0010,SSPI,CIAD,cadastro ANAC
MT0603,SSPJ,CIAD,cadastro ANAC
RS0043,SSPL,CIAD,cadastro ANAC
MS0013,SSPM,CIAD,cadastro ANAC
MS0010,SSPN,CIAD,cadastro ANAC
MS0320,SSPO,CIAD,cadastro ANAC
GO0109,SSPP,CIAD,cadastro ANAC
PR0036,SSPS,CIAD,cadastro ANAC
PR0028,SSPT,CIAD,cadastro ANAC
MT0308,SSPU,CIAD,cadastro ANAC
MS0321,SSPV,CIAD,cadastro ANAC
MS0322,SSPW,CIAD,cadastro ANAC
SP0255,SSPZ,CIAD,cadastro ANAC
MT0309,SSQA,CIAD,cadastro ANAC
PR0029,SSQC,CIAD,cadastro ANAC
MT0310,SSQD,CIAD,cadastro ANAC
PA0129,SSQG,CIAD,cadastro ANAC
MT0311,SSQI,CIAD,cadastro ANAC
MG0293,SSQJ,CIAD,cadastro ANAC
SP0256,SSQK,CIAD,cadastro ANAC
MG0187,SSQL,CIAD,cadastro ANAC
MT0512,SSQM,CIAD,cadastro ANAC
MG0188,SSQO,CIAD,cadastro ANAC
BA0061,SSQP,CIAD,cadastro ANAC
MS0323,SSQQ,CIAD,cadastro ANAC
MS0324,SSQR,CIAD,cadastro ANAC
MT0312,SSQS,CIAD,cadastro ANAC
PR0013,SSQT,CIAD,cadastro ANAC
MS0325,SSQU,CIAD,cadastro ANAC
BA0033,SSQZ,CIAD,cadastro ANAC
AC0011,SSRA,CIAD,cadastro ANAC
MS0326,SSRC,CIAD,cadastro ANAC
PR0030,SSRE,CIAD,cadastro ANAC
BA0034,SSRF,CIAD,cadastro ANAC
SP0030,SSRG,CIAD,cadastro ANAC
RS0099,SSRJ,CIAD,cadastro ANAC
BA0015,SSRK,CIAD,cadastro ANAC
MS0327,SSRL,CIAD,cadastro ANAC
PA0130,SSRM,CIAD,cadastro ANAC
BA0162,SSRO,CIAD,cadastro ANAC
MT0614,SSRP,CIAD,cadastro ANAC
MS0328,SSRR,CIAD,cadastro ANAC
MA0008,SSRS,CIAD,cadastro ANAC
RS0034,SSRU,CIAD,cadastro ANAC
SP0257,SSRW,CIAD,cadastro ANAC
RS0024,SSRZ,CIAD,cadastro ANAC
MS0329,SSSA,CIAD,cadastro ANAC
RS0014,SSSB,CIAD,cadastro ANAC
RS0029,SSSC,CIAD,cadastro ANAC
RS0017,SSSD,CIAD,cadastro ANAC
GO0201,SSSF,CIAD,cadastro ANAC
RS0035,SSSG,CIAD,cadastro ANAC
MS0330,SSSH,CIAD,cadastro ANAC
PI0054,SSSI,CIAD,cadastro ANAC
MA0047,SSSK,CIAD,cadastro ANAC
PR0089,SSSL,CIAD,cadastro ANAC
AM0091,SSSM,CIAD,cadastro ANAC
PR0090,SSSP,CIAD,cadastro ANAC
GO0284,SSSQ,CIAD,cadastro ANAC
BA0163,SSSR,CIAD,cadastro ANAC
SC0022,SSSS,CIAD,cadastro ANAC
RS0015,SSST,CIAD,cadastro ANAC
MS0331,SSSU,CIAD,cadastro ANAC
MT0510,SSSV,CIAD,cadastro ANAC
MT0594,SSSW,CIAD,cadastro ANAC
PR0033,SSSZ,CIAD,cadastro ANAC
MS0333,SSTA,CIAD,cadastro ANAC
SC0013,SSTB,CIAD,cadastro ANAC
BA0164,SSTD,CIAD,cadastro ANAC
RS0011,SSTE,CIAD,cadastro ANAC
PA0131,SSTF,CIAD,cadastro ANAC
SC0039,SSTJ,CIAD,cadastro ANAC
BA0257,SSTL,CIAD,cadastro ANAC
AM0041,SSTM,CIAD,cadastro ANAC
GO0110,SSTP,CIAD,cadastro ANAC
AP0011,SSTQ,CIAD,cadastro ANAC
GO0193,SSTR,CIAD,cadastro ANAC
MT0314,SSTS,CIAD,cadastro ANAC
MS0334,SSTU,CIAD,cadastro ANAC
MT0584,SSTV,CIAD,cadastro ANAC
MG0189,SSTX,CIAD,cadastro ANAC
RJ0027,SSTY,CIAD,cadastro ANAC
MS0335,SSTZ,CIAD,cadastro ANAC
MS0336,SSUA,CIAD,cadastro ANAC
PA0132,SSUC,CIAD,cadastro ANAC
PA0257,SSUD,CIAD,cadastro ANAC
TO0040,SSUI,CIAD,cadastro ANAC
SP0258,SSUK,CIAD,cadastro ANAC
PR0091,SSUL,CIAD,cadastro ANAC
PR0019,SSUM,CIAD,cadastro ANAC
BA0265,SSUQ,CIAD,cadastro ANAC
MT0315,SSUR,CIAD,cadastro ANAC
MS0337,SSUS,CIAD,cadastro ANAC
MT0316,SSUT,CIAD,cadastro ANAC
PR0034,SSUV,CIAD,cadastro ANAC
PR0092,SSUW,CIAD,cadastro ANAC
MG0466,SSUY,CIAD,cadastro ANAC
MS0338,SSVA,CIAD,cadastro ANAC
BA0166,SSVB,CIAD,cadastro ANAC
MS0533,SSVC,CIAD,cadastro ANAC
MS0340,SSVE,CIAD,cadastro ANAC
MG0190,SSVG,CIAD,cadastro ANAC
SC0011,SSVI,CIAD,cadastro ANAC
MS0341,SSVJ,CIAD,cadastro ANAC
PR0007,SSVL,CIAD,cadastro ANAC
BA0167,SSVM,CIAD,cadastro ANAC
RS0030,SSVN,CIAD,cadastro ANAC
SP0259,SSVO,CIAD,cadastro ANAC
ES0049,SSVP,CIAD,cadastro ANAC
MA0112,SSVR,CIAD,cadastro ANAC
MS0343,SSVS,CIAD,cadastro ANAC
CE0078,SSVT,CIAD,cadastro ANAC
MG0191,SSVU,CIAD,cadastro ANAC
MS0421,SSVV,CIAD,cadastro ANAC
MT0318,SSVW,CIAD,cadastro ANAC
PA0133,SSVX,CIAD,cadastro ANAC
SP0260,SSVY,CIAD,cadastro ANAC
DF0008,SSWB,CIAD,cadastro ANAC
RS0164,SSWE,CIAD,cadastro ANAC
MS0479,SSWF,CIAD,cadastro ANAC
PI0040,SSWG,CIAD,cadastro ANAC
SP0261,SSWH,CIAD,cadastro ANAC
MT0320,SSWI,CIAD,cadastro ANAC
MS0499,SSWK,CIAD,cadastro ANAC
CE0024,SSWL,CIAD,cadastro ANAC
MG0455,SSWM,CIAD,cadastro ANAC
MT0684,SSWN,CIAD,cadastro ANAC
MT0321,SSWO,CIAD,cadastro ANAC
MG0309,SSWP,CIAD,cadastro ANAC
MS0488,SSWQ,CIAD,cadastro ANAC
MS0344,SSWR,CIAD,cadastro ANAC
RS0025,SSWS,CIAD,cadastro ANAC
MS0345,SSWT,CIAD,cadastro ANAC
RS0100,SSWU,CIAD,cadastro ANAC
PA0134,SSWV,CIAD,cadastro ANAC
MT0498,SSWX,CIAD,cadastro ANAC
MG0192,SSWZ,CIAD,cadastro ANAC
MS0346,SSXA,CIAD,cadastro ANAC
SE0009,SSXB,CIAD,cadastro ANAC
MS0523,SSXC,CIAD,cadastro ANAC
RS0026,SSXD,CIAD,cadastro ANAC
MS0347,SSXF,CIAD,cadastro ANAC
PR0093,SSXG,CIAD,cadastro ANAC
BA0168,SSXH,CIAD,cadastro ANAC
PA0135,SSXN,CIAD,cadastro ANAC
PR0094,SSXO,CIAD,cadastro ANAC
MT0495,SSXP,CIAD,cadastro ANAC
PA0163,SSXR,CIAD,cadastro ANAC
BA0170,SSXS,CIAD,cadastro ANAC
SP0262,SSXT,CIAD,cadastro ANAC
MS0352,SSXW,CIAD,cadastro ANAC
SC0017,SSXX,CIAD,cadastro ANAC
PI0041,SSXY,CIAD,cadastro ANAC
GO0111,SSXZ,CIAD,cadastro ANAC
GO0262,SSYA,CIAD,cadastro ANAC
SP0263,SSYB,CIAD,cadastro ANAC
MG0193,SSYD,CIAD,cadastro ANAC
MT0322,SSYE,CIAD,cadastro ANAC
MG0194,SSYF,CIAD,cadastro ANAC
BA0171,SSYI,CIAD,cadastro ANAC
SP0264,SSYK,CIAD,cadastro ANAC
MA0076,SSYL,CIAD,cadastro ANAC
MS0353,SSYN,CIAD,cadastro ANAC
GO0112,SSYO,CIAD,cadastro ANAC
SP0265,SSYQ,CIAD,cadastro ANAC
MA0049,SSYR,CIAD,cadastro ANAC
SP0266,SSYS,CIAD,cadastro ANAC
MS0424,SSYU,CIAD,cadastro ANAC
MS0410,SSYV,CIAD,cadastro ANAC
MS0355,SSYY,CIAD,cadastro ANAC
MT0474,SSZB,CIAD,cadastro ANAC
RO0026,SSZD,CIAD,cadastro ANAC
MS0357,SSZF,CIAD,cadastro ANAC
MS0358,SSZG,CIAD,cadastro ANAC
MS0359,SSZH,CIAD,cadastro ANAC
MG0195,SSZK,CIAD,cadastro ANAC
MS0360,SSZL,CIAD,cadastro ANAC
GO0113,SSZM,CIAD,cadastro ANAC
MT0323,SSZN,CIAD,cadastro ANAC
PA0136,SSZO,CIAD,cadastro ANAC
MS0361,SSZP,CIAD,cadastro ANAC
RS0027,SSZR,CIAD,cadastro ANAC
MT0324,SSZS,CIAD,cadastro ANAC
SP0267,SSZT,CIAD,cadastro ANAC
MT0325,SSZV,CIAD,cadastro ANAC
MG0460,SSZW,CIAD,cadastro ANAC
MT0633,SSZX,CIAD,cadastro ANAC
MT0509,SSZY,CIAD,cadastro ANAC
MT1177,SW1H,CIAD,cadastro ANAC
MS0809,SW1L,CIAD,cadastro ANAC
GO0027,SW1P,CIAD,cadastro ANAC
RR0165,SW1Q,CIAD,cadastro ANAC
MA0210,SW1R,CIAD,cadastro ANAC
MT1143,SW1S,CIAD,cadastro ANAC
MT1123,SW1V,CIAD,cadastro ANAC
BA0504,SW1W,CIAD,cadastro ANAC
MT1137,SW1X,CIAD,cadastro ANAC
MT1142,SW1Y,CIAD,cadastro ANAC
PA0433,SW20,CIAD,cadastro ANAC
MT1133,SW21,CIAD,cadastro ANAC
PA0409,SW22,CIAD,cadastro ANAC
MT1058,SW26,CIAD,cadastro ANAC
GO0388,SW27,CIAD,cadastro ANAC
RR0155,SW29,CIAD,cadastro ANAC
BA0470,SW2A,CIAD,cadastro ANAC
CE0163,SW2B,CIAD,cadastro ANAC
MT1061,SW2C,CIAD,cadastro ANAC
PA0412,SW2D,CIAD,cadastro ANAC
BA0471,SW2E,CIAD,cadastro ANAC
MT1056,SW2F,CIAD,cadastro ANAC
PA0408,SW2G,CIAD,cadastro ANAC
ES0054,SW2H,CIAD,cadastro ANAC
GO0387,SW2I,CIAD,cadastro ANAC
GO0114,SWAA,CIAD,cadastro ANAC
GO0115,SWAD,CIAD,cadastro ANAC
TO0041,SWAG,CIAD,cadastro ANAC
PR0201,SWAI,CIAD,cadastro ANAC
AM0042,SWAK,CIAD,cadastro ANAC
SP0268,SWAL,CIAD,cadastro ANAC
SP0269,SWAM,CIAD,cadastro ANAC
SP1285,SWAN,CIAD,cadastro ANAC
AM0043,SWAO,CIAD,cadastro ANAC
MT0326,SWAP,CIAD,cadastro ANAC
MT0327,SWAR,CIAD,cadastro ANAC
SP0270,SWAS,CIAD,cadastro ANAC
MG0196,SWAU,CIAD,cadastro ANAC
GO0116,SWAV,CIAD,cadastro ANAC
BA0268,SWAX,CIAD,cadastro ANAC
PI0068,SWAY,CIAD,cadastro ANAC
AM0044,SWAZ,CIAD,cadastro ANAC
BA0252,SWBB,CIAD,cadastro ANAC
AM0017,SWBC,CIAD,cadastro ANAC
MS0364,SWBD,CIAD,cadastro ANAC
CE0006,SWBE,CIAD,cadastro ANAC
TO0042,SWBF,CIAD,cadastro ANAC
MT0009,SWBG,CIAD,cadastro ANAC
MS0532,SWBH,CIAD,cadastro ANAC
BA0327,SWBI,CIAD,cadastro ANAC
MT0328,SWBJ,CIAD,cadastro ANAC
BA0256,SWBK,CIAD,cadastro ANAC
MA0078,SWBN,CIAD,cadastro ANAC
RO0027,SWBO,CIAD,cadastro ANAC
SP0271,SWBP,CIAD,cadastro ANAC
ES0010,SWBQ,CIAD,cadastro ANAC
AM0018,SWBR,CIAD,cadastro ANAC
RO0028,SWBS,CIAD,cadastro ANAC
MS0365,SWBT,CIAD,cadastro ANAC
RR0108,SWBV,CIAD,cadastro ANAC
MS0509,SWBW,CIAD,cadastro ANAC
MT0329,SWBX,CIAD,cadastro ANAC
GO0117,SWBY,CIAD,cadastro ANAC
BA0172,SWBZ,CIAD,cadastro ANAC
AM0007,SWCA,CIAD,cadastro ANAC
GO0023,SWCB,CIAD,cadastro ANAC
MS0366,SWCC,CIAD,cadastro ANAC
MT0330,SWCD,CIAD,cadastro ANAC
BA0173,SWCE,CIAD,cadastro ANAC
BA0324,SWCH,CIAD,cadastro ANAC
GO0203,SWCI,CIAD,cadastro ANAC
PI0042,SWCJ,CIAD,cadastro ANAC
MT0331,SWCO,CIAD,cadastro ANAC
SP0272,SWCP,CIAD,cadastro ANAC
RO0007,SWCQ,CIAD,cadastro ANAC
BA0249,SWCR,CIAD,cadastro ANAC
RS0171,SWCS,CIAD,cadastro ANAC
PA0138,SWCU,CIAD,cadastro ANAC
GO0024,SWCZ,CIAD,cadastro ANAC
MS0367,SWDB,CIAD,cadastro ANAC
BA0174,SWDC,CIAD,cadastro ANAC
MT0473,SWDD,CIAD,cadastro ANAC
SP0274,SWDI,CIAD,cadastro ANAC
MT0015,SWDM,CIAD,cadastro ANAC
TO0006,SWDN,CIAD,cadastro ANAC
MS0369,SWDR,CIAD,cadastro ANAC
RO0046,SWDS,CIAD,cadastro ANAC
GO0118,SWDT,CIAD,cadastro ANAC
PB0017,SWDU,CIAD,cadastro ANAC
RS0165,SWDW,CIAD,cadastro ANAC
GO0119,SWDY,CIAD,cadastro ANAC
MT0332,SWEA,CIAD,cadastro ANAC
BA0356,SWEB,CIAD,cadastro ANAC
GO0120,SWEC,CIAD,cadastro ANAC
TO0043,SWED,CIAD,cadastro ANAC
MT0333,SWEF,CIAD,cadastro ANAC
MT0334,SWEH,CIAD,cadastro ANAC
AM0009,SWEI,CIAD,cadastro ANAC
TO0044,SWEJ,CIAD,cadastro ANAC
MT0024,SWEK,CIAD,cadastro ANAC
MT0336,SWEN,CIAD,cadastro ANAC
RR0109,SWEO,CIAD,cadastro ANAC
PR0198,SWEP,CIAD,cadastro ANAC
PA0139,SWEQ,CIAD,cadastro ANAC
MS0370,SWER,CIAD,cadastro ANAC
PR0095,SWES,CIAD,cadastro ANAC
MG0197,SWEU,CIAD,cadastro ANAC
BA0334,SWEV,CIAD,cadastro ANAC
MT0337,SWEW,CIAD,cadastro ANAC
MA0050,SWEX,CIAD,cadastro ANAC
GO0121,SWFA,CIAD,cadastro ANAC
MT0339,SWFC,CIAD,cadastro ANAC
MS0371,SWFD,CIAD,cadastro ANAC
RO0029,SWFE,CIAD,cadastro ANAC
MT0340,SWFF,CIAD,cadastro ANAC
BA0175,SWFH,CIAD,cadastro ANAC
MT0506,SWFI,CIAD,cadastro ANAC
MS0373,SWFJ,CIAD,cadastro ANAC
MT0341,SWFL,CIAD,cadastro ANAC
GO0122,SWFM,CIAD,cadastro ANAC
AM0002,SWFN,CIAD,cadastro ANAC
PA0140,SWFP,CIAD,cadastro ANAC
TO0045,SWFQ,CIAD,cadastro ANAC
GO0014,SWFR,CIAD,cadastro ANAC
MT0342,SWFU,CIAD,cadastro ANAC
MG0198,SWFV,CIAD,cadastro ANAC
MT0343,SWFW,CIAD,cadastro ANAC
MT0022,SWFX,CIAD,cadastro ANAC
TO0058,SWFZ,CIAD,cadastro ANAC
MS0375,SWGC,CIAD,cadastro ANAC
PI0050,SWGD,CIAD,cadastro ANAC
AM0045,SWGF,CIAD,cadastro ANAC
TO0004,SWGI,CIAD,cadastro ANAC
BA0177,SWGJ,CIAD,cadastro ANAC
RS0170,SWGL,CIAD,cadastro ANAC
TO0002,SWGN,CIAD,cadastro ANAC
GO0123,SWGO,CIAD,cadastro ANAC
GO0124,SWGP,CIAD,cadastro ANAC
MT0345,SWGQ,CIAD,cadastro ANAC
MT0598,SWGS,CIAD,cadastro ANAC
GO0125,SWGT,CIAD,cadastro ANAC
MT0452,SWGU,CIAD,cadastro ANAC
MT0346,SWGV,CIAD,cadastro ANAC
GO0126,SWGW,CIAD,cadastro ANAC
PA0141,SWGZ,CIAD,cadastro ANAC
MS0419,SWHD,CIAD,cadastro ANAC
BA0178,SWHF,CIAD,cadastro ANAC
AC0013,SWHJ,CIAD,cadastro ANAC
MT0347,SWHL,CIAD,cadastro ANAC
MS0376,SWHM,CIAD,cadastro ANAC
MS0377,SWHN,CIAD,cadastro ANAC
MG0472,SWHO,CIAD,cadastro ANAC
MT0006,SWHP,CIAD,cadastro ANAC
MT0348,SWHQ,CIAD,cadastro ANAC
GO0127,SWHS,CIAD,cadastro ANAC
AM0019,SWHT,CIAD,cadastro ANAC
SP0276,SWHU,CIAD,cadastro ANAC
MS0378,SWHY,CIAD,cadastro ANAC
MT0349,SWHZ,CIAD,cadastro ANAC
AM0088,SWIA,CIAD,cadastro ANAC
MT0350,SWIB,CIAD,cadastro ANAC
MT0591,SWIC,CIAD,cadastro ANAC
BA0179,SWIE,CIAD,cadastro ANAC
MT0351,SWIH,CIAD,cadastro ANAC
AM0013,SWII,CIAD,cadastro ANAC
BA0180,SWIJ,CIAD,cadastro ANAC
MT0352,SWIK,CIAD,cadastro ANAC
MT0353,SWIL,CIAD,cadastro ANAC
GO0128,SWIM,CIAD,cadastro ANAC
MT0354,SWIN,CIAD,cadastro ANAC
MG0490,SWIP,CIAD,cadastro ANAC
GO0019,SWIQ,CIAD,cadastro ANAC
TO0046,SWIS,CIAD,cadastro ANAC
PR0096,SWIT,CIAD,cadastro ANAC
PA0142,SWIV,CIAD,cadastro ANAC
GO0129,SWIW,CIAD,cadastro ANAC
MT0356,SWIX,CIAD,cadastro ANAC
TO0047,SWIY,CIAD,cadastro ANAC
MS0379,SWIZ,CIAD,cadastro ANAC
SC0040,SWJA,CIAD,cadastro ANAC
MT0357,SWJB,CIAD,cadastro ANAC
MS0380,SWJC,CIAD,cadastro ANAC
MS0381,SWJF,CIAD,cadastro ANAC
RS0122,SWJH,CIAD,cadastro ANAC
PI0048,SWJI,CIAD,cadastro ANAC
GO0131,SWJL,CIAD,cadastro ANAC
GO0132,SWJM,CIAD,cadastro ANAC
MT0007,SWJN,CIAD,cadastro ANAC
MT0358,SWJO,CIAD,cadastro ANAC
AM0046,SWJP,CIAD,cadastro ANAC
MS0382,SWJQ,CIAD,cadastro ANAC
MS0417,SWJR,CIAD,cadastro ANAC
MT0686,SWJS,CIAD,cadastro ANAC
TO0053,SWJU,CIAD,cadastro ANAC
AM0047,SWJV,CIAD,cadastro ANAC
GO0008,SWJW,CIAD,cadastro ANAC
MT0507,SWJX,CIAD,cadastro ANAC
PB0018,SWJY,CIAD,cadastro ANAC
PA0166,SWJZ,CIAD,cadastro ANAC
MG0199,SWKA,CIAD,cadastro ANAC
MS0383,SWKB,CIAD,cadastro ANAC
MT0017,SWKC,CIAD,cadastro ANAC
TO0048,SWKE,CIAD,cadastro ANAC
MT0359,SWKF,CIAD,cadastro ANAC
PA0143,SWKH,CIAD,cadastro ANAC
RO0030,SWKL,CIAD,cadastro ANAC
MT0360,SWKN,CIAD,cadastro ANAC
AM0010,SWKO,CIAD,cadastro ANAC
PA0144,SWKP,CIAD,cadastro ANAC
PI0004,SWKQ,CIAD,cadastro ANAC
GO0015,SWKT,CIAD,cadastro ANAC
AM0048,SWKU,CIAD,cadastro ANAC
MT0361,SWKV,CIAD,cadastro ANAC
PA0145,SWKW,CIAD,cadastro ANAC
MT0362,SWLA,CIAD,cadastro ANAC
AM0024,SWLB,CIAD,cadastro ANAC
GO0009,SWLC,CIAD,cadastro ANAC
PI0052,SWLD,CIAD,cadastro ANAC
MG0200,SWLF,CIAD,cadastro ANAC
MA0051,SWLH,CIAD,cadastro ANAC
MS0433,SWLI,CIAD,cadastro ANAC
GO0134,SWLJ,CIAD,cadastro ANAC
MT0607,SWLK,CIAD,cadastro ANAC
BA0181,SWLL,CIAD,cadastro ANAC
RO0031,SWLM,CIAD,cadastro ANAC
PI0043,SWLN,CIAD,cadastro ANAC
MT0363,SWLP,CIAD,cadastro ANAC
AM0089,SWLQ,CIAD,cadastro ANAC
GO0135,SWLR,CIAD,cadastro ANAC
PR0157,SWLS,CIAD,cadastro ANAC
MT0364,SWLV,CIAD,cadastro ANAC
MT0365,SWLX,CIAD,cadastro ANAC
SP0277,SWLY,CIAD,cadastro ANAC
MS0384,SWMA,CIAD,cadastro ANAC
GO0033,SWME,CIAD,cadastro ANAC
GO0136,SWMG,CIAD,cadastro ANAC
GO0137,SWMH,CIAD,cadastro ANAC
MS0385,SWMI,CIAD,cadastro ANAC
MT0366,SWMJ,CIAD,cadastro ANAC
AM0049,SWMK,CIAD,cadastro ANAC
PA0243,SWML,CIAD,cadastro ANAC
TO0049,SWMN,CIAD,cadastro ANAC
MT0367,SWMO,CIAD,cadastro ANAC
MT0368,SWMQ,CIAD,cadastro ANAC
MS0512,SWMR,CIAD,cadastro ANAC
PR0097,SWMT,CIAD,cadastro ANAC
MS0386,SWMU,CIAD,cadastro ANAC
RR0110,SWMV,CIAD,cadastro ANAC
AM0020,SWMW,CIAD,cadastro ANAC
MT0629,SWMX,CIAD,cadastro ANAC
MT0369,SWMZ,CIAD,cadastro ANAC
AM0050,SWNA,CIAD,cadastro ANAC
BA0182,SWNB,CIAD,cadastro ANAC
AC0012,SWNC,CIAD,cadastro ANAC
BA0183,SWNE,CIAD,cadastro ANAC
TO0056,SWNF,CIAD,cadastro ANAC
GO0017,SWNH,CIAD,cadastro ANAC
MT0370,SWNJ,CIAD,cadastro ANAC
AM0011,SWNK,CIAD,cadastro ANAC
MS0387,SWNL,CIAD,cadastro ANAC
MT0651,SWNM,CIAD,cadastro ANAC
MT0580,SWNN,CIAD,cadastro ANAC
PI0071,SWNO,CIAD,cadastro ANAC
GO0016,SWNQ,CIAD,cadastro ANAC
GO0004,SWNS,CIAD,cadastro ANAC
MT0589,SWNT,CIAD,cadastro ANAC
PA0147,SWNU,CIAD,cadastro ANAC
MS0507,SWNV,CIAD,cadastro ANAC
RS0128,SWNW,CIAD,cadastro ANAC
MT0648,SWNZ,CIAD,cadastro ANAC
GO0138,SWOA,CIAD,cadastro ANAC
AM0014,SWOB,CIAD,cadastro ANAC
MS0388,SWOC,CIAD,cadastro ANAC
MT0371,SWOF,CIAD,cadastro ANAC
MT0372,SWOG,CIAD,cadastro ANAC
MT0647,SWOI,CIAD,cadastro ANAC
MT0374,SWOL,CIAD,cadastro ANAC
MS0389,SWOM,CIAD,cadastro ANAC
SC0041,SWON,CIAD,cadastro ANAC
PI0044,SWOQ,CIAD,cadastro ANAC
GO0140,SWOR,CIAD,cadastro ANAC
GO0141,SWOS,CIAD,cadastro ANAC
MT0375,SWOT,CIAD,cadastro ANAC
MT0471,SWOV,CIAD,cadastro ANAC
SP0279,SWOX,CIAD,cadastro ANAC
MS0390,SWOY,CIAD,cadastro ANAC
MT0376,SWOZ,CIAD,cadastro ANAC
MT0377,SWPA,CIAD,cadastro ANAC
AM0051,SWPC,CIAD,cadastro ANAC
RR0111,SWPD,CIAD,cadastro ANAC
MT0378,SWPE,CIAD,cadastro ANAC
RO0032,SWPF,CIAD,cadastro ANAC
MT0010,SWPG,CIAD,cadastro ANAC
MT0379,SWPH,CIAD,cadastro ANAC
AM0006,SWPI,CIAD,cadastro ANAC
MT0021,SWPK,CIAD,cadastro ANAC
MT0027,SWPL,CIAD,cadastro ANAC
RO0009,SWPM,CIAD,cadastro ANAC
MT0476,SWPN,CIAD,cadastro ANAC
GO0142,SWPP,CIAD,cadastro ANAC
MT0380,SWPQ,CIAD,cadastro ANAC
GO0029,SWPR,CIAD,cadastro ANAC
MG0202,SWPS,CIAD,cadastro ANAC
BA0112,SWPT,CIAD,cadastro ANAC
PI0077,SWPV,CIAD,cadastro ANAC
SP0280,SWPW,CIAD,cadastro ANAC
PA0168,SWPX,CIAD,cadastro ANAC
MT0023,SWPY,CIAD,cadastro ANAC
GO0010,SWPZ,CIAD,cadastro ANAC
GO0143,SWQC,CIAD,cadastro ANAC
AM0052,SWQE,CIAD,cadastro ANAC
MS0391,SWQG,CIAD,cadastro ANAC
MT0381,SWQH,CIAD,cadastro ANAC
SP1308,SWQI,CIAD,cadastro ANAC
AP0014,SWQJ,CIAD,cadastro ANAC
PA0148,SWQK,CIAD,cadastro ANAC
GO0144,SWQL,CIAD,cadastro ANAC
MT0382,SWQN,CIAD,cadastro ANAC
MG0422,SWQO,CIAD,cadastro ANAC
SP0281,SWQP,CIAD,cadastro ANAC
MS0408,SWQQ,CIAD,cadastro ANAC
MS0392,SWQS,CIAD,cadastro ANAC
MT0383,SWQT,CIAD,cadastro ANAC
MT0384,SWQU,CIAD,cadastro ANAC
MT0385,SWQW,CIAD,cadastro ANAC
MS0393,SWQX,CIAD,cadastro ANAC
PA0149,SWQY,CIAD,cadastro ANAC
MT0625,SWRA,CIAD,cadastro ANAC
RS0130,SWRB,CIAD,cadastro ANAC
MT0386,SWRC,CIAD,cadastro ANAC
RO0033,SWRD,CIAD,cadastro ANAC
MT0387,SWRE,CIAD,cadastro ANAC
MA0052,SWRF,CIAD,cadastro ANAC
RO0034,SWRG,CIAD,cadastro ANAC
BA0184,SWRH,CIAD,cadastro ANAC
MT0388,SWRI,CIAD,cadastro ANAC
RO0035,SWRL,CIAD,cadastro ANAC
RO0036,SWRM,CIAD,cadastro ANAC
MT0389,SWRP,CIAD,cadastro ANAC
PI0045,SWRQ,CIAD,cadastro ANAC
MT0390,SWRS,CIAD,cadastro ANAC
GO0145,SWRT,CIAD,cadastro ANAC
PA0244,SWRU,CIAD,cadastro ANAC
MT0391,SWRW,CIAD,cadastro ANAC
MT0392,SWRX,CIAD,cadastro ANAC
MT0393,SWRY,CIAD,cadastro ANAC
MT0394,SWRZ,CIAD,cadastro ANAC
PR0098,SWSA,CIAD,cadastro ANAC
MS0426,SWSC,CIAD,cadastro ANAC
MT0395,SWSD,CIAD,cadastro ANAC
MT0396,SWSF,CIAD,cadastro ANAC
MT0397,SWSG,CIAD,cadastro ANAC
MG0203,SWSH,CIAD,cadastro ANAC
PA0242,SWSI,CIAD,cadastro ANAC
MT0398,SWSJ,CIAD,cadastro ANAC
MT0399,SWSL,CIAD,cadastro ANAC
MT0400,SWSM,CIAD,cadastro ANAC
MT0401,SWSN,CIAD,cadastro ANAC
MT0402,SWSP,CIAD,cadastro ANAC
AM0053,SWSQ,CIAD,cadastro ANAC
MS0394,SWSU,CIAD,cadastro ANAC
MT0403,SWSV,CIAD,cadastro ANAC
PA0150,SWSX,CIAD,cadastro ANAC
MT0404,SWSZ,CIAD,cadastro ANAC
PR0195,SWTB,CIAD,cadastro ANAC
MS0395,SWTC,CIAD,cadastro ANAC
MT0405,SWTD,CIAD,cadastro ANAC
SP0282,SWTG,CIAD,cadastro ANAC
MT0406,SWTI,CIAD,cadastro ANAC
MT0408,SWTK,CIAD,cadastro ANAC
RO0037,SWTL,CIAD,cadastro ANAC
MT0409,SWTN,CIAD,cadastro ANAC
TO0008,SWTO,CIAD,cadastro ANAC
AM0022,SWTP,CIAD,cadastro ANAC
GO0146,SWTQ,CIAD,cadastro ANAC
AM0054,SWTR,CIAD,cadastro ANAC
MT0012,SWTS,CIAD,cadastro ANAC
MT0410,SWTU,CIAD,cadastro ANAC
TO0009,SWTY,CIAD,cadastro ANAC
MS0396,SWTZ,CIAD,cadastro ANAC
GO0011,SWUA,CIAD,cadastro ANAC
BA0185,SWUB,CIAD,cadastro ANAC
MT0583,SWUC,CIAD,cadastro ANAC
MG0069,SWUD,CIAD,cadastro ANAC
MT0411,SWUE,CIAD,cadastro ANAC
MG0204,SWUJ,CIAD,cadastro ANAC
AM0055,SWUK,CIAD,cadastro ANAC
TO0050,SWUL,CIAD,cadastro ANAC
MS0397,SWUN,CIAD,cadastro ANAC
RR0113,SWUQ,CIAD,cadastro ANAC
MT0413,SWUR,CIAD,cadastro ANAC
PI0046,SWUV,CIAD,cadastro ANAC
MT0414,SWUW,CIAD,cadastro ANAC
MT0632,SWUY,CIAD,cadastro ANAC
GO0025,SWUZ,CIAD,cadastro ANAC
MT0016,SWVC,CIAD,cadastro ANAC
MT0415,SWVF,CIAD,cadastro ANAC
MT0416,SWVJ,CIAD,cadastro ANAC
MT0417,SWVK,CIAD,cadastro ANAC
SP0283,SWVN,CIAD,cadastro ANAC
MS0500,SWVO,CIAD,cadastro ANAC
MT0419,SWVS,CIAD,cadastro ANAC
MS0398,SWVU,CIAD,cadastro ANAC
MG0205,SWVW,CIAD,cadastro ANAC
MT0421,SWVX,CIAD,cadastro ANAC
MS0399,SWVY,CIAD,cadastro ANAC
GO0012,SWWA,CIAD,cadastro ANAC
PR0099,SWWE,CIAD,cadastro ANAC
MG0206,SWWF,CIAD,cadastro ANAC
MS0400,SWWH,CIAD,cadastro ANAC
MT0423,SWWI,CIAD,cadastro ANAC
MG0207,SWWM,CIAD,cadastro ANAC
GO0147,SWWP,CIAD,cadastro ANAC
GO0148,SWWQ,CIAD,cadastro ANAC
MA0053,SWWR,CIAD,cadastro ANAC
MG0208,SWWT,CIAD,cadastro ANAC
GO0013,SWWU,CIAD,cadastro ANAC
MT0425,SWWV,CIAD,cadastro ANAC
MT0426,SWWW,CIAD,cadastro ANAC
MT0427,SWWX,CIAD,cadastro ANAC
MT0428,SWWY,CIAD,cadastro ANAC
MT0482,SWWZ,CIAD,cadastro ANAC
GO0149,SWXA,CIAD,cadastro ANAC
MT0429,SWXB,CIAD,cadastro ANAC
RO0038,SWXC,CIAD,cadastro ANAC
MT0505,SWXD,CIAD,cadastro ANAC
MT0430,SWXE,CIAD,cadastro ANAC
BA0187,SWXF,CIAD,cadastro ANAC
GO0188,SWXG,CIAD,cadastro ANAC
MT0431,SWXJ,CIAD,cadastro ANAC
GO0150,SWXK,CIAD,cadastro ANAC
MS0401,SWXL,CIAD,cadastro ANAC
MT0014,SWXM,CIAD,cadastro ANAC
PA0151,SWXO,CIAD,cadastro ANAC
PA0377,SWXP,CIAD,cadastro ANAC
SP0015,SWXQ,CIAD,cadastro ANAC
BA0258,SWXR,CIAD,cadastro ANAC
MT0432,SWXS,CIAD,cadastro ANAC
PI0067,SWXT,CIAD,cadastro ANAC
DF0045,SWXU,CIAD,cadastro ANAC
MT0013,SWXV,CIAD,cadastro ANAC
BA0250,SWXW,CIAD,cadastro ANAC
MG0209,SWXX,CIAD,cadastro ANAC
MT0433,SWXZ,CIAD,cadastro ANAC
MS0724,SWYA,CIAD,cadastro ANAC
MT0435,SWYC,CIAD,cadastro ANAC
RS0172,SWYE,CIAD,cadastro ANAC
PR0100,SWYG,CIAD,cadastro ANAC
MT0436,SWYH,CIAD,cadastro ANAC
RJ0177,SWYJ,CIAD,cadastro ANAC
MT0437,SWYK,CIAD,cadastro ANAC
CE0025,SWYL,CIAD,cadastro ANAC
MT0438,SWYM,CIAD,cadastro ANAC
AM0023,SWYN,CIAD,cadastro ANAC
SP0284,SWYO,CIAD,cadastro ANAC
PA0152,SWYQ,CIAD,cadastro ANAC
MT0439,SWYR,CIAD,cadastro ANAC
MG0302,SWYS,CIAD,cadastro ANAC
BA0188,SWYU,CIAD,cadastro ANAC
SP0285,SWYV,CIAD,cadastro ANAC
MT0440,SWYW,CIAD,cadastro ANAC
MT0952,SWYX,CIAD,cadastro ANAC
MT0442,SWYY,CIAD,cadastro ANAC
MT0443,SWZA,CIAD,cadastro ANAC
MT0444,SWZC,CIAD,cadastro ANAC
GO0151,SWZD,CIAD,cadastro ANAC
MT0445,SWZE,CIAD,cadastro ANAC
MT0446,SWZG,CIAD,cadastro ANAC
ES0011,SWZH,CIAD,cadastro ANAC
GO0152,SWZL,CIAD,cadastro ANAC
MT0447,SWZM,CIAD,cadastro ANAC
MT0484,SWZN,CIAD,cadastro ANAC
MT0448,SWZO,CIAD,cadastro ANAC
MT0449,SWZP,CIAD,cadastro ANAC
GO0153,SWZQ,CIAD,cadastro ANAC
MT0942,SWZR,CIAD,cadastro ANAC
MT0450,SWZS,CIAD,cadastro ANAC
MG0210,SWZT,CIAD,cadastro ANAC
BA0428,SWZV,CIAD,cadastro ANAC
BA0322,SWZX,CIAD,cadastro ANAC
MT0451,SWZY,CIAD,cadastro ANAC
