municipio_id,indicador_id,periodo_inicial,periodo_final,pib_2021_mil_reais,pib_2023_mil_reais,deflator_2021_indice,deflator_2023_indice,crescimento_real_acumulado_percentual
4100103,MER-DIAG-03,2021,2023,221817.0,297166.0,100.0,114.24720000000002,17.262385824551217
4100202,MER-DIAG-03,2021,2023,368854.0,467129.0,100.0,114.24720000000002,10.850273034717105
4100301,MER-DIAG-03,2021,2023,216904.0,279388.0,100.0,114.24720000000002,12.744307301593437
4100400,MER-DIAG-03,2021,2023,1936255.0,2242620.0,100.0,114.24720000000002,1.3788997576881235
4100459,MER-DIAG-03,2021,2023,96207.0,115509.0,100.0,114.24720000000002,5.09053104109467
4100509,MER-DIAG-03,2021,2023,462493.0,546401.0,100.0,114.24720000000002,3.4095757796588577
4100608,MER-DIAG-03,2021,2023,436261.0,562667.0,100.0,114.24720000000002,12.89104397695684
4100707,MER-DIAG-03,2021,2023,410780.0,488594.0,100.0,114.24720000000002,4.110198336118676
4100806,MER-DIAG-03,2021,2023,338359.0,436443.0,100.0,114.24720000000002,12.902675712731583
4100905,MER-DIAG-03,2021,2023,121114.0,163899.0,100.0,114.24720000000002,18.450361651196758
4101002,MER-DIAG-03,2021,2023,750364.0,1001174.0,100.0,114.24720000000002,16.786329129106402
4101051,MER-DIAG-03,2021,2023,115042.0,124323.0,100.0,114.24720000000002,-5.409070510662417
4101101,MER-DIAG-03,2021,2023,816503.0,861173.0,100.0,114.24720000000002,-7.6818579975259205
4101150,MER-DIAG-03,2021,2023,154197.0,179778.0,100.0,114.24720000000002,2.05048081923076
4101200,MER-DIAG-03,2021,2023,700871.0,1001675.0,100.0,114.24720000000002,25.09592970582397
4101309,MER-DIAG-03,2021,2023,233345.0,282611.0,100.0,114.24720000000002,6.009551527549339
4101408,MER-DIAG-03,2021,2023,3874080.0,4834013.0,100.0,114.24720000000002,9.217860372400244
4101507,MER-DIAG-03,2021,2023,4953989.0,5715471.0,100.0,114.24720000000002,0.9837333644741042
4101606,MER-DIAG-03,2021,2023,1447431.0,1632919.0,100.0,114.24720000000002,-1.2536145548434963
4101655,MER-DIAG-03,2021,2023,152146.0,154285.0,100.0,114.24720000000002,-11.239937214065742
4101705,MER-DIAG-03,2021,2023,547353.0,630796.0,100.0,114.24720000000002,0.8732150322814602
4101804,MER-DIAG-03,2021,2023,25266761.0,34075052.0,100.0,114.24720000000002,18.043312984342897
4101853,MER-DIAG-03,2021,2023,128974.0,144973.0,100.0,114.24720000000002,-1.6126208967579658
4101903,MER-DIAG-03,2021,2023,539552.0,637194.0,100.0,114.24720000000002,3.3695929070591157
4102000,MER-DIAG-03,2021,2023,1633260.0,2033731.0,100.0,114.24720000000002,8.991496981157376
4102109,MER-DIAG-03,2021,2023,882920.0,1164816.0,100.0,114.24720000000002,15.475647953170824
4102208,MER-DIAG-03,2021,2023,177304.0,254752.0,100.0,114.24720000000002,25.763178112153582
4102307,MER-DIAG-03,2021,2023,926185.0,1302016.0,100.0,114.24720000000002,23.047561923016513
4102406,MER-DIAG-03,2021,2023,1033468.0,1362233.0,100.0,114.24720000000002,15.37422531423509
4102505,MER-DIAG-03,2021,2023,299363.0,342155.0,100.0,114.24720000000002,0.0412716227500276
4102604,MER-DIAG-03,2021,2023,264230.0,323297.0,100.0,114.24720000000002,7.096181107617516
4102703,MER-DIAG-03,2021,2023,150148.0,187138.0,100.0,114.24720000000002,9.09299552472238
4102752,MER-DIAG-03,2021,2023,106924.0,126095.0,100.0,114.24720000000002,3.2231489635365485
4102802,MER-DIAG-03,2021,2023,523791.0,564054.0,100.0,114.24720000000002,-5.742246145158402
4102901,MER-DIAG-03,2021,2023,552342.0,656377.0,100.0,114.24720000000002,4.015897653253431
4103008,MER-DIAG-03,2021,2023,285689.0,342930.0,100.0,114.24720000000002,5.067015381473605
4103024,MER-DIAG-03,2021,2023,142607.0,165031.0,100.0,114.24720000000002,1.2929273606894665
4103040,MER-DIAG-03,2021,2023,361490.0,449414.0,100.0,114.24720000000002,8.819003465619124
4103057,MER-DIAG-03,2021,2023,185315.0,222437.0,100.0,114.24720000000002,5.0632642916282
4103107,MER-DIAG-03,2021,2023,280327.0,305498.0,100.0,114.24720000000002,-4.611092013541784
4103156,MER-DIAG-03,2021,2023,115670.0,142418.0,100.0,114.24720000000002,7.770173480597475
4103206,MER-DIAG-03,2021,2023,157269.0,221658.0,100.0,114.24720000000002,23.365783108539027
4103222,MER-DIAG-03,2021,2023,300056.0,331505.0,100.0,114.24720000000002,-3.2964978235445086
4103305,MER-DIAG-03,2021,2023,245673.0,296465.0,100.0,114.24720000000002,5.6259029634456725
4103354,MER-DIAG-03,2021,2023,241526.0,261007.0,100.0,114.24720000000002,-5.410549843542867
4103370,MER-DIAG-03,2021,2023,275949.0,298634.0,100.0,114.24720000000002,-5.2749459549143785
4103404,MER-DIAG-03,2021,2023,114049.0,121532.0,100.0,114.24720000000002,-6.727504117041317
4103453,MER-DIAG-03,2021,2023,1949226.0,2697734.0,100.0,114.24720000000002,21.14105868099476
4103479,MER-DIAG-03,2021,2023,148983.0,199026.0,100.0,114.24720000000002,16.930426677005528
4103503,MER-DIAG-03,2021,2023,253205.0,250999.0,100.0,114.24720000000002,-13.233086518423542
4103602,MER-DIAG-03,2021,2023,819036.0,985512.0,100.0,114.24720000000002,5.320608717709008
4103701,MER-DIAG-03,2021,2023,5029902.0,6771173.0,100.0,114.24720000000002,17.830798646497215
4103800,MER-DIAG-03,2021,2023,280211.0,349367.0,100.0,114.24720000000002,9.13175404371418
4103909,MER-DIAG-03,2021,2023,578373.0,674422.0,100.0,114.24720000000002,2.065308586171244
4103958,MER-DIAG-03,2021,2023,150370.0,195120.0,100.0,114.24720000000002,13.578210684426328
4104006,MER-DIAG-03,2021,2023,2176024.0,2871767.0,100.0,114.24720000000002,15.515418155593498
4104055,MER-DIAG-03,2021,2023,224661.0,237197.0,100.0,114.24720000000002,-7.586389251241243
4104105,MER-DIAG-03,2021,2023,261270.0,306673.0,100.0,114.24720000000002,2.7402057971164684
4104204,MER-DIAG-03,2021,2023,5733187.0,7070393.0,100.0,114.24720000000002,7.944838707999802
4104253,MER-DIAG-03,2021,2023,541601.0,700583.0,100.0,114.24720000000002,13.222977626433718
4104303,MER-DIAG-03,2021,2023,5147310.0,5991908.0,100.0,114.24720000000002,1.8918028932656705
4104402,MER-DIAG-03,2021,2023,421637.0,475235.0,100.0,114.24720000000002,-1.343855695298668
4104428,MER-DIAG-03,2021,2023,850048.0,901449.0,100.0,114.24720000000002,-7.1777382708209325
4104451,MER-DIAG-03,2021,2023,335944.0,386335.0,100.0,114.24720000000002,0.658765728004318
4104501,MER-DIAG-03,2021,2023,1106692.0,1592681.0,100.0,114.24720000000002,25.96690634182948
4104600,MER-DIAG-03,2021,2023,1255526.0,1300220.0,100.0,114.24720000000002,-9.354642466770368
4104659,MER-DIAG-03,2021,2023,1578833.0,1989896.0,100.0,114.24720000000002,10.318568739781075
4104709,MER-DIAG-03,2021,2023,458638.0,575814.0,100.0,114.24720000000002,9.892137239572897
4104808,MER-DIAG-03,2021,2023,15786905.0,19204178.0,100.0,114.24720000000002,6.476351704184369
4104907,MER-DIAG-03,2021,2023,3631156.0,4517501.0,100.0,114.24720000000002,8.894961333960104
4105003,MER-DIAG-03,2021,2023,355951.0,413685.0,100.0,114.24720000000002,1.7264740054954597
4105102,MER-DIAG-03,2021,2023,440499.0,376525.0,100.0,114.24720000000002,-25.18247709112613
4105201,MER-DIAG-03,2021,2023,405086.0,374010.0,100.0,114.24720000000002,-19.185290684514335
4105300,MER-DIAG-03,2021,2023,942758.0,1070583.0,100.0,114.24720000000002,-0.6027082681982043
4105409,MER-DIAG-03,2021,2023,909271.0,1196360.0,100.0,114.24720000000002,15.165654197792588
4105508,MER-DIAG-03,2021,2023,3039716.0,3986697.0,100.0,114.24720000000002,14.798087998384446
4105607,MER-DIAG-03,2021,2023,431473.0,620524.0,100.0,114.24720000000002,25.880770916961502
4105706,MER-DIAG-03,2021,2023,837980.0,915575.0,100.0,114.24720000000002,-4.365474570739558
4105805,MER-DIAG-03,2021,2023,5693870.0,7628975.0,100.0,114.24720000000002,17.277062478979555
4105904,MER-DIAG-03,2021,2023,796267.0,1171688.0,100.0,114.24720000000002,28.79757894930426
4106001,MER-DIAG-03,2021,2023,285617.0,309517.0,100.0,114.24720000000002,-5.14616616190986
4106100,MER-DIAG-03,2021,2023,152425.0,168785.0,100.0,114.24720000000002,-3.0758325371953665
4106209,MER-DIAG-03,2021,2023,557577.0,627818.0,100.0,114.24720000000002,-1.4439368478503578
4106308,MER-DIAG-03,2021,2023,1064177.0,993480.0,100.0,114.24720000000002,-18.285393203081323
4106407,MER-DIAG-03,2021,2023,1812202.0,2382241.0,100.0,114.24720000000002,15.062425442904082
4106456,MER-DIAG-03,2021,2023,323716.0,328942.0,100.0,114.24720000000002,-11.057445578475667
4106506,MER-DIAG-03,2021,2023,887309.0,1109441.0,100.0,114.24720000000002,9.441934174045663
4106555,MER-DIAG-03,2021,2023,87683.0,104935.0,100.0,114.24720000000002,4.751295164778746
4106571,MER-DIAG-03,2021,2023,177173.0,206651.0,100.0,114.24720000000002,2.0926336157607306
4106605,MER-DIAG-03,2021,2023,859368.0,1089269.0,100.0,114.24720000000002,10.945681183923227
4106704,MER-DIAG-03,2021,2023,205351.0,281275.0,100.0,114.24720000000002,19.891597277906147
4106803,MER-DIAG-03,2021,2023,505066.0,507964.0,100.0,114.24720000000002,-11.968270210356714
4106852,MER-DIAG-03,2021,2023,151165.0,189224.0,100.0,114.24720000000002,9.566907840486794
4106902,MER-DIAG-03,2021,2023,98000491.0,120065276.0,100.0,114.24720000000002,7.236740970526689
4107009,MER-DIAG-03,2021,2023,276029.0,332954.0,100.0,114.24720000000002,5.580559618192349
4107108,MER-DIAG-03,2021,2023,298207.0,413933.0,100.0,114.24720000000002,21.497307119200393
4107124,MER-DIAG-03,2021,2023,74736.0,85754.0,100.0,114.24720000000002,0.4335865382737447
4107157,MER-DIAG-03,2021,2023,128031.0,134493.0,100.0,114.24720000000002,-8.052700523438416
4107207,MER-DIAG-03,2021,2023,2026447.0,2609173.0,100.0,114.24720000000002,12.699518628259444
4107256,MER-DIAG-03,2021,2023,841228.0,859150.0,100.0,114.24720000000002,-10.60572433855781
4107306,MER-DIAG-03,2021,2023,200365.0,242635.0,100.0,114.24720000000002,5.995156896209797
4107405,MER-DIAG-03,2021,2023,311321.0,389460.0,100.0,114.24720000000002,9.498678448388231
4107504,MER-DIAG-03,2021,2023,566606.0,698650.0,100.0,114.24720000000002,7.927701766132689
4107520,MER-DIAG-03,2021,2023,65236.0,75224.0,100.0,114.24720000000002,0.9307577943852285
4107538,MER-DIAG-03,2021,2023,313143.0,420778.0,100.0,114.24720000000002,17.615552236762632
4107546,MER-DIAG-03,2021,2023,162811.0,201752.0,100.0,114.24720000000002,8.464730071331129
4107553,MER-DIAG-03,2021,2023,215732.0,255636.0,100.0,114.24720000000002,3.7198496640962198
4107603,MER-DIAG-03,2021,2023,500122.0,625079.0,100.0,114.24720000000002,9.399008103415252
4107652,MER-DIAG-03,2021,2023,3322418.0,4139461.0,100.0,114.24720000000002,9.054592470037992
4107702,MER-DIAG-03,2021,2023,212862.0,243624.0,100.0,114.24720000000002,0.1789247704046204
4107736,MER-DIAG-03,2021,2023,253838.0,323922.0,100.0,114.24720000000002,11.696160031067748
4107751,MER-DIAG-03,2021,2023,161492.0,191682.0,100.0,114.24720000000002,3.8926332475681447
4107801,MER-DIAG-03,2021,2023,239257.0,310640.0,100.0,114.24720000000002,13.644169595705137
4107850,MER-DIAG-03,2021,2023,182643.0,206357.0,100.0,114.24720000000002,-1.105848549587829
4107900,MER-DIAG-03,2021,2023,271124.0,364240.0,100.0,114.24720000000002,17.591006874263428
4108007,MER-DIAG-03,2021,2023,400285.0,623832.0,100.0,114.24720000000002,36.412060025701095
4108106,MER-DIAG-03,2021,2023,80573.0,101261.0,100.0,114.24720000000002,10.003654330065803
4108205,MER-DIAG-03,2021,2023,370767.0,405549.0,100.0,114.24720000000002,-4.259278313460779
4108304,MER-DIAG-03,2021,2023,18969029.0,16973251.0,100.0,114.24720000000002,-21.679695362171802
4108320,MER-DIAG-03,2021,2023,290544.0,254090.0,100.0,114.24720000000002,-23.45266119867704
4108403,MER-DIAG-03,2021,2023,3694539.0,4525403.0,100.0,114.24720000000002,7.213985373101539
4108452,MER-DIAG-03,2021,2023,184044.0,187782.0,100.0,114.24720000000002,-10.692746906186635
4108502,MER-DIAG-03,2021,2023,445472.0,437294.0,100.0,114.24720000000002,-14.077373990270715
4108551,MER-DIAG-03,2021,2023,72426.0,96133.0,100.0,114.24720000000002,16.180283012465168
4108601,MER-DIAG-03,2021,2023,1074370.0,1335666.0,100.0,114.24720000000002,8.817422050640378
4108650,MER-DIAG-03,2021,2023,309145.0,308612.0,100.0,114.24720000000002,-12.621413045172925
4108700,MER-DIAG-03,2021,2023,172728.0,177555.0,100.0,114.24720000000002,-10.024431950393753
4108809,MER-DIAG-03,2021,2023,1139934.0,1438846.0,100.0,114.24720000000002,10.481367583098212
4108908,MER-DIAG-03,2021,2023,273736.0,404827.0,100.0,114.24720000000002,29.446999519248273
4108957,MER-DIAG-03,2021,2023,295065.0,357064.0,100.0,114.24720000000002,5.921178296794882
4109005,MER-DIAG-03,2021,2023,176952.0,228919.0,100.0,114.24720000000002,13.235029977696167
4109104,MER-DIAG-03,2021,2023,78139.0,106183.0,100.0,114.24720000000002,18.943736504680263
4109203,MER-DIAG-03,2021,2023,223863.0,192291.0,100.0,114.24720000000002,-24.815022614913484
4109302,MER-DIAG-03,2021,2023,512014.0,604224.0,100.0,114.24720000000002,3.2929237512484777
4109401,MER-DIAG-03,2021,2023,8309024.0,9864113.0,100.0,114.24720000000002,3.9112239400992177
4109500,MER-DIAG-03,2021,2023,118152.0,146081.0,100.0,114.24720000000002,8.219890612310966
4109609,MER-DIAG-03,2021,2023,982125.0,1220949.0,100.0,114.24720000000002,8.814104488378671
4109658,MER-DIAG-03,2021,2023,298546.0,386521.0,100.0,114.24720000000002,13.322532809860576
4109708,MER-DIAG-03,2021,2023,878434.0,1236457.0,100.0,114.24720000000002,23.20386029793735
4109757,MER-DIAG-03,2021,2023,182341.0,208091.0,100.0,114.24720000000002,-0.10968102664954404
4109807,MER-DIAG-03,2021,2023,3313394.0,4037855.0,100.0,114.24720000000002,6.667489253667158
4109906,MER-DIAG-03,2021,2023,249550.0,329106.0,100.0,114.24720000000002,15.433711820069895
4110003,MER-DIAG-03,2021,2023,212505.0,267158.0,100.0,114.24720000000002,10.040730699258038
4110052,MER-DIAG-03,2021,2023,83996.0,94791.0,100.0,114.24720000000002,-1.2213844481229197
4110078,MER-DIAG-03,2021,2023,276156.0,320471.0,100.0,114.24720000000002,1.5754340818179946
4110102,MER-DIAG-03,2021,2023,1290790.0,1503418.0,100.0,114.24720000000002,1.9479713843524538
4110201,MER-DIAG-03,2021,2023,265709.0,249949.0,100.0,114.24720000000002,-17.662140327238074
4110300,MER-DIAG-03,2021,2023,58312.0,76239.0,100.0,114.24720000000002,14.438903748401044
4110409,MER-DIAG-03,2021,2023,507444.0,772540.0,100.0,114.24720000000002,33.256158221971454
4110508,MER-DIAG-03,2021,2023,615190.0,776104.0,100.0,114.24720000000002,10.424410477524848
4110607,MER-DIAG-03,2021,2023,597062.0,850007.0,100.0,114.24720000000002,24.611322661673228
4110656,MER-DIAG-03,2021,2023,194366.0,126065.0,100.0,114.24720000000002,-43.22872264257141
4110706,MER-DIAG-03,2021,2023,2286211.0,2816144.0,100.0,114.24720000000002,7.818424913740074
4110805,MER-DIAG-03,2021,2023,354163.0,409528.0,100.0,114.24720000000002,1.2126620450735537
4110904,MER-DIAG-03,2021,2023,121778.0,164295.0,100.0,114.24720000000002,18.089135820998337
4110953,MER-DIAG-03,2021,2023,524784.0,566776.0,100.0,114.24720000000002,-5.4665949392230795
4111001,MER-DIAG-03,2021,2023,223622.0,279453.0,100.0,114.24720000000002,9.382711219282847
4111100,MER-DIAG-03,2021,2023,228333.0,276022.0,100.0,114.24720000000002,5.810666625321947
4111209,MER-DIAG-03,2021,2023,753014.0,970545.0,100.0,114.24720000000002,12.815055355575744
4111258,MER-DIAG-03,2021,2023,626927.0,799718.0,100.0,114.24720000000002,11.654011765694783
4111308,MER-DIAG-03,2021,2023,87750.0,151825.0,100.0,114.24720000000002,51.44348659743345
4111407,MER-DIAG-03,2021,2023,497707.0,711073.0,100.0,114.24720000000002,25.05321872830082
4111506,MER-DIAG-03,2021,2023,947821.0,1142266.0,100.0,114.24720000000002,5.486129684325625
4111555,MER-DIAG-03,2021,2023,203930.0,280430.0,100.0,114.24720000000002,20.364325833756535
4111605,MER-DIAG-03,2021,2023,143593.0,167215.0,100.0,114.24720000000002,1.9286797722465332
4111704,MER-DIAG-03,2021,2023,160051.0,156576.0,100.0,114.24720000000002,-14.37092807126944
4111803,MER-DIAG-03,2021,2023,1598029.0,1956993.0,100.0,114.24720000000002,7.191179750083054
4111902,MER-DIAG-03,2021,2023,1049382.0,1452483.0,100.0,114.24720000000002,21.152361133571418
4112009,MER-DIAG-03,2021,2023,1788853.0,2062535.0,100.0,114.24720000000002,0.9208984772506312
4112108,MER-DIAG-03,2021,2023,790155.0,962904.0,100.0,114.24720000000002,6.665784818902121
4112207,MER-DIAG-03,2021,2023,241936.0,336925.0,100.0,114.24720000000002,21.895360447336422
4112306,MER-DIAG-03,2021,2023,163418.0,169940.0,100.0,114.24720000000002,-8.977206947448057
4112405,MER-DIAG-03,2021,2023,321178.0,441907.0,100.0,114.24720000000002,20.431342201208636
4112504,MER-DIAG-03,2021,2023,374099.0,424449.0,100.0,114.24720000000002,-0.6899038511700484
4112603,MER-DIAG-03,2021,2023,57044.0,78979.0,100.0,114.24720000000002,21.187016660194026
4112702,MER-DIAG-03,2021,2023,282676.0,301470.0,100.0,114.24720000000002,-6.651015319910503
4112751,MER-DIAG-03,2021,2023,441972.0,556586.0,100.0,114.24720000000002,10.228007345475865
4112801,MER-DIAG-03,2021,2023,680977.0,872246.0,100.0,114.24720000000002,12.114291708246071
4112900,MER-DIAG-03,2021,2023,128060.0,157361.0,100.0,114.24720000000002,7.55684247037447
4112959,MER-DIAG-03,2021,2023,440931.0,497087.0,100.0,114.24720000000002,-1.3229387494320788
4113007,MER-DIAG-03,2021,2023,405133.0,370465.0,100.0,114.24720000000002,-19.960567839830958
4113106,MER-DIAG-03,2021,2023,165650.0,201236.0,100.0,114.24720000000002,6.3331478838764
4113205,MER-DIAG-03,2021,2023,2841179.0,2647566.0,100.0,114.24720000000002,-18.43522656583101
4113254,MER-DIAG-03,2021,2023,113016.0,125483.0,100.0,114.24720000000002,-2.814964895735872
4113304,MER-DIAG-03,2021,2023,1027729.0,1230924.0,100.0,114.24720000000002,4.835184282645777
4113403,MER-DIAG-03,2021,2023,227372.0,226118.0,100.0,114.24720000000002,-12.95324445278193
4113429,MER-DIAG-03,2021,2023,125681.0,146837.0,100.0,114.24720000000002,2.2634194165457533
4113452,MER-DIAG-03,2021,2023,200871.0,249057.0,100.0,114.24720000000002,8.526537151071324
4113502,MER-DIAG-03,2021,2023,697950.0,909384.0,100.0,114.24720000000002,14.04531055312943
4113601,MER-DIAG-03,2021,2023,215564.0,333368.0,100.0,114.24720000000002,35.36366695176578
4113700,MER-DIAG-03,2021,2023,23603698.0,27999537.0,100.0,114.24720000000002,3.8305693531807794
4113734,MER-DIAG-03,2021,2023,546858.0,599341.0,100.0,114.24720000000002,-4.070130590447407
4113759,MER-DIAG-03,2021,2023,142210.0,147290.0,100.0,114.24720000000002,-9.343789620761578
4113809,MER-DIAG-03,2021,2023,131498.0,164846.0,100.0,114.24720000000002,9.727049347513471
4113908,MER-DIAG-03,2021,2023,758397.0,973316.0,100.0,114.24720000000002,12.334120956348094
4114005,MER-DIAG-03,2021,2023,793177.0,859221.0,100.0,114.24720000000002,-5.182346033177998
4114104,MER-DIAG-03,2021,2023,687733.0,995410.0,100.0,114.24720000000002,26.688318064401393
4114203,MER-DIAG-03,2021,2023,1835706.0,2916500.0,100.0,114.24720000000002,39.063542465743
4114302,MER-DIAG-03,2021,2023,665013.0,801433.0,100.0,114.24720000000002,5.48519761620061
4114351,MER-DIAG-03,2021,2023,81472.0,104399.0,100.0,114.24720000000002,12.161135154471637
4114401,MER-DIAG-03,2021,2023,1773268.0,1869715.0,100.0,114.24720000000002,-7.7098248503771005
4114500,MER-DIAG-03,2021,2023,531488.0,656196.0,100.0,114.24720000000002,8.067362014864955
4114609,MER-DIAG-03,2021,2023,2923749.0,3919007.0,100.0,114.24720000000002,17.324952715277675
4114708,MER-DIAG-03,2021,2023,134443.0,176407.0,100.0,114.24720000000002,14.850278965885444
4114807,MER-DIAG-03,2021,2023,2654433.0,2964620.0,100.0,114.24720000000002,-2.242136568350861
4114906,MER-DIAG-03,2021,2023,466433.0,510268.0,100.0,114.24720000000002,-4.2445504498197835
4115002,MER-DIAG-03,2021,2023,174490.0,237237.0,100.0,114.24720000000002,19.005303365949434
4115101,MER-DIAG-03,2021,2023,284359.0,403957.0,100.0,114.24720000000002,24.343358914708514
4115200,MER-DIAG-03,2021,2023,22655738.0,27817346.0,100.0,114.24720000000002,7.471154350051523
4115309,MER-DIAG-03,2021,2023,439911.0,554034.0,100.0,114.24720000000002,10.236656016844648
4115358,MER-DIAG-03,2021,2023,478110.0,535683.0,100.0,114.24720000000002,-1.930384686593034
4115408,MER-DIAG-03,2021,2023,635104.0,738403.0,100.0,114.24720000000002,1.7660784669267349
4115457,MER-DIAG-03,2021,2023,111454.0,134982.0,100.0,114.24720000000002,6.0070219420759186
4115507,MER-DIAG-03,2021,2023,103451.0,134313.0,100.0,114.24720000000002,13.641718202282638
4115606,MER-DIAG-03,2021,2023,1096366.0,1440815.0,100.0,114.24720000000002,15.028934548254957
4115705,MER-DIAG-03,2021,2023,892232.0,1148205.0,100.0,114.24720000000002,12.640890047462051
4115739,MER-DIAG-03,2021,2023,123187.0,157348.0,100.0,114.24720000000002,11.80231163425871
4115754,MER-DIAG-03,2021,2023,373698.0,527212.0,100.0,114.24720000000002,23.486348347257334
4115804,MER-DIAG-03,2021,2023,2442040.0,3007596.0,100.0,114.24720000000002,7.800595561281365
4115853,MER-DIAG-03,2021,2023,278211.0,311869.0,100.0,114.24720000000002,-1.881173507466749
4115903,MER-DIAG-03,2021,2023,126635.0,178999.0,100.0,114.24720000000002,23.723240118266432
4116000,MER-DIAG-03,2021,2023,52324.0,69394.0,100.0,114.24720000000002,16.084816630907373
4116059,MER-DIAG-03,2021,2023,466420.0,496708.0,100.0,114.24720000000002,-6.786583734093387
4116109,MER-DIAG-03,2021,2023,306144.0,382098.0,100.0,114.24720000000002,9.24547243477809
4116208,MER-DIAG-03,2021,2023,389211.0,534712.0,100.0,114.24720000000002,20.251155890964423
4116307,MER-DIAG-03,2021,2023,136929.0,176663.0,100.0,114.24720000000002,12.928770431065285
4116406,MER-DIAG-03,2021,2023,99515.0,126913.0,100.0,114.24720000000002,11.627705458309045
4116505,MER-DIAG-03,2021,2023,51926.0,71238.0,100.0,114.24720000000002,20.082932224244754
4116604,MER-DIAG-03,2021,2023,97600.0,108097.0,100.0,114.24720000000002,-3.0565974913874028
4116703,MER-DIAG-03,2021,2023,819755.0,1040813.0,100.0,114.24720000000002,11.133007812922413
4116802,MER-DIAG-03,2021,2023,348087.0,341725.0,100.0,114.24720000000002,-14.070282679612156
4116901,MER-DIAG-03,2021,2023,943181.0,1253498.0,100.0,114.24720000000002,16.32767197689966
4116950,MER-DIAG-03,2021,2023,164792.0,198770.0,100.0,114.24720000000002,5.576958871034465
4117008,MER-DIAG-03,2021,2023,314928.0,327433.0,100.0,114.24720000000002,-8.994926029186823
4117057,MER-DIAG-03,2021,2023,308284.0,378372.0,100.0,114.24720000000002,7.42922436976583
4117107,MER-DIAG-03,2021,2023,442935.0,718418.0,100.0,114.24720000000002,41.968384734346785
4117206,MER-DIAG-03,2021,2023,109207.0,132741.0,100.0,114.24720000000002,6.39201717625848
4117214,MER-DIAG-03,2021,2023,110742.0,131609.0,100.0,114.24720000000002,4.022589700970358
4117222,MER-DIAG-03,2021,2023,439747.0,484275.0,100.0,114.24720000000002,-3.6074211465576322
4117255,MER-DIAG-03,2021,2023,492498.0,560124.0,100.0,114.24720000000002,-0.45163183517572536
4117271,MER-DIAG-03,2021,2023,189788.0,237202.0,100.0,114.24720000000002,9.396652327407896
4117297,MER-DIAG-03,2021,2023,91407.0,124923.0,100.0,114.24720000000002,19.623742260185285
4117305,MER-DIAG-03,2021,2023,2726430.0,3592270.0,100.0,114.24720000000002,15.326484733178102
4117404,MER-DIAG-03,2021,2023,166696.0,186573.0,100.0,114.24720000000002,-2.0333965662520104
4117453,MER-DIAG-03,2021,2023,318622.0,297137.0,100.0,114.24720000000002,-18.37270407875571
4117503,MER-DIAG-03,2021,2023,1057696.0,1342362.0,100.0,114.24720000000002,11.086995926437293
4117602,MER-DIAG-03,2021,2023,1616525.0,1728162.0,100.0,114.24720000000002,-6.425727188873065
4117701,MER-DIAG-03,2021,2023,1642026.0,2220003.0,100.0,114.24720000000002,18.339019544579394
4117800,MER-DIAG-03,2021,2023,330837.0,406781.0,100.0,114.24720000000002,7.621990582673521
4117909,MER-DIAG-03,2021,2023,2815815.0,3698095.0,100.0,114.24720000000002,14.955136199549424
4118006,MER-DIAG-03,2021,2023,377239.0,533427.0,100.0,114.24720000000002,23.769274203533918
4118105,MER-DIAG-03,2021,2023,325522.0,517609.0,100.0,114.24720000000002,39.179704108327314
4118204,MER-DIAG-03,2021,2023,13646908.0,15291703.0,100.0,114.24720000000002,-1.9210008156068437
4118303,MER-DIAG-03,2021,2023,92021.0,88781.0,100.0,114.24720000000002,-15.552359654022052
4118402,MER-DIAG-03,2021,2023,3179798.0,4189765.0,100.0,114.24720000000002,15.330604285043425
4118451,MER-DIAG-03,2021,2023,243483.0,269744.0,100.0,114.24720000000002,-3.0299579123498788
4118501,MER-DIAG-03,2021,2023,4548086.0,5817896.0,100.0,114.24720000000002,11.96743268308802
4118600,MER-DIAG-03,2021,2023,439962.0,488532.0,100.0,114.24720000000002,-2.8076051030100024
4118709,MER-DIAG-03,2021,2023,396724.0,473855.0,100.0,114.24720000000002,4.546964664939046
4118808,MER-DIAG-03,2021,2023,454229.0,530693.0,100.0,114.24720000000002,2.264037710635436
4118857,MER-DIAG-03,2021,2023,281883.0,354948.0,100.0,114.24720000000002,10.217430840311014
4118907,MER-DIAG-03,2021,2023,359685.0,364026.0,100.0,114.24720000000002,-11.41411836655546
4119004,MER-DIAG-03,2021,2023,237952.0,270487.0,100.0,114.24720000000002,-0.5026594681880825
4119103,MER-DIAG-03,2021,2023,919729.0,853225.0,100.0,114.24720000000002,-18.79960786950513
4119152,MER-DIAG-03,2021,2023,7962954.0,9852601.0,100.0,114.24720000000002,8.300665056349988
4119202,MER-DIAG-03,2021,2023,251475.0,251911.0,100.0,114.24720000000002,-12.31874647671367
4119251,MER-DIAG-03,2021,2023,80246.0,82104.0,100.0,114.24720000000002,-10.443861901327168
4119301,MER-DIAG-03,2021,2023,1794773.0,1851108.0,100.0,114.24720000000002,-9.7230942585254
4119400,MER-DIAG-03,2021,2023,1191670.0,1441276.0,100.0,114.24720000000002,5.863337965420157
4119509,MER-DIAG-03,2021,2023,1543847.0,1901529.0,100.0,114.24720000000002,7.808531375711403
4119608,MER-DIAG-03,2021,2023,1140790.0,1448744.0,100.0,114.24720000000002,11.157911833149758
4119657,MER-DIAG-03,2021,2023,121843.0,160573.0,100.0,114.24720000000002,15.352330396785053
4119707,MER-DIAG-03,2021,2023,103914.0,149540.0,100.0,114.24720000000002,25.96147821537935
4119806,MER-DIAG-03,2021,2023,425326.0,526048.0,100.0,114.24720000000002,8.257470903853669
4119905,MER-DIAG-03,2021,2023,19490249.0,25583325.0,100.0,114.24720000000002,14.893123228466564
4119954,MER-DIAG-03,2021,2023,653317.0,809708.0,100.0,114.24720000000002,8.482305394875223
4120002,MER-DIAG-03,2021,2023,554196.0,732948.0,100.0,114.24720000000002,15.761517748450649
4120101,MER-DIAG-03,2021,2023,163131.0,391662.0,100.0,114.24720000000002,110.14999004845771
4120150,MER-DIAG-03,2021,2023,170013.0,169168.0,100.0,114.24720000000002,-12.905542381831026
4120200,MER-DIAG-03,2021,2023,108611.0,152980.0,100.0,114.24720000000002,23.286430642096324
4120309,MER-DIAG-03,2021,2023,98738.0,98341.0,100.0,114.24720000000002,-12.82243606504354
4120333,MER-DIAG-03,2021,2023,170927.0,207955.0,100.0,114.24720000000002,6.4910554813912835
4120358,MER-DIAG-03,2021,2023,329443.0,378687.0,100.0,114.24720000000002,0.6131039278499895
4120408,MER-DIAG-03,2021,2023,147400.0,197136.0,100.0,114.24720000000002,17.06387386334811
4120507,MER-DIAG-03,2021,2023,371262.0,462476.0,100.0,114.24720000000002,9.034298846518807
4120606,MER-DIAG-03,2021,2023,1571730.0,1905943.0,100.0,114.24720000000002,6.141788310015661
4120655,MER-DIAG-03,2021,2023,363003.0,409019.0,100.0,114.24720000000002,-1.374843971889761
4120705,MER-DIAG-03,2021,2023,212114.0,244507.0,100.0,114.24720000000002,0.8965689710153546
4120804,MER-DIAG-03,2021,2023,1941120.0,2336181.0,100.0,114.24720000000002,5.343692744583506
4120853,MER-DIAG-03,2021,2023,253567.0,307122.0,100.0,114.24720000000002,6.016296730108683
4120903,MER-DIAG-03,2021,2023,1466517.0,1927945.0,100.0,114.24720000000002,15.069963009763843
4121000,MER-DIAG-03,2021,2023,261216.0,342244.0,100.0,114.24720000000002,14.680744372754862
4121109,MER-DIAG-03,2021,2023,257471.0,314953.0,100.0,114.24720000000002,7.071001423154821
4121208,MER-DIAG-03,2021,2023,509137.0,594459.0,100.0,114.24720000000002,2.197831858741206
4121257,MER-DIAG-03,2021,2023,113774.0,126585.0,100.0,114.24720000000002,-2.614644527544996
4121307,MER-DIAG-03,2021,2023,185651.0,197170.0,100.0,114.24720000000002,-7.039601131313633
4121356,MER-DIAG-03,2021,2023,234807.0,235642.0,100.0,114.24720000000002,-12.159237859575311
4121406,MER-DIAG-03,2021,2023,743082.0,958987.0,100.0,114.24720000000002,12.96149033633518
4121505,MER-DIAG-03,2021,2023,536432.0,635752.0,100.0,114.24720000000002,3.735521104035855
4121604,MER-DIAG-03,2021,2023,422523.0,460072.0,100.0,114.24720000000002,-4.6918843553866445
4121703,MER-DIAG-03,2021,2023,757378.0,764371.0,100.0,114.24720000000002,-11.662327809630701
4121752,MER-DIAG-03,2021,2023,260028.0,257839.0,100.0,114.24720000000002,-13.207354244171665
4121802,MER-DIAG-03,2021,2023,383691.0,609741.0,100.0,114.24720000000002,39.0971466595561
4121901,MER-DIAG-03,2021,2023,338041.0,487933.0,100.0,114.24720000000002,26.341273025173173
4122008,MER-DIAG-03,2021,2023,729564.0,996992.0,100.0,114.24720000000002,19.614192466097634
4122107,MER-DIAG-03,2021,2023,104362.0,118815.0,100.0,114.24720000000002,-0.3486207775881822
4122156,MER-DIAG-03,2021,2023,441514.0,514285.0,100.0,114.24720000000002,1.956240552413413
4122172,MER-DIAG-03,2021,2023,115554.0,174700.0,100.0,114.24720000000002,32.331232176119975
4122206,MER-DIAG-03,2021,2023,1375599.0,1850826.0,100.0,114.24720000000002,17.768237422435828
4122305,MER-DIAG-03,2021,2023,1298354.0,1456165.0,100.0,114.24720000000002,-1.8315570016760652
4122404,MER-DIAG-03,2021,2023,3574945.0,4602704.0,100.0,114.24720000000002,12.693305208335204
4122503,MER-DIAG-03,2021,2023,598091.0,639474.0,100.0,114.24720000000002,-6.414178032516437
4122602,MER-DIAG-03,2021,2023,350064.0,538736.0,100.0,114.24720000000002,34.704772079332
4122651,MER-DIAG-03,2021,2023,129868.0,166638.0,100.0,114.24720000000002,12.312042955254189
4122701,MER-DIAG-03,2021,2023,705318.0,741345.0,100.0,114.24720000000002,-7.999575680573312
4122800,MER-DIAG-03,2021,2023,124341.0,144581.0,100.0,114.24720000000002,1.7773885481442875
4122909,MER-DIAG-03,2021,2023,103656.0,124160.0,100.0,114.24720000000002,4.843544051763038
4123006,MER-DIAG-03,2021,2023,529891.0,628454.0,100.0,114.24720000000002,3.810524776903912
4123105,MER-DIAG-03,2021,2023,100856.0,141542.0,100.0,114.24720000000002,22.839495188612567
4123204,MER-DIAG-03,2021,2023,153510.0,179166.0,100.0,114.24720000000002,2.1582303331981967
4123303,MER-DIAG-03,2021,2023,375096.0,387175.0,100.0,114.24720000000002,-9.65184067124465
4123402,MER-DIAG-03,2021,2023,319674.0,449906.0,100.0,114.24720000000002,23.188141905589575
4123501,MER-DIAG-03,2021,2023,1465191.0,1641044.0,100.0,114.24720000000002,-1.9651659080805906
4123600,MER-DIAG-03,2021,2023,51485.0,85155.0,100.0,114.24720000000002,44.77176565130592
4123709,MER-DIAG-03,2021,2023,253123.0,293692.0,100.0,114.24720000000002,1.5581877677480982
4123808,MER-DIAG-03,2021,2023,466992.0,514079.0,100.0,114.24720000000002,-3.644866475688069
4123824,MER-DIAG-03,2021,2023,140108.0,158188.0,100.0,114.24720000000002,-1.175406535390111
4123857,MER-DIAG-03,2021,2023,267310.0,353046.0,100.0,114.24720000000002,15.603377926105644
4123907,MER-DIAG-03,2021,2023,493066.0,497961.0,100.0,114.24720000000002,-11.60153797861283
4123956,MER-DIAG-03,2021,2023,91009.0,115471.0,100.0,114.24720000000002,11.056253765757784
4124004,MER-DIAG-03,2021,2023,171601.0,184042.0,100.0,114.24720000000002,-6.124650975403389
4124020,MER-DIAG-03,2021,2023,582095.0,713315.0,100.0,114.24720000000002,7.261020051483569
4124053,MER-DIAG-03,2021,2023,687337.0,765144.0,100.0,114.24720000000002,-2.562105939707715
4124103,MER-DIAG-03,2021,2023,1505597.0,1837884.0,100.0,114.24720000000002,6.8473588046393585
4124202,MER-DIAG-03,2021,2023,54056.0,70027.0,100.0,114.24720000000002,13.390338117424916
4124301,MER-DIAG-03,2021,2023,106892.0,114799.0,100.0,114.24720000000002,-5.995782877224287
4124400,MER-DIAG-03,2021,2023,648290.0,804866.0,100.0,114.24720000000002,8.669756570448616
4124509,MER-DIAG-03,2021,2023,532112.0,836727.0,100.0,114.24720000000002,37.63698959056041
4124608,MER-DIAG-03,2021,2023,396026.0,567836.0,100.0,114.24720000000002,25.502870288066504
4124707,MER-DIAG-03,2021,2023,322891.0,349306.0,100.0,114.24720000000002,-5.309907575623618
4124806,MER-DIAG-03,2021,2023,890618.0,1220178.0,100.0,114.24720000000002,19.91849157340426
4124905,MER-DIAG-03,2021,2023,154592.0,191656.0,100.0,114.24720000000002,8.515016051819103
4125001,MER-DIAG-03,2021,2023,361197.0,410617.0,100.0,114.24720000000002,-0.49446797569679957
4125100,MER-DIAG-03,2021,2023,579555.0,875907.0,100.0,114.24720000000002,32.287185020811584
4125209,MER-DIAG-03,2021,2023,473334.0,531521.0,100.0,114.24720000000002,-1.7104919377330163
4125308,MER-DIAG-03,2021,2023,401315.0,417316.0,100.0,114.24720000000002,-8.9805769683738
4125357,MER-DIAG-03,2021,2023,145367.0,183232.0,100.0,114.24720000000002,10.329062820604996
4125407,MER-DIAG-03,2021,2023,229785.0,232641.0,100.0,114.24720000000002,-11.382597584318631
4125456,MER-DIAG-03,2021,2023,99024.0,109674.0,100.0,114.24720000000002,-3.056732687990027
4125506,MER-DIAG-03,2021,2023,27008910.0,33957964.0,100.0,114.24720000000002,10.049739994218942
4125555,MER-DIAG-03,2021,2023,62338.0,83030.0,100.0,114.24720000000002,16.58337085719994
4125605,MER-DIAG-03,2021,2023,1516858.0,1934142.0,100.0,114.24720000000002,11.608652384619699
4125704,MER-DIAG-03,2021,2023,1470081.0,1484412.0,100.0,114.24720000000002,-11.617226292393712
4125753,MER-DIAG-03,2021,2023,247154.0,267877.0,100.0,114.24720000000002,-5.13145979468006
4125803,MER-DIAG-03,2021,2023,370121.0,453058.0,100.0,114.24720000000002,7.143174938629082
4125902,MER-DIAG-03,2021,2023,90323.0,111291.0,100.0,114.24720000000002,7.84900080451254
4126009,MER-DIAG-03,2021,2023,300152.0,277569.0,100.0,114.24720000000002,-19.056094661703714
4126108,MER-DIAG-03,2021,2023,163463.0,221194.0,100.0,114.24720000000002,18.442703589707566
4126207,MER-DIAG-03,2021,2023,153880.0,183023.0,100.0,114.24720000000002,4.106519431230793
4126256,MER-DIAG-03,2021,2023,2072735.0,2398690.0,100.0,114.24720000000002,1.2942465949012938
4126272,MER-DIAG-03,2021,2023,786318.0,1143427.0,100.0,114.24720000000002,27.281317062633413
4126306,MER-DIAG-03,2021,2023,664790.0,690924.0,100.0,114.24720000000002,-9.029572512109073
4126355,MER-DIAG-03,2021,2023,291329.0,272573.0,100.0,114.24720000000002,-18.105723405885165
4126405,MER-DIAG-03,2021,2023,416451.0,465712.0,100.0,114.24720000000002,-2.1168461305791975
4126504,MER-DIAG-03,2021,2023,690780.0,863931.0,100.0,114.24720000000002,9.469652064893852
4126603,MER-DIAG-03,2021,2023,706556.0,851121.0,100.0,114.24720000000002,5.438483844412634
4126652,MER-DIAG-03,2021,2023,158520.0,190979.0,100.0,114.24720000000002,5.452282940420816
4126678,MER-DIAG-03,2021,2023,391581.0,474596.0,100.0,114.24720000000002,6.085712451157721
4126702,MER-DIAG-03,2021,2023,126316.0,184145.0,100.0,114.24720000000002,27.601565171523724
4126801,MER-DIAG-03,2021,2023,496650.0,731143.0,100.0,114.24720000000002,28.85649722589352
4126900,MER-DIAG-03,2021,2023,153423.0,187714.0,100.0,114.24720000000002,7.092887523851221
4127007,MER-DIAG-03,2021,2023,616404.0,633083.0,100.0,114.24720000000002,-10.102081056886226
4127106,MER-DIAG-03,2021,2023,4913441.0,6409425.0,100.0,114.24720000000002,14.179400777063943
4127205,MER-DIAG-03,2021,2023,569416.0,709922.0,100.0,114.24720000000002,9.127800908390782
4127304,MER-DIAG-03,2021,2023,376155.0,539546.0,100.0,114.24720000000002,25.54981384298014
4127403,MER-DIAG-03,2021,2023,896105.0,921400.0,100.0,114.24720000000002,-9.999744514534148
4127502,MER-DIAG-03,2021,2023,1440060.0,1448624.0,100.0,114.24720000000002,-11.949966876070416
4127601,MER-DIAG-03,2021,2023,576384.0,554175.0,100.0,114.24720000000002,-15.843154486999511
4127700,MER-DIAG-03,2021,2023,7482190.0,9508572.0,100.0,114.24720000000002,11.234882907025522
4127809,MER-DIAG-03,2021,2023,324156.0,350465.0,100.0,114.24720000000002,-5.366473794922766
4127858,MER-DIAG-03,2021,2023,435956.0,453550.0,100.0,114.24720000000002,-8.938049793554548
4127882,MER-DIAG-03,2021,2023,144129.0,142467.0,100.0,114.24720000000002,-13.479834648992917
4127908,MER-DIAG-03,2021,2023,233721.0,297521.0,100.0,114.24720000000002,11.42286575890017
4127957,MER-DIAG-03,2021,2023,431427.0,520417.0,100.0,114.24720000000002,5.584116129876526
4127965,MER-DIAG-03,2021,2023,601622.0,697870.0,100.0,114.24720000000002,1.5325409956711722
4128005,MER-DIAG-03,2021,2023,1713942.0,2129922.0,100.0,114.24720000000002,8.773227009874018
4128104,MER-DIAG-03,2021,2023,4103610.0,5096996.0,100.0,114.24720000000002,8.718298848316364
4128203,MER-DIAG-03,2021,2023,1959155.0,2223373.0,100.0,114.24720000000002,-0.6659905351631301
4128302,MER-DIAG-03,2021,2023,99878.0,131665.0,100.0,114.24720000000002,15.386484316080962
4128401,MER-DIAG-03,2021,2023,367846.0,395053.0,100.0,114.24720000000002,-5.996556840590461
4128500,MER-DIAG-03,2021,2023,711221.0,767256.0,100.0,114.24720000000002,-5.574312220373489
4128534,MER-DIAG-03,2021,2023,347603.0,378784.0,100.0,114.24720000000002,-4.618852085412306
4128559,MER-DIAG-03,2021,2023,341108.0,335607.0,100.0,114.24720000000002,-13.882078263892893
4128609,MER-DIAG-03,2021,2023,499728.0,606828.0,100.0,114.24720000000002,6.288520701075706
4128625,MER-DIAG-03,2021,2023,113661.0,147760.0,100.0,114.24720000000002,13.788885737663703
4128633,MER-DIAG-03,2021,2023,99207.0,116147.0,100.0,114.24720000000002,2.4755162361297156
4128658,MER-DIAG-03,2021,2023,189728.0,241579.0,100.0,114.24720000000002,11.450542156201315
4128708,MER-DIAG-03,2021,2023,498334.0,631025.0,100.0,114.24720000000002,10.83590748870893
4128807,MER-DIAG-03,2021,2023,119631.0,138498.0,100.0,114.24720000000002,1.333770816372093
4200051,MER-DIAG-03,2021,2023,75131.0,115985.0,100.0,114.24720000000002,35.12543105578707
4200101,MER-DIAG-03,2021,2023,785908.0,1085858.0,100.0,114.24720000000002,20.93604471756967
4200200,MER-DIAG-03,2021,2023,396148.0,496110.0,100.0,114.24720000000002,9.616251944411335
4200309,MER-DIAG-03,2021,2023,232893.0,279406.0,100.0,114.24720000000002,5.010742108602484
4200408,MER-DIAG-03,2021,2023,651092.0,747812.0,100.0,114.24720000000002,0.532042384299003
4200507,MER-DIAG-03,2021,2023,137707.0,240633.0,100.0,114.24720000000002,52.95145168824329
4200556,MER-DIAG-03,2021,2023,163075.0,183332.0,100.0,114.24720000000002,-1.5976831225696597
4200606,MER-DIAG-03,2021,2023,199590.0,281792.0,100.0,114.24720000000002,23.578897453740755
4200705,MER-DIAG-03,2021,2023,336469.0,414787.0,100.0,114.24720000000002,7.903247119079926
4200754,MER-DIAG-03,2021,2023,78996.0,94012.0,100.0,114.24720000000002,4.167592199468473
4200804,MER-DIAG-03,2021,2023,203805.0,261385.0,100.0,114.24720000000002,12.258765430293806
4200903,MER-DIAG-03,2021,2023,174561.0,192262.0,100.0,114.24720000000002,-3.5947534848457363
4201000,MER-DIAG-03,2021,2023,231507.0,251491.0,100.0,114.24720000000002,-4.914836955930668
4201109,MER-DIAG-03,2021,2023,84568.0,117403.0,100.0,114.24720000000002,21.514350440156594
4201208,MER-DIAG-03,2021,2023,796531.0,1163092.0,100.0,114.24720000000002,27.810290167270235
4201257,MER-DIAG-03,2021,2023,442460.0,510610.0,100.0,114.24720000000002,1.0112477696603062
4201273,MER-DIAG-03,2021,2023,284414.0,400561.0,100.0,114.24720000000002,23.274181384598492
4201307,MER-DIAG-03,2021,2023,7488000.0,9900040.0,100.0,114.24720000000002,15.724562746021453
4201406,MER-DIAG-03,2021,2023,2385270.0,3023100.0,100.0,114.24720000000002,10.935208053088807
4201505,MER-DIAG-03,2021,2023,272106.0,343668.0,100.0,114.24720000000002,10.549151163256232
4201604,MER-DIAG-03,2021,2023,125953.0,154297.0,100.0,114.24720000000002,7.22681370509668
4201653,MER-DIAG-03,2021,2023,203872.0,194588.0,100.0,114.24720000000002,-16.45645381426205
4201703,MER-DIAG-03,2021,2023,244991.0,315202.0,100.0,114.24720000000002,12.61422930754117
4201802,MER-DIAG-03,2021,2023,125981.0,146755.0,100.0,114.24720000000002,1.9629261309304757
4201901,MER-DIAG-03,2021,2023,406918.0,468008.0,100.0,114.24720000000002,0.6701719712518539
4201950,MER-DIAG-03,2021,2023,221907.0,302101.0,100.0,114.24720000000002,19.16139962377943
4202008,MER-DIAG-03,2021,2023,7358669.0,9004373.0,100.0,114.24720000000002,7.104728240670344
4202057,MER-DIAG-03,2021,2023,254639.0,321609.0,100.0,114.24720000000002,10.54973567437032
4202073,MER-DIAG-03,2021,2023,216995.0,308869.0,100.0,114.24720000000002,24.58880778355381
4202081,MER-DIAG-03,2021,2023,102212.0,130220.0,100.0,114.24720000000002,11.514217085271916
4202099,MER-DIAG-03,2021,2023,52281.0,66206.0,100.0,114.24720000000002,10.84290483263224
4202107,MER-DIAG-03,2021,2023,2372445.0,2468505.0,100.0,114.24720000000002,-8.926444204312078
4202131,MER-DIAG-03,2021,2023,196847.0,277735.0,100.0,114.24720000000002,23.49695434360417
4202156,MER-DIAG-03,2021,2023,57652.0,86050.0,100.0,114.24720000000002,30.644439998037456
4202206,MER-DIAG-03,2021,2023,470160.0,496824.0,100.0,114.24720000000002,-7.506476441110943
4202305,MER-DIAG-03,2021,2023,2670278.0,3523318.0,100.0,114.24720000000002,15.491440914972898
4202404,MER-DIAG-03,2021,2023,20579490.0,24871920.0,100.0,114.24720000000002,5.786229784301766
4202438,MER-DIAG-03,2021,2023,135898.0,145084.0,100.0,114.24720000000002,-6.55396248158584
4202453,MER-DIAG-03,2021,2023,877594.0,1178868.0,100.0,114.24720000000002,17.577972945176732
4202503,MER-DIAG-03,2021,2023,371658.0,338788.0,100.0,114.24720000000002,-20.21174472520788
4202537,MER-DIAG-03,2021,2023,159057.0,187852.0,100.0,114.24720000000002,3.375463847668647
4202578,MER-DIAG-03,2021,2023,73702.0,103572.0,100.0,114.24720000000002,23.003515629449755
4202602,MER-DIAG-03,2021,2023,422363.0,454470.0,100.0,114.24720000000002,-5.816724708730359
4202701,MER-DIAG-03,2021,2023,430641.0,554189.0,100.0,114.24720000000002,12.641120230376224
4202800,MER-DIAG-03,2021,2023,1745017.0,2195935.0,100.0,114.24720000000002,10.147400834665943
4202859,MER-DIAG-03,2021,2023,250151.0,273816.0,100.0,114.24720000000002,-4.189961778263552
4202875,MER-DIAG-03,2021,2023,137959.0,143766.0,100.0,114.24720000000002,-8.786192063941545
4202909,MER-DIAG-03,2021,2023,8724534.0,11071535.0,100.0,114.24720000000002,11.075949093261418
4203006,MER-DIAG-03,2021,2023,4703416.0,5375161.0,100.0,114.24720000000002,0.03051845563191158
4203105,MER-DIAG-03,2021,2023,316775.0,382027.0,100.0,114.24720000000002,5.559565365809838
4203154,MER-DIAG-03,2021,2023,97691.0,135173.0,100.0,114.24720000000002,21.11274075957139
4203204,MER-DIAG-03,2021,2023,2242672.0,2703378.0,100.0,114.24720000000002,5.510443672581489
4203253,MER-DIAG-03,2021,2023,235019.0,281798.0,100.0,114.24720000000002,4.951673353119368
4203303,MER-DIAG-03,2021,2023,699703.0,872665.0,100.0,114.24720000000002,9.166216071724588
4203402,MER-DIAG-03,2021,2023,333024.0,401476.0,100.0,114.24720000000002,5.520900939503992
4203501,MER-DIAG-03,2021,2023,437829.0,532119.0,100.0,114.24720000000002,6.379679392216087
4203600,MER-DIAG-03,2021,2023,2610347.0,3456854.0,100.0,114.24720000000002,15.914356729453004
4203709,MER-DIAG-03,2021,2023,295662.0,412708.0,100.0,114.24720000000002,22.18047577886444
4203808,MER-DIAG-03,2021,2023,2203147.0,2759648.0,100.0,114.24720000000002,9.638894977530033
4203907,MER-DIAG-03,2021,2023,1070740.0,1482554.0,100.0,114.24720000000002,21.19394675514772
4203956,MER-DIAG-03,2021,2023,1348603.0,689019.0,100.0,114.24720000000002,-55.280029187944415
4204004,MER-DIAG-03,2021,2023,530881.0,676611.0,100.0,114.24720000000002,11.556866402842015
4204103,MER-DIAG-03,2021,2023,164148.0,248344.0,100.0,114.24720000000002,32.42577133073612
4204152,MER-DIAG-03,2021,2023,65903.0,96487.0,100.0,114.24720000000002,28.14983566081648
4204178,MER-DIAG-03,2021,2023,141416.0,152293.0,100.0,114.24720000000002,-5.73817846829916
4204194,MER-DIAG-03,2021,2023,97932.0,147115.0,100.0,114.24720000000002,31.488196054194596
4204202,MER-DIAG-03,2021,2023,13694780.0,17619284.0,100.0,114.24720000000002,12.612767330608076
4204251,MER-DIAG-03,2021,2023,888493.0,1084930.0,100.0,114.24720000000002,6.881402170046158
4204301,MER-DIAG-03,2021,2023,4559829.0,5510392.0,100.0,114.24720000000002,5.776300484274577
4204350,MER-DIAG-03,2021,2023,434573.0,529198.0,100.0,114.24720000000002,6.588386730400808
4204400,MER-DIAG-03,2021,2023,381583.0,484593.0,100.0,114.24720000000002,11.158468153064561
4204459,MER-DIAG-03,2021,2023,57378.0,74761.0,100.0,114.24720000000002,14.047069576483985
4204509,MER-DIAG-03,2021,2023,797605.0,1055553.0,100.0,114.24720000000002,15.836815982795006
4204558,MER-DIAG-03,2021,2023,591364.0,763282.0,100.0,114.24720000000002,12.975578265644616
4204608,MER-DIAG-03,2021,2023,10065323.0,12339548.0,100.0,114.24720000000002,7.306485354183212
4204707,MER-DIAG-03,2021,2023,927562.0,1090031.0,100.0,114.24720000000002,2.860903772163481
4204756,MER-DIAG-03,2021,2023,66625.0,106831.0,100.0,114.24720000000002,40.3506752882663
4204806,MER-DIAG-03,2021,2023,1875348.0,2003888.0,100.0,114.24720000000002,-6.471060535258422
4204905,MER-DIAG-03,2021,2023,299006.0,382121.0,100.0,114.24720000000002,11.860160302849554
4205001,MER-DIAG-03,2021,2023,636297.0,674813.0,100.0,114.24720000000002,-7.172212415886126
4205100,MER-DIAG-03,2021,2023,165733.0,184448.0,100.0,114.24720000000002,-2.586444800186438
4205159,MER-DIAG-03,2021,2023,175716.0,184032.0,100.0,114.24720000000002,-8.328049392227255
4205175,MER-DIAG-03,2021,2023,60606.0,75981.0,100.0,114.24720000000002,9.734659027770798
4205191,MER-DIAG-03,2021,2023,176552.0,241247.0,100.0,114.24720000000002,19.603452065462147
4205209,MER-DIAG-03,2021,2023,183149.0,253179.0,100.0,114.24720000000002,20.997824899525284
4205308,MER-DIAG-03,2021,2023,758371.0,845387.0,100.0,114.24720000000002,-2.4273089914458645
4205357,MER-DIAG-03,2021,2023,64278.0,95653.0,100.0,114.24720000000002,30.25388186765765
4205407,MER-DIAG-03,2021,2023,23559947.0,31190132.0,100.0,114.24720000000002,15.877025490216301
4205431,MER-DIAG-03,2021,2023,78637.0,104803.0,100.0,114.24720000000002,16.654423747995615
4205456,MER-DIAG-03,2021,2023,1224548.0,1525924.0,100.0,114.24720000000002,9.071560161469638
4205506,MER-DIAG-03,2021,2023,1273659.0,1596213.0,100.0,114.24720000000002,9.696332926012596
4205555,MER-DIAG-03,2021,2023,102098.0,114310.0,100.0,114.24720000000002,-2.0010494579789095
4205605,MER-DIAG-03,2021,2023,99963.0,159894.0,100.0,114.24720000000002,40.00621693799995
4205704,MER-DIAG-03,2021,2023,773365.0,1005308.0,100.0,114.24720000000002,13.780820198809618
4205803,MER-DIAG-03,2021,2023,2033242.0,1982039.0,100.0,114.24720000000002,-14.674752155550763
4205902,MER-DIAG-03,2021,2023,4157383.0,5058949.0,100.0,114.24720000000002,6.511058410498993
4206009,MER-DIAG-03,2021,2023,449768.0,661697.0,100.0,114.24720000000002,28.773069377940395
4206108,MER-DIAG-03,2021,2023,329166.0,406387.0,100.0,114.24720000000002,8.06356025959043
4206207,MER-DIAG-03,2021,2023,387304.0,456981.0,100.0,114.24720000000002,3.2762823774604932
4206306,MER-DIAG-03,2021,2023,1262926.0,1492565.0,100.0,114.24720000000002,3.4450667319265493
4206405,MER-DIAG-03,2021,2023,454637.0,615278.0,100.0,114.24720000000002,18.45708582073293
4206504,MER-DIAG-03,2021,2023,2514410.0,3136750.0,100.0,114.24720000000002,9.193866989440714
4206603,MER-DIAG-03,2021,2023,202565.0,262918.0,100.0,114.24720000000002,13.608374635783704
4206652,MER-DIAG-03,2021,2023,354999.0,617585.0,100.0,114.24720000000002,52.27339985993229
4206702,MER-DIAG-03,2021,2023,624023.0,723522.0,100.0,114.24720000000002,1.4858699875563985
4206751,MER-DIAG-03,2021,2023,75608.0,90693.0,100.0,114.24720000000002,4.993026020840863
4206801,MER-DIAG-03,2021,2023,145418.0,174344.0,100.0,114.24720000000002,4.940534884199366
4206900,MER-DIAG-03,2021,2023,599219.0,774395.0,100.0,114.24720000000002,13.117917106337519
4207007,MER-DIAG-03,2021,2023,3521710.0,4878274.0,100.0,114.24720000000002,21.24589236414365
4207106,MER-DIAG-03,2021,2023,1215356.0,1190605.0,100.0,114.24720000000002,-14.25306058446234
4207205,MER-DIAG-03,2021,2023,252843.0,320780.0,100.0,114.24720000000002,11.048010777469397
4207304,MER-DIAG-03,2021,2023,2502978.0,3250688.0,100.0,114.24720000000002,13.677022721059062
4207403,MER-DIAG-03,2021,2023,260687.0,319441.0,100.0,114.24720000000002,7.257017772020391
4207502,MER-DIAG-03,2021,2023,3675993.0,4484718.0,100.0,114.24720000000002,6.78614260227941
4207577,MER-DIAG-03,2021,2023,227780.0,381384.0,100.0,114.24720000000002,46.5552280792874
4207601,MER-DIAG-03,2021,2023,107135.0,134995.0,100.0,114.24720000000002,10.291170084462188
4207650,MER-DIAG-03,2021,2023,381311.0,486274.0,100.0,114.24720000000002,11.623632254114224
4207684,MER-DIAG-03,2021,2023,321243.0,435900.0,100.0,114.24720000000002,18.77023914723084
4207700,MER-DIAG-03,2021,2023,465730.0,564808.0,100.0,114.24720000000002,6.150259571965666
4207759,MER-DIAG-03,2021,2023,133806.0,258923.0,100.0,114.24720000000002,69.37506588510365
4207809,MER-DIAG-03,2021,2023,282690.0,339803.0,100.0,114.24720000000002,5.213434570805275
4207858,MER-DIAG-03,2021,2023,56619.0,78560.0,100.0,114.24720000000002,21.448936204038937
4207908,MER-DIAG-03,2021,2023,458977.0,636426.0,100.0,114.24720000000002,21.37002058524753
4208005,MER-DIAG-03,2021,2023,404732.0,550222.0,100.0,114.24720000000002,18.993939547113747
4208104,MER-DIAG-03,2021,2023,1047675.0,1404662.0,100.0,114.24720000000002,17.35448391338985
4208203,MER-DIAG-03,2021,2023,47757207.0,48195909.0,100.0,114.24720000000002,-11.666448721243327
4208302,MER-DIAG-03,2021,2023,2889464.0,3799730.0,100.0,114.24720000000002,15.103859162153753
4208401,MER-DIAG-03,2021,2023,1064833.0,1369949.0,100.0,114.24720000000002,12.61009706621028
4208450,MER-DIAG-03,2021,2023,1688955.0,1990651.0,100.0,114.24720000000002,3.1647862789135672
4208500,MER-DIAG-03,2021,2023,1399717.0,1565743.0,100.0,114.24720000000002,-2.0882807659004854
4208609,MER-DIAG-03,2021,2023,181354.0,236970.0,100.0,114.24720000000002,14.37224990078998
4208708,MER-DIAG-03,2021,2023,529785.0,733562.0,100.0,114.24720000000002,21.196925548192034
4208807,MER-DIAG-03,2021,2023,852029.0,887386.0,100.0,114.24720000000002,-8.83825478257485
4208906,MER-DIAG-03,2021,2023,12053539.0,15509263.0,100.0,114.24720000000002,12.624018229390854
4208955,MER-DIAG-03,2021,2023,67321.0,82849.0,100.0,114.24720000000002,7.7187108548502525
4209003,MER-DIAG-03,2021,2023,2381234.0,2754514.0,100.0,114.24720000000002,1.2505390537847605
4209102,MER-DIAG-03,2021,2023,45074735.0,49815877.0,100.0,114.24720000000002,-3.26379781545888
4209151,MER-DIAG-03,2021,2023,130477.0,171772.0,100.0,114.24720000000002,15.23193232809752
4209177,MER-DIAG-03,2021,2023,88240.0,109999.0,100.0,114.24720000000002,9.113295432600665
4209201,MER-DIAG-03,2021,2023,137761.0,186584.0,100.0,114.24720000000002,18.550270036250495
4209300,MER-DIAG-03,2021,2023,6577420.0,8341650.0,100.0,114.24720000000002,11.007117125817366
4209409,MER-DIAG-03,2021,2023,1093923.0,1404150.0,100.0,114.24720000000002,12.35209775392887
4209458,MER-DIAG-03,2021,2023,59139.0,108719.0,100.0,114.24720000000002,60.91106431033102
4209508,MER-DIAG-03,2021,2023,444804.0,536261.0,100.0,114.24720000000002,5.5266045876693815
4209607,MER-DIAG-03,2021,2023,418821.0,481730.0,100.0,114.24720000000002,0.6768638680445749
4209706,MER-DIAG-03,2021,2023,416800.0,466724.0,100.0,114.24720000000002,-1.9862831970151373
4209805,MER-DIAG-03,2021,2023,119785.0,169622.0,100.0,114.24720000000002,23.94647422361573
4209854,MER-DIAG-03,2021,2023,151920.0,201026.0,100.0,114.24720000000002,15.822174516203201
4209904,MER-DIAG-03,2021,2023,466218.0,579987.0,100.0,114.24720000000002,8.888911693892165
4210001,MER-DIAG-03,2021,2023,792775.0,1138042.0,100.0,114.24720000000002,25.650082717464564
4210035,MER-DIAG-03,2021,2023,292995.0,346309.0,100.0,114.24720000000002,3.456552941755753
4210050,MER-DIAG-03,2021,2023,59147.0,70008.0,100.0,114.24720000000002,3.6022969351640732
4210100,MER-DIAG-03,2021,2023,2490227.0,3296812.0,100.0,114.24720000000002,15.88031834698722
4210209,MER-DIAG-03,2021,2023,62144.0,86474.0,100.0,114.24720000000002,21.798174589368013
4210308,MER-DIAG-03,2021,2023,300319.0,417209.0,100.0,114.24720000000002,21.597681457753005
4210407,MER-DIAG-03,2021,2023,273081.0,355365.0,100.0,114.24720000000002,13.903639791827826
4210506,MER-DIAG-03,2021,2023,1794179.0,2499223.0,100.0,114.24720000000002,21.925255608321304
4210555,MER-DIAG-03,2021,2023,97312.0,111255.0,100.0,114.24720000000002,0.07084673789587992
4210605,MER-DIAG-03,2021,2023,751874.0,1050211.0,100.0,114.24720000000002,22.26043331280152
4210704,MER-DIAG-03,2021,2023,62590.0,77764.0,100.0,114.24720000000002,8.749701852911528
4210803,MER-DIAG-03,2021,2023,340386.0,469316.0,100.0,114.24720000000002,20.683558139436474
4210852,MER-DIAG-03,2021,2023,89444.0,106937.0,100.0,114.24720000000002,4.648068823056328
4210902,MER-DIAG-03,2021,2023,170306.0,203356.0,100.0,114.24720000000002,4.51568636183266
4211009,MER-DIAG-03,2021,2023,1089189.0,1249317.0,100.0,114.24720000000002,0.39771715840399846
4211058,MER-DIAG-03,2021,2023,233427.0,325033.0,100.0,114.24720000000002,21.879538963456334
4211108,MER-DIAG-03,2021,2023,237437.0,285959.0,100.0,114.24720000000002,5.416795017740528
4211207,MER-DIAG-03,2021,2023,922592.0,1019641.0,100.0,114.24720000000002,-3.2631279050013062
4211256,MER-DIAG-03,2021,2023,145130.0,194418.0,100.0,114.24720000000002,17.2556317330246
4211306,MER-DIAG-03,2021,2023,6143029.0,7939674.0,100.0,114.24720000000002,13.129154210812931
4211405,MER-DIAG-03,2021,2023,248377.0,266502.0,100.0,114.24720000000002,-6.083147284471702
4211454,MER-DIAG-03,2021,2023,189439.0,191952.0,100.0,114.24720000000002,-11.309381422382693
4211504,MER-DIAG-03,2021,2023,691559.0,972888.0,100.0,114.24720000000002,23.13685123905107
4211603,MER-DIAG-03,2021,2023,1074610.0,1333549.0,100.0,114.24720000000002,8.62068451109208
4211652,MER-DIAG-03,2021,2023,119844.0,160908.0,100.0,114.24720000000002,17.52108052283048
4211702,MER-DIAG-03,2021,2023,1188044.0,1408944.0,100.0,114.24720000000002,3.8043710855839796
4211751,MER-DIAG-03,2021,2023,998100.0,1267788.0,100.0,114.24720000000002,11.180088669743427
4211801,MER-DIAG-03,2021,2023,252631.0,307202.0,100.0,114.24720000000002,6.43680574734975
4211850,MER-DIAG-03,2021,2023,137266.0,170820.0,100.0,114.24720000000002,8.925653496202223
4211876,MER-DIAG-03,2021,2023,58314.0,73788.0,100.0,114.24720000000002,10.756020117806342
4211892,MER-DIAG-03,2021,2023,84941.0,111006.0,100.0,114.24720000000002,14.38880390971855
4211900,MER-DIAG-03,2021,2023,8210037.0,10294550.0,100.0,114.24720000000002,9.75307271788357
4212007,MER-DIAG-03,2021,2023,332287.0,361215.0,100.0,114.24720000000002,-4.850423224441924
4212056,MER-DIAG-03,2021,2023,187897.0,205053.0,100.0,114.24720000000002,-4.478591788612707
4212106,MER-DIAG-03,2021,2023,913813.0,1211264.0,100.0,114.24720000000002,16.02081518640719
4212205,MER-DIAG-03,2021,2023,853826.0,1183058.0,100.0,114.24720000000002,21.280532782002084
4212239,MER-DIAG-03,2021,2023,143301.0,194244.0,100.0,114.24720000000002,18.645925016986542
4212254,MER-DIAG-03,2021,2023,237368.0,301934.0,100.0,114.24720000000002,11.338222844871426
4212270,MER-DIAG-03,2021,2023,175185.0,218824.0,100.0,114.24720000000002,9.333303353312527
4212304,MER-DIAG-03,2021,2023,250073.0,417795.0,100.0,114.24720000000002,46.23484495811678
4212403,MER-DIAG-03,2021,2023,243931.0,305366.0,100.0,114.24720000000002,9.574152180156293
4212502,MER-DIAG-03,2021,2023,1037153.0,1340663.0,100.0,114.24720000000002,13.143922475524228
4212601,MER-DIAG-03,2021,2023,120957.0,166701.0,100.0,114.24720000000002,20.631751389764208
4212650,MER-DIAG-03,2021,2023,119468.0,164483.0,100.0,114.24720000000002,20.510214681156256
4212700,MER-DIAG-03,2021,2023,223564.0,265682.0,100.0,114.24720000000002,4.019484080726077
4212809,MER-DIAG-03,2021,2023,1513947.0,2097521.0,100.0,114.24720000000002,21.26907943354912
4212908,MER-DIAG-03,2021,2023,1514219.0,1941701.0,100.0,114.24720000000002,12.240113688959964
4213005,MER-DIAG-03,2021,2023,227282.0,323209.0,100.0,114.24720000000002,24.472335417195378
4213104,MER-DIAG-03,2021,2023,801159.0,953671.0,100.0,114.24720000000002,4.191981059577676
4213153,MER-DIAG-03,2021,2023,141935.0,144007.0,100.0,114.24720000000002,-11.19272668521588
4213203,MER-DIAG-03,2021,2023,2806453.0,3184672.0,100.0,114.24720000000002,-0.6743602428867179
4213302,MER-DIAG-03,2021,2023,175776.0,205504.0,100.0,114.24720000000002,2.3328659318721856
4213351,MER-DIAG-03,2021,2023,166641.0,158355.0,100.0,114.24720000000002,-16.82278930628027
4213401,MER-DIAG-03,2021,2023,291075.0,390492.0,100.0,114.24720000000002,17.425297653832917
4213500,MER-DIAG-03,2021,2023,1472149.0,2090678.0,100.0,114.24720000000002,24.30534860954774
4213609,MER-DIAG-03,2021,2023,1149833.0,1314938.0,100.0,114.24720000000002,0.09789448171775295
4213708,MER-DIAG-03,2021,2023,719081.0,912670.0,100.0,114.24720000000002,11.093946897702223
4213807,MER-DIAG-03,2021,2023,223279.0,312294.0,100.0,114.24720000000002,22.425023731414264
4213906,MER-DIAG-03,2021,2023,75923.0,88879.0,100.0,114.24720000000002,2.4661064898175766
4214003,MER-DIAG-03,2021,2023,985125.0,1091871.0,100.0,114.24720000000002,-2.9859968024298578
4214102,MER-DIAG-03,2021,2023,62744.0,81283.0,100.0,114.24720000000002,13.391880346604236
4214151,MER-DIAG-03,2021,2023,135911.0,134567.0,100.0,114.24720000000002,-13.33606638098267
4214201,MER-DIAG-03,2021,2023,462642.0,670409.0,100.0,114.24720000000002,26.83794996926421
4214300,MER-DIAG-03,2021,2023,165751.0,227902.0,100.0,114.24720000000002,20.350088540739808
4214409,MER-DIAG-03,2021,2023,288090.0,328940.0,100.0,114.24720000000002,-0.059172869161383534
4214508,MER-DIAG-03,2021,2023,212941.0,265323.0,100.0,114.24720000000002,9.061142990040704
4214607,MER-DIAG-03,2021,2023,276136.0,348708.0,100.0,114.24720000000002,10.533345864102529
4214706,MER-DIAG-03,2021,2023,475005.0,565977.0,100.0,114.24720000000002,4.292970332858981
4214805,MER-DIAG-03,2021,2023,3690347.0,4621903.0,100.0,114.24720000000002,9.624608962077197
4214904,MER-DIAG-03,2021,2023,302785.0,373208.0,100.0,114.24720000000002,7.887473556567959
4215000,MER-DIAG-03,2021,2023,1614643.0,1731868.0,100.0,114.24720000000002,-6.115757059906146
4215059,MER-DIAG-03,2021,2023,70066.0,96784.0,100.0,114.24720000000002,20.90678617724229
4215075,MER-DIAG-03,2021,2023,147665.0,198674.0,100.0,114.24720000000002,17.76545135625376
4215109,MER-DIAG-03,2021,2023,390081.0,456660.0,100.0,114.24720000000002,2.46902643615432
4215208,MER-DIAG-03,2021,2023,111333.0,132525.0,100.0,114.24720000000002,4.190551303930401
4215307,MER-DIAG-03,2021,2023,318174.0,383453.0,100.0,114.24720000000002,5.487715470480814
4215356,MER-DIAG-03,2021,2023,93630.0,115351.0,100.0,114.24720000000002,7.835256427159809
4215406,MER-DIAG-03,2021,2023,266923.0,347636.0,100.0,114.24720000000002,13.996936840487528
4215455,MER-DIAG-03,2021,2023,466692.0,701076.0,100.0,114.24720000000002,31.48892620334689
4215505,MER-DIAG-03,2021,2023,662060.0,672250.0,100.0,114.24720000000002,-11.123305056235766
4215554,MER-DIAG-03,2021,2023,103613.0,128409.0,100.0,114.24720000000002,8.476496548259549
4215604,MER-DIAG-03,2021,2023,72830.0,108834.0,100.0,114.24720000000002,30.80029279767047
4215653,MER-DIAG-03,2021,2023,199094.0,277594.0,100.0,114.24720000000002,22.041163031213017
4215679,MER-DIAG-03,2021,2023,268988.0,342769.0,100.0,114.24720000000002,11.538054888061433
4215687,MER-DIAG-03,2021,2023,65119.0,89006.0,100.0,114.24720000000002,19.637132775401646
4215695,MER-DIAG-03,2021,2023,48482.0,62417.0,100.0,114.24720000000002,12.687773642842082
4215703,MER-DIAG-03,2021,2023,1256507.0,1749916.0,100.0,114.24720000000002,21.90084738352478
4215752,MER-DIAG-03,2021,2023,88164.0,110781.0,100.0,114.24720000000002,9.983726418620531
4215802,MER-DIAG-03,2021,2023,4697511.0,5038223.0,100.0,114.24720000000002,-6.121959653982523
4215901,MER-DIAG-03,2021,2023,112432.0,265330.0,100.0,114.24720000000002,106.56220253952915
4216008,MER-DIAG-03,2021,2023,520825.0,794990.0,100.0,114.24720000000002,33.60548201475044
4216057,MER-DIAG-03,2021,2023,219812.0,197299.0,100.0,114.24720000000002,-21.4352159320677
4216107,MER-DIAG-03,2021,2023,450004.0,536174.0,100.0,114.24720000000002,4.290274665861538
4216206,MER-DIAG-03,2021,2023,8516615.0,7396332.0,100.0,114.24720000000002,-23.984209352647134
4216255,MER-DIAG-03,2021,2023,353230.0,463168.0,100.0,114.24720000000002,14.77185479881431
4216305,MER-DIAG-03,2021,2023,1029819.0,1303724.0,100.0,114.24720000000002,10.810061303294717
4216354,MER-DIAG-03,2021,2023,338152.0,455830.0,100.0,114.24720000000002,17.990048316632112
4216404,MER-DIAG-03,2021,2023,282920.0,434705.0,100.0,114.24720000000002,34.488583998771084
4216503,MER-DIAG-03,2021,2023,1133378.0,1484851.0,100.0,114.24720000000002,14.673358583127616
4216602,MER-DIAG-03,2021,2023,13840195.0,15575672.0,100.0,114.24720000000002,-1.4948313618262654
4216701,MER-DIAG-03,2021,2023,568200.0,681891.0,100.0,114.24720000000002,5.043253325050578
4216800,MER-DIAG-03,2021,2023,318824.0,355894.0,100.0,114.24720000000002,-2.2933563278227487
4216909,MER-DIAG-03,2021,2023,1389521.0,1843473.0,100.0,114.24720000000002,16.12510011391286
4217006,MER-DIAG-03,2021,2023,929265.0,1241478.0,100.0,114.24720000000002,16.937520969376596
4217105,MER-DIAG-03,2021,2023,109266.0,148541.0,100.0,114.24720000000002,18.9914436268348
4217154,MER-DIAG-03,2021,2023,50300.0,73871.0,100.0,114.24720000000002,28.546550803923097
4217204,MER-DIAG-03,2021,2023,2174480.0,3105098.0,100.0,114.24720000000002,24.98972970270068
4217253,MER-DIAG-03,2021,2023,101140.0,148311.0,100.0,114.24720000000002,28.352652708309133
4217303,MER-DIAG-03,2021,2023,527168.0,718463.0,100.0,114.24720000000002,19.29158317593771
4217402,MER-DIAG-03,2021,2023,759499.0,906591.0,100.0,114.24720000000002,4.481315464806368
4217501,MER-DIAG-03,2021,2023,1178644.0,1506648.0,100.0,114.24720000000002,11.88801899465961
4217550,MER-DIAG-03,2021,2023,118038.0,147398.0,100.0,114.24720000000002,9.301012078780424
4217600,MER-DIAG-03,2021,2023,679557.0,804482.0,100.0,114.24720000000002,3.62030728848195
4217709,MER-DIAG-03,2021,2023,910386.0,1304359.0,100.0,114.24720000000002,25.408219977210166
4217758,MER-DIAG-03,2021,2023,83395.0,123620.0,100.0,114.24720000000002,29.74874361306561
4217808,MER-DIAG-03,2021,2023,844678.0,1038273.0,100.0,114.24720000000002,7.590719654333378
4217907,MER-DIAG-03,2021,2023,600872.0,760285.0,100.0,114.24720000000002,10.751314692072643
4217956,MER-DIAG-03,2021,2023,65554.0,88349.0,100.0,114.24720000000002,17.96600618395341
4218004,MER-DIAG-03,2021,2023,2438156.0,3687049.0,100.0,114.24720000000002,32.36460095621649
4218103,MER-DIAG-03,2021,2023,154885.0,197892.0,100.0,114.24720000000002,11.833859363544775
4218202,MER-DIAG-03,2021,2023,2534741.0,2737817.0,100.0,114.24720000000002,-5.457896449998712
4218251,MER-DIAG-03,2021,2023,303296.0,304453.0,100.0,114.24720000000002,-12.13659895186746
4218301,MER-DIAG-03,2021,2023,1522852.0,2060110.0,100.0,114.24720000000002,18.409663560498135
4218350,MER-DIAG-03,2021,2023,232257.0,198900.0,100.0,114.24720000000002,-25.04158306986315
4218400,MER-DIAG-03,2021,2023,199732.0,255516.0,100.0,114.24720000000002,11.97598315764088
4218509,MER-DIAG-03,2021,2023,829532.0,1194854.0,100.0,114.24720000000002,26.077077357998803
4218608,MER-DIAG-03,2021,2023,437965.0,433330.0,100.0,114.24720000000002,-13.39683050939814
4218707,MER-DIAG-03,2021,2023,4817596.0,6007108.0,100.0,114.24720000000002,9.141394237215605
4218756,MER-DIAG-03,2021,2023,182316.0,229506.0,100.0,114.24720000000002,10.185309241157924
4218806,MER-DIAG-03,2021,2023,737916.0,992639.0,100.0,114.24720000000002,17.744015321495876
4218855,MER-DIAG-03,2021,2023,85132.0,116753.0,100.0,114.24720000000002,20.04101177802411
4218905,MER-DIAG-03,2021,2023,356315.0,471776.0,100.0,114.24720000000002,15.892724652496227
4218954,MER-DIAG-03,2021,2023,88459.0,131850.0,100.0,114.24720000000002,30.46455688565384
4219002,MER-DIAG-03,2021,2023,1087691.0,1222447.0,100.0,114.24720000000002,-1.6263152330809216
4219101,MER-DIAG-03,2021,2023,201010.0,301834.0,100.0,114.24720000000002,31.4331542236574
4219150,MER-DIAG-03,2021,2023,116146.0,100064.0,100.0,114.24720000000002,-24.59015694126403
4219176,MER-DIAG-03,2021,2023,539920.0,661591.0,100.0,114.24720000000002,7.254274228124169
4219200,MER-DIAG-03,2021,2023,354849.0,401953.0,100.0,114.24720000000002,-0.8515056129323906
4219309,MER-DIAG-03,2021,2023,3456102.0,4129523.0,100.0,114.24720000000002,4.58460799465803
4219358,MER-DIAG-03,2021,2023,142288.0,193745.0,100.0,114.24720000000002,19.183645013186702
4219408,MER-DIAG-03,2021,2023,175208.0,197839.0,100.0,114.24720000000002,-1.1646257924393888
4219507,MER-DIAG-03,2021,2023,2639977.0,3145565.0,100.0,114.24720000000002,4.2924705847281475
4219606,MER-DIAG-03,2021,2023,211880.0,249450.0,100.0,114.24720000000002,3.049995924896276
4219705,MER-DIAG-03,2021,2023,1471922.0,1737477.0,100.0,114.24720000000002,3.3210242286388247
4219853,MER-DIAG-03,2021,2023,103657.0,135060.0,100.0,114.24720000000002,14.046653138065924
4220000,MER-DIAG-03,2021,2023,294751.0,420208.0,100.0,114.24720000000002,24.78531051815056
4300034,MER-DIAG-03,2021,2023,458226.0,382340.0,100.0,114.24720000000002,-26.966108314558024
4300059,MER-DIAG-03,2021,2023,547413.0,418738.0,100.0,114.24720000000002,-33.04520225259967
4300109,MER-DIAG-03,2021,2023,667877.0,780152.0,100.0,114.24720000000002,2.243845030309788
4300208,MER-DIAG-03,2021,2023,521060.0,383525.0,100.0,114.24720000000002,-35.57411717283904
4300307,MER-DIAG-03,2021,2023,162073.0,153719.0,100.0,114.24720000000002,-16.982181997758094
4300406,MER-DIAG-03,2021,2023,3079886.0,3102028.0,100.0,114.24720000000002,-11.841233121360407
4300455,MER-DIAG-03,2021,2023,156623.0,136099.0,100.0,114.24720000000002,-23.940436128963682
4300471,MER-DIAG-03,2021,2023,276412.0,223167.0,100.0,114.24720000000002,-29.33123252487322
4300505,MER-DIAG-03,2021,2023,196384.0,302869.0,100.0,114.24720000000002,34.99048476631719
4300554,MER-DIAG-03,2021,2023,106142.0,72442.0,100.0,114.24720000000002,-40.261047901917614
4300570,MER-DIAG-03,2021,2023,161549.0,203171.0,100.0,114.24720000000002,10.080876542174577
4300604,MER-DIAG-03,2021,2023,3302273.0,4129934.0,100.0,114.24720000000002,9.467341883303316
4300638,MER-DIAG-03,2021,2023,147633.0,174054.0,100.0,114.24720000000002,3.1941310379977272
4300646,MER-DIAG-03,2021,2023,177772.0,203478.0,100.0,114.24720000000002,0.1863458825126285
4300661,MER-DIAG-03,2021,2023,193090.0,112013.0,100.0,114.24720000000002,-49.223462650483576
4300703,MER-DIAG-03,2021,2023,322293.0,333257.0,100.0,114.24720000000002,-9.49285982452449
4300802,MER-DIAG-03,2021,2023,797513.0,926443.0,100.0,114.24720000000002,1.6799603234010085
4300851,MER-DIAG-03,2021,2023,285089.0,233582.0,100.0,114.24720000000002,-28.28444776480683
4300877,MER-DIAG-03,2021,2023,236432.0,322955.0,100.0,114.24720000000002,19.56117973007494
4300901,MER-DIAG-03,2021,2023,946972.0,1185217.0,100.0,114.24720000000002,9.550703049403818
4301008,MER-DIAG-03,2021,2023,1536560.0,1943138.0,100.0,114.24720000000002,10.690043081822665
4301057,MER-DIAG-03,2021,2023,285580.0,353687.0,100.0,114.24720000000002,8.40410869559054
4301073,MER-DIAG-03,2021,2023,76785.0,96551.0,100.0,114.24720000000002,10.061346713433483
4301107,MER-DIAG-03,2021,2023,357348.0,404985.0,100.0,114.24720000000002,-0.8022053544540109
4301206,MER-DIAG-03,2021,2023,429273.0,472739.0,100.0,114.24720000000002,-3.6077109657734807
4301305,MER-DIAG-03,2021,2023,1131512.0,965508.0,100.0,114.24720000000002,-25.311945419125014
4301404,MER-DIAG-03,2021,2023,336248.0,404652.0,100.0,114.24720000000002,5.33590147257037
4301503,MER-DIAG-03,2021,2023,504184.0,350687.0,100.0,114.24720000000002,-39.118542300103066
4301552,MER-DIAG-03,2021,2023,163439.0,177756.0,100.0,114.24720000000002,-4.803055898176356
4301602,MER-DIAG-03,2021,2023,3748437.0,4414768.0,100.0,114.24720000000002,3.088947301770917
4301636,MER-DIAG-03,2021,2023,312095.0,333149.0,100.0,114.24720000000002,-6.565742665371332
4301651,MER-DIAG-03,2021,2023,308102.0,462911.0,100.0,114.24720000000002,31.50958834977682
4301701,MER-DIAG-03,2021,2023,341674.0,324769.0,100.0,114.24720000000002,-16.801198351942503
4301750,MER-DIAG-03,2021,2023,142319.0,142447.0,100.0,114.24720000000002,-12.391779580193173
4301800,MER-DIAG-03,2021,2023,317085.0,300015.0,100.0,114.24720000000002,-17.182578252983095
4301859,MER-DIAG-03,2021,2023,56812.0,63072.0,100.0,114.24720000000002,-2.8258033060640897
4301875,MER-DIAG-03,2021,2023,386183.0,332590.0,100.0,114.24720000000002,-24.617511506768498
4301909,MER-DIAG-03,2021,2023,507428.0,581054.0,100.0,114.24720000000002,0.2297165427847192
4301925,MER-DIAG-03,2021,2023,80748.0,78571.0,100.0,114.24720000000002,-14.830334579081494
4301958,MER-DIAG-03,2021,2023,165030.0,167382.0,100.0,114.24720000000002,-11.223036171551936
4302006,MER-DIAG-03,2021,2023,244514.0,274474.0,100.0,114.24720000000002,-1.7456207803171586
4302055,MER-DIAG-03,2021,2023,49314.0,49986.0,100.0,114.24720000000002,-11.277741431080312
4302105,MER-DIAG-03,2021,2023,7498525.0,9062598.0,100.0,114.24720000000002,5.786757855248381
4302154,MER-DIAG-03,2021,2023,238522.0,173200.0,100.0,114.24720000000002,-36.44146470045357
4302204,MER-DIAG-03,2021,2023,326887.0,354602.0,100.0,114.24720000000002,-5.04934472326849
4302220,MER-DIAG-03,2021,2023,468752.0,269991.0,100.0,114.24720000000002,-49.58490514494839
4302238,MER-DIAG-03,2021,2023,384174.0,196998.0,100.0,114.24720000000002,-55.11633807386575
4302253,MER-DIAG-03,2021,2023,120127.0,134912.0,100.0,114.24720000000002,-1.6975404470994437
4302303,MER-DIAG-03,2021,2023,613624.0,593403.0,100.0,114.24720000000002,-15.354897510907971
4302352,MER-DIAG-03,2021,2023,906596.0,951019.0,100.0,114.24720000000002,-8.18157688044332
4302378,MER-DIAG-03,2021,2023,86280.0,73593.0,100.0,114.24720000000002,-25.341234293592553
4302402,MER-DIAG-03,2021,2023,403056.0,509725.0,100.0,114.24720000000002,10.694228799295736
4302451,MER-DIAG-03,2021,2023,150395.0,199040.0,100.0,114.24720000000002,15.840760467997494
4302501,MER-DIAG-03,2021,2023,490599.0,250550.0,100.0,114.24720000000002,-55.29849106143363
4302584,MER-DIAG-03,2021,2023,227410.0,119425.0,100.0,114.24720000000002,-54.0336386621163
4302600,MER-DIAG-03,2021,2023,130949.0,109439.0,100.0,114.24720000000002,-26.84830987326421
4302659,MER-DIAG-03,2021,2023,117701.0,132265.0,100.0,114.24720000000002,-1.6398418111493007
4302709,MER-DIAG-03,2021,2023,543351.0,567081.0,100.0,114.24720000000002,-8.64778948021786
4302808,MER-DIAG-03,2021,2023,1122674.0,1175802.0,100.0,114.24720000000002,-8.328367674234528
4302907,MER-DIAG-03,2021,2023,623088.0,566823.0,100.0,114.24720000000002,-20.37443775551052
4303004,MER-DIAG-03,2021,2023,3542706.0,3371237.0,100.0,114.24720000000002,-16.706980380736535
4303103,MER-DIAG-03,2021,2023,6458504.0,7781824.0,100.0,114.24720000000002,5.463919181824672
4303202,MER-DIAG-03,2021,2023,169236.0,154022.0,100.0,114.24720000000002,-20.339240736002584
4303301,MER-DIAG-03,2021,2023,264916.0,180412.0,100.0,114.24720000000002,-40.391023221472885
4303400,MER-DIAG-03,2021,2023,149122.0,159894.0,100.0,114.24720000000002,-6.147708159940923
4303509,MER-DIAG-03,2021,2023,2723674.0,3154677.0,100.0,114.24720000000002,1.380448760585118
4303558,MER-DIAG-03,2021,2023,520483.0,612435.0,100.0,114.24720000000002,2.993042549049285
4303608,MER-DIAG-03,2021,2023,242578.0,275332.0,100.0,114.24720000000002,-0.6518662478641968
4303673,MER-DIAG-03,2021,2023,204703.0,236802.0,100.0,114.24720000000002,1.254793788746822
4303707,MER-DIAG-03,2021,2023,239170.0,203771.0,100.0,114.24720000000002,-25.425541568858378
4303806,MER-DIAG-03,2021,2023,399404.0,294875.0,100.0,114.24720000000002,-35.37806191773748
4303905,MER-DIAG-03,2021,2023,3600083.0,4528757.0,100.0,114.24720000000002,10.10852367591777
4304002,MER-DIAG-03,2021,2023,325740.0,287302.0,100.0,114.24720000000002,-22.79916597995324
4304101,MER-DIAG-03,2021,2023,150034.0,105020.0,100.0,114.24720000000002,-38.73156870298901
4304200,MER-DIAG-03,2021,2023,1078191.0,1234677.0,100.0,114.24720000000002,0.23331423793555572
4304309,MER-DIAG-03,2021,2023,358438.0,375022.0,100.0,114.24720000000002,-8.42073890273144
4304358,MER-DIAG-03,2021,2023,2744010.0,1699384.0,100.0,114.24720000000002,-45.792388701695586
4304408,MER-DIAG-03,2021,2023,1595265.0,1959719.0,100.0,114.24720000000002,7.526473153280899
4304507,MER-DIAG-03,2021,2023,1660011.0,1825528.0,100.0,114.24720000000002,-3.7430785676648815
4304606,MER-DIAG-03,2021,2023,21995418.0,29166697.0,100.0,114.24720000000002,16.067188648715348
4304614,MER-DIAG-03,2021,2023,67988.0,66953.0,100.0,114.24720000000002,-13.802988142863427
4304622,MER-DIAG-03,2021,2023,342053.0,223071.0,100.0,114.24720000000002,-42.917347535088304
4304630,MER-DIAG-03,2021,2023,1966028.0,2588161.0,100.0,114.24720000000002,15.22746961155066
4304655,MER-DIAG-03,2021,2023,644965.0,220126.0,100.0,114.24720000000002,-70.12625777582076
4304663,MER-DIAG-03,2021,2023,830088.0,854022.0,100.0,114.24720000000002,-9.946756894150855
4304671,MER-DIAG-03,2021,2023,386834.0,399405.0,100.0,114.24720000000002,-9.626043922515048
4304689,MER-DIAG-03,2021,2023,298588.0,315947.0,100.0,114.24720000000002,-7.3818032610919015
4304697,MER-DIAG-03,2021,2023,95379.0,88569.0,100.0,114.24720000000002,-18.720053063883856
4304705,MER-DIAG-03,2021,2023,3846858.0,3744967.0,100.0,114.24720000000002,-14.78887979702609
4304713,MER-DIAG-03,2021,2023,165661.0,158174.0,100.0,114.24720000000002,-16.426372361778608
4304804,MER-DIAG-03,2021,2023,3529584.0,3815080.0,100.0,114.24720000000002,-5.390540331147442
4304853,MER-DIAG-03,2021,2023,70447.0,61763.0,100.0,114.24720000000002,-23.26026160906649
4304903,MER-DIAG-03,2021,2023,717921.0,875949.0,100.0,114.24720000000002,6.796396474861388
4304952,MER-DIAG-03,2021,2023,199197.0,177158.0,100.0,114.24720000000002,-22.154697572812566
4305009,MER-DIAG-03,2021,2023,638112.0,425026.0,100.0,114.24720000000002,-41.69940045132455
4305108,MER-DIAG-03,2021,2023,31688552.0,37860602.0,100.0,114.24720000000002,4.577813017773558
4305116,MER-DIAG-03,2021,2023,120779.0,123347.0,100.0,114.24720000000002,-10.609452629924798
4305124,MER-DIAG-03,2021,2023,161328.0,131166.0,100.0,114.24720000000002,-28.83508094503957
4305132,MER-DIAG-03,2021,2023,90159.0,104220.0,100.0,114.24720000000002,1.180405985683497
4305157,MER-DIAG-03,2021,2023,74182.0,61938.0,100.0,114.24720000000002,-26.917553955431185
4305173,MER-DIAG-03,2021,2023,203184.0,251120.0,100.0,114.24720000000002,8.179814342137593
4305207,MER-DIAG-03,2021,2023,796777.0,807007.0,100.0,114.24720000000002,-11.346691557265665
4305306,MER-DIAG-03,2021,2023,741828.0,603053.0,100.0,114.24720000000002,-28.844791487961153
4305355,MER-DIAG-03,2021,2023,1736983.0,1857420.0,100.0,114.24720000000002,-6.4014793833970245
4305371,MER-DIAG-03,2021,2023,149352.0,125647.0,100.0,114.24720000000002,-26.36309681206962
4305405,MER-DIAG-03,2021,2023,388836.0,265708.0,100.0,114.24720000000002,-40.18741138691658
4305439,MER-DIAG-03,2021,2023,370303.0,522360.0,100.0,114.24720000000002,23.471611850542384
4305447,MER-DIAG-03,2021,2023,129741.0,163415.0,100.0,114.24720000000002,10.247591927469134
4305454,MER-DIAG-03,2021,2023,362063.0,406916.0,100.0,114.24720000000002,-1.6271947684396215
4305504,MER-DIAG-03,2021,2023,264361.0,233410.0,100.0,114.24720000000002,-22.718328355471517
4305587,MER-DIAG-03,2021,2023,87210.0,90398.0,100.0,114.24720000000002,-9.270823189556854
4305603,MER-DIAG-03,2021,2023,338158.0,198977.0,100.0,114.24720000000002,-48.496392774248356
4305702,MER-DIAG-03,2021,2023,624707.0,470592.0,100.0,114.24720000000002,-34.06399918748394
4305801,MER-DIAG-03,2021,2023,432350.0,471925.0,100.0,114.24720000000002,-4.458521846483521
4305835,MER-DIAG-03,2021,2023,52164.0,56011.0,100.0,114.24720000000002,-6.015361530029395
4305850,MER-DIAG-03,2021,2023,190145.0,139283.0,100.0,114.24720000000002,-35.88382028439185
4305871,MER-DIAG-03,2021,2023,226126.0,143058.0,100.0,114.24720000000002,-44.624701074344756
4305900,MER-DIAG-03,2021,2023,515154.0,397095.0,100.0,114.24720000000002,-32.529834212313325
4305934,MER-DIAG-03,2021,2023,49060.0,58153.0,100.0,114.24720000000002,3.7526062915897107
4305959,MER-DIAG-03,2021,2023,167929.0,205102.0,100.0,114.24720000000002,6.905150296075302
4305975,MER-DIAG-03,2021,2023,422465.0,349364.0,100.0,114.24720000000002,-27.616121231697598
4306007,MER-DIAG-03,2021,2023,508979.0,500660.0,100.0,114.24720000000002,-13.901127180827578
4306056,MER-DIAG-03,2021,2023,308908.0,300530.0,100.0,114.24720000000002,-14.844420132095049
4306072,MER-DIAG-03,2021,2023,94741.0,98787.0,100.0,114.24720000000002,-8.732476291486735
4306106,MER-DIAG-03,2021,2023,4609397.0,4399886.0,100.0,114.24720000000002,-16.44898229072117
4306130,MER-DIAG-03,2021,2023,144764.0,104945.0,100.0,114.24720000000002,-36.54649561418791
4306205,MER-DIAG-03,2021,2023,533004.0,685746.0,100.0,114.24720000000002,12.612668482651879
4306304,MER-DIAG-03,2021,2023,229364.0,206880.0,100.0,114.24720000000002,-21.05080818908336
4306320,MER-DIAG-03,2021,2023,148408.0,117581.0,100.0,114.24720000000002,-30.65194707450005
4306353,MER-DIAG-03,2021,2023,57175.0,51412.0,100.0,114.24720000000002,-21.293108484161706
4306379,MER-DIAG-03,2021,2023,267902.0,202939.0,100.0,114.24720000000002,-33.69534874280323
4306403,MER-DIAG-03,2021,2023,2188545.0,2639523.0,100.0,114.24720000000002,5.566082339181411
4306429,MER-DIAG-03,2021,2023,199195.0,125757.0,100.0,114.24720000000002,-44.74034483976883
4306452,MER-DIAG-03,2021,2023,172602.0,166002.0,100.0,114.24720000000002,-15.817478162821386
4306502,MER-DIAG-03,2021,2023,356860.0,418179.0,100.0,114.24720000000002,2.5696287345971625
4306551,MER-DIAG-03,2021,2023,65534.0,83656.0,100.0,114.24720000000002,11.733873071901124
4306601,MER-DIAG-03,2021,2023,2210948.0,2288172.0,100.0,114.24720000000002,-9.413271945908107
4306700,MER-DIAG-03,2021,2023,106596.0,112216.0,100.0,114.24720000000002,-7.855734879370935
4306734,MER-DIAG-03,2021,2023,260797.0,228266.0,100.0,114.24720000000002,-23.388657604249453
4306759,MER-DIAG-03,2021,2023,78891.0,89704.0,100.0,114.24720000000002,-0.47348825068836975
4306767,MER-DIAG-03,2021,2023,2120269.0,2623491.0,100.0,114.24720000000002,8.303639193911462
4306809,MER-DIAG-03,2021,2023,1168358.0,1411422.0,100.0,114.24720000000002,5.739044314036823
4306908,MER-DIAG-03,2021,2023,1080949.0,1189528.0,100.0,114.24720000000002,-3.6783529735754272
4306924,MER-DIAG-03,2021,2023,73214.0,50748.0,100.0,114.24720000000002,-39.329268498955514
4306932,MER-DIAG-03,2021,2023,687578.0,478944.0,100.0,114.24720000000002,-39.02985898005946
4306957,MER-DIAG-03,2021,2023,207517.0,209711.0,100.0,114.24720000000002,-11.545085762739793
4306973,MER-DIAG-03,2021,2023,180479.0,152046.0,100.0,114.24720000000002,-26.26006367577852
4307005,MER-DIAG-03,2021,2023,6882629.0,8497106.0,100.0,114.24720000000002,8.061529668361512
4307054,MER-DIAG-03,2021,2023,265549.0,163434.0,100.0,114.24720000000002,-46.12935509185444
4307104,MER-DIAG-03,2021,2023,253608.0,199383.0,100.0,114.24720000000002,-31.185554918588444
4307203,MER-DIAG-03,2021,2023,150883.0,161672.0,100.0,114.24720000000002,-6.211641402790624
4307302,MER-DIAG-03,2021,2023,353968.0,299811.0,100.0,114.24720000000002,-25.86248995057473
4307401,MER-DIAG-03,2021,2023,392860.0,363781.0,100.0,114.24720000000002,-18.949325183392183
4307450,MER-DIAG-03,2021,2023,116731.0,101346.0,100.0,114.24720000000002,-24.006780995460964
4307500,MER-DIAG-03,2021,2023,1113106.0,861538.0,100.0,114.24720000000002,-32.25264425309724
4307559,MER-DIAG-03,2021,2023,350708.0,397872.0,100.0,114.24720000000002,-0.6993390350339412
4307609,MER-DIAG-03,2021,2023,1875498.0,2309196.0,100.0,114.24720000000002,7.770184437376271
4307708,MER-DIAG-03,2021,2023,3749900.0,3998587.0,100.0,114.24720000000002,-6.665694929820443
4307807,MER-DIAG-03,2021,2023,2171447.0,2376913.0,100.0,114.24720000000002,-4.18831297742106
4307815,MER-DIAG-03,2021,2023,197415.0,145289.0,100.0,114.24720000000002,-35.58203199527503
4307831,MER-DIAG-03,2021,2023,405444.0,224862.0,100.0,114.24720000000002,-51.45554539345354
4307864,MER-DIAG-03,2021,2023,197919.0,189848.0,100.0,114.24720000000002,-16.039894956471358
4307906,MER-DIAG-03,2021,2023,4398457.0,4960621.0,100.0,114.24720000000002,-1.2834129960864638
4308003,MER-DIAG-03,2021,2023,270106.0,298533.0,100.0,114.24720000000002,-3.258559752668111
4308052,MER-DIAG-03,2021,2023,103166.0,113640.0,100.0,114.24720000000002,-3.584009371749952
4308078,MER-DIAG-03,2021,2023,140824.0,145766.0,100.0,114.24720000000002,-9.398790519144729
4308102,MER-DIAG-03,2021,2023,589355.0,676581.0,100.0,114.24720000000002,0.48407989731817924
4308201,MER-DIAG-03,2021,2023,2538142.0,3336288.0,100.0,114.24720000000002,15.054087579508767
4308250,MER-DIAG-03,2021,2023,103059.0,77406.0,100.0,114.24720000000002,-34.25796603023525
4308300,MER-DIAG-03,2021,2023,227470.0,260495.0,100.0,114.24720000000002,0.2373782731738716
4308409,MER-DIAG-03,2021,2023,302801.0,263216.0,100.0,114.24720000000002,-23.913183251261273
4308433,MER-DIAG-03,2021,2023,58940.0,64513.0,100.0,114.24720000000002,-4.194257407739288
4308458,MER-DIAG-03,2021,2023,564773.0,330898.0,100.0,114.24720000000002,-48.716855012346436
4308508,MER-DIAG-03,2021,2023,1430611.0,1792336.0,100.0,114.24720000000002,9.661025481254114
4308607,MER-DIAG-03,2021,2023,2997969.0,3565442.0,100.0,114.24720000000002,4.097589539365276
4308656,MER-DIAG-03,2021,2023,200967.0,134739.0,100.0,114.24720000000002,-41.31555451564658
4308706,MER-DIAG-03,2021,2023,282773.0,349016.0,100.0,114.24720000000002,8.034342312531727
4308805,MER-DIAG-03,2021,2023,276374.0,234058.0,100.0,114.24720000000002,-25.872263266585392
4308854,MER-DIAG-03,2021,2023,190648.0,152256.0,100.0,114.24720000000002,-30.096874017447327
4308904,MER-DIAG-03,2021,2023,793664.0,879960.0,100.0,114.24720000000002,-2.9533195812543322
4309001,MER-DIAG-03,2021,2023,1202945.0,1017468.0,100.0,114.24720000000002,-25.966305440456093
4309050,MER-DIAG-03,2021,2023,461888.0,595369.0,100.0,114.24720000000002,12.8246444197184
4309100,MER-DIAG-03,2021,2023,2658034.0,3565830.0,100.0,114.24720000000002,17.423369249132392
4309126,MER-DIAG-03,2021,2023,94580.0,87589.0,100.0,114.24720000000002,-18.940355769422744
4309159,MER-DIAG-03,2021,2023,109483.0,124280.0,100.0,114.24720000000002,-0.6405931338890336
4309209,MER-DIAG-03,2021,2023,10261656.0,15545558.0,100.0,114.24720000000002,32.59993115870201
4309258,MER-DIAG-03,2021,2023,132788.0,107684.0,100.0,114.24720000000002,-29.018236569587565
4309308,MER-DIAG-03,2021,2023,8284825.0,9001785.0,100.0,114.24720000000002,-4.895792353046824
4309407,MER-DIAG-03,2021,2023,1149055.0,1264537.0,100.0,114.24720000000002,-3.6736378109912815
4309506,MER-DIAG-03,2021,2023,362625.0,295743.0,100.0,114.24720000000002,-28.614309102829505
4309555,MER-DIAG-03,2021,2023,245497.0,306941.0,100.0,114.24720000000002,9.436740464961723
4309571,MER-DIAG-03,2021,2023,71143.0,88439.0,100.0,114.24720000000002,8.809316786648559
4309605,MER-DIAG-03,2021,2023,2608198.0,1828050.0,100.0,114.24720000000002,-38.65178264979985
4309654,MER-DIAG-03,2021,2023,314488.0,228860.0,100.0,114.24720000000002,-36.30281351191685
4309704,MER-DIAG-03,2021,2023,229249.0,218021.0,100.0,114.24720000000002,-16.757462141578706
4309753,MER-DIAG-03,2021,2023,112227.0,105469.0,100.0,114.24720000000002,-17.741287162923413
4309803,MER-DIAG-03,2021,2023,367295.0,298761.0,100.0,114.24720000000002,-28.802732994289883
4309902,MER-DIAG-03,2021,2023,399693.0,380199.0,100.0,114.24720000000002,-16.739529094998083
4309951,MER-DIAG-03,2021,2023,213522.0,188102.0,100.0,114.24720000000002,-22.890973634666256
4310009,MER-DIAG-03,2021,2023,1722057.0,1708042.0,100.0,114.24720000000002,-13.18286336195531
4310108,MER-DIAG-03,2021,2023,1888887.0,2656127.0,100.0,114.24720000000002,23.082779143754028
4310207,MER-DIAG-03,2021,2023,5190405.0,6105244.0,100.0,114.24720000000002,2.9570792784893163
4310306,MER-DIAG-03,2021,2023,140570.0,164900.0,100.0,114.24720000000002,2.679192772007677
4310330,MER-DIAG-03,2021,2023,626823.0,762866.0,100.0,114.24720000000002,6.526527575646335
4310363,MER-DIAG-03,2021,2023,519190.0,590476.0,100.0,114.24720000000002,-0.4524980628327513
4310405,MER-DIAG-03,2021,2023,494166.0,443606.0,100.0,114.24720000000002,-21.425977825970556
4310413,MER-DIAG-03,2021,2023,110557.0,76396.0,100.0,114.24720000000002,-39.5162360911119
4310439,MER-DIAG-03,2021,2023,298583.0,392922.0,100.0,114.24720000000002,15.184940848508322
4310462,MER-DIAG-03,2021,2023,177629.0,122376.0,100.0,114.24720000000002,-39.69729166523792
4310504,MER-DIAG-03,2021,2023,254492.0,255785.0,100.0,114.24720000000002,-12.025790583383921
4310538,MER-DIAG-03,2021,2023,286659.0,304167.0,100.0,114.24720000000002,-7.124546419172672
4310553,MER-DIAG-03,2021,2023,246287.0,114342.0,100.0,114.24720000000002,-59.36327213227912
4310579,MER-DIAG-03,2021,2023,94235.0,93881.0,100.0,114.24720000000002,-12.799312896222336
4310603,MER-DIAG-03,2021,2023,2186929.0,2068939.0,100.0,114.24720000000002,-17.1929262882631
4310652,MER-DIAG-03,2021,2023,86739.0,103483.0,100.0,114.24720000000002,4.4260941865768455
4310702,MER-DIAG-03,2021,2023,81707.0,85113.0,100.0,114.24720000000002,-8.82178863910097
4310751,MER-DIAG-03,2021,2023,71911.0,53952.0,100.0,114.24720000000002,-34.33005456860183
4310801,MER-DIAG-03,2021,2023,1180387.0,1538878.0,100.0,114.24720000000002,14.112759597024827
4310850,MER-DIAG-03,2021,2023,136730.0,106763.0,100.0,114.24720000000002,-31.65426947082002
4310876,MER-DIAG-03,2021,2023,224027.0,125146.0,100.0,114.24720000000002,-51.10425758187175
4310900,MER-DIAG-03,2021,2023,232301.0,188689.0,100.0,114.24720000000002,-28.90321891607679
4311007,MER-DIAG-03,2021,2023,1059396.0,1034802.0,100.0,114.24720000000002,-14.502509910773165
4311106,MER-DIAG-03,2021,2023,378020.0,328937.0,100.0,114.24720000000002,-23.835537009600095
4311122,MER-DIAG-03,2021,2023,94042.0,101810.0,100.0,114.24720000000002,-5.240444328796679
4311130,MER-DIAG-03,2021,2023,469006.0,211635.0,100.0,114.24720000000002,-60.503052858920114
4311155,MER-DIAG-03,2021,2023,975410.0,345894.0,100.0,114.24720000000002,-68.96081854017093
4311205,MER-DIAG-03,2021,2023,1925175.0,1306882.0,100.0,114.24720000000002,-40.58164859079554
4311239,MER-DIAG-03,2021,2023,68916.0,84224.0,100.0,114.24720000000002,6.972029607641939
4311254,MER-DIAG-03,2021,2023,154690.0,149771.0,100.0,114.24720000000002,-15.253860228962978
4311270,MER-DIAG-03,2021,2023,157140.0,81864.0,100.0,114.24720000000002,-54.40044050858886
4311304,MER-DIAG-03,2021,2023,1513404.0,1608163.0,100.0,114.24720000000002,-6.99000452448395
4311403,MER-DIAG-03,2021,2023,5596183.0,6705227.0,100.0,114.24720000000002,4.8759752022750735
4311429,MER-DIAG-03,2021,2023,74875.0,65433.0,100.0,114.24720000000002,-23.50827905130909
4311502,MER-DIAG-03,2021,2023,497629.0,369845.0,100.0,114.24720000000002,-34.9468238769594
4311601,MER-DIAG-03,2021,2023,172443.0,152571.0,100.0,114.24720000000002,-22.55723367132617
4311627,MER-DIAG-03,2021,2023,365850.0,353109.0,100.0,114.24720000000002,-15.518782802334119
4311643,MER-DIAG-03,2021,2023,65579.0,76154.0,100.0,114.24720000000002,1.6441444379192482
4311700,MER-DIAG-03,2021,2023,272824.0,260895.0,100.0,114.24720000000002,-16.29765623707915
4311718,MER-DIAG-03,2021,2023,582043.0,367963.0,100.0,114.24720000000002,-44.66454116491515
4311734,MER-DIAG-03,2021,2023,70214.0,101220.0,100.0,114.24720000000002,26.18189721339512
4311759,MER-DIAG-03,2021,2023,546972.0,303342.0,100.0,114.24720000000002,-51.45752833300817
4311775,MER-DIAG-03,2021,2023,190484.0,228748.0,100.0,114.24720000000002,5.112227171578421
4311791,MER-DIAG-03,2021,2023,80817.0,104147.0,100.0,114.24720000000002,12.797240307733171
4311809,MER-DIAG-03,2021,2023,3060022.0,3738295.0,100.0,114.24720000000002,6.9309575665952305
4311908,MER-DIAG-03,2021,2023,167825.0,192535.0,100.0,114.24720000000002,0.41705222543206855
4311981,MER-DIAG-03,2021,2023,104496.0,117787.0,100.0,114.24720000000002,-1.3374969851442375
4312005,MER-DIAG-03,2021,2023,72888.0,71583.0,100.0,114.24720000000002,-14.037646590753583
4312054,MER-DIAG-03,2021,2023,124135.0,137495.0,100.0,114.24720000000002,-3.050161110078131
4312104,MER-DIAG-03,2021,2023,169006.0,174006.0,100.0,114.24720000000002,-9.880964393834734
4312138,MER-DIAG-03,2021,2023,168255.0,128502.0,100.0,114.24720000000002,-33.15078018414431
4312153,MER-DIAG-03,2021,2023,180537.0,295044.0,100.0,114.24720000000002,43.04576370979605
4312179,MER-DIAG-03,2021,2023,88446.0,61648.0,100.0,114.24720000000002,-38.99081407615472
4312203,MER-DIAG-03,2021,2023,161123.0,159588.0,100.0,114.24720000000002,-13.30438585703807
4312252,MER-DIAG-03,2021,2023,279177.0,291061.0,100.0,114.24720000000002,-8.744548961521225
4312302,MER-DIAG-03,2021,2023,190386.0,200597.0,100.0,114.24720000000002,-7.776020305592024
4312351,MER-DIAG-03,2021,2023,98138.0,73733.0,100.0,114.24720000000002,-34.23737558549672
4312377,MER-DIAG-03,2021,2023,109730.0,117051.0,100.0,114.24720000000002,-6.630682539651344
4312385,MER-DIAG-03,2021,2023,94435.0,126816.0,100.0,114.24720000000002,17.542656297261416
4312401,MER-DIAG-03,2021,2023,5752345.0,5259437.0,100.0,114.24720000000002,-19.970746290305254
4312427,MER-DIAG-03,2021,2023,153334.0,102289.0,100.0,114.24720000000002,-41.60913584915696
4312443,MER-DIAG-03,2021,2023,81466.0,103248.0,100.0,114.24720000000002,10.932727171469558
4312450,MER-DIAG-03,2021,2023,132445.0,153226.0,100.0,114.24720000000002,1.263126390872582
4312476,MER-DIAG-03,2021,2023,274167.0,304040.0,100.0,114.24720000000002,-2.9333639648410514
4312500,MER-DIAG-03,2021,2023,643326.0,494341.0,100.0,114.24720000000002,-32.74106861171136
4312609,MER-DIAG-03,2021,2023,301852.0,273363.0,100.0,114.24720000000002,-20.731596912178862
4312617,MER-DIAG-03,2021,2023,1122086.0,950302.0,100.0,114.24720000000002,-25.870693978150793
4312625,MER-DIAG-03,2021,2023,91988.0,71170.0,100.0,114.24720000000002,-32.279489358936274
4312658,MER-DIAG-03,2021,2023,2207535.0,2951960.0,100.0,114.24720000000002,17.046196443030006
4312674,MER-DIAG-03,2021,2023,146252.0,101823.0,100.0,114.24720000000002,-39.06055289570036
4312708,MER-DIAG-03,2021,2023,525507.0,539374.0,100.0,114.24720000000002,-10.160787291993445
4312757,MER-DIAG-03,2021,2023,236575.0,201942.0,100.0,114.24720000000002,-25.284236406394523
4312807,MER-DIAG-03,2021,2023,327226.0,474775.0,100.0,114.24720000000002,26.99729589757127
4312906,MER-DIAG-03,2021,2023,802207.0,765058.0,100.0,114.24720000000002,-16.52386197958976
4312955,MER-DIAG-03,2021,2023,145343.0,137786.0,100.0,114.24720000000002,-17.02153296439679
4313003,MER-DIAG-03,2021,2023,141144.0,153973.0,100.0,114.24720000000002,-4.5146849357586945
4313011,MER-DIAG-03,2021,2023,229431.0,225892.0,100.0,114.24720000000002,-13.820655291305528
4313037,MER-DIAG-03,2021,2023,172366.0,197238.0,100.0,114.24720000000002,0.15979378877768458
4313060,MER-DIAG-03,2021,2023,805698.0,1054362.0,100.0,114.24720000000002,14.543881181913608
4313086,MER-DIAG-03,2021,2023,100211.0,115884.0,100.0,114.24720000000002,1.219110490972386
4313102,MER-DIAG-03,2021,2023,382689.0,306852.0,100.0,114.24720000000002,-29.816113479471596
4313201,MER-DIAG-03,2021,2023,972689.0,1103618.0,100.0,114.24720000000002,-0.6885768149516913
4313300,MER-DIAG-03,2021,2023,1730043.0,1559276.0,100.0,114.24720000000002,-21.11025873273239
4313334,MER-DIAG-03,2021,2023,304678.0,204997.0,100.0,114.24720000000002,-41.10738423240811
4313359,MER-DIAG-03,2021,2023,169305.0,206674.0,100.0,114.24720000000002,6.849008322532191
4313375,MER-DIAG-03,2021,2023,2487522.0,3229383.0,100.0,114.24720000000002,13.633676821084695
4313391,MER-DIAG-03,2021,2023,133172.0,131684.0,100.0,114.24720000000002,-13.448515146029905
4313409,MER-DIAG-03,2021,2023,10037923.0,11936582.0,100.0,114.24720000000002,4.085578622087405
4313425,MER-DIAG-03,2021,2023,186355.0,140899.0,100.0,114.24720000000002,-33.820833034324906
4313441,MER-DIAG-03,2021,2023,74729.0,73353.0,100.0,114.24720000000002,-14.082200674931
4313466,MER-DIAG-03,2021,2023,75034.0,67741.0,100.0,114.24720000000002,-20.97801415190148
4313490,MER-DIAG-03,2021,2023,135200.0,120313.0,100.0,114.24720000000002,-22.108458390714368
4313508,MER-DIAG-03,2021,2023,1819038.0,2141950.0,100.0,114.24720000000002,3.0675593599328144
4313607,MER-DIAG-03,2021,2023,167646.0,162821.0,100.0,114.24720000000002,-14.989678830499765
4313656,MER-DIAG-03,2021,2023,735606.0,739855.0,100.0,114.24720000000002,-11.964915554056322
4313706,MER-DIAG-03,2021,2023,2215057.0,1708324.0,100.0,114.24720000000002,-32.49440480051774
4313805,MER-DIAG-03,2021,2023,271643.0,265325.0,100.0,114.24720000000002,-14.506304567255036
4313904,MER-DIAG-03,2021,2023,3167752.0,4011216.0,100.0,114.24720000000002,10.835608534331008
4313953,MER-DIAG-03,2021,2023,533689.0,576614.0,100.0,114.24720000000002,-5.430440505171086
4314001,MER-DIAG-03,2021,2023,424447.0,488256.0,100.0,114.24720000000002,0.6881949981408564
4314027,MER-DIAG-03,2021,2023,207386.0,230034.0,100.0,114.24720000000002,-2.911669957183216
4314035,MER-DIAG-03,2021,2023,136435.0,159254.0,100.0,114.24720000000002,2.168963868591489
4314050,MER-DIAG-03,2021,2023,1390320.0,1725746.0,100.0,114.24720000000002,8.646700105148742
4314068,MER-DIAG-03,2021,2023,132983.0,144618.0,100.0,114.24720000000002,-4.812337961467916
4314076,MER-DIAG-03,2021,2023,229641.0,281871.0,100.0,114.24720000000002,7.437378225534319
4314100,MER-DIAG-03,2021,2023,12552867.0,14069540.0,100.0,114.24720000000002,-1.8949403812733134
4314134,MER-DIAG-03,2021,2023,195870.0,238558.0,100.0,114.24720000000002,6.605717314767956
4314159,MER-DIAG-03,2021,2023,242458.0,301262.0,100.0,114.24720000000002,8.758265175664759
4314175,MER-DIAG-03,2021,2023,386190.0,172852.0,100.0,114.24720000000002,-60.82330280015259
4314209,MER-DIAG-03,2021,2023,270651.0,242415.0,100.0,114.24720000000002,-21.60212553409322
4314308,MER-DIAG-03,2021,2023,464212.0,293084.0,100.0,114.24720000000002,-44.73754399306395
4314407,MER-DIAG-03,2021,2023,10778176.0,12480919.0,100.0,114.24720000000002,1.3574623078435266
4314423,MER-DIAG-03,2021,2023,386453.0,393452.0,100.0,114.24720000000002,-10.885267220040461
4314456,MER-DIAG-03,2021,2023,123342.0,154127.0,100.0,114.24720000000002,9.37603453838216
4314464,MER-DIAG-03,2021,2023,304725.0,249016.0,100.0,114.24720000000002,-28.472408451299426
4314472,MER-DIAG-03,2021,2023,931834.0,500998.0,100.0,114.24720000000002,-52.94000523831015
4314498,MER-DIAG-03,2021,2023,131549.0,140566.0,100.0,114.24720000000002,-6.47081059346214
4314506,MER-DIAG-03,2021,2023,397726.0,357896.0,100.0,114.24720000000002,-21.236084600920258
4314548,MER-DIAG-03,2021,2023,74286.0,93134.0,100.0,114.24720000000002,9.737665436775856
4314555,MER-DIAG-03,2021,2023,94672.0,72016.0,100.0,114.24720000000002,-33.41722697645609
4314605,MER-DIAG-03,2021,2023,880277.0,744361.0,100.0,114.24720000000002,-25.985179387385614
4314704,MER-DIAG-03,2021,2023,252508.0,325778.0,100.0,114.24720000000002,12.927846314635572
4314753,MER-DIAG-03,2021,2023,131757.0,100774.0,100.0,114.24720000000002,-33.053290716373304
4314779,MER-DIAG-03,2021,2023,403317.0,271978.0,100.0,114.24720000000002,-40.97422708462648
4314787,MER-DIAG-03,2021,2023,96049.0,78317.0,100.0,114.24720000000002,-28.629682234501086
4314803,MER-DIAG-03,2021,2023,1662403.0,1816677.0,100.0,114.24720000000002,-4.347607155446076
4314902,MER-DIAG-03,2021,2023,81563063.0,104743272.0,100.0,114.24720000000002,12.405366120789196
4315008,MER-DIAG-03,2021,2023,135662.0,128972.0,100.0,114.24720000000002,-16.78690905401735
4315057,MER-DIAG-03,2021,2023,89350.0,79557.0,100.0,114.24720000000002,-22.06397058886629
4315073,MER-DIAG-03,2021,2023,45212.0,48373.0,100.0,114.24720000000002,-6.350871899142774
4315107,MER-DIAG-03,2021,2023,210927.0,230082.0,100.0,114.24720000000002,-4.521650475582772
4315131,MER-DIAG-03,2021,2023,61420.0,57904.0,100.0,114.24720000000002,-17.48114588403333
4315149,MER-DIAG-03,2021,2023,213813.0,371734.0,100.0,114.24720000000002,52.17825951461295
4315156,MER-DIAG-03,2021,2023,166517.0,181523.0,100.0,114.24720000000002,-4.582613403335156
4315172,MER-DIAG-03,2021,2023,93263.0,93358.0,100.0,114.24720000000002,-12.381342846970034
4315206,MER-DIAG-03,2021,2023,133443.0,153758.0,100.0,114.24720000000002,0.8547504738168232
4315305,MER-DIAG-03,2021,2023,625752.0,720057.0,100.0,114.24720000000002,0.72077650349196
4315313,MER-DIAG-03,2021,2023,185963.0,136523.0,100.0,114.24720000000002,-35.741036770281454
4315321,MER-DIAG-03,2021,2023,299304.0,156253.0,100.0,114.24720000000002,-54.30483199826287
4315354,MER-DIAG-03,2021,2023,255121.0,172891.0,100.0,114.24720000000002,-40.682804073324995
4315404,MER-DIAG-03,2021,2023,232904.0,207604.0,100.0,114.24720000000002,-21.978696000643605
4315453,MER-DIAG-03,2021,2023,82687.0,75597.0,100.0,114.24720000000002,-19.975722688936937
4315503,MER-DIAG-03,2021,2023,673423.0,643230.0,100.0,114.24720000000002,-16.39489794862776
4315552,MER-DIAG-03,2021,2023,136486.0,116660.0,100.0,114.24720000000002,-25.18506534424946
4315602,MER-DIAG-03,2021,2023,13282201.0,14106680.0,100.0,114.24720000000002,-7.037198807946665
4315701,MER-DIAG-03,2021,2023,1390525.0,1248019.0,100.0,114.24720000000002,-21.440840066617316
4315750,MER-DIAG-03,2021,2023,155849.0,165772.0,100.0,114.24720000000002,-6.897446568605781
4315800,MER-DIAG-03,2021,2023,576083.0,626611.0,100.0,114.24720000000002,-4.793326793577835
4315909,MER-DIAG-03,2021,2023,279280.0,301150.0,100.0,114.24720000000002,-5.616198244600479
4315958,MER-DIAG-03,2021,2023,161914.0,91405.0,100.0,114.24720000000002,-50.58714062056728
4316006,MER-DIAG-03,2021,2023,731611.0,951008.0,100.0,114.24720000000002,13.778021793037244
4316105,MER-DIAG-03,2021,2023,471554.0,402816.0,100.0,114.24720000000002,-25.229598219826734
4316204,MER-DIAG-03,2021,2023,268874.0,227716.0,100.0,114.24720000000002,-25.86911698716795
4316303,MER-DIAG-03,2021,2023,437026.0,396753.0,100.0,114.24720000000002,-20.536556868320776
4316402,MER-DIAG-03,2021,2023,1381976.0,1498313.0,100.0,114.24720000000002,-5.102126304093646
4316428,MER-DIAG-03,2021,2023,82616.0,67102.0,100.0,114.24720000000002,-28.907180966620793
4316436,MER-DIAG-03,2021,2023,254248.0,170089.0,100.0,114.24720000000002,-41.443768721167565
4316451,MER-DIAG-03,2021,2023,1213458.0,594921.0,100.0,114.24720000000002,-57.08698929268133
4316477,MER-DIAG-03,2021,2023,178470.0,162260.0,100.0,114.24720000000002,-20.42059587203542
4316501,MER-DIAG-03,2021,2023,337663.0,395636.0,100.0,114.24720000000002,2.5573434146591634
4316600,MER-DIAG-03,2021,2023,843826.0,877957.0,100.0,114.24720000000002,-8.930117127832327
4316709,MER-DIAG-03,2021,2023,1336030.0,875561.0,100.0,114.24720000000002,-42.63795400655525
4316733,MER-DIAG-03,2021,2023,143880.0,91361.0,100.0,114.24720000000002,-44.42047250713037
4316758,MER-DIAG-03,2021,2023,339107.0,427744.0,100.0,114.24720000000002,10.408270408007025
4316808,MER-DIAG-03,2021,2023,9815201.0,13396618.0,100.0,114.24720000000002,19.467674777541298
4316907,MER-DIAG-03,2021,2023,9562066.0,10932024.0,100.0,114.24720000000002,0.06985590028216748
4316956,MER-DIAG-03,2021,2023,279409.0,271501.0,100.0,114.24720000000002,-14.947814549171579
4316972,MER-DIAG-03,2021,2023,361016.0,278310.0,100.0,114.24720000000002,-32.522839894343136
4317004,MER-DIAG-03,2021,2023,364901.0,237629.0,100.0,114.24720000000002,-42.99947945519129
4317103,MER-DIAG-03,2021,2023,2823928.0,3143614.0,100.0,114.24720000000002,-2.5616256620734856
4317202,MER-DIAG-03,2021,2023,3732053.0,4530356.0,100.0,114.24720000000002,6.252452445658374
4317251,MER-DIAG-03,2021,2023,49851.0,53742.0,100.0,114.24720000000002,-5.6385979929241214
4317301,MER-DIAG-03,2021,2023,1755631.0,1990739.0,100.0,114.24720000000002,-0.7488565618417486
4317400,MER-DIAG-03,2021,2023,2021451.0,1861691.0,100.0,114.24720000000002,-19.388163443111985
4317509,MER-DIAG-03,2021,2023,3180273.0,3379818.0,100.0,114.24720000000002,-6.97849807836608
4317558,MER-DIAG-03,2021,2023,119797.0,112425.0,100.0,114.24720000000002,-17.856843245125763
4317608,MER-DIAG-03,2021,2023,1680505.0,2178831.0,100.0,114.24720000000002,13.484924137733367
4317707,MER-DIAG-03,2021,2023,673946.0,433323.0,100.0,114.24720000000002,-43.721686278322956
4317756,MER-DIAG-03,2021,2023,189470.0,166647.0,100.0,114.24720000000002,-23.014048873225757
4317806,MER-DIAG-03,2021,2023,848439.0,728450.0,100.0,114.24720000000002,-24.84920847505552
4317905,MER-DIAG-03,2021,2023,784071.0,766616.0,100.0,114.24720000000002,-14.419085503797813
4317954,MER-DIAG-03,2021,2023,128953.0,105537.0,100.0,114.24720000000002,-28.364593523279346
4318002,MER-DIAG-03,2021,2023,2570766.0,2550388.0,100.0,114.24720000000002,-13.164333152596319
4318051,MER-DIAG-03,2021,2023,123436.0,130564.0,100.0,114.24720000000002,-7.415978289644909
4318101,MER-DIAG-03,2021,2023,804124.0,592569.0,100.0,114.24720000000002,-35.49842217257398
4318200,MER-DIAG-03,2021,2023,1026518.0,1202082.0,100.0,114.24720000000002,2.49955026841846
4318309,MER-DIAG-03,2021,2023,2723193.0,2682926.0,100.0,114.24720000000002,-13.76477375991354
4318408,MER-DIAG-03,2021,2023,667014.0,712278.0,100.0,114.24720000000002,-6.530694441162577
4318424,MER-DIAG-03,2021,2023,184149.0,198261.0,100.0,114.24720000000002,-5.762802447592829
4318432,MER-DIAG-03,2021,2023,104818.0,117973.0,100.0,114.24720000000002,-1.485265874522257
4318440,MER-DIAG-03,2021,2023,133331.0,113154.0,100.0,114.24720000000002,-25.716354385717544
4318457,MER-DIAG-03,2021,2023,93351.0,76281.0,100.0,114.24720000000002,-28.47599281990264
4318465,MER-DIAG-03,2021,2023,59113.0,55694.0,100.0,114.24720000000002,-17.533066661159747
4318481,MER-DIAG-03,2021,2023,117866.0,149146.0,100.0,114.24720000000002,10.758610840117733
4318499,MER-DIAG-03,2021,2023,183794.0,214097.0,100.0,114.24720000000002,1.960906305690946
4318507,MER-DIAG-03,2021,2023,792704.0,1273464.0,100.0,114.24720000000002,40.61448400505607
4318606,MER-DIAG-03,2021,2023,463018.0,426238.0,100.0,114.24720000000002,-19.423439412501363
4318614,MER-DIAG-03,2021,2023,94019.0,111514.0,100.0,114.24720000000002,3.81693463656545
4318622,MER-DIAG-03,2021,2023,155632.0,177177.0,100.0,114.24720000000002,-0.3533092934626114
4318705,MER-DIAG-03,2021,2023,10855414.0,11740913.0,100.0,114.24720000000002,-5.330536966692634
4318804,MER-DIAG-03,2021,2023,1701071.0,1719596.0,100.0,114.24720000000002,-11.517289001499387
4318903,MER-DIAG-03,2021,2023,1903783.0,1712990.0,100.0,114.24720000000002,-21.24251880553739
4319000,MER-DIAG-03,2021,2023,1145393.0,1488757.0,100.0,114.24720000000002,13.768943953063385
4319109,MER-DIAG-03,2021,2023,354030.0,304939.0,100.0,114.24720000000002,-24.607639408946834
4319125,MER-DIAG-03,2021,2023,336100.0,211210.0,100.0,114.24720000000002,-44.99522417602785
4319158,MER-DIAG-03,2021,2023,867930.0,517182.0,100.0,114.24720000000002,-47.842936014029036
4319208,MER-DIAG-03,2021,2023,228047.0,178749.0,100.0,114.24720000000002,-31.392168552901335
4319307,MER-DIAG-03,2021,2023,200549.0,214703.0,100.0,114.24720000000002,-6.2929972774873555
4319356,MER-DIAG-03,2021,2023,113228.0,122651.0,100.0,114.24720000000002,-5.186169581802846
4319364,MER-DIAG-03,2021,2023,114178.0,72911.0,100.0,114.24720000000002,-44.10601702697263
4319372,MER-DIAG-03,2021,2023,161665.0,139485.0,100.0,114.24720000000002,-24.479312464000746
4319406,MER-DIAG-03,2021,2023,532258.0,505803.0,100.0,114.24720000000002,-16.821010874488007
4319505,MER-DIAG-03,2021,2023,899461.0,1123568.0,100.0,114.24720000000002,9.33808400851417
4319604,MER-DIAG-03,2021,2023,1331321.0,1059509.0,100.0,114.24720000000002,-30.341149652238354
4319703,MER-DIAG-03,2021,2023,135541.0,124878.0,100.0,114.24720000000002,-19.356441361713962
4319711,MER-DIAG-03,2021,2023,95576.0,84857.0,100.0,114.24720000000002,-22.287074534190854
4319737,MER-DIAG-03,2021,2023,90430.0,67841.0,100.0,114.24720000000002,-34.33497029890206
4319752,MER-DIAG-03,2021,2023,95748.0,105311.0,100.0,114.24720000000002,-3.7283399656287908
4319802,MER-DIAG-03,2021,2023,730555.0,469886.0,100.0,114.24720000000002,-43.70186305700271
4319901,MER-DIAG-03,2021,2023,3615599.0,4674054.0,100.0,114.24720000000002,13.153476818198428
4320008,MER-DIAG-03,2021,2023,4204086.0,4729408.0,100.0,114.24720000000002,-1.5332451734501928
4320107,MER-DIAG-03,2021,2023,1299139.0,1427661.0,100.0,114.24720000000002,-3.811332085636754
4320206,MER-DIAG-03,2021,2023,617245.0,827496.0,100.0,114.24720000000002,17.344505041171267
4320230,MER-DIAG-03,2021,2023,157535.0,122595.0,100.0,114.24720000000002,-31.883843344431696
4320263,MER-DIAG-03,2021,2023,163088.0,181686.0,100.0,114.24720000000002,-2.4889368193879213
4320305,MER-DIAG-03,2021,2023,375174.0,286810.0,100.0,114.24720000000002,-33.08615426189119
4320321,MER-DIAG-03,2021,2023,149060.0,93393.0,100.0,114.24720000000002,-45.158712233506925
4320354,MER-DIAG-03,2021,2023,136267.0,179897.0,100.0,114.24720000000002,15.554712447462427
4320404,MER-DIAG-03,2021,2023,782303.0,988516.0,100.0,114.24720000000002,10.602041270491359
4320453,MER-DIAG-03,2021,2023,59572.0,70329.0,100.0,114.24720000000002,3.334822156425732
4320503,MER-DIAG-03,2021,2023,534503.0,389514.0,100.0,114.24720000000002,-36.21370756367603
4320552,MER-DIAG-03,2021,2023,314768.0,344571.0,100.0,114.24720000000002,-4.182996802032301
4320578,MER-DIAG-03,2021,2023,105652.0,77186.0,100.0,114.24720000000002,-36.05372553805848
4320602,MER-DIAG-03,2021,2023,149414.0,142412.0,100.0,114.24720000000002,-16.572404262545238
4320651,MER-DIAG-03,2021,2023,86631.0,72204.0,100.0,114.24720000000002,-27.047132860017896
4320677,MER-DIAG-03,2021,2023,213482.0,248267.0,100.0,114.24720000000002,1.7916533529512835
4320701,MER-DIAG-03,2021,2023,438644.0,523240.0,100.0,114.24720000000002,4.410260349712214
4320800,MER-DIAG-03,2021,2023,1405196.0,1312842.0,100.0,114.24720000000002,-18.223222611677382
4320859,MER-DIAG-03,2021,2023,142087.0,176254.0,100.0,114.24720000000002,8.577308563782182
4320909,MER-DIAG-03,2021,2023,1644548.0,1870497.0,100.0,114.24720000000002,-0.4445827216839615
4321006,MER-DIAG-03,2021,2023,640275.0,584149.0,100.0,114.24720000000002,-20.14326906336973
4321105,MER-DIAG-03,2021,2023,603914.0,634090.0,100.0,114.24720000000002,-8.096882946688066
4321204,MER-DIAG-03,2021,2023,1568880.0,1815775.0,100.0,114.24720000000002,1.3040342252266024
4321303,MER-DIAG-03,2021,2023,1094083.0,1123745.0,100.0,114.24720000000002,-10.097465090464642
4321329,MER-DIAG-03,2021,2023,188858.0,188337.0,100.0,114.24720000000002,-12.711968995343902
4321352,MER-DIAG-03,2021,2023,124254.0,135924.0,100.0,114.24720000000002,-4.249686850152035
4321402,MER-DIAG-03,2021,2023,579215.0,614914.0,100.0,114.24720000000002,-7.0757604875354545
4321436,MER-DIAG-03,2021,2023,291340.0,342570.0,100.0,114.24720000000002,2.920916929495365
4321451,MER-DIAG-03,2021,2023,1576011.0,2003351.0,100.0,114.24720000000002,11.26337711297607
4321469,MER-DIAG-03,2021,2023,174784.0,173559.0,100.0,114.24720000000002,-13.083966230892985
4321477,MER-DIAG-03,2021,2023,196243.0,162975.0,100.0,114.24720000000002,-27.308898430069384
4321493,MER-DIAG-03,2021,2023,101334.0,82304.0,100.0,114.24720000000002,-28.908088525527198
4321501,MER-DIAG-03,2021,2023,1382107.0,1835529.0,100.0,114.24720000000002,16.244929594970504
4321600,MER-DIAG-03,2021,2023,1234556.0,1579725.0,100.0,114.24720000000002,12.001833326646217
4321626,MER-DIAG-03,2021,2023,78088.0,86078.0,100.0,114.24720000000002,-3.5144442078783866
4321634,MER-DIAG-03,2021,2023,141197.0,134291.0,100.0,114.24720000000002,-16.751604206883663
4321667,MER-DIAG-03,2021,2023,308570.0,372783.0,100.0,114.24720000000002,5.744267571096229
4321709,MER-DIAG-03,2021,2023,805149.0,1046073.0,100.0,114.24720000000002,13.720869026999939
4321808,MER-DIAG-03,2021,2023,1353676.0,1525082.0,100.0,114.24720000000002,-1.387288379374163
4321832,MER-DIAG-03,2021,2023,64219.0,79197.0,100.0,114.24720000000002,7.944278310253461
4321857,MER-DIAG-03,2021,2023,178530.0,165901.0,100.0,114.24720000000002,-18.662235171124188
4321907,MER-DIAG-03,2021,2023,1033034.0,1228032.0,100.0,114.24720000000002,4.051777386824562
4321956,MER-DIAG-03,2021,2023,351371.0,403531.0,100.0,114.24720000000002,0.522996011958532
4322004,MER-DIAG-03,2021,2023,12982404.0,7571335.0,100.0,114.24720000000002,-48.95281740541204
4322103,MER-DIAG-03,2021,2023,259332.0,231162.0,100.0,114.24720000000002,-21.97841497627504
4322152,MER-DIAG-03,2021,2023,120845.0,94250.0,100.0,114.24720000000002,-31.733583236541996
4322186,MER-DIAG-03,2021,2023,94728.0,79798.0,100.0,114.24720000000002,-26.265952656363588
4322202,MER-DIAG-03,2021,2023,2052015.0,1275254.0,100.0,114.24720000000002,-45.60354494038167
4322251,MER-DIAG-03,2021,2023,533593.0,604244.0,100.0,114.24720000000002,-0.881057938315255
4322301,MER-DIAG-03,2021,2023,383535.0,375006.0,100.0,114.24720000000002,-14.416971809029944
4322327,MER-DIAG-03,2021,2023,163727.0,161326.0,100.0,114.24720000000002,-13.754092458126754
4322343,MER-DIAG-03,2021,2023,110732.0,73526.0,100.0,114.24720000000002,-41.8804516416184
4322350,MER-DIAG-03,2021,2023,91174.0,64313.0,100.0,114.24720000000002,-38.25778655209031
4322376,MER-DIAG-03,2021,2023,149067.0,71038.0,100.0,114.24720000000002,-58.28774685753382
4322400,MER-DIAG-03,2021,2023,3717113.0,3915554.0,100.0,114.24720000000002,-7.797671520430538
4322509,MER-DIAG-03,2021,2023,3245679.0,3701333.0,100.0,114.24720000000002,-0.18242181360292875
4322525,MER-DIAG-03,2021,2023,130453.0,156860.0,100.0,114.24720000000002,5.247690498021473
4322533,MER-DIAG-03,2021,2023,272714.0,380489.0,100.0,114.24720000000002,22.12065002783399
4322541,MER-DIAG-03,2021,2023,198294.0,298091.0,100.0,114.24720000000002,31.581164440563334
4322558,MER-DIAG-03,2021,2023,94776.0,81724.0,100.0,114.24720000000002,-24.524556334529237
4322608,MER-DIAG-03,2021,2023,3732042.0,4683134.0,100.0,114.24720000000002,9.83594650520072
4322707,MER-DIAG-03,2021,2023,826722.0,1126736.0,100.0,114.24720000000002,19.29359062450753
4322806,MER-DIAG-03,2021,2023,1738706.0,2395417.0,100.0,114.24720000000002,20.589476409904563
4322855,MER-DIAG-03,2021,2023,119440.0,104348.0,100.0,114.24720000000002,-23.530408582253514
4322905,MER-DIAG-03,2021,2023,204582.0,191223.0,100.0,114.24720000000002,-18.18609120503748
4323002,MER-DIAG-03,2021,2023,4335081.0,5545184.0,100.0,114.24720000000002,11.962652770701144
4323101,MER-DIAG-03,2021,2023,126515.0,147864.0,100.0,114.24720000000002,2.299819069378506
4323200,MER-DIAG-03,2021,2023,295872.0,235754.0,100.0,114.24720000000002,-30.255552605112857
4323309,MER-DIAG-03,2021,2023,297553.0,376709.0,100.0,114.24720000000002,10.814374082483136
4323358,MER-DIAG-03,2021,2023,168933.0,155271.0,100.0,114.24720000000002,-19.549214202641153
4323408,MER-DIAG-03,2021,2023,389407.0,393600.0,100.0,114.24720000000002,-11.528015180428408
4323457,MER-DIAG-03,2021,2023,195943.0,217498.0,100.0,114.24720000000002,-2.8416905204892595
4323507,MER-DIAG-03,2021,2023,137064.0,137185.0,100.0,114.24720000000002,-12.393231582371344
4323606,MER-DIAG-03,2021,2023,85229.0,76367.0,100.0,114.24720000000002,-21.571705275796237
4323705,MER-DIAG-03,2021,2023,103513.0,94256.0,100.0,114.24720000000002,-20.298123803148137
4323754,MER-DIAG-03,2021,2023,159528.0,89071.0,100.0,114.24720000000002,-51.12870551542663
4323770,MER-DIAG-03,2021,2023,264840.0,234678.0,100.0,114.24720000000002,-22.439029601367146
4323804,MER-DIAG-03,2021,2023,733160.0,914704.0,100.0,114.24720000000002,9.203422754843249
