municipio_id,periodo_estrutura,periodo_populacao,populacao_18_64_censo_pessoas,participacao_18_64_censo,populacao_18_64_estimada_pessoas,metodo
4100103,2022,2025,4484.0,0.6192514846015744,4479.045988123188,estrutura etaria Censo 2022 x populacao estimada 2025
4100202,2022,2025,3789.0,0.6056585677749361,3827.1564897698213,estrutura etaria Censo 2022 x populacao estimada 2025
4100301,2022,2025,6481.0,0.6333431056386202,6821.105247727939,estrutura etaria Censo 2022 x populacao estimada 2025
4100400,2022,2025,78376.0,0.6540872105153349,82324.07040267056,estrutura etaria Censo 2022 x populacao estimada 2025
4100459,2022,2025,2269.0,0.6320334261838441,2209.588857938719,estrutura etaria Censo 2022 x populacao estimada 2025
4100509,2022,2025,11682.0,0.6233059438693843,11614.682958062107,estrutura etaria Censo 2022 x populacao estimada 2025
4100608,2022,2025,8672.0,0.6234811992235243,8842.833848587245,estrutura etaria Censo 2022 x populacao estimada 2025
4100707,2022,2025,6101.0,0.6272231931736404,6128.59782049964,estrutura etaria Censo 2022 x populacao estimada 2025
4100806,2022,2025,6544.0,0.6337400736006198,6642.229711408096,estrutura etaria Censo 2022 x populacao estimada 2025
4100905,2022,2025,3081.0,0.6469970600587989,3033.122217555649,estrutura etaria Censo 2022 x populacao estimada 2025
4101002,2022,2025,12716.0,0.6481141692150867,13180.697859327218,estrutura etaria Censo 2022 x populacao estimada 2025
4101051,2022,2025,1837.0,0.6295407813570939,1870.3656614119259,estrutura etaria Censo 2022 x populacao estimada 2025
4101101,2022,2025,12600.0,0.6338665861756716,12670.3591910655,estrutura etaria Censo 2022 x populacao estimada 2025
4101150,2022,2025,2018.0,0.6238021638330757,2094.103863987635,estrutura etaria Censo 2022 x populacao estimada 2025
4101200,2022,2025,11101.0,0.6136200320601404,11131.067381570947,estrutura etaria Censo 2022 x populacao estimada 2025
4101309,2022,2025,4438.0,0.6323738956967797,4456.971216870903,estrutura etaria Censo 2022 x populacao estimada 2025
4101408,2022,2025,84327.0,0.648001290976993,87421.85416570613,estrutura etaria Censo 2022 x populacao estimada 2025
4101507,2022,2025,78202.0,0.6563984622874314,81943.47123503836,estrutura etaria Censo 2022 x populacao estimada 2025
4101606,2022,2025,16543.0,0.6417736742056872,16894.691973464716,estrutura etaria Censo 2022 x populacao estimada 2025
4101655,2022,2025,2216.0,0.6282960022682166,2244.901616104338,estrutura etaria Censo 2022 x populacao estimada 2025
4101705,2022,2025,9339.0,0.6447359337245426,9602.696996893337,estrutura etaria Censo 2022 x populacao estimada 2025
4101804,2022,2025,101204.0,0.6672820539870505,108264.51141323699,estrutura etaria Censo 2022 x populacao estimada 2025
4101853,2022,2025,1451.0,0.6230141691713181,1464.706311721769,estrutura etaria Censo 2022 x populacao estimada 2025
4101903,2022,2025,8471.0,0.6139740523302167,8274.52830325433,estrutura etaria Censo 2022 x populacao estimada 2025
4102000,2022,2025,23591.0,0.6409204520756357,24583.78578026516,estrutura etaria Censo 2022 x populacao estimada 2025
4102109,2022,2025,16035.0,0.6294406280667321,16493.23277723258,estrutura etaria Censo 2022 x populacao estimada 2025
4102208,2022,2025,2602.0,0.6537688442211055,2645.148743718593,estrutura etaria Censo 2022 x populacao estimada 2025
4102307,2022,2025,8720.0,0.6509891750653228,9027.266890630832,estrutura etaria Censo 2022 x populacao estimada 2025
4102406,2022,2025,19826.0,0.6339654014645221,20126.49960029418,estrutura etaria Censo 2022 x populacao estimada 2025
4102505,2022,2025,6728.0,0.6232515053265401,6594.000926354794,estrutura etaria Censo 2022 x populacao estimada 2025
4102604,2022,2025,6231.0,0.6384875499538887,6322.9422071933595,estrutura etaria Censo 2022 x populacao estimada 2025
4102703,2022,2025,1753.0,0.6229566453447051,1789.131485429993,estrutura etaria Censo 2022 x populacao estimada 2025
4102752,2022,2025,2523.0,0.6258992805755396,2579.956834532374,estrutura etaria Censo 2022 x populacao estimada 2025
4102802,2022,2025,9260.0,0.6242836917683543,9353.018270073484,estrutura etaria Censo 2022 x populacao estimada 2025
4102901,2022,2025,9799.0,0.6308504474344943,9872.809502349835,estrutura etaria Censo 2022 x populacao estimada 2025
4103008,2022,2025,2920.0,0.6406318560772268,2943.7033786748575,estrutura etaria Censo 2022 x populacao estimada 2025
4103024,2022,2025,1570.0,0.639511201629328,1548.256619144603,estrutura etaria Censo 2022 x populacao estimada 2025
4103040,2022,2025,4115.0,0.6451865788648479,4026.6094386955156,estrutura etaria Censo 2022 x populacao estimada 2025
4103057,2022,2025,4859.0,0.6132004038364463,4919.706839979808,estrutura etaria Censo 2022 x populacao estimada 2025
4103107,2022,2025,8322.0,0.6257613354387548,8388.330701556508,estrutura etaria Censo 2022 x populacao estimada 2025
4103156,2022,2025,2425.0,0.6092964824120602,2481.055276381909,estrutura etaria Censo 2022 x populacao estimada 2025
4103206,2022,2025,4113.0,0.624981005926151,4171.123233551132,estrutura etaria Censo 2022 x populacao estimada 2025
4103222,2022,2025,1992.0,0.6221111805121798,2018.1286695815113,estrutura etaria Censo 2022 x populacao estimada 2025
4103305,2022,2025,4912.0,0.6350355526826115,4964.7079508726565,estrutura etaria Censo 2022 x populacao estimada 2025
4103354,2022,2025,3083.0,0.6351462711166048,3013.76905644829,estrutura etaria Censo 2022 x populacao estimada 2025
4103370,2022,2025,2385.0,0.6432038834951457,2483.4101941747576,estrutura etaria Censo 2022 x populacao estimada 2025
4103404,2022,2025,1741.0,0.6627331556909022,1754.917396269509,estrutura etaria Censo 2022 x populacao estimada 2025
4103453,2022,2025,12670.0,0.6669474127493815,13435.65562983629,estrutura etaria Censo 2022 x populacao estimada 2025
4103479,2022,2025,2786.0,0.622848200312989,2852.6447574334898,estrutura etaria Censo 2022 x populacao estimada 2025
4103503,2022,2025,5438.0,0.6243398392652124,5595.957979334099,estrutura etaria Censo 2022 x populacao estimada 2025
4103602,2022,2025,14657.0,0.6314406341547475,14771.290754782009,estrutura etaria Censo 2022 x populacao estimada 2025
4103701,2022,2025,70479.0,0.6574042981867025,72921.2569677636,estrutura etaria Censo 2022 x populacao estimada 2025
4103800,2022,2025,6029.0,0.6373150105708245,6401.829281183932,estrutura etaria Censo 2022 x populacao estimada 2025
4103909,2022,2025,9922.0,0.6310500540609298,10105.63556573173,estrutura etaria Censo 2022 x populacao estimada 2025
4103958,2022,2025,2506.0,0.6366869918699187,2517.4603658536585,estrutura etaria Censo 2022 x populacao estimada 2025
4104006,2022,2025,31387.0,0.6562885520125458,33208.20073183482,estrutura etaria Censo 2022 x populacao estimada 2025
4104055,2022,2025,2559.0,0.6354606406754407,2539.936180779737,estrutura etaria Censo 2022 x populacao estimada 2025
4104105,2022,2025,4663.0,0.6210708577517314,4777.8981086840695,estrutura etaria Censo 2022 x populacao estimada 2025
4104204,2022,2025,90851.0,0.6664197114291373,96300.31398035605,estrutura etaria Censo 2022 x populacao estimada 2025
4104253,2022,2025,20347.0,0.6746352785145888,21512.769761273208,estrutura etaria Censo 2022 x populacao estimada 2025
4104303,2022,2025,65666.0,0.6604111352482098,68763.3282243141,estrutura etaria Censo 2022 x populacao estimada 2025
4104402,2022,2025,9577.0,0.628247179218053,9474.595709787456,estrutura etaria Censo 2022 x populacao estimada 2025
4104428,2022,2025,9441.0,0.6305349629332799,9567.737527549589,estrutura etaria Censo 2022 x populacao estimada 2025
4104451,2022,2025,6751.0,0.6174883380590872,6589.835543766579,estrutura etaria Censo 2022 x populacao estimada 2025
4104501,2022,2025,13094.0,0.6393242517455202,13482.069820809531,estrutura etaria Censo 2022 x populacao estimada 2025
4104600,2022,2025,9169.0,0.6259557618787548,9249.12233752048,estrutura etaria Censo 2022 x populacao estimada 2025
4104659,2022,2025,14816.0,0.6363441137310484,15570.704118885023,estrutura etaria Censo 2022 x populacao estimada 2025
4104709,2022,2025,10681.0,0.6318249038745933,11238.901390121266,estrutura etaria Censo 2022 x populacao estimada 2025
4104808,2022,2025,233700.0,0.6714533214959877,247225.75570821518,estrutura etaria Censo 2022 x populacao estimada 2025
4104907,2022,2025,46272.0,0.6332124529592884,47898.72279165241,estrutura etaria Censo 2022 x populacao estimada 2025
4105003,2022,2025,6708.0,0.6421596783457783,6820.37794371051,estrutura etaria Censo 2022 x populacao estimada 2025
4105102,2022,2025,6928.0,0.6395864106351551,6973.410635155096,estrutura etaria Censo 2022 x populacao estimada 2025
4105201,2022,2025,10166.0,0.63009792983761,10262.404983265154,estrutura etaria Censo 2022 x populacao estimada 2025
4105300,2022,2025,7108.0,0.6411112113285831,7215.706683503202,estrutura etaria Censo 2022 x populacao estimada 2025
4105409,2022,2025,13428.0,0.6368508418306853,13758.525586910126,estrutura etaria Censo 2022 x populacao estimada 2025
4105508,2022,2025,51847.0,0.6519421077118462,54103.371634790696,estrutura etaria Censo 2022 x populacao estimada 2025
4105607,2022,2025,7432.0,0.6481206941658673,7586.252725211476,estrutura etaria Censo 2022 x populacao estimada 2025
4105706,2022,2025,9403.0,0.6239548772395488,9255.122694094227,estrutura etaria Censo 2022 x populacao estimada 2025
4105805,2022,2025,155014.0,0.6675537870566551,161329.05882555596,estrutura etaria Censo 2022 x populacao estimada 2025
4105904,2022,2025,15127.0,0.6606830887491265,15402.504848008386,estrutura etaria Censo 2022 x populacao estimada 2025
4106001,2022,2025,5129.0,0.6164663461538461,5206.0582932692305,estrutura etaria Censo 2022 x populacao estimada 2025
4106100,2022,2025,2157.0,0.6232302802658192,2165.101993643456,estrutura etaria Censo 2022 x populacao estimada 2025
4106209,2022,2025,12323.0,0.6442388122124634,12888.641677122543,estrutura etaria Censo 2022 x populacao estimada 2025
4106308,2022,2025,11218.0,0.6421293646250715,11515.305895821408,estrutura etaria Censo 2022 x populacao estimada 2025
4106407,2022,2025,29156.0,0.6449586338096713,29487.508737778175,estrutura etaria Censo 2022 x populacao estimada 2025
4106456,2022,2025,3531.0,0.6250663834306956,3392.235262878385,estrutura etaria Censo 2022 x populacao estimada 2025
4106506,2022,2025,14715.0,0.6307059277356307,15143.249324932494,estrutura etaria Censo 2022 x populacao estimada 2025
4106555,2022,2025,2363.0,0.6284574468085107,2369.2845744680853,estrutura etaria Censo 2022 x populacao estimada 2025
4106571,2022,2025,2586.0,0.6256956206145657,2583.497217517542,estrutura etaria Censo 2022 x populacao estimada 2025
4106605,2022,2025,15808.0,0.6633376694221812,16489.911124166003,estrutura etaria Censo 2022 x populacao estimada 2025
4106704,2022,2025,2870.0,0.6386292834890965,2901.2928348909654,estrutura etaria Censo 2022 x populacao estimada 2025
4106803,2022,2025,10495.0,0.656840655901865,10351.15189635749,estrutura etaria Censo 2022 x populacao estimada 2025
4106852,2022,2025,1799.0,0.622060857538036,1785.3146611341633,estrutura etaria Censo 2022 x populacao estimada 2025
4106902,2022,2025,1200290.0,0.6767084733875396,1238914.4895355406,estrutura etaria Censo 2022 x populacao estimada 2025
4107009,2022,2025,8683.0,0.6362570528321243,8770.167216238002,estrutura etaria Censo 2022 x populacao estimada 2025
4107108,2022,2025,3306.0,0.6429404900816803,3304.071178529755,estrutura etaria Censo 2022 x populacao estimada 2025
4107124,2022,2025,1996.0,0.629454430778934,1980.8930936613053,estrutura etaria Censo 2022 x populacao estimada 2025
4107157,2022,2025,2777.0,0.6093921439543559,2750.1867456660084,estrutura etaria Censo 2022 x populacao estimada 2025
4107207,2022,2025,29832.0,0.6648688404020593,31640.4432458936,estrutura etaria Censo 2022 x populacao estimada 2025
4107256,2022,2025,5877.0,0.6415238511079576,6178.51621002074,estrutura etaria Censo 2022 x populacao estimada 2025
4107306,2022,2025,3994.0,0.6312628417891576,4113.93993993994,estrutura etaria Censo 2022 x populacao estimada 2025
4107405,2022,2025,3805.0,0.6342723787297883,3898.2380396732788,estrutura etaria Censo 2022 x populacao estimada 2025
4107504,2022,2025,7937.0,0.6373052834430705,7868.808334671591,estrutura etaria Censo 2022 x populacao estimada 2025
4107520,2022,2025,1124.0,0.6078961600865332,1125.8236884802595,estrutura etaria Censo 2022 x populacao estimada 2025
4107538,2022,2025,2936.0,0.6417486338797814,3061.1409836065573,estrutura etaria Censo 2022 x populacao estimada 2025
4107546,2022,2025,2868.0,0.5978736710444027,2917.623514696685,estrutura etaria Censo 2022 x populacao estimada 2025
4107553,2022,2025,1921.0,0.6321158275748602,1892.5547877591314,estrutura etaria Censo 2022 x populacao estimada 2025
4107603,2022,2025,10161.0,0.6199890170236134,10289.337726523889,estrutura etaria Censo 2022 x populacao estimada 2025
4107652,2022,2025,98243.0,0.6599114681641399,109507.68876156188,estrutura etaria Censo 2022 x populacao estimada 2025
4107702,2022,2025,2797.0,0.6226625111308994,2794.509349955477,estrutura etaria Censo 2022 x populacao estimada 2025
4107736,2022,2025,3977.0,0.6358113509192646,4069.192645883293,estrutura etaria Censo 2022 x populacao estimada 2025
4107751,2022,2025,5149.0,0.6386752666832052,5191.791242867775,estrutura etaria Censo 2022 x populacao estimada 2025
4107801,2022,2025,2909.0,0.6070534223706177,2916.891694490818,estrutura etaria Censo 2022 x populacao estimada 2025
4107850,2022,2025,2784.0,0.6379468377635197,2769.9651695692023,estrutura etaria Censo 2022 x populacao estimada 2025
4107900,2022,2025,6805.0,0.6506980302161025,7497.3427041499335,estrutura etaria Censo 2022 x populacao estimada 2025
4108007,2022,2025,7480.0,0.6535034073038616,7615.275205311899,estrutura etaria Censo 2022 x populacao estimada 2025
4108106,2022,2025,1660.0,0.6259426847662142,1696.9306184012066,estrutura etaria Censo 2022 x populacao estimada 2025
4108205,2022,2025,4759.0,0.6233136869679109,4838.784151931893,estrutura etaria Censo 2022 x populacao estimada 2025
4108304,2022,2025,190958.0,0.6690538338910008,198944.49561515686,estrutura etaria Censo 2022 x populacao estimada 2025
4108320,2022,2025,5010.0,0.6172991621488418,5292.105717102021,estrutura etaria Censo 2022 x populacao estimada 2025
4108403,2022,2025,64466.0,0.6668942544431341,68231.28496058594,estrutura etaria Censo 2022 x populacao estimada 2025
4108452,2022,2025,3053.0,0.61977263499797,3032.547503045067,estrutura etaria Censo 2022 x populacao estimada 2025
4108502,2022,2025,6914.0,0.6250225998915205,6682.116615440246,estrutura etaria Censo 2022 x populacao estimada 2025
4108551,2022,2025,1798.0,0.603963721867652,1758.138394356735,estrutura etaria Censo 2022 x populacao estimada 2025
4108601,2022,2025,18332.0,0.6446530928016316,18650.458627844004,estrutura etaria Censo 2022 x populacao estimada 2025
4108650,2022,2025,4128.0,0.6286932683521169,4067.016752969844,estrutura etaria Censo 2022 x populacao estimada 2025
4108700,2022,2025,3499.0,0.6202800921822372,3428.288069491225,estrutura etaria Censo 2022 x populacao estimada 2025
4108809,2022,2025,20184.0,0.6288438171791756,20788.318908309186,estrutura etaria Censo 2022 x populacao estimada 2025
4108908,2022,2025,4181.0,0.6347350842568696,4292.078639744953,estrutura etaria Censo 2022 x populacao estimada 2025
4108957,2022,2025,5076.0,0.6461303462321792,5114.767820773931,estrutura etaria Censo 2022 x populacao estimada 2025
4109005,2022,2025,2947.0,0.637051448335495,3094.158884565499,estrutura etaria Censo 2022 x populacao estimada 2025
4109104,2022,2025,1417.0,0.6467366499315381,1429.2879963486992,estrutura etaria Censo 2022 x populacao estimada 2025
4109203,2022,2025,3013.0,0.6345829823083403,3009.8270850884583,estrutura etaria Censo 2022 x populacao estimada 2025
4109302,2022,2025,8546.0,0.6222060429559519,8567.777211503459,estrutura etaria Censo 2022 x populacao estimada 2025
4109401,2022,2025,118470.0,0.6506016156579331,123373.58437721385,estrutura etaria Censo 2022 x populacao estimada 2025
4109500,2022,2025,4606.0,0.6199192462987887,4615.91870794078,estrutura etaria Censo 2022 x populacao estimada 2025
4109609,2022,2025,26049.0,0.619300080833056,27814.624530455043,estrutura etaria Censo 2022 x populacao estimada 2025
4109658,2022,2025,3061.0,0.6195102206031168,2975.5075895567697,estrutura etaria Censo 2022 x populacao estimada 2025
4109708,2022,2025,18374.0,0.6373222337842526,18778.062296219217,estrutura etaria Censo 2022 x populacao estimada 2025
4109757,2022,2025,3891.0,0.6257639112254745,3969.2204889031846,estrutura etaria Censo 2022 x populacao estimada 2025
4109807,2022,2025,33132.0,0.64205569443637,34206.15917679205,estrutura etaria Censo 2022 x populacao estimada 2025
4109906,2022,2025,5673.0,0.6309642976309643,5772.692359025692,estrutura etaria Censo 2022 x populacao estimada 2025
4110003,2022,2025,3467.0,0.6494941925814912,3697.5704383664297,estrutura etaria Censo 2022 x populacao estimada 2025
4110052,2022,2025,1359.0,0.6338619402985075,1366.6063432835822,estrutura etaria Censo 2022 x populacao estimada 2025
4110078,2022,2025,8982.0,0.6303600252649308,9498.264860691977,estrutura etaria Censo 2022 x populacao estimada 2025
4110102,2022,2025,19475.0,0.6508153990108274,20077.004244085016,estrutura etaria Censo 2022 x populacao estimada 2025
4110201,2022,2025,6047.0,0.6253360910031024,5975.086349534643,estrutura etaria Censo 2022 x populacao estimada 2025
4110300,2022,2025,1560.0,0.6151419558359621,1526.167192429022,estrutura etaria Censo 2022 x populacao estimada 2025
4110409,2022,2025,2769.0,0.6225269784172662,2828.762589928058,estrutura etaria Censo 2022 x populacao estimada 2025
4110508,2022,2025,9098.0,0.6433319191062085,9210.583085843586,estrutura etaria Censo 2022 x populacao estimada 2025
4110607,2022,2025,9783.0,0.6213006477835641,10004.18303061095,estrutura etaria Censo 2022 x populacao estimada 2025
4110656,2022,2025,1542.0,0.6581306017925737,1532.1280409731114,estrutura etaria Censo 2022 x populacao estimada 2025
4110706,2022,2025,38724.0,0.6535696202531646,39870.36111392405,estrutura etaria Censo 2022 x populacao estimada 2025
4110805,2022,2025,6772.0,0.633845001871958,6865.809060277049,estrutura etaria Censo 2022 x populacao estimada 2025
4110904,2022,2025,2799.0,0.624637357732649,2829.6072305289,estrutura etaria Censo 2022 x populacao estimada 2025
4110953,2022,2025,7322.0,0.6375272094035699,7724.2796691336525,estrutura etaria Censo 2022 x populacao estimada 2025
4111001,2022,2025,3682.0,0.6232227488151659,3626.5331753554506,estrutura etaria Censo 2022 x populacao estimada 2025
4111100,2022,2025,3936.0,0.6440844378988709,4011.357879234168,estrutura etaria Censo 2022 x populacao estimada 2025
4111209,2022,2025,7869.0,0.6374756966947505,8203.674740764744,estrutura etaria Censo 2022 x populacao estimada 2025
4111258,2022,2025,20354.0,0.6520165294551046,21718.67059614953,estrutura etaria Censo 2022 x populacao estimada 2025
4111308,2022,2025,2191.0,0.6133818589025756,2212.4683650615902,estrutura etaria Censo 2022 x populacao estimada 2025
4111407,2022,2025,8358.0,0.6317937863784111,8514.053065235468,estrutura etaria Censo 2022 x populacao estimada 2025
4111506,2022,2025,21062.0,0.6437041564792176,21606.57371638142,estrutura etaria Censo 2022 x populacao estimada 2025
4111555,2022,2025,4338.0,0.6350461133069829,4310.6930171278,estrutura etaria Censo 2022 x populacao estimada 2025
4111605,2022,2025,1691.0,0.6244460856720827,1676.637740029542,estrutura etaria Censo 2022 x populacao estimada 2025
4111704,2022,2025,3449.0,0.6355260733370186,3593.8999447208403,estrutura etaria Censo 2022 x populacao estimada 2025
4111803,2022,2025,25705.0,0.636656346749226,26416.781795665633,estrutura etaria Censo 2022 x populacao estimada 2025
4111902,2022,2025,9830.0,0.6500462901732575,10340.936384076182,estrutura etaria Censo 2022 x populacao estimada 2025
4112009,2022,2025,22591.0,0.6428673059958453,23390.084061352834,estrutura etaria Censo 2022 x populacao estimada 2025
4112108,2022,2025,13790.0,0.6441517189835575,14126.247197309416,estrutura etaria Censo 2022 x populacao estimada 2025
4112207,2022,2025,3689.0,0.6284497444633731,3649.4076660988076,estrutura etaria Censo 2022 x populacao estimada 2025
4112306,2022,2025,3077.0,0.6188656476267096,3127.7469831053904,estrutura etaria Censo 2022 x populacao estimada 2025
4112405,2022,2025,5870.0,0.6419510061242345,6029.845800524935,estrutura etaria Censo 2022 x populacao estimada 2025
4112504,2022,2025,7510.0,0.625624791736088,7593.833722092636,estrutura etaria Censo 2022 x populacao estimada 2025
4112603,2022,2025,871.0,0.6485480268056589,874.8912881608339,estrutura etaria Censo 2022 x populacao estimada 2025
4112702,2022,2025,7484.0,0.6335393210869381,7599.937695758909,estrutura etaria Censo 2022 x populacao estimada 2025
4112751,2022,2025,6581.0,0.6264039596421093,6861.6289739196645,estrutura etaria Censo 2022 x populacao estimada 2025
4112801,2022,2025,7597.0,0.6359983256592716,7848.855336961071,estrutura etaria Censo 2022 x populacao estimada 2025
4112900,2022,2025,2039.0,0.6117611761176117,2062.8586858685867,estrutura etaria Censo 2022 x populacao estimada 2025
4112959,2022,2025,5096.0,0.6557714579848153,5179.938746622056,estrutura etaria Censo 2022 x populacao estimada 2025
4113007,2022,2025,4304.0,0.6433482810164425,4365.761434977579,estrutura etaria Censo 2022 x populacao estimada 2025
4113106,2022,2025,2877.0,0.627891750327368,2929.742907027499,estrutura etaria Censo 2022 x populacao estimada 2025
4113205,2022,2025,29396.0,0.6532008977179299,29967.550785503186,estrutura etaria Censo 2022 x populacao estimada 2025
4113254,2022,2025,3509.0,0.6266071428571428,3462.004464285714,estrutura etaria Censo 2022 x populacao estimada 2025
4113304,2022,2025,20559.0,0.6379433394358768,21166.322059142956,estrutura etaria Censo 2022 x populacao estimada 2025
4113403,2022,2025,2325.0,0.6196695095948828,2308.2689232409384,estrutura etaria Censo 2022 x populacao estimada 2025
4113429,2022,2025,2420.0,0.6145251396648045,2450.1117318435754,estrutura etaria Censo 2022 x populacao estimada 2025
4113452,2022,2025,3161.0,0.6108212560386473,3186.6544927536233,estrutura etaria Censo 2022 x populacao estimada 2025
4113502,2022,2025,14993.0,0.6455543595263724,15471.355780409041,estrutura etaria Censo 2022 x populacao estimada 2025
4113601,2022,2025,3016.0,0.655509671810476,3085.4840252119106,estrutura etaria Censo 2022 x populacao estimada 2025
4113700,2022,2025,365791.0,0.6579388990314139,382513.83299668145,estrutura etaria Censo 2022 x populacao estimada 2025
4113734,2022,2025,4211.0,0.6294469357249627,4191.487144992527,estrutura etaria Censo 2022 x populacao estimada 2025
4113759,2022,2025,3038.0,0.6235632183908046,3033.011494252874,estrutura etaria Censo 2022 x populacao estimada 2025
4113809,2022,2025,3076.0,0.6391024309162684,3150.135881986287,estrutura etaria Censo 2022 x populacao estimada 2025
4113908,2022,2025,8841.0,0.6584003574620196,9007.575290437891,estrutura etaria Censo 2022 x populacao estimada 2025
4114005,2022,2025,8638.0,0.6421349985132322,8701.571364852809,estrutura etaria Censo 2022 x populacao estimada 2025
4114104,2022,2025,20612.0,0.6552436659567028,22619.666592491336,estrutura etaria Censo 2022 x populacao estimada 2025
4114203,2022,2025,23763.0,0.6472110251661402,24796.59600719033,estrutura etaria Censo 2022 x populacao estimada 2025
4114302,2022,2025,17477.0,0.6369401217245526,18537.50530267138,estrutura etaria Censo 2022 x populacao estimada 2025
4114351,2022,2025,1747.0,0.6306859205776173,1759.6137184115523,estrutura etaria Censo 2022 x populacao estimada 2025
4114401,2022,2025,10465.0,0.6303077757031862,10549.461241944227,estrutura etaria Censo 2022 x populacao estimada 2025
4114500,2022,2025,8887.0,0.6240870786516854,9158.477879213484,estrutura etaria Censo 2022 x populacao estimada 2025
4114609,2022,2025,36667.0,0.6566910237123003,38570.090586718245,estrutura etaria Censo 2022 x populacao estimada 2025
4114708,2022,2025,3774.0,0.6434782608695652,3813.252173913043,estrutura etaria Censo 2022 x populacao estimada 2025
4114807,2022,2025,26931.0,0.643497168526439,28795.85479438962,estrutura etaria Censo 2022 x populacao estimada 2025
4114906,2022,2025,5450.0,0.6280972686412355,5502.760170565864,estrutura etaria Censo 2022 x populacao estimada 2025
4115002,2022,2025,4566.0,0.629532607197022,4690.017923617814,estrutura etaria Censo 2022 x populacao estimada 2025
4115101,2022,2025,6247.0,0.634406418198436,6286.967604346501,estrutura etaria Censo 2022 x populacao estimada 2025
4115200,2022,2025,275794.0,0.6732315083106111,289260.64986073715,estrutura etaria Censo 2022 x populacao estimada 2025
4115309,2022,2025,3976.0,0.6240778527703658,4060.2505101239994,estrutura etaria Censo 2022 x populacao estimada 2025
4115358,2022,2025,4121.0,0.6286803966437834,4290.115026697178,estrutura etaria Censo 2022 x populacao estimada 2025
4115408,2022,2025,10120.0,0.6364379598767373,10568.052323753223,estrutura etaria Censo 2022 x populacao estimada 2025
4115457,2022,2025,2772.0,0.6154529307282416,2763.999111900533,estrutura etaria Censo 2022 x populacao estimada 2025
4115507,2022,2025,3001.0,0.6386465205362843,3052.7303681634394,estrutura etaria Censo 2022 x populacao estimada 2025
4115606,2022,2025,11765.0,0.6376693766937669,12257.91842818428,estrutura etaria Censo 2022 x populacao estimada 2025
4115705,2022,2025,24652.0,0.6279324486105097,26412.72258590387,estrutura etaria Censo 2022 x populacao estimada 2025
4115739,2022,2025,2080.0,0.6366697275788185,2068.5399449035813,estrutura etaria Censo 2022 x populacao estimada 2025
4115754,2022,2025,5979.0,0.6372162421400405,6173.988170094852,estrutura etaria Censo 2022 x populacao estimada 2025
4115804,2022,2025,36540.0,0.6720741599073001,38919.81460023175,estrutura etaria Censo 2022 x populacao estimada 2025
4115853,2022,2025,3781.0,0.6374978924296072,3948.661945708987,estrutura etaria Censo 2022 x populacao estimada 2025
4115903,2022,2025,1397.0,0.6242180518319929,1403.2421805183199,estrutura etaria Censo 2022 x populacao estimada 2025
4116000,2022,2025,1224.0,0.6225839267548321,1255.7517802644963,estrutura etaria Censo 2022 x populacao estimada 2025
4116059,2022,2025,6995.0,0.6322306579898771,7221.970806218366,estrutura etaria Censo 2022 x populacao estimada 2025
4116109,2022,2025,6968.0,0.6235346756152125,6885.693422818791,estrutura etaria Censo 2022 x populacao estimada 2025
4116208,2022,2025,11490.0,0.6275602162870719,11979.496968703916,estrutura etaria Censo 2022 x populacao estimada 2025
4116307,2022,2025,2472.0,0.6256643887623387,2538.320425208808,estrutura etaria Censo 2022 x populacao estimada 2025
4116406,2022,2025,2399.0,0.6538566366857455,2399.0,estrutura etaria Censo 2022 x populacao estimada 2025
4116505,2022,2025,849.0,0.6417233560090703,848.3582766439908,estrutura etaria Censo 2022 x populacao estimada 2025
4116604,2022,2025,2104.0,0.6414634146341464,2107.848780487805,estrutura etaria Censo 2022 x populacao estimada 2025
4116703,2022,2025,8710.0,0.632764257173992,9068.14456956048,estrutura etaria Censo 2022 x populacao estimada 2025
4116802,2022,2025,4321.0,0.6363770250368188,4288.544771723122,estrutura etaria Censo 2022 x populacao estimada 2025
4116901,2022,2025,17128.0,0.6442730863268761,17486.86010908407,estrutura etaria Censo 2022 x populacao estimada 2025
4116950,2022,2025,3587.0,0.640879042344113,3706.2035018760052,estrutura etaria Censo 2022 x populacao estimada 2025
4117008,2022,2025,4560.0,0.6311418685121107,4506.35294117647,estrutura etaria Censo 2022 x populacao estimada 2025
4117057,2022,2025,7196.0,0.5959913864502236,7329.50207056485,estrutura etaria Censo 2022 x populacao estimada 2025
4117107,2022,2025,8365.0,0.6472955196161881,8462.741623462043,estrutura etaria Censo 2022 x populacao estimada 2025
4117206,2022,2025,3716.0,0.6370649751414367,3810.922681296074,estrutura etaria Censo 2022 x populacao estimada 2025
4117214,2022,2025,2621.0,0.626434034416826,2698.6778202676865,estrutura etaria Censo 2022 x populacao estimada 2025
4117222,2022,2025,5337.0,0.6413121845710166,5503.099855803894,estrutura etaria Censo 2022 x populacao estimada 2025
4117255,2022,2025,8083.0,0.6365068115599654,8491.000866209937,estrutura etaria Censo 2022 x populacao estimada 2025
4117271,2022,2025,4256.0,0.6214953271028038,4258.485981308411,estrutura etaria Censo 2022 x populacao estimada 2025
4117297,2022,2025,2007.0,0.64224,2072.50848,estrutura etaria Censo 2022 x populacao estimada 2025
4117305,2022,2025,15058.0,0.6224371693121693,15377.932705026455,estrutura etaria Censo 2022 x populacao estimada 2025
4117404,2022,2025,2015.0,0.6322560401631628,2018.793536240979,estrutura etaria Censo 2022 x populacao estimada 2025
4117453,2022,2025,4353.0,0.6415622697126013,4556.375239498894,estrutura etaria Censo 2022 x populacao estimada 2025
4117503,2022,2025,30174.0,0.6564988468735042,31968.21134850529,estrutura etaria Censo 2022 x populacao estimada 2025
4117602,2022,2025,30528.0,0.6327440048085892,31787.793313573904,estrutura etaria Censo 2022 x populacao estimada 2025
4117701,2022,2025,22187.0,0.6553537143701078,22903.301609806527,estrutura etaria Censo 2022 x populacao estimada 2025
4117800,2022,2025,8097.0,0.6212690861658866,8001.324560730453,estrutura etaria Censo 2022 x populacao estimada 2025
4117909,2022,2025,22543.0,0.6438833509468452,23848.7954357202,estrutura etaria Censo 2022 x populacao estimada 2025
4118006,2022,2025,8641.0,0.6523971309928275,8956.107814269535,estrutura etaria Censo 2022 x populacao estimada 2025
4118105,2022,2025,6178.0,0.6464371664748352,6172.8285026682015,estrutura etaria Censo 2022 x populacao estimada 2025
4118204,2022,2025,94720.0,0.6495278716853301,97496.73165145479,estrutura etaria Censo 2022 x populacao estimada 2025
4118303,2022,2025,1529.0,0.6376146788990825,1499.669724770642,estrutura etaria Censo 2022 x populacao estimada 2025
4118402,2022,2025,59109.0,0.6424821469331855,61812.56487429485,estrutura etaria Censo 2022 x populacao estimada 2025
4118451,2022,2025,3588.0,0.6258503401360545,3757.605442176871,estrutura etaria Censo 2022 x populacao estimada 2025
4118501,2022,2025,61105.0,0.6653708785225837,65087.24470795766,estrutura etaria Censo 2022 x populacao estimada 2025
4118600,2022,2025,3689.0,0.651076597246735,3715.0430638898697,estrutura etaria Censo 2022 x populacao estimada 2025
4118709,2022,2025,4157.0,0.655368122339587,4203.531136686111,estrutura etaria Censo 2022 x populacao estimada 2025
4118808,2022,2025,8438.0,0.6322493631050502,8531.572905739547,estrutura etaria Censo 2022 x populacao estimada 2025
4118857,2022,2025,4613.0,0.6416747809152873,4876.086660175268,estrutura etaria Censo 2022 x populacao estimada 2025
4118907,2022,2025,7488.0,0.6304091597912106,7810.139080653308,estrutura etaria Censo 2022 x populacao estimada 2025
4119004,2022,2025,3904.0,0.627551840540106,3902.1173444783794,estrutura etaria Censo 2022 x populacao estimada 2025
4119103,2022,2025,8850.0,0.6481142438667155,9338.678139875503,estrutura etaria Censo 2022 x populacao estimada 2025
4119152,2022,2025,85884.0,0.6761508120832317,88748.17483998458,estrutura etaria Censo 2022 x populacao estimada 2025
4119202,2022,2025,4191.0,0.6382881510813281,4261.211696618946,estrutura etaria Censo 2022 x populacao estimada 2025
4119251,2022,2025,1757.0,0.6363636363636364,1785.0,estrutura etaria Censo 2022 x populacao estimada 2025
4119301,2022,2025,18644.0,0.6238372482098642,18996.468045238573,estrutura etaria Censo 2022 x populacao estimada 2025
4119400,2022,2025,14867.0,0.6285992135639085,15071.923343621833,estrutura etaria Censo 2022 x populacao estimada 2025
4119509,2022,2025,79453.0,0.6691906005221933,85276.96579634465,estrutura etaria Censo 2022 x populacao estimada 2025
4119608,2022,2025,21608.0,0.6437274704322697,22225.978371614976,estrutura etaria Censo 2022 x populacao estimada 2025
4119657,2022,2025,1947.0,0.639198949441891,2007.7239001969797,estrutura etaria Censo 2022 x populacao estimada 2025
4119707,2022,2025,2580.0,0.6339066339066339,2614.864864864865,estrutura etaria Censo 2022 x populacao estimada 2025
4119806,2022,2025,9263.0,0.6444274384304995,9487.260748573814,estrutura etaria Censo 2022 x populacao estimada 2025
4119905,2022,2025,233892.0,0.6526532559833246,245157.44785152818,estrutura etaria Censo 2022 x populacao estimada 2025
4119954,2022,2025,19082.0,0.6271815940838127,20779.153393590797,estrutura etaria Censo 2022 x populacao estimada 2025
4120002,2022,2025,7467.0,0.6423778389538886,7240.240622849278,estrutura etaria Censo 2022 x populacao estimada 2025
4120101,2022,2025,2653.0,0.6473889702293801,2636.167886774036,estrutura etaria Censo 2022 x populacao estimada 2025
4120150,2022,2025,1955.0,0.6286173633440515,1921.6832797427653,estrutura etaria Censo 2022 x populacao estimada 2025
4120200,2022,2025,2136.0,0.6712759270898806,2262.1998742928977,estrutura etaria Censo 2022 x populacao estimada 2025
4120309,2022,2025,2235.0,0.6274564851207187,2205.509545199326,estrutura etaria Censo 2022 x populacao estimada 2025
4120333,2022,2025,2355.0,0.634942032892963,2422.938797519547,estrutura etaria Censo 2022 x populacao estimada 2025
4120358,2022,2025,3577.0,0.6234966010109814,3635.6086804950323,estrutura etaria Censo 2022 x populacao estimada 2025
4120408,2022,2025,2892.0,0.6669741697416974,2870.656826568266,estrutura etaria Censo 2022 x populacao estimada 2025
4120507,2022,2025,6405.0,0.6352906169410831,6393.56476889506,estrutura etaria Censo 2022 x populacao estimada 2025
4120606,2022,2025,31796.0,0.6437349421982872,32795.72036523394,estrutura etaria Censo 2022 x populacao estimada 2025
4120655,2022,2025,2701.0,0.6429421566293739,2653.422280409426,estrutura etaria Censo 2022 x populacao estimada 2025
4120705,2022,2025,5232.0,0.6460056797135448,5443.243857266329,estrutura etaria Censo 2022 x populacao estimada 2025
4120804,2022,2025,16046.0,0.6633045347443264,16845.945268901658,estrutura etaria Censo 2022 x populacao estimada 2025
4120853,2022,2025,2838.0,0.6334821428571429,2959.6285714285714,estrutura etaria Censo 2022 x populacao estimada 2025
4120903,2022,2025,19378.0,0.6304248812544733,19809.841043659315,estrutura etaria Censo 2022 x populacao estimada 2025
4121000,2022,2025,6677.0,0.6248947122133832,6639.506317267197,estrutura etaria Censo 2022 x populacao estimada 2025
4121109,2022,2025,3131.0,0.6260747850429914,3162.9298140371925,estrutura etaria Censo 2022 x populacao estimada 2025
4121208,2022,2025,11814.0,0.6421350146755082,12124.793347102945,estrutura etaria Censo 2022 x populacao estimada 2025
4121257,2022,2025,2650.0,0.6278133143804786,2686.413172234068,estrutura etaria Censo 2022 x populacao estimada 2025
4121307,2022,2025,2197.0,0.6255694760820045,2171.9772209567195,estrutura etaria Censo 2022 x populacao estimada 2025
4121356,2022,2025,1665.0,0.6359816653934302,1668.1799083269673,estrutura etaria Censo 2022 x populacao estimada 2025
4121406,2022,2025,12515.0,0.6502312048630956,13067.696524133633,estrutura etaria Censo 2022 x populacao estimada 2025
4121505,2022,2025,9246.0,0.6370400992145515,9444.119470855727,estrutura etaria Censo 2022 x populacao estimada 2025
4121604,2022,2025,4275.0,0.6245434623813002,4337.45434623813,estrutura etaria Censo 2022 x populacao estimada 2025
4121703,2022,2025,15533.0,0.6321165506857119,15725.795547959142,estrutura etaria Censo 2022 x populacao estimada 2025
4121752,2022,2025,4045.0,0.6172745307492752,4007.9635281550436,estrutura etaria Censo 2022 x populacao estimada 2025
4121802,2022,2025,7880.0,0.6373341960530573,8193.568424458104,estrutura etaria Censo 2022 x populacao estimada 2025
4121901,2022,2025,8210.0,0.6286370597243491,8271.606431852986,estrutura etaria Censo 2022 x populacao estimada 2025
4122008,2022,2025,9108.0,0.6494117647058824,9204.762352941176,estrutura etaria Censo 2022 x populacao estimada 2025
4122107,2022,2025,1998.0,0.6249609008445418,2008.6243353143573,estrutura etaria Censo 2022 x populacao estimada 2025
4122156,2022,2025,8784.0,0.6306267499461555,9016.070643980185,estrutura etaria Censo 2022 x populacao estimada 2025
4122172,2022,2025,2361.0,0.6200105042016807,2381.4603466386557,estrutura etaria Censo 2022 x populacao estimada 2025
4122206,2022,2025,24671.0,0.6568773630118749,26477.412748282655,estrutura etaria Censo 2022 x populacao estimada 2025
4122305,2022,2025,20403.0,0.6513535946877793,20811.398703869236,estrutura etaria Censo 2022 x populacao estimada 2025
4122404,2022,2025,46358.0,0.6468257290358588,49041.03312404074,estrutura etaria Censo 2022 x populacao estimada 2025
4122503,2022,2025,7174.0,0.6376322104701805,7230.111634521377,estrutura etaria Censo 2022 x populacao estimada 2025
4122602,2022,2025,5907.0,0.6493349455864571,6009.5949214026605,estrutura etaria Censo 2022 x populacao estimada 2025
4122651,2022,2025,3361.0,0.6183992640294388,3391.301563937442,estrutura etaria Censo 2022 x populacao estimada 2025
4122701,2022,2025,5714.0,0.6476989344819769,6160.264565858082,estrutura etaria Censo 2022 x populacao estimada 2025
4122800,2022,2025,2649.0,0.6500613496932516,2658.750920245399,estrutura etaria Censo 2022 x populacao estimada 2025
4122909,2022,2025,3211.0,0.6184514637904468,3224.60593220339,estrutura etaria Censo 2022 x populacao estimada 2025
4123006,2022,2025,9739.0,0.6397556329238652,10048.001970702226,estrutura etaria Censo 2022 x populacao estimada 2025
4123105,2022,2025,2055.0,0.6054802592810843,2033.202710665881,estrutura etaria Censo 2022 x populacao estimada 2025
4123204,2022,2025,2091.0,0.6213967310549777,2086.02882615156,estrutura etaria Censo 2022 x populacao estimada 2025
4123303,2022,2025,5509.0,0.6396145361662603,5654.192499709741,estrutura etaria Censo 2022 x populacao estimada 2025
4123402,2022,2025,7334.0,0.644577254350501,7560.891193531376,estrutura etaria Censo 2022 x populacao estimada 2025
4123501,2022,2025,16273.0,0.6383571316491449,16891.56806056802,estrutura etaria Censo 2022 x populacao estimada 2025
4123600,2022,2025,1122.0,0.6418764302059496,1120.074370709382,estrutura etaria Censo 2022 x populacao estimada 2025
4123709,2022,2025,5628.0,0.631508078994614,5710.727558348294,estrutura etaria Censo 2022 x populacao estimada 2025
4123808,2022,2025,9110.0,0.6474769012082445,9363.810945273632,estrutura etaria Censo 2022 x populacao estimada 2025
4123824,2022,2025,2214.0,0.6075740944017564,2210.3545554335897,estrutura etaria Censo 2022 x populacao estimada 2025
4123857,2022,2025,6199.0,0.6240185222468291,6158.438796053956,estrutura etaria Censo 2022 x populacao estimada 2025
4123907,2022,2025,6860.0,0.619916862461594,6782.510392192301,estrutura etaria Censo 2022 x populacao estimada 2025
4123956,2022,2025,2085.0,0.6212753277711561,2088.1063766388556,estrutura etaria Censo 2022 x populacao estimada 2025
4124004,2022,2025,3511.0,0.6367428364163946,3595.050054406964,estrutura etaria Censo 2022 x populacao estimada 2025
4124020,2022,2025,8366.0,0.6350387126157583,8851.169576438439,estrutura etaria Censo 2022 x populacao estimada 2025
4124053,2022,2025,15714.0,0.6476794988047152,16386.291319759293,estrutura etaria Censo 2022 x populacao estimada 2025
4124103,2022,2025,28277.0,0.6373143410940071,29079.378755437356,estrutura etaria Censo 2022 x populacao estimada 2025
4124202,2022,2025,1596.0,0.6401925391095066,1583.8363417569192,estrutura etaria Censo 2022 x populacao estimada 2025
4124301,2022,2025,1357.0,0.6385882352941177,1333.3722352941177,estrutura etaria Censo 2022 x populacao estimada 2025
4124400,2022,2025,14921.0,0.6302961179402695,15744.797026147933,estrutura etaria Censo 2022 x populacao estimada 2025
4124509,2022,2025,3899.0,0.6308040770101925,4076.886749716874,estrutura etaria Censo 2022 x populacao estimada 2025
4124608,2022,2025,4279.0,0.6496128738424168,4369.945802337938,estrutura etaria Censo 2022 x populacao estimada 2025
4124707,2022,2025,6706.0,0.6192059095106186,6739.437119113572,estrutura etaria Censo 2022 x populacao estimada 2025
4124806,2022,2025,7535.0,0.6339390880026923,7795.548965169107,estrutura etaria Censo 2022 x populacao estimada 2025
4124905,2022,2025,3496.0,0.6258503401360545,3509.1428571428573,estrutura etaria Censo 2022 x populacao estimada 2025
4125001,2022,2025,6661.0,0.6244492359613762,6643.515421393082,estrutura etaria Censo 2022 x populacao estimada 2025
4125100,2022,2025,8845.0,0.6443974938073729,8956.480766428676,estrutura etaria Censo 2022 x populacao estimada 2025
4125209,2022,2025,5989.0,0.6386223075282577,6122.472062273406,estrutura etaria Censo 2022 x populacao estimada 2025
4125308,2022,2025,3237.0,0.6263544891640866,3238.252708978328,estrutura etaria Censo 2022 x populacao estimada 2025
4125357,2022,2025,4094.0,0.6294587945879458,4211.079335793358,estrutura etaria Censo 2022 x populacao estimada 2025
4125407,2022,2025,3787.0,0.6269867549668874,3776.3412251655627,estrutura etaria Censo 2022 x populacao estimada 2025
4125456,2022,2025,2413.0,0.6098054081374779,2458.1256002021732,estrutura etaria Censo 2022 x populacao estimada 2025
4125506,2022,2025,222459.0,0.6748789544577524,236126.6485856784,estrutura etaria Censo 2022 x populacao estimada 2025
4125555,2022,2025,1351.0,0.6318989710009355,1375.0121608980357,estrutura etaria Censo 2022 x populacao estimada 2025
4125605,2022,2025,27657.0,0.6528112165415664,28390.759807392722,estrutura etaria Censo 2022 x populacao estimada 2025
4125704,2022,2025,18519.0,0.6359109951239613,19341.868827690407,estrutura etaria Censo 2022 x populacao estimada 2025
4125753,2022,2025,3564.0,0.6161825726141079,3530.7261410788383,estrutura etaria Censo 2022 x populacao estimada 2025
4125803,2022,2025,5513.0,0.6344073647871116,5401.344303797468,estrutura etaria Censo 2022 x populacao estimada 2025
4125902,2022,2025,1705.0,0.6407365652010523,1746.6478767380686,estrutura etaria Censo 2022 x populacao estimada 2025
4126009,2022,2025,5077.0,0.6296663772789285,5077.0,estrutura etaria Censo 2022 x populacao estimada 2025
4126108,2022,2025,3367.0,0.643539755351682,3399.1769877675843,estrutura etaria Censo 2022 x populacao estimada 2025
4126207,2022,2025,4296.0,0.6416728902165796,4349.258849887977,estrutura etaria Censo 2022 x populacao estimada 2025
4126256,2022,2025,78478.0,0.662513190663121,84871.91480308978,estrutura etaria Censo 2022 x populacao estimada 2025
4126272,2022,2025,3769.0,0.6170595939751146,3957.20317616241,estrutura etaria Censo 2022 x populacao estimada 2025
4126306,2022,2025,10981.0,0.635842501447597,10972.098204979735,estrutura etaria Censo 2022 x populacao estimada 2025
4126355,2022,2025,3138.0,0.6267225883762733,3234.515278609946,estrutura etaria Censo 2022 x populacao estimada 2025
4126405,2022,2025,3530.0,0.6285612535612536,3553.885327635328,estrutura etaria Censo 2022 x populacao estimada 2025
4126504,2022,2025,10213.0,0.6411173885750157,10392.512868801005,estrutura etaria Censo 2022 x populacao estimada 2025
4126603,2022,2025,14970.0,0.6562623295778353,15770.640042084959,estrutura etaria Censo 2022 x populacao estimada 2025
4126652,2022,2025,2139.0,0.6218023255813954,2175.064534883721,estrutura etaria Censo 2022 x populacao estimada 2025
4126678,2022,2025,6556.0,0.6123097039320071,6453.7442794433555,estrutura etaria Censo 2022 x populacao estimada 2025
4126702,2022,2025,3092.0,0.6336065573770492,3159.1622950819674,estrutura etaria Censo 2022 x populacao estimada 2025
4126801,2022,2025,10307.0,0.6495053248471864,10603.823933455165,estrutura etaria Censo 2022 x populacao estimada 2025
4126900,2022,2025,3568.0,0.6210617928633595,3606.5058311575285,estrutura etaria Censo 2022 x populacao estimada 2025
4127007,2022,2025,6145.0,0.6436576935162879,6140.494396145386,estrutura etaria Censo 2022 x populacao estimada 2025
4127106,2022,2025,48431.0,0.6453852509261481,50003.803856507024,estrutura etaria Censo 2022 x populacao estimada 2025
4127205,2022,2025,11373.0,0.6473702185792349,11761.42213114754,estrutura etaria Censo 2022 x populacao estimada 2025
4127304,2022,2025,9323.0,0.628149845034362,9397.74983155909,estrutura etaria Censo 2022 x populacao estimada 2025
4127403,2022,2025,11345.0,0.6261383078536343,11668.713505160329,estrutura etaria Censo 2022 x populacao estimada 2025
4127502,2022,2025,12533.0,0.6278743549922349,12792.312108611794,estrutura etaria Censo 2022 x populacao estimada 2025
4127601,2022,2025,11126.0,0.6314057090971,11654.486578514272,estrutura etaria Censo 2022 x populacao estimada 2025
4127700,2022,2025,101287.0,0.6731375024921912,108173.86978799761,estrutura etaria Censo 2022 x populacao estimada 2025
4127809,2022,2025,5400.0,0.6408734868264895,5462.16472822217,estrutura etaria Censo 2022 x populacao estimada 2025
4127858,2022,2025,7003.0,0.6289178266726538,7016.836192186799,estrutura etaria Censo 2022 x populacao estimada 2025
4127882,2022,2025,3804.0,0.6116739025566812,3855.9922817173183,estrutura etaria Censo 2022 x populacao estimada 2025
4127908,2022,2025,5123.0,0.6350564026279906,5123.0,estrutura etaria Censo 2022 x populacao estimada 2025
4127957,2022,2025,4996.0,0.6185464900334282,5077.029590194379,estrutura etaria Censo 2022 x populacao estimada 2025
4127965,2022,2025,9048.0,0.6357950952146721,8965.346637622091,estrutura etaria Censo 2022 x populacao estimada 2025
4128005,2022,2025,15929.0,0.6436219645238191,16561.680391126913,estrutura etaria Censo 2022 x populacao estimada 2025
4128104,2022,2025,76392.0,0.6523933558221957,80282.87397412358,estrutura etaria Censo 2022 x populacao estimada 2025
4128203,2022,2025,35782.0,0.6501917031599223,36774.842730725206,estrutura etaria Censo 2022 x populacao estimada 2025
4128302,2022,2025,1373.0,0.6427902621722846,1353.7162921348315,estrutura etaria Censo 2022 x populacao estimada 2025
4128401,2022,2025,6449.0,0.6197386123390352,6388.265615990775,estrutura etaria Censo 2022 x populacao estimada 2025
4128500,2022,2025,12068.0,0.6289347508859704,12200.076297686053,estrutura etaria Censo 2022 x populacao estimada 2025
4128534,2022,2025,6254.0,0.6460076438384464,6305.034603863237,estrutura etaria Censo 2022 x populacao estimada 2025
4128559,2022,2025,5169.0,0.6292148508825319,5145.719050517346,estrutura etaria Censo 2022 x populacao estimada 2025
4128609,2022,2025,5029.0,0.6340141200201714,5120.932047402925,estrutura etaria Censo 2022 x populacao estimada 2025
4128625,2022,2025,1901.0,0.6222585924713584,1908.4671031096561,estrutura etaria Censo 2022 x populacao estimada 2025
4128633,2022,2025,3605.0,0.632789187291557,3634.741091802703,estrutura etaria Censo 2022 x populacao estimada 2025
4128658,2022,2025,2401.0,0.6300183678824456,2411.7103122540016,estrutura etaria Censo 2022 x populacao estimada 2025
4128708,2022,2025,6056.0,0.6239439521945188,6581.984751699979,estrutura etaria Censo 2022 x populacao estimada 2025
4128807,2022,2025,3535.0,0.6096929975853743,3557.558640910659,estrutura etaria Censo 2022 x populacao estimada 2025
4200051,2022,2025,1612.0,0.6204772902232486,1631.2347959969206,estrutura etaria Censo 2022 x populacao estimada 2025
4200101,2022,2025,10981.0,0.6313822447102115,11217.768341766328,estrutura etaria Censo 2022 x populacao estimada 2025
4200200,2022,2025,7182.0,0.6535031847133758,7610.698089171974,estrutura etaria Censo 2022 x populacao estimada 2025
4200309,2022,2025,3939.0,0.6505367464905037,4235.64475639967,estrutura etaria Censo 2022 x populacao estimada 2025
4200408,2022,2025,4116.0,0.6324523663183774,4165.963736939152,estrutura etaria Censo 2022 x populacao estimada 2025
4200507,2022,2025,3801.0,0.6297216699801192,3855.7857852882703,estrutura etaria Censo 2022 x populacao estimada 2025
4200556,2022,2025,1793.0,0.6315604085945755,1894.6812257837266,estrutura etaria Censo 2022 x populacao estimada 2025
4200606,2022,2025,4540.0,0.6732908201097434,4842.980869049385,estrutura etaria Censo 2022 x populacao estimada 2025
4200705,2022,2025,6849.0,0.6534681805171262,7163.971663009254,estrutura etaria Censo 2022 x populacao estimada 2025
4200754,2022,2025,1105.0,0.5953663793103449,1099.641702586207,estrutura etaria Censo 2022 x populacao estimada 2025
4200804,2022,2025,3770.0,0.6343597509675248,3777.6123170116102,estrutura etaria Censo 2022 x populacao estimada 2025
4200903,2022,2025,3470.0,0.6476297125793207,3551.6013437849947,estrutura etaria Censo 2022 x populacao estimada 2025
4201000,2022,2025,5229.0,0.6311406155703078,5263.081593240797,estrutura etaria Censo 2022 x populacao estimada 2025
4201109,2022,2025,2281.0,0.634845532980796,2387.654049540774,estrutura etaria Censo 2022 x populacao estimada 2025
4201208,2022,2025,7309.0,0.6511938702779758,8116.480399144691,estrutura etaria Censo 2022 x populacao estimada 2025
4201257,2022,2025,6435.0,0.6558964427683213,6585.856181836713,estrutura etaria Censo 2022 x populacao estimada 2025
4201273,2022,2025,2663.0,0.6082686158063042,2740.2501142074007,estrutura etaria Censo 2022 x populacao estimada 2025
4201307,2022,2025,29321.0,0.6475056864607027,33721.44864518694,estrutura etaria Censo 2022 x populacao estimada 2025
4201406,2022,2025,47302.0,0.6576847139957176,50385.88362392592,estrutura etaria Censo 2022 x populacao estimada 2025
4201505,2022,2025,5746.0,0.6504414761150102,6041.95087163233,estrutura etaria Censo 2022 x populacao estimada 2025
4201604,2022,2025,2287.0,0.6431383577052868,2337.1647919010124,estrutura etaria Censo 2022 x populacao estimada 2025
4201653,2022,2025,1591.0,0.6338645418326693,1662.6266932270914,estrutura etaria Censo 2022 x populacao estimada 2025
4201703,2022,2025,5407.0,0.6499579276355331,5667.633128981848,estrutura etaria Censo 2022 x populacao estimada 2025
4201802,2022,2025,2062.0,0.6389835760768515,2086.28137589092,estrutura etaria Censo 2022 x populacao estimada 2025
4201901,2022,2025,4398.0,0.6486725663716815,4697.038053097345,estrutura etaria Censo 2022 x populacao estimada 2025
4201950,2022,2025,9682.0,0.6120101137800252,10885.211883691529,estrutura etaria Censo 2022 x populacao estimada 2025
4202008,2022,2025,96374.0,0.6925658438431964,105044.23179907298,estrutura etaria Censo 2022 x populacao estimada 2025
4202057,2022,2025,8961.0,0.6009254291845494,10187.488800965666,estrutura etaria Censo 2022 x populacao estimada 2025
4202073,2022,2025,9640.0,0.6152275193056354,11065.482162231157,estrutura etaria Censo 2022 x populacao estimada 2025
4202081,2022,2025,1934.0,0.6151399491094147,2008.431933842239,estrutura etaria Censo 2022 x populacao estimada 2025
4202099,2022,2025,997.0,0.5977218225419664,981.4592326139087,estrutura etaria Censo 2022 x populacao estimada 2025
4202107,2022,2025,29322.0,0.6463003372346756,34163.43582622495,estrutura etaria Censo 2022 x populacao estimada 2025
4202131,2022,2025,3823.0,0.6510558583106267,3866.6207425068123,estrutura etaria Censo 2022 x populacao estimada 2025
4202156,2022,2025,1621.0,0.6098570353649361,1653.9322799097067,estrutura etaria Censo 2022 x populacao estimada 2025
4202206,2022,2025,6929.0,0.6586501901140684,7085.100095057034,estrutura etaria Censo 2022 x populacao estimada 2025
4202305,2022,2025,52300.0,0.6812290779310435,57057.02265119248,estrutura etaria Censo 2022 x populacao estimada 2025
4202404,2022,2025,251070.0,0.694982298116874,267955.9848973457,estrutura etaria Censo 2022 x populacao estimada 2025
4202438,2022,2025,2210.0,0.6287339971550497,2287.963015647226,estrutura etaria Censo 2022 x populacao estimada 2025
4202453,2022,2025,16967.0,0.6771091068720568,19458.76151328917,estrutura etaria Censo 2022 x populacao estimada 2025
4202503,2022,2025,2649.0,0.657973174366617,2628.6028315946346,estrutura etaria Censo 2022 x populacao estimada 2025
4202537,2022,2025,1770.0,0.6373784659704718,1845.8480374504861,estrutura etaria Censo 2022 x populacao estimada 2025
4202578,2022,2025,1318.0,0.6026520347508002,1349.9405578417925,estrutura etaria Censo 2022 x populacao estimada 2025
4202602,2022,2025,5310.0,0.6307911617961511,5312.523164647185,estrutura etaria Censo 2022 x populacao estimada 2025
4202701,2022,2025,3533.0,0.6587730747715831,3758.3003915718814,estrutura etaria Censo 2022 x populacao estimada 2025
4202800,2022,2025,22963.0,0.6799218310484707,24466.987090279217,estrutura etaria Censo 2022 x populacao estimada 2025
4202859,2022,2025,2519.0,0.6256830601092896,2662.907103825137,estrutura etaria Censo 2022 x populacao estimada 2025
4202875,2022,2025,1615.0,0.648854961832061,1578.6641221374045,estrutura etaria Censo 2022 x populacao estimada 2025
4202909,2022,2025,97265.0,0.6879442656576016,106842.56006648512,estrutura etaria Censo 2022 x populacao estimada 2025
4203006,2022,2025,48522.0,0.6581931633206728,50218.82197504069,estrutura etaria Censo 2022 x populacao estimada 2025
4203105,2022,2025,3978.0,0.6310279187817259,4064.4508248730967,estrutura etaria Censo 2022 x populacao estimada 2025
4203154,2022,2025,2092.0,0.6076096427534127,2138.1783328492593,estrutura etaria Censo 2022 x populacao estimada 2025
4203204,2022,2025,71411.0,0.69281293051594,81283.58425985214,estrutura etaria Censo 2022 x populacao estimada 2025
4203253,2022,2025,1644.0,0.6262857142857143,1650.889142857143,estrutura etaria Censo 2022 x populacao estimada 2025
4203303,2022,2025,8023.0,0.6417886569074474,8270.088632909366,estrutura etaria Censo 2022 x populacao estimada 2025
4203402,2022,2025,4665.0,0.6428276147168251,4708.069450186027,estrutura etaria Censo 2022 x populacao estimada 2025
4203501,2022,2025,5940.0,0.6172711212719526,6088.762340226541,estrutura etaria Censo 2022 x populacao estimada 2025
4203600,2022,2025,24592.0,0.6658724141665764,26001.651900790643,estrutura etaria Censo 2022 x populacao estimada 2025
4203709,2022,2025,8456.0,0.65954293736838,8981.6557210826,estrutura etaria Censo 2022 x populacao estimada 2025
4203808,2022,2025,36084.0,0.6558819252581067,37351.163879598666,estrutura etaria Censo 2022 x populacao estimada 2025
4203907,2022,2025,15700.0,0.6734151153813159,16440.756626919447,estrutura etaria Censo 2022 x populacao estimada 2025
4203956,2022,2025,15737.0,0.6563920750782065,16419.647758081337,estrutura etaria Censo 2022 x populacao estimada 2025
4204004,2022,2025,6866.0,0.6498201779292069,7169.466023092939,estrutura etaria Censo 2022 x populacao estimada 2025
4204103,2022,2025,2799.0,0.606631989596879,2882.715214564369,estrutura etaria Censo 2022 x populacao estimada 2025
4204152,2022,2025,1798.0,0.6409982174688057,1835.8188948306595,estrutura etaria Censo 2022 x populacao estimada 2025
4204178,2022,2025,2107.0,0.6352125414531203,2098.1070244196567,estrutura etaria Censo 2022 x populacao estimada 2025
4204194,2022,2025,1910.0,0.6474576271186441,1976.6881355932203,estrutura etaria Censo 2022 x populacao estimada 2025
4204202,2022,2025,174925.0,0.6865592558431619,194054.60054555803,estrutura etaria Censo 2022 x populacao estimada 2025
4204251,2022,2025,11790.0,0.6838747099767981,12382.235498839907,estrutura etaria Censo 2022 x populacao estimada 2025
4204301,2022,2025,53551.0,0.6558925115743576,57197.762364353424,estrutura etaria Censo 2022 x populacao estimada 2025
4204350,2022,2025,3066.0,0.6412884333821376,3329.5695461200585,estrutura etaria Censo 2022 x populacao estimada 2025
4204400,2022,2025,6714.0,0.6463226800154024,6853.605698883327,estrutura etaria Censo 2022 x populacao estimada 2025
4204459,2022,2025,1353.0,0.6552058111380146,1305.825181598063,estrutura etaria Censo 2022 x populacao estimada 2025
4204509,2022,2025,10072.0,0.6597235868212484,10497.521713499706,estrutura etaria Censo 2022 x populacao estimada 2025
4204558,2022,2025,10124.0,0.6437337063648503,10462.603929547911,estrutura etaria Censo 2022 x populacao estimada 2025
4204608,2022,2025,145634.0,0.6789685444280233,154423.24780762076,estrutura etaria Censo 2022 x populacao estimada 2025
4204707,2022,2025,7022.0,0.6411028941842417,7207.278736419245,estrutura etaria Censo 2022 x populacao estimada 2025
4204756,2022,2025,1264.0,0.6422764227642277,1301.2520325203252,estrutura etaria Censo 2022 x populacao estimada 2025
4204806,2022,2025,25664.0,0.6408790111124985,26750.930802846797,estrutura etaria Censo 2022 x populacao estimada 2025
4204905,2022,2025,5416.0,0.6349355216881595,5493.462133645956,estrutura etaria Censo 2022 x populacao estimada 2025
4205001,2022,2025,9433.0,0.6285314498933902,9626.587686567163,estrutura etaria Censo 2022 x populacao estimada 2025
4205100,2022,2025,2710.0,0.6420279554607913,2847.3939824686095,estrutura etaria Censo 2022 x populacao estimada 2025
4205159,2022,2025,2375.0,0.6530107231234534,2435.076986527358,estrutura etaria Censo 2022 x populacao estimada 2025
4205175,2022,2025,2105.0,0.6187536743092299,2203.3818342151676,estrutura etaria Censo 2022 x populacao estimada 2025
4205191,2022,2025,1452.0,0.6399294843543412,1506.3940061701192,estrutura etaria Censo 2022 x populacao estimada 2025
4205209,2022,2025,3018.0,0.6178096212896622,3173.688024564995,estrutura etaria Censo 2022 x populacao estimada 2025
4205308,2022,2025,7240.0,0.6468906361686919,7463.1772694781985,estrutura etaria Censo 2022 x populacao estimada 2025
4205357,2022,2025,1111.0,0.6231071228266966,1163.9641054402691,estrutura etaria Censo 2022 x populacao estimada 2025
4205407,2022,2025,374520.0,0.6971562384240084,409569.52988676704,estrutura etaria Censo 2022 x populacao estimada 2025
4205431,2022,2025,1694.0,0.6316181953765846,1738.2132736763608,estrutura etaria Censo 2022 x populacao estimada 2025
4205456,2022,2025,21139.0,0.6725525754828036,23385.325602112564,estrutura etaria Censo 2022 x populacao estimada 2025
4205506,2022,2025,21703.0,0.6482183925211313,22081.55954123234,estrutura etaria Censo 2022 x populacao estimada 2025
4205555,2022,2025,1560.0,0.6470344255495645,1576.8228950642886,estrutura etaria Censo 2022 x populacao estimada 2025
4205605,2022,2025,1989.0,0.6196261682242991,1962.9757009345794,estrutura etaria Censo 2022 x populacao estimada 2025
4205704,2022,2025,19971.0,0.6666110350812777,22711.43796521913,estrutura etaria Censo 2022 x populacao estimada 2025
4205803,2022,2025,11883.0,0.6407657050417902,12796.09112968455,estrutura etaria Censo 2022 x populacao estimada 2025
4205902,2022,2025,49349.0,0.6800192917183409,53275.431390381695,estrutura etaria Censo 2022 x populacao estimada 2025
4206009,2022,2025,11326.0,0.6695832101684895,12239.981081879989,estrutura etaria Censo 2022 x populacao estimada 2025
4206108,2022,2025,4060.0,0.6468057989485423,4141.497530667516,estrutura etaria Censo 2022 x populacao estimada 2025
4206207,2022,2025,8104.0,0.651708886208283,8575.185524728588,estrutura etaria Censo 2022 x populacao estimada 2025
4206306,2022,2025,16568.0,0.6750600986024529,17986.976327262357,estrutura etaria Censo 2022 x populacao estimada 2025
4206405,2022,2025,6986.0,0.6470915153760652,7163.9501667284185,estrutura etaria Censo 2022 x populacao estimada 2025
4206504,2022,2025,31695.0,0.6785339641626169,34611.338977970925,estrutura etaria Censo 2022 x populacao estimada 2025
4206603,2022,2025,3097.0,0.6413336094429488,3138.0453510043485,estrutura etaria Censo 2022 x populacao estimada 2025
4206652,2022,2025,5353.0,0.6353709198813057,6106.549910979229,estrutura etaria Censo 2022 x populacao estimada 2025
4206702,2022,2025,14404.0,0.6630454796538391,14734.196648867612,estrutura etaria Censo 2022 x populacao estimada 2025
4206751,2022,2025,1244.0,0.6195219123505976,1276.8346613545816,estrutura etaria Censo 2022 x populacao estimada 2025
4206801,2022,2025,2007.0,0.6139492199449373,2022.9626797185686,estrutura etaria Censo 2022 x populacao estimada 2025
4206900,2022,2025,13167.0,0.6629241768200584,13855.11529553922,estrutura etaria Censo 2022 x populacao estimada 2025
4207007,2022,2025,39702.0,0.6725163038875244,42697.387617515036,estrutura etaria Censo 2022 x populacao estimada 2025
4207106,2022,2025,11137.0,0.6533497594743635,12169.945969728968,estrutura etaria Censo 2022 x populacao estimada 2025
4207205,2022,2025,7363.0,0.6197289790421682,7529.707095362343,estrutura etaria Censo 2022 x populacao estimada 2025
4207304,2022,2025,34457.0,0.6553376823446623,37522.014340325986,estrutura etaria Censo 2022 x populacao estimada 2025
4207403,2022,2025,3919.0,0.6551320628552324,4039.544299565363,estrutura etaria Censo 2022 x populacao estimada 2025
4207502,2022,2025,48650.0,0.6799535982333785,52960.22585920139,estrutura etaria Censo 2022 x populacao estimada 2025
4207577,2022,2025,1828.0,0.6353840806395551,1885.18456725756,estrutura etaria Censo 2022 x populacao estimada 2025
4207601,2022,2025,2849.0,0.6223241590214067,2876.382262996942,estrutura etaria Censo 2022 x populacao estimada 2025
4207650,2022,2025,5966.0,0.6391001606855918,6236.978468130691,estrutura etaria Censo 2022 x populacao estimada 2025
4207684,2022,2025,4688.0,0.6064683053040103,4932.406727037515,estrutura etaria Censo 2022 x populacao estimada 2025
4207700,2022,2025,5058.0,0.6471340839303992,5255.375895598771,estrutura etaria Censo 2022 x populacao estimada 2025
4207759,2022,2025,2492.0,0.6251881585549423,2488.874059207225,estrutura etaria Censo 2022 x populacao estimada 2025
4207809,2022,2025,6633.0,0.6506130456105934,6870.473761647866,estrutura etaria Censo 2022 x populacao estimada 2025
4207858,2022,2025,1313.0,0.6346060898985016,1331.4035766070565,estrutura etaria Censo 2022 x populacao estimada 2025
4207908,2022,2025,6665.0,0.648031113271755,6757.020418084589,estrutura etaria Censo 2022 x populacao estimada 2025
4208005,2022,2025,4528.0,0.6407244941276354,4722.139521720673,estrutura etaria Censo 2022 x populacao estimada 2025
4208104,2022,2025,14188.0,0.6434175320847128,14738.12198993243,estrutura etaria Censo 2022 x populacao estimada 2025
4208203,2022,2025,180102.0,0.6820650321525142,201106.8747301688,estrutura etaria Censo 2022 x populacao estimada 2025
4208302,2022,2025,51515.0,0.6783644982881222,58418.03713457993,estrutura etaria Censo 2022 x populacao estimada 2025
4208401,2022,2025,10932.0,0.6570501262170934,11345.941579516768,estrutura etaria Censo 2022 x populacao estimada 2025
4208450,2022,2025,19543.0,0.6355447154471545,22900.58273170732,estrutura etaria Censo 2022 x populacao estimada 2025
4208500,2022,2025,17508.0,0.6600565504241281,18785.86948162111,estrutura etaria Censo 2022 x populacao estimada 2025
4208609,2022,2025,2688.0,0.6236658932714617,2782.1735498839907,estrutura etaria Censo 2022 x populacao estimada 2025
4208708,2022,2025,6880.0,0.6475903614457831,7005.6325301204815,estrutura etaria Censo 2022 x populacao estimada 2025
4208807,2022,2025,12871.0,0.6317055214723927,13625.88809815951,estrutura etaria Censo 2022 x populacao estimada 2025
4208906,2022,2025,125924.0,0.6893901237271434,137546.4280959159,estrutura etaria Censo 2022 x populacao estimada 2025
4208955,2022,2025,1141.0,0.642454954954955,1162.8434684684685,estrutura etaria Censo 2022 x populacao estimada 2025
4209003,2022,2025,20341.0,0.6747495521793936,21463.10850527433,estrutura etaria Censo 2022 x populacao estimada 2025
4209102,2022,2025,420488.0,0.6822592918903746,453389.2720921214,estrutura etaria Censo 2022 x populacao estimada 2025
4209151,2022,2025,3596.0,0.6008354218880535,3854.359231411863,estrutura etaria Censo 2022 x populacao estimada 2025
4209177,2022,2025,1639.0,0.6414872798434442,1740.3549902152643,estrutura etaria Censo 2022 x populacao estimada 2025
4209201,2022,2025,1414.0,0.6290035587188612,1447.9661921708184,estrutura etaria Censo 2022 x populacao estimada 2025
4209300,2022,2025,108382.0,0.6569362532655275,113293.91236566634,estrutura etaria Censo 2022 x populacao estimada 2025
4209409,2022,2025,27742.0,0.6484048147715321,28568.716138833704,estrutura etaria Censo 2022 x populacao estimada 2025
4209458,2022,2025,1078.0,0.6333725029377203,1134.3701527614571,estrutura etaria Censo 2022 x populacao estimada 2025
4209508,2022,2025,5285.0,0.6662884518406454,5733.412128088754,estrutura etaria Censo 2022 x populacao estimada 2025
4209607,2022,2025,9376.0,0.6519713510882414,9537.036923718795,estrutura etaria Censo 2022 x populacao estimada 2025
4209706,2022,2025,7106.0,0.6194211994421199,7169.800383542538,estrutura etaria Censo 2022 x populacao estimada 2025
4209805,2022,2025,2173.0,0.6525525525525525,2204.975075075075,estrutura etaria Censo 2022 x populacao estimada 2025
4209854,2022,2025,2895.0,0.6364036051879534,2930.0021982853373,estrutura etaria Censo 2022 x populacao estimada 2025
4209904,2022,2025,8317.0,0.6460809446127553,8934.653383049794,estrutura etaria Censo 2022 x populacao estimada 2025
4210001,2022,2025,7713.0,0.6601335159192058,8083.995035946594,estrutura etaria Censo 2022 x populacao estimada 2025
4210035,2022,2025,3735.0,0.6446323783224025,3836.207283396617,estrutura etaria Censo 2022 x populacao estimada 2025
4210050,2022,2025,1088.0,0.6119235095613048,1099.0146231721035,estrutura etaria Censo 2022 x populacao estimada 2025
4210100,2022,2025,36582.0,0.6616865029121296,37889.49252975437,estrutura etaria Censo 2022 x populacao estimada 2025
4210209,2022,2025,1973.0,0.6138767890479153,1996.9411947728686,estrutura etaria Censo 2022 x populacao estimada 2025
4210308,2022,2025,4833.0,0.6509090909090909,4909.807272727273,estrutura etaria Censo 2022 x populacao estimada 2025
4210407,2022,2025,5045.0,0.6455534229046705,5386.497760716571,estrutura etaria Censo 2022 x populacao estimada 2025
4210506,2022,2025,18749.0,0.6636579236133234,20402.8355456444,estrutura etaria Censo 2022 x populacao estimada 2025
4210555,2022,2025,1375.0,0.6295787545787546,1396.4056776556777,estrutura etaria Censo 2022 x populacao estimada 2025
4210605,2022,2025,11341.0,0.6608204172007924,11975.38760051276,estrutura etaria Censo 2022 x populacao estimada 2025
4210704,2022,2025,1713.0,0.6204273813835567,1730.3719666787397,estrutura etaria Censo 2022 x populacao estimada 2025
4210803,2022,2025,4555.0,0.6501570082786183,4634.319155009992,estrutura etaria Censo 2022 x populacao estimada 2025
4210852,2022,2025,1583.0,0.630426125049781,1610.1083233771408,estrutura etaria Censo 2022 x populacao estimada 2025
4210902,2022,2025,2648.0,0.6490196078431373,2699.272549019608,estrutura etaria Censo 2022 x populacao estimada 2025
4211009,2022,2025,6529.0,0.6486191138485993,6619.806675938804,estrutura etaria Censo 2022 x populacao estimada 2025
4211058,2022,2025,5896.0,0.6467039596358451,5961.317099923221,estrutura etaria Censo 2022 x populacao estimada 2025
4211108,2022,2025,4959.0,0.641028955532575,4966.051318510858,estrutura etaria Censo 2022 x populacao estimada 2025
4211207,2022,2025,12366.0,0.6670982359605114,13001.744618870367,estrutura etaria Censo 2022 x populacao estimada 2025
4211256,2022,2025,1942.0,0.6451827242524917,1998.1308970099667,estrutura etaria Censo 2022 x populacao estimada 2025
4211306,2022,2025,57262.0,0.6627469589472345,63654.19441904608,estrutura etaria Censo 2022 x populacao estimada 2025
4211405,2022,2025,3401.0,0.6597478176527644,3622.0155189136763,estrutura etaria Censo 2022 x populacao estimada 2025
4211454,2022,2025,2927.0,0.6452821869488536,3014.7583774250443,estrutura etaria Censo 2022 x populacao estimada 2025
4211504,2022,2025,9160.0,0.6672980257885919,9605.75508122678,estrutura etaria Censo 2022 x populacao estimada 2025
4211603,2022,2025,9182.0,0.6719847775175644,9410.474824355972,estrutura etaria Censo 2022 x populacao estimada 2025
4211652,2022,2025,1671.0,0.6322360953461975,1682.3802497162317,estrutura etaria Censo 2022 x populacao estimada 2025
4211702,2022,2025,15973.0,0.6750771311440767,16664.95405942268,estrutura etaria Censo 2022 x populacao estimada 2025
4211751,2022,2025,11213.0,0.6477010166358595,11576.360270332718,estrutura etaria Censo 2022 x populacao estimada 2025
4211801,2022,2025,4595.0,0.6534414106939704,4614.603242320819,estrutura etaria Censo 2022 x populacao estimada 2025
4211850,2022,2025,1402.0,0.6428243924805135,1410.999541494727,estrutura etaria Censo 2022 x populacao estimada 2025
4211876,2022,2025,1193.0,0.6190970420342501,1242.52776336274,estrutura etaria Censo 2022 x populacao estimada 2025
4211892,2022,2025,1398.0,0.6311512415349887,1398.631151241535,estrutura etaria Censo 2022 x populacao estimada 2025
4211900,2022,2025,153026.0,0.6874545144161224,174248.4083145401,estrutura etaria Censo 2022 x populacao estimada 2025
4212007,2022,2025,4778.0,0.6282708744247206,4835.17264957265,estrutura etaria Censo 2022 x populacao estimada 2025
4212056,2022,2025,1590.0,0.6208512299882858,1650.2225693088637,estrutura etaria Censo 2022 x populacao estimada 2025
4212106,2022,2025,9934.0,0.6357353129399719,10032.538973505696,estrutura etaria Censo 2022 x populacao estimada 2025
4212205,2022,2025,12667.0,0.661462140992167,13076.44506527415,estrutura etaria Censo 2022 x populacao estimada 2025
4212239,2022,2025,2683.0,0.6287790016404968,2762.854933208343,estrutura etaria Censo 2022 x populacao estimada 2025
4212254,2022,2025,8307.0,0.6441032798325191,9570.730635031401,estrutura etaria Censo 2022 x populacao estimada 2025
4212270,2022,2025,2475.0,0.6135349529003471,2452.299206742687,estrutura etaria Censo 2022 x populacao estimada 2025
4212304,2022,2025,5834.0,0.643716208760896,6359.272426348892,estrutura etaria Censo 2022 x populacao estimada 2025
4212403,2022,2025,2790.0,0.657243816254417,2862.296819787986,estrutura etaria Censo 2022 x populacao estimada 2025
4212502,2022,2025,22004.0,0.653655348602323,24181.979621542938,estrutura etaria Censo 2022 x populacao estimada 2025
4212601,2022,2025,1837.0,0.6139705882352942,1866.4705882352941,estrutura etaria Censo 2022 x populacao estimada 2025
4212650,2022,2025,6706.0,0.6580961727183513,6985.6908734052995,estrutura etaria Censo 2022 x populacao estimada 2025
4212700,2022,2025,4252.0,0.6331149493746278,4429.272185824896,estrutura etaria Censo 2022 x populacao estimada 2025
4212809,2022,2025,17605.0,0.6489844066796918,19854.379953551812,estrutura etaria Censo 2022 x populacao estimada 2025
4212908,2022,2025,14867.0,0.6766338976879666,16169.520253049337,estrutura etaria Censo 2022 x populacao estimada 2025
4213005,2022,2025,2266.0,0.6524618485459257,2369.088972070256,estrutura etaria Censo 2022 x populacao estimada 2025
4213104,2022,2025,3620.0,0.6274917663373202,3855.309412376495,estrutura etaria Censo 2022 x populacao estimada 2025
4213153,2022,2025,1869.0,0.6344195519348269,1954.6466395112018,estrutura etaria Censo 2022 x populacao estimada 2025
4213203,2022,2025,23435.0,0.683455335530345,25289.897780629355,estrutura etaria Censo 2022 x populacao estimada 2025
4213302,2022,2025,2788.0,0.6283524904214559,2758.4674329501913,estrutura etaria Censo 2022 x populacao estimada 2025
4213351,2022,2025,2016.0,0.6280373831775701,2035.4691588785047,estrutura etaria Censo 2022 x populacao estimada 2025
4213401,2022,2025,6726.0,0.6316086017466429,6778.423513944972,estrutura etaria Censo 2022 x populacao estimada 2025
4213500,2022,2025,18860.0,0.681161514013291,21495.413897717423,estrutura etaria Censo 2022 x populacao estimada 2025
4213609,2022,2025,21345.0,0.6474067333939946,21813.722474977254,estrutura etaria Censo 2022 x populacao estimada 2025
4213708,2022,2025,11066.0,0.6462652572563219,11665.734158733867,estrutura etaria Censo 2022 x populacao estimada 2025
4213807,2022,2025,5303.0,0.6412333736396614,5576.165417170495,estrutura etaria Censo 2022 x populacao estimada 2025
4213906,2022,2025,1050.0,0.6216696269982238,1061.1900532859681,estrutura etaria Censo 2022 x populacao estimada 2025
4214003,2022,2025,13494.0,0.6743628185907047,14676.832383808096,estrutura etaria Censo 2022 x populacao estimada 2025
4214102,2022,2025,1456.0,0.632768361581921,1485.1073446327684,estrutura etaria Censo 2022 x populacao estimada 2025
4214151,2022,2025,1901.0,0.6413630229419703,1970.908569500675,estrutura etaria Censo 2022 x populacao estimada 2025
4214201,2022,2025,7137.0,0.6475231355470876,7403.132008709853,estrutura etaria Censo 2022 x populacao estimada 2025
4214300,2022,2025,2120.0,0.6465385788350106,2252.540408661177,estrutura etaria Censo 2022 x populacao estimada 2025
4214409,2022,2025,3876.0,0.6198624660163121,3966.4999200383813,estrutura etaria Censo 2022 x populacao estimada 2025
4214508,2022,2025,4149.0,0.6430564166150031,4268.608493490391,estrutura etaria Censo 2022 x populacao estimada 2025
4214607,2022,2025,4948.0,0.6386988511681941,5154.938427778495,estrutura etaria Censo 2022 x populacao estimada 2025
4214706,2022,2025,7071.0,0.6508053382420617,7300.7342843994475,estrutura etaria Censo 2022 x populacao estimada 2025
4214805,2022,2025,49418.0,0.6808106134707317,52729.46282392164,estrutura etaria Censo 2022 x populacao estimada 2025
4214904,2022,2025,3152.0,0.650299154115948,3280.1089333608415,estrutura etaria Censo 2022 x populacao estimada 2025
4215000,2022,2025,26141.0,0.6658261378976592,26720.93456610886,estrutura etaria Censo 2022 x populacao estimada 2025
4215059,2022,2025,1533.0,0.639549436795995,1553.4655819774719,estrutura etaria Censo 2022 x populacao estimada 2025
4215075,2022,2025,3042.0,0.638003355704698,3080.280201342282,estrutura etaria Censo 2022 x populacao estimada 2025
4215109,2022,2025,8357.0,0.6550913224112253,8837.83703064984,estrutura etaria Censo 2022 x populacao estimada 2025
4215208,2022,2025,2981.0,0.6180800331743728,2895.086875388762,estrutura etaria Censo 2022 x populacao estimada 2025
4215307,2022,2025,4817.0,0.6432100413940446,4924.416076912806,estrutura etaria Censo 2022 x populacao estimada 2025
4215356,2022,2025,2215.0,0.6098568281938326,2197.9240088105726,estrutura etaria Censo 2022 x populacao estimada 2025
4215406,2022,2025,2852.0,0.6496583143507972,2920.2141230068337,estrutura etaria Censo 2022 x populacao estimada 2025
4215455,2022,2025,8330.0,0.6466387206955442,8921.674429436423,estrutura etaria Censo 2022 x populacao estimada 2025
4215505,2022,2025,10001.0,0.6433166087739611,10131.593271581114,estrutura etaria Censo 2022 x populacao estimada 2025
4215554,2022,2025,1531.0,0.631340206185567,1563.1983505154637,estrutura etaria Censo 2022 x populacao estimada 2025
4215604,2022,2025,1409.0,0.6748084291187739,1438.0167624521073,estrutura etaria Censo 2022 x populacao estimada 2025
4215653,2022,2025,6224.0,0.6356209150326797,6642.238562091503,estrutura etaria Censo 2022 x populacao estimada 2025
4215679,2022,2025,5362.0,0.664765683114307,5328.09695016117,estrutura etaria Censo 2022 x populacao estimada 2025
4215687,2022,2025,1580.0,0.6133540372670807,1554.2391304347825,estrutura etaria Censo 2022 x populacao estimada 2025
4215695,2022,2025,1029.0,0.6232586311326469,1079.4839491217444,estrutura etaria Censo 2022 x populacao estimada 2025
4215703,2022,2025,18398.0,0.6746113229686125,20305.126210032267,estrutura etaria Censo 2022 x populacao estimada 2025
4215752,2022,2025,1651.0,0.6151266766020864,1670.0689269746647,estrutura etaria Censo 2022 x populacao estimada 2025
4215802,2022,2025,56217.0,0.6750603407903742,59176.464534025,estrutura etaria Censo 2022 x populacao estimada 2025
4215901,2022,2025,1900.0,0.6449422946367956,1923.2179226069245,estrutura etaria Censo 2022 x populacao estimada 2025
4216008,2022,2025,6625.0,0.6443298969072165,6740.9793814433,estrutura etaria Censo 2022 x populacao estimada 2025
4216057,2022,2025,4455.0,0.7322485207100592,4751.560650887574,estrutura etaria Censo 2022 x populacao estimada 2025
4216107,2022,2025,5973.0,0.6474094949057013,6048.746910903968,estrutura etaria Censo 2022 x populacao estimada 2025
4216206,2022,2025,33839.0,0.6424232068952425,36442.09883433952,estrutura etaria Censo 2022 x populacao estimada 2025
4216255,2022,2025,4007.0,0.6365369340746624,4116.484352660842,estrutura etaria Censo 2022 x populacao estimada 2025
4216305,2022,2025,21985.0,0.672591550157555,23766.695016367365,estrutura etaria Censo 2022 x populacao estimada 2025
4216354,2022,2025,2804.0,0.6282769437598028,3032.692807528568,estrutura etaria Censo 2022 x populacao estimada 2025
4216404,2022,2025,5540.0,0.639132441162898,5929.870789109368,estrutura etaria Censo 2022 x populacao estimada 2025
4216503,2022,2025,16834.0,0.6489841551331971,17510.890473803924,estrutura etaria Censo 2022 x populacao estimada 2025
4216602,2022,2025,188410.0,0.6970429043392687,206086.3110111395,estrutura etaria Censo 2022 x populacao estimada 2025
4216701,2022,2025,9221.0,0.6508788028516976,9462.47603585798,estrutura etaria Censo 2022 x populacao estimada 2025
4216800,2022,2025,5511.0,0.6328663298116675,5509.734267340377,estrutura etaria Censo 2022 x populacao estimada 2025
4216909,2022,2025,16172.0,0.6523335081279497,16997.201887781855,estrutura etaria Censo 2022 x populacao estimada 2025
4217006,2022,2025,9186.0,0.679991117033089,9821.791694425938,estrutura etaria Censo 2022 x populacao estimada 2025
4217105,2022,2025,2136.0,0.6273127753303964,2208.1409691629956,estrutura etaria Censo 2022 x populacao estimada 2025
4217154,2022,2025,1105.0,0.6204379562043796,1102.5182481751824,estrutura etaria Censo 2022 x populacao estimada 2025
4217204,2022,2025,29869.0,0.6737875028197609,32155.834784570266,estrutura etaria Censo 2022 x populacao estimada 2025
4217253,2022,2025,4074.0,0.7053324099722992,4355.4276315789475,estrutura etaria Censo 2022 x populacao estimada 2025
4217303,2022,2025,6766.0,0.659132976132489,7117.977009254749,estrutura etaria Censo 2022 x populacao estimada 2025
4217402,2022,2025,13400.0,0.6679627137231444,14501.470514929466,estrutura etaria Censo 2022 x populacao estimada 2025
4217501,2022,2025,12272.0,0.6590762620837809,12785.420408163265,estrutura etaria Censo 2022 x populacao estimada 2025
4217550,2022,2025,2152.0,0.6515289131092946,2195.652437178323,estrutura etaria Censo 2022 x populacao estimada 2025
4217600,2022,2025,9068.0,0.6612221087939332,9360.260172086919,estrutura etaria Censo 2022 x populacao estimada 2025
4217709,2022,2025,19413.0,0.6472941882564769,20533.46623987196,estrutura etaria Censo 2022 x populacao estimada 2025
4217758,2022,2025,1793.0,0.6331214689265536,1836.0522598870054,estrutura etaria Censo 2022 x populacao estimada 2025
4217808,2022,2025,11822.0,0.6456581103222283,12208.749208083014,estrutura etaria Censo 2022 x populacao estimada 2025
4217907,2022,2025,5255.0,0.6453395554463957,5255.645339555446,estrutura etaria Censo 2022 x populacao estimada 2025
4217956,2022,2025,1467.0,0.6298840704164878,1596.7561185057964,estrutura etaria Censo 2022 x populacao estimada 2025
4218004,2022,2025,34805.0,0.6746200961389363,39596.826542874864,estrutura etaria Censo 2022 x populacao estimada 2025
4218103,2022,2025,3487.0,0.6474192350538432,3562.7480505012995,estrutura etaria Censo 2022 x populacao estimada 2025
4218202,2022,2025,31672.0,0.6870431028872643,34192.76114449337,estrutura etaria Censo 2022 x populacao estimada 2025
4218251,2022,2025,4684.0,0.6379733042767638,4798.197221465541,estrutura etaria Censo 2022 x populacao estimada 2025
4218301,2022,2025,12531.0,0.6346095411728958,13025.360832573686,estrutura etaria Censo 2022 x populacao estimada 2025
4218350,2022,2025,2503.0,0.6618191433104178,2594.331041776838,estrutura etaria Censo 2022 x populacao estimada 2025
4218400,2022,2025,4738.0,0.643575115457756,4912.408856289052,estrutura etaria Censo 2022 x populacao estimada 2025
4218509,2022,2025,5787.0,0.6585865483100034,6276.988391942642,estrutura etaria Censo 2022 x populacao estimada 2025
4218608,2022,2025,4760.0,0.6543854825405554,4972.67528182568,estrutura etaria Censo 2022 x populacao estimada 2025
4218707,2022,2025,73895.0,0.6712357386817819,78349.99159763099,estrutura etaria Censo 2022 x populacao estimada 2025
4218756,2022,2025,3122.0,0.6350691619202604,3226.7864117168433,estrutura etaria Censo 2022 x populacao estimada 2025
4218806,2022,2025,8689.0,0.6661810933067546,9062.72759334509,estrutura etaria Censo 2022 x populacao estimada 2025
4218855,2022,2025,1748.0,0.6301369863013698,1758.7123287671232,estrutura etaria Censo 2022 x populacao estimada 2025
4218905,2022,2025,6928.0,0.6394683404098209,7075.077718294258,estrutura etaria Censo 2022 x populacao estimada 2025
4218954,2022,2025,1699.0,0.639683734939759,1759.7699548192772,estrutura etaria Censo 2022 x populacao estimada 2025
4219002,2022,2025,13963.0,0.6674793250155361,14326.776232133467,estrutura etaria Censo 2022 x populacao estimada 2025
4219101,2022,2025,2327.0,0.6403412217941662,2385.9113924050635,estrutura etaria Censo 2022 x populacao estimada 2025
4219150,2022,2025,1696.0,0.6456033498287019,1686.961553102398,estrutura etaria Censo 2022 x populacao estimada 2025
4219176,2022,2025,2896.0,0.6328671328671329,2909.29020979021,estrutura etaria Censo 2022 x populacao estimada 2025
4219200,2022,2025,4059.0,0.6558410082404266,4109.499757634513,estrutura etaria Censo 2022 x populacao estimada 2025
4219309,2022,2025,37491.0,0.6759275952835971,39929.746763783216,estrutura etaria Censo 2022 x populacao estimada 2025
4219358,2022,2025,3377.0,0.6288640595903165,3463.154376163873,estrutura etaria Censo 2022 x populacao estimada 2025
4219408,2022,2025,2774.0,0.6519388954171563,2942.2002350176267,estrutura etaria Censo 2022 x populacao estimada 2025
4219507,2022,2025,34354.0,0.6656848877090317,36540.10917123646,estrutura etaria Censo 2022 x populacao estimada 2025
4219606,2022,2025,2326.0,0.6367369285518751,2281.4284150013686,estrutura etaria Censo 2022 x populacao estimada 2025
4219705,2022,2025,21092.0,0.6608183470142239,22788.32069678551,estrutura etaria Censo 2022 x populacao estimada 2025
4219853,2022,2025,2502.0,0.6366412213740458,2710.1816793893126,estrutura etaria Censo 2022 x populacao estimada 2025
4220000,2022,2025,9847.0,0.6161692009260997,10904.346348789188,estrutura etaria Censo 2022 x populacao estimada 2025
4300034,2022,2025,2666.0,0.6393285371702638,2717.7856115107916,estrutura etaria Censo 2022 x populacao estimada 2025
4300059,2022,2025,2413.0,0.6168200408997955,2469.1306237218814,estrutura etaria Censo 2022 x populacao estimada 2025
4300109,2022,2025,10417.0,0.6493984165575712,10611.819524967272,estrutura etaria Censo 2022 x populacao estimada 2025
4300208,2022,2025,4268.0,0.6351190476190476,4346.119642857143,estrutura etaria Censo 2022 x populacao estimada 2025
4300307,2022,2025,3653.0,0.5966029723991507,3710.2738853503183,estrutura etaria Censo 2022 x populacao estimada 2025
4300406,2022,2025,46258.0,0.638843237719068,47456.469913960966,estrutura etaria Censo 2022 x populacao estimada 2025
4300455,2022,2025,2184.0,0.5981922760887428,2216.302382908792,estrutura etaria Censo 2022 x populacao estimada 2025
4300471,2022,2025,1220.0,0.6196038598273235,1243.5449466734383,estrutura etaria Censo 2022 x populacao estimada 2025
4300505,2022,2025,4405.0,0.6189405648447379,4478.034986651679,estrutura etaria Censo 2022 x populacao estimada 2025
4300554,2022,2025,1132.0,0.6288888888888889,1155.268888888889,estrutura etaria Censo 2022 x populacao estimada 2025
4300570,2022,2025,2044.0,0.6653645833333334,2092.5716145833335,estrutura etaria Censo 2022 x populacao estimada 2025
4300604,2022,2025,121918.0,0.6508715265728853,126309.43018978726,estrutura etaria Censo 2022 x populacao estimada 2025
4300638,2022,2025,3399.0,0.6401129943502825,3446.368361581921,estrutura etaria Censo 2022 x populacao estimada 2025
4300646,2022,2025,5024.0,0.6567320261437909,5139.584836601308,estrutura etaria Censo 2022 x populacao estimada 2025
4300661,2022,2025,709.0,0.6246696035242291,722.1180616740088,estrutura etaria Censo 2022 x populacao estimada 2025
4300703,2022,2025,3728.0,0.6258183649487997,3804.975658888702,estrutura etaria Censo 2022 x populacao estimada 2025
4300802,2022,2025,8452.0,0.6479110770410119,8637.95047911077,estrutura etaria Censo 2022 x populacao estimada 2025
4300851,2022,2025,2507.0,0.6096789883268483,2569.796935797666,estrutura etaria Censo 2022 x populacao estimada 2025
4300877,2022,2025,5612.0,0.6582991202346041,5813.439530791789,estrutura etaria Censo 2022 x populacao estimada 2025
4300901,2022,2025,3960.0,0.6108283202221194,4042.4618232299863,estrutura etaria Censo 2022 x populacao estimada 2025
4301008,2022,2025,14490.0,0.6598961654066855,14862.841333454777,estrutura etaria Censo 2022 x populacao estimada 2025
4301057,2022,2025,6622.0,0.5988966265714027,6838.201682192276,estrutura etaria Censo 2022 x populacao estimada 2025
4301073,2022,2025,1686.0,0.6487110427087341,1719.0842631781454,estrutura etaria Censo 2022 x populacao estimada 2025
4301107,2022,2025,9242.0,0.6329703444969522,9452.779124717485,estrutura etaria Censo 2022 x populacao estimada 2025
4301206,2022,2025,7868.0,0.6525128545364074,8020.035495106983,estrutura etaria Censo 2022 x populacao estimada 2025
4301305,2022,2025,11099.0,0.6321335003986787,11301.914853627975,estrutura etaria Censo 2022 x populacao estimada 2025
4301404,2022,2025,6566.0,0.6361170315830266,6709.1263321061815,estrutura etaria Censo 2022 x populacao estimada 2025
4301503,2022,2025,4357.0,0.60945586795356,4450.856203664848,estrutura etaria Censo 2022 x populacao estimada 2025
4301552,2022,2025,2155.0,0.6345700824499411,2194.3433451118963,estrutura etaria Censo 2022 x populacao estimada 2025
4301602,2022,2025,75146.0,0.6371652902372433,77688.28950804661,estrutura etaria Censo 2022 x populacao estimada 2025
4301636,2022,2025,8720.0,0.5830825810765631,8987.051822133068,estrutura etaria Censo 2022 x populacao estimada 2025
4301651,2022,2025,4287.0,0.6635195790125368,4310.223185265439,estrutura etaria Censo 2022 x populacao estimada 2025
4301701,2022,2025,4498.0,0.629619260918253,4608.812989921612,estrutura etaria Censo 2022 x populacao estimada 2025
4301750,2022,2025,3833.0,0.6508745118016641,3887.022584479538,estrutura etaria Censo 2022 x populacao estimada 2025
4301800,2022,2025,2950.0,0.6106396191264748,3001.2937280066235,estrutura etaria Censo 2022 x populacao estimada 2025
4301859,2022,2025,1935.0,0.6121480544131604,1977.8503638089214,estrutura etaria Censo 2022 x populacao estimada 2025
4301875,2022,2025,2651.0,0.6250884225418534,2712.883753831644,estrutura etaria Censo 2022 x populacao estimada 2025
4301909,2022,2025,7595.0,0.6212678936605317,7749.074437627812,estrutura etaria Censo 2022 x populacao estimada 2025
4301925,2022,2025,1025.0,0.6043632075471698,1040.1090801886792,estrutura etaria Censo 2022 x populacao estimada 2025
4301958,2022,2025,1575.0,0.6305044035228182,1612.1997598078462,estrutura etaria Censo 2022 x populacao estimada 2025
4302006,2022,2025,5828.0,0.6269363166953529,5908.8747848537005,estrutura etaria Censo 2022 x populacao estimada 2025
4302055,2022,2025,1266.0,0.6080691642651297,1287.8904899135448,estrutura etaria Censo 2022 x populacao estimada 2025
4302105,2022,2025,83264.0,0.6761130644493346,86526.92164903249,estrutura etaria Censo 2022 x populacao estimada 2025
4302154,2022,2025,1223.0,0.6326952922917745,1245.1443352302122,estrutura etaria Censo 2022 x populacao estimada 2025
4302204,2022,2025,4422.0,0.6347975882859603,4525.472006890611,estrutura etaria Censo 2022 x populacao estimada 2025
4302220,2022,2025,1428.0,0.6406460296096904,1453.6258411843876,estrutura etaria Censo 2022 x populacao estimada 2025
4302238,2022,2025,1425.0,0.6274768824306473,1451.9815059445177,estrutura etaria Censo 2022 x populacao estimada 2025
4302253,2022,2025,1737.0,0.6250449802087081,1759.5016192875134,estrutura etaria Censo 2022 x populacao estimada 2025
4302303,2022,2025,6788.0,0.605963220853419,6925.553651133726,estrutura etaria Censo 2022 x populacao estimada 2025
4302352,2022,2025,8806.0,0.6700654390503729,9156.444224623345,estrutura etaria Censo 2022 x populacao estimada 2025
4302378,2022,2025,1297.0,0.6187977099236641,1319.276717557252,estrutura etaria Censo 2022 x populacao estimada 2025
4302402,2022,2025,7946.0,0.6463315438425248,8135.37514234586,estrutura etaria Censo 2022 x populacao estimada 2025
4302451,2022,2025,4053.0,0.6487914198815431,4023.80438610533,estrutura etaria Censo 2022 x populacao estimada 2025
4302501,2022,2025,3618.0,0.6142614601018676,3672.055008488964,estrutura etaria Censo 2022 x populacao estimada 2025
4302584,2022,2025,1282.0,0.5960018596001859,1308.2240818224082,estrutura etaria Censo 2022 x populacao estimada 2025
4302600,2022,2025,1986.0,0.6077111383108935,2018.8164014687882,estrutura etaria Censo 2022 x populacao estimada 2025
4302659,2022,2025,3146.0,0.6335078534031413,3220.1204188481674,estrutura etaria Censo 2022 x populacao estimada 2025
4302709,2022,2025,12077.0,0.6328337874659401,12290.264986376023,estrutura etaria Censo 2022 x populacao estimada 2025
4302808,2022,2025,20246.0,0.6226664616330925,20859.94913117023,estrutura etaria Censo 2022 x populacao estimada 2025
4302907,2022,2025,6883.0,0.6169221116787666,6971.219861970063,estrutura etaria Censo 2022 x populacao estimada 2025
4303004,2022,2025,50022.0,0.6247283626826526,51366.415436493065,estrutura etaria Censo 2022 x populacao estimada 2025
4303103,2022,2025,90752.0,0.6660306183857094,94245.33059343304,estrutura etaria Censo 2022 x populacao estimada 2025
4303202,2022,2025,2799.0,0.6080816858570498,2853.1192700412776,estrutura etaria Censo 2022 x populacao estimada 2025
4303301,2022,2025,2962.0,0.6296768707482994,3019.3005952380954,estrutura etaria Censo 2022 x populacao estimada 2025
4303400,2022,2025,3020.0,0.6244830438378826,3079.3258891645987,estrutura etaria Censo 2022 x populacao estimada 2025
4303509,2022,2025,40208.0,0.6464308681672025,41346.36475884244,estrutura etaria Censo 2022 x populacao estimada 2025
4303558,2022,2025,1869.0,0.626970815162697,1918.530694397853,estrutura etaria Censo 2022 x populacao estimada 2025
4303608,2022,2025,4049.0,0.6365351359849081,4131.113032542054,estrutura etaria Censo 2022 x populacao estimada 2025
4303673,2022,2025,2033.0,0.6270820481184454,2076.2686613201727,estrutura etaria Censo 2022 x populacao estimada 2025
4303707,2022,2025,3643.0,0.6193471608296498,3715.463617817069,estrutura etaria Censo 2022 x populacao estimada 2025
4303806,2022,2025,3234.0,0.6120363361090083,3297.651778955337,estrutura etaria Censo 2022 x populacao estimada 2025
4303905,2022,2025,42587.0,0.6772095537957574,43828.325112107625,estrutura etaria Censo 2022 x populacao estimada 2025
4304002,2022,2025,3116.0,0.6263316582914573,3171.1171859296483,estrutura etaria Censo 2022 x populacao estimada 2025
4304101,2022,2025,2201.0,0.6091890395792969,2250.953501245502,estrutura etaria Censo 2022 x populacao estimada 2025
4304200,2022,2025,18575.0,0.6426001522175326,19133.419532277036,estrutura etaria Censo 2022 x populacao estimada 2025
4304309,2022,2025,3969.0,0.6306005719733079,4047.8250714966634,estrutura etaria Censo 2022 x populacao estimada 2025
4304358,2022,2025,7026.0,0.6560224089635854,7224.118767507003,estrutura etaria Censo 2022 x populacao estimada 2025
4304408,2022,2025,32611.0,0.6662648633187594,33789.622543210884,estrutura etaria Censo 2022 x populacao estimada 2025
4304507,2022,2025,31851.0,0.6411231884057971,32676.766666666666,estrutura etaria Censo 2022 x populacao estimada 2025
4304606,2022,2025,229908.0,0.6613069778546096,237964.7029112027,estrutura etaria Censo 2022 x populacao estimada 2025
4304614,2022,2025,1040.0,0.6280193236714976,1058.840579710145,estrutura etaria Censo 2022 x populacao estimada 2025
4304622,2022,2025,1073.0,0.6191575302942873,1095.2896710905943,estrutura etaria Censo 2022 x populacao estimada 2025
4304630,2022,2025,40332.0,0.6342107746013775,42006.31644494764,estrutura etaria Censo 2022 x populacao estimada 2025
4304655,2022,2025,2014.0,0.6457197819814043,2057.9089451747354,estrutura etaria Censo 2022 x populacao estimada 2025
4304663,2022,2025,16783.0,0.6336315928568732,17371.643749764036,estrutura etaria Censo 2022 x populacao estimada 2025
4304671,2022,2025,2605.0,0.652718616887998,2663.091956903032,estrutura etaria Censo 2022 x populacao estimada 2025
4304689,2022,2025,7194.0,0.644681423066583,7364.8405771126445,estrutura etaria Censo 2022 x populacao estimada 2025
4304697,2022,2025,1777.0,0.6083533036631291,1821.4097911674087,estrutura etaria Censo 2022 x populacao estimada 2025
4304705,2022,2025,39407.0,0.6376124522684616,40596.78483593295,estrutura etaria Censo 2022 x populacao estimada 2025
4304713,2022,2025,4513.0,0.6103597511495807,4611.267919935082,estrutura etaria Censo 2022 x populacao estimada 2025
4304804,2022,2025,20713.0,0.6809007232084155,21506.249342537805,estrutura etaria Censo 2022 x populacao estimada 2025
4304853,2022,2025,881.0,0.6440058479532164,891.3040935672515,estrutura etaria Censo 2022 x populacao estimada 2025
4304903,2022,2025,6103.0,0.6447966191230851,6253.237612255679,estrutura etaria Censo 2022 x populacao estimada 2025
4304952,2022,2025,1838.0,0.6126666666666667,1877.2106666666668,estrutura etaria Censo 2022 x populacao estimada 2025
4305009,2022,2025,5277.0,0.6083698409038506,5374.339174544616,estrutura etaria Censo 2022 x populacao estimada 2025
4305108,2022,2025,310752.0,0.6704451554581328,321544.826112565,estrutura etaria Censo 2022 x populacao estimada 2025
4305116,2022,2025,1678.0,0.6166850422638736,1712.5343623667768,estrutura etaria Censo 2022 x populacao estimada 2025
4305124,2022,2025,3582.0,0.6167355371900827,3644.9070247933887,estrutura etaria Censo 2022 x populacao estimada 2025
4305132,2022,2025,2383.0,0.626775381378222,2418.7261967385584,estrutura etaria Censo 2022 x populacao estimada 2025
4305157,2022,2025,1442.0,0.6061370323665406,1471.7007145859607,estrutura etaria Censo 2022 x populacao estimada 2025
4305173,2022,2025,5957.0,0.6490520810634125,6057.603072564829,estrutura etaria Censo 2022 x populacao estimada 2025
4305207,2022,2025,8832.0,0.644436337103247,9031.130828164904,estrutura etaria Censo 2022 x populacao estimada 2025
4305306,2022,2025,6028.0,0.6318658280922432,6161.323689727464,estrutura etaria Censo 2022 x populacao estimada 2025
4305355,2022,2025,23792.0,0.6795384439620702,24538.133211470355,estrutura etaria Censo 2022 x populacao estimada 2025
4305371,2022,2025,1727.0,0.6239161849710982,1746.965317919075,estrutura etaria Censo 2022 x populacao estimada 2025
4305405,2022,2025,2427.0,0.6202402248913876,2475.378737541528,estrutura etaria Censo 2022 x populacao estimada 2025
4305439,2022,2025,4011.0,0.6405301820504631,4105.157936761418,estrutura etaria Censo 2022 x populacao estimada 2025
4305447,2022,2025,3041.0,0.6615183815531869,3097.229062432021,estrutura etaria Censo 2022 x populacao estimada 2025
4305454,2022,2025,9861.0,0.5776463007439517,10156.754905980903,estrutura etaria Censo 2022 x populacao estimada 2025
4305504,2022,2025,2544.0,0.6131597975415762,2580.176428054953,estrutura etaria Censo 2022 x populacao estimada 2025
4305587,2022,2025,1427.0,0.5889393314073462,1457.0359059017746,estrutura etaria Censo 2022 x populacao estimada 2025
4305603,2022,2025,1992.0,0.6114180478821363,2027.462246777164,estrutura etaria Censo 2022 x populacao estimada 2025
4305702,2022,2025,4086.0,0.6378395254448954,4170.194817358726,estrutura etaria Censo 2022 x populacao estimada 2025
4305801,2022,2025,6555.0,0.6311988444872412,6710.274915743861,estrutura etaria Censo 2022 x populacao estimada 2025
4305835,2022,2025,731.0,0.5666666666666667,741.1999999999999,estrutura etaria Censo 2022 x populacao estimada 2025
4305850,2022,2025,1377.0,0.6227951153324288,1400.0434192673,estrutura etaria Censo 2022 x populacao estimada 2025
4305871,2022,2025,1740.0,0.6165839829907866,1785.627214741318,estrutura etaria Censo 2022 x populacao estimada 2025
4305900,2022,2025,3696.0,0.6015625,3738.109375,estrutura etaria Censo 2022 x populacao estimada 2025
4305934,2022,2025,975.0,0.6067205973864344,993.2016179215931,estrutura etaria Censo 2022 x populacao estimada 2025
4305959,2022,2025,2463.0,0.640405616224649,2514.232449297972,estrutura etaria Censo 2022 x populacao estimada 2025
4305975,2022,2025,1698.0,0.6366704161979753,1730.4701912260969,estrutura etaria Censo 2022 x populacao estimada 2025
4306007,2022,2025,7995.0,0.6204407884525842,8137.701381344094,estrutura etaria Censo 2022 x populacao estimada 2025
4306056,2022,2025,4591.0,0.6289902726400877,4689.122482531853,estrutura etaria Censo 2022 x populacao estimada 2025
4306072,2022,2025,1670.0,0.6203566121842496,1702.8789004457653,estrutura etaria Censo 2022 x populacao estimada 2025
4306106,2022,2025,37169.0,0.6309133807478825,38141.23751973249,estrutura etaria Censo 2022 x populacao estimada 2025
4306130,2022,2025,1030.0,0.6299694189602446,1039.4495412844035,estrutura etaria Censo 2022 x populacao estimada 2025
4306205,2022,2025,7377.0,0.6359482758620689,7996.413620689655,estrutura etaria Censo 2022 x populacao estimada 2025
4306304,2022,2025,2730.0,0.6317981948623004,2779.912057394122,estrutura etaria Censo 2022 x populacao estimada 2025
4306320,2022,2025,1736.0,0.6310432569974554,1762.503816793893,estrutura etaria Censo 2022 x populacao estimada 2025
4306353,2022,2025,1532.0,0.6110889509373754,1552.1659353809334,estrutura etaria Censo 2022 x populacao estimada 2025
4306379,2022,2025,1690.0,0.6022808267997148,1720.1140413399855,estrutura etaria Censo 2022 x populacao estimada 2025
4306403,2022,2025,21136.0,0.6882672832068775,21889.65267511153,estrutura etaria Censo 2022 x populacao estimada 2025
4306429,2022,2025,1239.0,0.592822966507177,1263.8985645933014,estrutura etaria Censo 2022 x populacao estimada 2025
4306452,2022,2025,1883.0,0.6080077494349371,1918.8724572166614,estrutura etaria Censo 2022 x populacao estimada 2025
4306502,2022,2025,8488.0,0.6503716190330243,8636.935100758563,estrutura etaria Censo 2022 x populacao estimada 2025
4306551,2022,2025,1627.0,0.6350507416081187,1661.9277907884466,estrutura etaria Censo 2022 x populacao estimada 2025
4306601,2022,2025,23714.0,0.6412482085395202,24418.73178118493,estrutura etaria Censo 2022 x populacao estimada 2025
4306700,2022,2025,1960.0,0.6365703150373498,1994.374797012017,estrutura etaria Censo 2022 x populacao estimada 2025
4306734,2022,2025,2763.0,0.6181208053691275,2802.559731543624,estrutura etaria Censo 2022 x populacao estimada 2025
4306759,2022,2025,1158.0,0.6133474576271186,1180.0805084745762,estrutura etaria Censo 2022 x populacao estimada 2025
4306767,2022,2025,25275.0,0.6389190828888496,26203.349427437497,estrutura etaria Censo 2022 x populacao estimada 2025
4306809,2022,2025,14751.0,0.6424091978050692,15109.464332375228,estrutura etaria Censo 2022 x populacao estimada 2025
4306908,2022,2025,15064.0,0.6324362903564381,15352.390948402535,estrutura etaria Censo 2022 x populacao estimada 2025
4306924,2022,2025,744.0,0.5740740740740741,754.9074074074074,estrutura etaria Censo 2022 x populacao estimada 2025
4306932,2022,2025,5630.0,0.6147630487005896,5758.485477178423,estrutura etaria Censo 2022 x populacao estimada 2025
4306957,2022,2025,1567.0,0.5836126629422719,1591.5117318435755,estrutura etaria Censo 2022 x populacao estimada 2025
4306973,2022,2025,1883.0,0.6165684348395547,1924.9266535690897,estrutura etaria Censo 2022 x populacao estimada 2025
4307005,2022,2025,70281.0,0.6648786717752235,72876.68633461048,estrutura etaria Censo 2022 x populacao estimada 2025
4307054,2022,2025,1885.0,0.6212920237310481,1924.1413974950558,estrutura etaria Censo 2022 x populacao estimada 2025
4307104,2022,2025,3733.0,0.6029720562106283,3799.92989823938,estrutura etaria Censo 2022 x populacao estimada 2025
4307203,2022,2025,3029.0,0.6144016227180528,3088.5969574036512,estrutura etaria Censo 2022 x populacao estimada 2025
4307302,2022,2025,4075.0,0.6004125534109327,4138.043318108148,estrutura etaria Censo 2022 x populacao estimada 2025
4307401,2022,2025,1953.0,0.6112676056338028,1995.1774647887323,estrutura etaria Censo 2022 x populacao estimada 2025
4307450,2022,2025,1891.0,0.5861748295102294,1930.2737135771854,estrutura etaria Censo 2022 x populacao estimada 2025
4307500,2022,2025,9599.0,0.63263692084624,9791.954260858103,estrutura etaria Censo 2022 x populacao estimada 2025
4307559,2022,2025,3558.0,0.6374059476890004,3623.652812611967,estrutura etaria Censo 2022 x populacao estimada 2025
4307609,2022,2025,32417.0,0.6764251731908856,33482.369647775646,estrutura etaria Censo 2022 x populacao estimada 2025
4307708,2022,2025,49073.0,0.6445355083599301,50366.58276527838,estrutura etaria Censo 2022 x populacao estimada 2025
4307807,2022,2025,20554.0,0.6386601621974334,21243.752975173225,estrutura etaria Censo 2022 x populacao estimada 2025
4307815,2022,2025,1966.0,0.6403908794788273,1994.817589576547,estrutura etaria Censo 2022 x populacao estimada 2025
4307831,2022,2025,1587.0,0.602734523357387,1617.1367261678693,estrutura etaria Censo 2022 x populacao estimada 2025
4307864,2022,2025,1600.0,0.6235385814497272,1633.6710833982852,estrutura etaria Censo 2022 x populacao estimada 2025
4307906,2022,2025,47612.0,0.6774037503912586,49146.99689838659,estrutura etaria Censo 2022 x populacao estimada 2025
4308003,2022,2025,4185.0,0.6244404655326768,4274.919427036706,estrutura etaria Censo 2022 x populacao estimada 2025
4308052,2022,2025,1565.0,0.621031746031746,1597.2936507936508,estrutura etaria Censo 2022 x populacao estimada 2025
4308078,2022,2025,2677.0,0.6238639011885342,2748.120484735493,estrutura etaria Censo 2022 x populacao estimada 2025
4308102,2022,2025,9217.0,0.6696454519035164,9371.01845393781,estrutura etaria Censo 2022 x populacao estimada 2025
4308201,2022,2025,20585.0,0.6663537485433122,21333.31525961414,estrutura etaria Censo 2022 x populacao estimada 2025
4308250,2022,2025,1032.0,0.6187050359712231,1045.611510791367,estrutura etaria Censo 2022 x populacao estimada 2025
4308300,2022,2025,6062.0,0.6347643979057591,6163.562303664921,estrutura etaria Censo 2022 x populacao estimada 2025
4308409,2022,2025,3794.0,0.591610790581631,3861.443630126306,estrutura etaria Censo 2022 x populacao estimada 2025
4308433,2022,2025,1457.0,0.6088591725867113,1486.2252402841623,estrutura etaria Censo 2022 x populacao estimada 2025
4308458,2022,2025,2882.0,0.6437346437346437,2941.2235872235874,estrutura etaria Censo 2022 x populacao estimada 2025
4308508,2022,2025,21421.0,0.6565421276856591,22142.53979832654,estrutura etaria Censo 2022 x populacao estimada 2025
4308607,2022,2025,23116.0,0.673248871414009,23942.749614096403,estrutura etaria Censo 2022 x populacao estimada 2025
4308656,2022,2025,1682.0,0.6257440476190477,1704.5267857142858,estrutura etaria Censo 2022 x populacao estimada 2025
4308706,2022,2025,3571.0,0.6303618711385701,3642.8612533097967,estrutura etaria Censo 2022 x populacao estimada 2025
4308805,2022,2025,4593.0,0.6033893851812927,4672.044009458749,estrutura etaria Censo 2022 x populacao estimada 2025
4308854,2022,2025,1065.0,0.6106651376146789,1089.426605504587,estrutura etaria Censo 2022 x populacao estimada 2025
4308904,2022,2025,10606.0,0.6388386941332369,10831.510059029031,estrutura etaria Censo 2022 x populacao estimada 2025
4309001,2022,2025,9893.0,0.617810528945232,10053.63073752576,estrutura etaria Censo 2022 x populacao estimada 2025
4309050,2022,2025,4787.0,0.6250979367981196,4907.643901802037,estrutura etaria Censo 2022 x populacao estimada 2025
4309100,2022,2025,26977.0,0.6721732197139583,28032.98412817063,estrutura etaria Censo 2022 x populacao estimada 2025
4309126,2022,2025,1271.0,0.6310824230387289,1291.8257199602779,estrutura etaria Censo 2022 x populacao estimada 2025
4309159,2022,2025,2088.0,0.6319612590799032,2117.0702179176756,estrutura etaria Censo 2022 x populacao estimada 2025
4309209,2022,2025,173838.0,0.6558093211706919,180629.56133004368,estrutura etaria Censo 2022 x populacao estimada 2025
4309258,2022,2025,834.0,0.5885673959068455,848.1256175017643,estrutura etaria Censo 2022 x populacao estimada 2025
4309308,2022,2025,60581.0,0.6519413714433301,62551.16682450175,estrutura etaria Censo 2022 x populacao estimada 2025
4309407,2022,2025,16577.0,0.6560471742915941,17167.442456862434,estrutura etaria Censo 2022 x populacao estimada 2025
4309506,2022,2025,4649.0,0.6269723533378287,4731.760350640594,estrutura etaria Censo 2022 x populacao estimada 2025
4309555,2022,2025,3631.0,0.6751580513201934,3736.99981405727,estrutura etaria Censo 2022 x populacao estimada 2025
4309571,2022,2025,1607.0,0.6265107212475634,1631.433918128655,estrutura etaria Censo 2022 x populacao estimada 2025
4309605,2022,2025,12053.0,0.6393825261259349,12309.392392976499,estrutura etaria Censo 2022 x populacao estimada 2025
4309654,2022,2025,3745.0,0.6266733601070951,3823.9608433734943,estrutura etaria Censo 2022 x populacao estimada 2025
4309704,2022,2025,2836.0,0.6058534501174963,2891.1326639606923,estrutura etaria Censo 2022 x populacao estimada 2025
4309753,2022,2025,2379.0,0.637459807073955,2414.0602893890677,estrutura etaria Censo 2022 x populacao estimada 2025
4309803,2022,2025,2852.0,0.6299977910315883,2908.699801192843,estrutura etaria Censo 2022 x populacao estimada 2025
4309902,2022,2025,4315.0,0.6368063754427391,4347.4771251475795,estrutura etaria Censo 2022 x populacao estimada 2025
4309951,2022,2025,2308.0,0.6199301638463605,2348.9153908138596,estrutura etaria Censo 2022 x populacao estimada 2025
4310009,2022,2025,13937.0,0.6457397025436686,14274.72186443034,estrutura etaria Censo 2022 x populacao estimada 2025
4310108,2022,2025,21914.0,0.6679468422336016,23228.519385515727,estrutura etaria Censo 2022 x populacao estimada 2025
4310207,2022,2025,54659.0,0.6447157348431234,56636.9878744987,estrutura etaria Censo 2022 x populacao estimada 2025
4310306,2022,2025,2560.0,0.6158287226365167,2614.1929275920133,estrutura etaria Censo 2022 x populacao estimada 2025
4310330,2022,2025,16281.0,0.6069564569042648,17011.16861765583,estrutura etaria Censo 2022 x populacao estimada 2025
4310363,2022,2025,1916.0,0.6220779220779221,1958.9233766233767,estrutura etaria Censo 2022 x populacao estimada 2025
4310405,2022,2025,3887.0,0.6047922825579586,3965.6229967325344,estrutura etaria Censo 2022 x populacao estimada 2025
4310413,2022,2025,1239.0,0.6151936444885799,1259.3013902681232,estrutura etaria Censo 2022 x populacao estimada 2025
4310439,2022,2025,3352.0,0.6208557140211151,3408.4978699759217,estrutura etaria Censo 2022 x populacao estimada 2025
4310462,2022,2025,1035.0,0.6017441860465116,1051.8488372093022,estrutura etaria Censo 2022 x populacao estimada 2025
4310504,2022,2025,4492.0,0.6003742314889067,4574.25126971398,estrutura etaria Censo 2022 x populacao estimada 2025
4310538,2022,2025,3505.0,0.6290380473797559,3593.0653266331656,estrutura etaria Censo 2022 x populacao estimada 2025
4310553,2022,2025,1836.0,0.6130217028380635,1862.3599332220367,estrutura etaria Censo 2022 x populacao estimada 2025
4310579,2022,2025,1246.0,0.6432627774909654,1262.724832214765,estrutura etaria Censo 2022 x populacao estimada 2025
4310603,2022,2025,22794.0,0.6372735405949452,23458.67630284053,estrutura etaria Censo 2022 x populacao estimada 2025
4310652,2022,2025,1674.0,0.6345716451857468,1710.8051554207734,estrutura etaria Censo 2022 x populacao estimada 2025
4310702,2022,2025,1974.0,0.6153366583541147,1993.6907730673315,estrutura etaria Censo 2022 x populacao estimada 2025
4310751,2022,2025,1140.0,0.5909797822706065,1159.50233281493,estrutura etaria Censo 2022 x populacao estimada 2025
4310801,2022,2025,15572.0,0.6775442718531088,15967.008310490362,estrutura etaria Censo 2022 x populacao estimada 2025
4310850,2022,2025,2350.0,0.621857634294787,2392.2863191320457,estrutura etaria Censo 2022 x populacao estimada 2025
4310876,2022,2025,1255.0,0.6151960784313726,1270.9950980392157,estrutura etaria Censo 2022 x populacao estimada 2025
4310900,2022,2025,2004.0,0.6003594967046135,2040.0215698022769,estrutura etaria Censo 2022 x populacao estimada 2025
4311007,2022,2025,16854.0,0.6335375709506447,17356.39529376386,estrutura etaria Censo 2022 x populacao estimada 2025
4311106,2022,2025,6675.0,0.6309670101143775,6796.14566594196,estrutura etaria Censo 2022 x populacao estimada 2025
4311122,2022,2025,2246.0,0.6086720867208673,2283.128997289973,estrutura etaria Censo 2022 x populacao estimada 2025
4311130,2022,2025,2052.0,0.6127202149895491,2090.6013735443416,estrutura etaria Censo 2022 x populacao estimada 2025
4311155,2022,2025,4458.0,0.6205456570155902,4526.260022271715,estrutura etaria Censo 2022 x populacao estimada 2025
4311205,2022,2025,11363.0,0.6234500164600022,11561.88055525074,estrutura etaria Censo 2022 x populacao estimada 2025
4311239,2022,2025,1460.0,0.6486006219458018,1480.7552199022655,estrutura etaria Censo 2022 x populacao estimada 2025
4311254,2022,2025,3385.0,0.6337764463583598,3435.7021157086688,estrutura etaria Censo 2022 x populacao estimada 2025
4311270,2022,2025,1046.0,0.6018411967779056,1071.87917146145,estrutura etaria Censo 2022 x populacao estimada 2025
4311304,2022,2025,17517.0,0.6333200766477458,18126.88723381178,estrutura etaria Censo 2022 x populacao estimada 2025
4311403,2022,2025,63548.0,0.6785981248531705,65741.90773765031,estrutura etaria Censo 2022 x populacao estimada 2025
4311429,2022,2025,1592.0,0.6120722798923491,1628.724336793541,estrutura etaria Censo 2022 x populacao estimada 2025
4311502,2022,2025,4574.0,0.6390945927064412,4658.999580829956,estrutura etaria Censo 2022 x populacao estimada 2025
4311601,2022,2025,2967.0,0.6205814683120686,3006.7172139719723,estrutura etaria Censo 2022 x populacao estimada 2025
4311627,2022,2025,4210.0,0.6738156209987196,4325.89628681178,estrutura etaria Censo 2022 x populacao estimada 2025
4311643,2022,2025,1045.0,0.6209150326797386,1068.5947712418301,estrutura etaria Censo 2022 x populacao estimada 2025
4311700,2022,2025,3523.0,0.6142981691368788,3604.087358326068,estrutura etaria Censo 2022 x populacao estimada 2025
4311718,2022,2025,2823.0,0.6379661016949153,2861.2779661016953,estrutura etaria Censo 2022 x populacao estimada 2025
4311734,2022,2025,1986.0,0.6343021398914085,2031.6697540721814,estrutura etaria Censo 2022 x populacao estimada 2025
4311759,2022,2025,4352.0,0.6399058961917365,4424.949272165858,estrutura etaria Censo 2022 x populacao estimada 2025
4311775,2022,2025,4648.0,0.6265839849015907,4757.652197357778,estrutura etaria Censo 2022 x populacao estimada 2025
4311791,2022,2025,1609.0,0.651417004048583,1642.222267206478,estrutura etaria Censo 2022 x populacao estimada 2025
4311809,2022,2025,30202.0,0.6693112312738232,31288.961439588686,estrutura etaria Censo 2022 x populacao estimada 2025
4311908,2022,2025,2590.0,0.5995370370370371,2627.1712962962965,estrutura etaria Censo 2022 x populacao estimada 2025
4311981,2022,2025,2379.0,0.6075076608784474,2433.068181818182,estrutura etaria Censo 2022 x populacao estimada 2025
4312005,2022,2025,1143.0,0.6151776103336921,1158.994617868676,estrutura etaria Censo 2022 x populacao estimada 2025
4312054,2022,2025,2366.0,0.5961199294532628,2414.285714285714,estrutura etaria Censo 2022 x populacao estimada 2025
4312104,2022,2025,2894.0,0.6160068114091103,2945.7445721583654,estrutura etaria Censo 2022 x populacao estimada 2025
4312138,2022,2025,1566.0,0.6133960047003525,1601.5769682726204,estrutura etaria Censo 2022 x populacao estimada 2025
4312153,2022,2025,3140.0,0.6462235027783495,3231.763737394526,estrutura etaria Censo 2022 x populacao estimada 2025
4312179,2022,2025,1094.0,0.6094707520891365,1117.1598885793871,estrutura etaria Censo 2022 x populacao estimada 2025
4312203,2022,2025,2610.0,0.6227630637079457,2647.365783822477,estrutura etaria Censo 2022 x populacao estimada 2025
4312252,2022,2025,4802.0,0.639840106595603,4901.815056628914,estrutura etaria Censo 2022 x populacao estimada 2025
4312302,2022,2025,2730.0,0.6166704314434154,2775.6336119268126,estrutura etaria Censo 2022 x populacao estimada 2025
4312351,2022,2025,935.0,0.6237491661107405,954.336224149433,estrutura etaria Censo 2022 x populacao estimada 2025
4312377,2022,2025,1971.0,0.619811320754717,2015.006603773585,estrutura etaria Censo 2022 x populacao estimada 2025
4312385,2022,2025,1510.0,0.590535784122018,1540.117324990223,estrutura etaria Censo 2022 x populacao estimada 2025
4312401,2022,2025,42284.0,0.6573800565902802,43618.48151487827,estrutura etaria Censo 2022 x populacao estimada 2025
4312427,2022,2025,1696.0,0.6153846153846154,1732.3076923076924,estrutura etaria Censo 2022 x populacao estimada 2025
4312443,2022,2025,1969.0,0.6411592315206773,2008.751872354282,estrutura etaria Censo 2022 x populacao estimada 2025
4312450,2022,2025,3645.0,0.6028779358253391,3718.551108170692,estrutura etaria Censo 2022 x populacao estimada 2025
4312476,2022,2025,4039.0,0.6699286780560624,4131.450157571737,estrutura etaria Censo 2022 x populacao estimada 2025
4312500,2022,2025,7428.0,0.6143920595533499,7585.898759305211,estrutura etaria Censo 2022 x populacao estimada 2025
4312609,2022,2025,2744.0,0.5963920886763747,2798.2716800695503,estrutura etaria Censo 2022 x populacao estimada 2025
4312617,2022,2025,1776.0,0.6168808614102119,1811.7790899617924,estrutura etaria Censo 2022 x populacao estimada 2025
4312625,2022,2025,1078.0,0.6263800116211505,1098.670540383498,estrutura etaria Censo 2022 x populacao estimada 2025
4312658,2022,2025,11761.0,0.6571125265392781,12048.158174097664,estrutura etaria Censo 2022 x populacao estimada 2025
4312674,2022,2025,1183.0,0.6123188405797102,1213.6159420289857,estrutura etaria Censo 2022 x populacao estimada 2025
4312708,2022,2025,8504.0,0.6198702529338873,8724.05393979153,estrutura etaria Censo 2022 x populacao estimada 2025
4312757,2022,2025,2026.0,0.6405311413215302,2068.2750553272213,estrutura etaria Censo 2022 x populacao estimada 2025
4312807,2022,2025,3373.0,0.6808639483245862,3471.0444085587405,estrutura etaria Censo 2022 x populacao estimada 2025
4312906,2022,2025,6322.0,0.65519742978547,6464.833039693232,estrutura etaria Censo 2022 x populacao estimada 2025
4312955,2022,2025,1264.0,0.6190009794319294,1293.0930460333007,estrutura etaria Censo 2022 x populacao estimada 2025
4313003,2022,2025,1853.0,0.6087385019710907,1889.5243101182655,estrutura etaria Censo 2022 x populacao estimada 2025
4313011,2022,2025,1922.0,0.6278993792878145,1970.3482522051618,estrutura etaria Censo 2022 x populacao estimada 2025
4313037,2022,2025,3225.0,0.6628982528263104,3298.5817060637205,estrutura etaria Censo 2022 x populacao estimada 2025
4313060,2022,2025,13294.0,0.6617881322182397,13605.040422142572,estrutura etaria Censo 2022 x populacao estimada 2025
4313086,2022,2025,1485.0,0.6338028169014085,1514.1549295774648,estrutura etaria Censo 2022 x populacao estimada 2025
4313102,2022,2025,3541.0,0.63390619405657,3598.0515574650913,estrutura etaria Censo 2022 x populacao estimada 2025
4313201,2022,2025,15005.0,0.6439914163090129,15413.290557939916,estrutura etaria Censo 2022 x populacao estimada 2025
4313300,2022,2025,17010.0,0.6620737972909855,17635.65973843998,estrutura etaria Censo 2022 x populacao estimada 2025
4313334,2022,2025,1356.0,0.6269070735090153,1377.9417475728158,estrutura etaria Censo 2022 x populacao estimada 2025
4313359,2022,2025,2265.0,0.6534910559723024,2316.625793421812,estrutura etaria Censo 2022 x populacao estimada 2025
4313375,2022,2025,18630.0,0.6418825799338479,19377.793205622933,estrutura etaria Censo 2022 x populacao estimada 2025
4313391,2022,2025,2233.0,0.6258408071748879,2273.6796524663678,estrutura etaria Censo 2022 x populacao estimada 2025
4313409,2022,2025,151397.0,0.665054514465442,156821.18461998014,estrutura etaria Censo 2022 x populacao estimada 2025
4313425,2022,2025,1956.0,0.6116322701688556,1981.076923076923,estrutura etaria Censo 2022 x populacao estimada 2025
4313441,2022,2025,1334.0,0.6216216216216216,1359.4864864864865,estrutura etaria Censo 2022 x populacao estimada 2025
4313466,2022,2025,1023.0,0.6215066828675577,1042.2667071688943,estrutura etaria Censo 2022 x populacao estimada 2025
4313490,2022,2025,2653.0,0.6210205992509363,2716.9651217228466,estrutura etaria Censo 2022 x populacao estimada 2025
4313508,2022,2025,30552.0,0.6446113596084058,31585.312009452275,estrutura etaria Censo 2022 x populacao estimada 2025
4313607,2022,2025,2241.0,0.6175254891154588,2275.5814273904657,estrutura etaria Censo 2022 x populacao estimada 2025
4313656,2022,2025,7615.0,0.5928838368109624,7819.544923699783,estrutura etaria Censo 2022 x populacao estimada 2025
4313706,2022,2025,21042.0,0.6334898843930635,21682.458273121385,estrutura etaria Censo 2022 x populacao estimada 2025
4313805,2022,2025,4967.0,0.63362673810435,5095.626227835182,estrutura etaria Censo 2022 x populacao estimada 2025
4313904,2022,2025,28502.0,0.6549925313110422,29541.473147190623,estrutura etaria Censo 2022 x populacao estimada 2025
4313953,2022,2025,6399.0,0.6266157461809636,6543.748237367803,estrutura etaria Censo 2022 x populacao estimada 2025
4314001,2022,2025,4643.0,0.6453989435640812,4751.427022518766,estrutura etaria Censo 2022 x populacao estimada 2025
4314027,2022,2025,4070.0,0.624328884798282,4137.427519558215,estrutura etaria Censo 2022 x populacao estimada 2025
4314035,2022,2025,2839.0,0.6573280852049086,2919.194026394999,estrutura etaria Censo 2022 x populacao estimada 2025
4314050,2022,2025,34814.0,0.6687540819854777,35824.48741788005,estrutura etaria Censo 2022 x populacao estimada 2025
4314068,2022,2025,2570.0,0.6452422796886769,2596.4549334672356,estrutura etaria Censo 2022 x populacao estimada 2025
4314076,2022,2025,3849.0,0.6388381742738589,3932.048962655602,estrutura etaria Censo 2022 x populacao estimada 2025
4314100,2022,2025,136100.0,0.6599907863152535,141773.28079916592,estrutura etaria Censo 2022 x populacao estimada 2025
4314134,2022,2025,1345.0,0.6273320895522388,1372.6026119402986,estrutura etaria Censo 2022 x populacao estimada 2025
4314159,2022,2025,4962.0,0.6219603910754575,5066.489345700677,estrutura etaria Censo 2022 x populacao estimada 2025
4314175,2022,2025,1359.0,0.6593886462882096,1384.056768558952,estrutura etaria Censo 2022 x populacao estimada 2025
4314209,2022,2025,4538.0,0.6063602351683591,4627.1349545697485,estrutura etaria Censo 2022 x populacao estimada 2025
4314308,2022,2025,2351.0,0.6277703604806408,2396.1994659546062,estrutura etaria Censo 2022 x populacao estimada 2025
4314407,2022,2025,210472.0,0.6462440701905215,217234.94419454382,estrutura etaria Censo 2022 x populacao estimada 2025
4314423,2022,2025,3588.0,0.6705288731078303,3669.804522519155,estrutura etaria Censo 2022 x populacao estimada 2025
4314456,2022,2025,1864.0,0.6299425481581615,1914.3954038526529,estrutura etaria Censo 2022 x populacao estimada 2025
4314464,2022,2025,1399.0,0.6223309608540926,1431.3612099644129,estrutura etaria Censo 2022 x populacao estimada 2025
4314472,2022,2025,2391.0,0.6283837056504599,2426.1894875164257,estrutura etaria Censo 2022 x populacao estimada 2025
4314498,2022,2025,2826.0,0.6224669603524229,2887.0017621145375,estrutura etaria Censo 2022 x populacao estimada 2025
4314506,2022,2025,7165.0,0.6389334760121277,7280.646959158195,estrutura etaria Censo 2022 x populacao estimada 2025
4314548,2022,2025,1689.0,0.6202717590892398,1727.456849063533,estrutura etaria Censo 2022 x populacao estimada 2025
4314555,2022,2025,1416.0,0.6265486725663717,1412.867256637168,estrutura etaria Censo 2022 x populacao estimada 2025
4314605,2022,2025,10889.0,0.6220863802559415,11054.474977148082,estrutura etaria Censo 2022 x populacao estimada 2025
4314704,2022,2025,6468.0,0.6215644820295984,6603.5010570824525,estrutura etaria Censo 2022 x populacao estimada 2025
4314753,2022,2025,1329.0,0.6121602947950253,1361.4444956241364,estrutura etaria Censo 2022 x populacao estimada 2025
4314779,2022,2025,2088.0,0.633495145631068,2119.0412621359224,estrutura etaria Censo 2022 x populacao estimada 2025
4314787,2022,2025,942.0,0.5980952380952381,958.1485714285715,estrutura etaria Censo 2022 x populacao estimada 2025
4314803,2022,2025,22476.0,0.6596812538522497,23268.936867130404,estrutura etaria Censo 2022 x populacao estimada 2025
4314902,2022,2025,865069.0,0.6490394607024823,901382.1087868433,estrutura etaria Censo 2022 x populacao estimada 2025
4315008,2022,2025,2602.0,0.596788990825688,2634.226605504587,estrutura etaria Censo 2022 x populacao estimada 2025
4315057,2022,2025,1287.0,0.6008403361344538,1305.626050420168,estrutura etaria Censo 2022 x populacao estimada 2025
4315073,2022,2025,952.0,0.6102564102564103,965.4256410256411,estrutura etaria Censo 2022 x populacao estimada 2025
4315107,2022,2025,6318.0,0.6357415979070236,6438.155162004427,estrutura etaria Censo 2022 x populacao estimada 2025
4315131,2022,2025,1029.0,0.5917193789534215,1047.9350201265095,estrutura etaria Censo 2022 x populacao estimada 2025
4315149,2022,2025,2065.0,0.6711082222944427,2124.7286317842054,estrutura etaria Censo 2022 x populacao estimada 2025
4315156,2022,2025,3420.0,0.6404494382022472,3473.1573033707864,estrutura etaria Censo 2022 x populacao estimada 2025
4315172,2022,2025,1258.0,0.6212345679012345,1285.9555555555555,estrutura etaria Censo 2022 x populacao estimada 2025
4315206,2022,2025,2268.0,0.6052842273819056,2305.5276220976784,estrutura etaria Censo 2022 x populacao estimada 2025
4315305,2022,2025,14479.0,0.6161276595744681,14783.983191489362,estrutura etaria Censo 2022 x populacao estimada 2025
4315313,2022,2025,987.0,0.6359536082474226,1002.8988402061855,estrutura etaria Censo 2022 x populacao estimada 2025
4315321,2022,2025,1613.0,0.6433984842441165,1642.5963302752293,estrutura etaria Censo 2022 x populacao estimada 2025
4315354,2022,2025,2407.0,0.6156010230179028,2464.250895140665,estrutura etaria Censo 2022 x populacao estimada 2025
4315404,2022,2025,5799.0,0.595502156500308,5913.931916204559,estrutura etaria Censo 2022 x populacao estimada 2025
4315453,2022,2025,1053.0,0.5863028953229399,1070.5890868596882,estrutura etaria Censo 2022 x populacao estimada 2025
4315503,2022,2025,9314.0,0.6234687730102416,9479.842693620723,estrutura etaria Censo 2022 x populacao estimada 2025
4315552,2022,2025,1713.0,0.6042328042328042,1731.731216931217,estrutura etaria Censo 2022 x populacao estimada 2025
4315602,2022,2025,123003.0,0.6409744658676394,127512.25536737885,estrutura etaria Censo 2022 x populacao estimada 2025
4315701,2022,2025,21728.0,0.626998326311537,22346.84734806949,estrutura etaria Censo 2022 x populacao estimada 2025
4315750,2022,2025,2822.0,0.6308964900514197,2885.7205454951936,estrutura etaria Censo 2022 x populacao estimada 2025
4315800,2022,2025,6507.0,0.6245920522173162,6649.406987905548,estrutura etaria Censo 2022 x populacao estimada 2025
4315909,2022,2025,4215.0,0.633453561767358,4327.1212804328225,estrutura etaria Censo 2022 x populacao estimada 2025
4315958,2022,2025,1343.0,0.5862068965517241,1365.8620689655172,estrutura etaria Censo 2022 x populacao estimada 2025
4316006,2022,2025,13936.0,0.6557191925845763,14263.203877099704,estrutura etaria Censo 2022 x populacao estimada 2025
4316105,2022,2025,6096.0,0.6235041423749617,6215.712795335993,estrutura etaria Censo 2022 x populacao estimada 2025
4316204,2022,2025,3063.0,0.6137046684031257,3116.3923061510723,estrutura etaria Censo 2022 x populacao estimada 2025
4316303,2022,2025,4060.0,0.6173965936739659,4132.235401459854,estrutura etaria Censo 2022 x populacao estimada 2025
4316402,2022,2025,23075.0,0.62994812994813,23732.66584766585,estrutura etaria Censo 2022 x populacao estimada 2025
4316428,2022,2025,1587.0,0.6399193548387097,1617.716129032258,estrutura etaria Censo 2022 x populacao estimada 2025
4316436,2022,2025,1584.0,0.6151456310679612,1611.0664077669903,estrutura etaria Censo 2022 x populacao estimada 2025
4316451,2022,2025,6534.0,0.6403998823875331,6632.62158188768,estrutura etaria Censo 2022 x populacao estimada 2025
4316477,2022,2025,1835.0,0.637817170663886,1884.749739311783,estrutura etaria Censo 2022 x populacao estimada 2025
4316501,2022,2025,4595.0,0.6679749963657509,4798.732373891554,estrutura etaria Censo 2022 x populacao estimada 2025
4316600,2022,2025,10370.0,0.6323556314409415,10604.603939264589,estrutura etaria Censo 2022 x populacao estimada 2025
4316709,2022,2025,5208.0,0.6412213740458015,5302.259541984732,estrutura etaria Censo 2022 x populacao estimada 2025
4316733,2022,2025,1030.0,0.6152927120669056,1052.1505376344087,estrutura etaria Censo 2022 x populacao estimada 2025
4316758,2022,2025,4399.0,0.6387396544213736,4521.638013648903,estrutura etaria Censo 2022 x populacao estimada 2025
4316808,2022,2025,88805.0,0.666554079411544,92164.43256023419,estrutura etaria Censo 2022 x populacao estimada 2025
4316907,2022,2025,179627.0,0.6610374077685981,186673.65876681326,estrutura etaria Censo 2022 x populacao estimada 2025
4316956,2022,2025,4277.0,0.6746056782334385,4375.492429022082,estrutura etaria Censo 2022 x populacao estimada 2025
4316972,2022,2025,1625.0,0.6259630200308166,1665.687596302003,estrutura etaria Censo 2022 x populacao estimada 2025
4317004,2022,2025,4298.0,0.6119020501138952,4361.637813211845,estrutura etaria Censo 2022 x populacao estimada 2025
4317103,2022,2025,52574.0,0.6227597398751495,54384.98532355693,estrutura etaria Censo 2022 x populacao estimada 2025
4317202,2022,2025,50927.0,0.6617075737692137,52597.81162376726,estrutura etaria Censo 2022 x populacao estimada 2025
4317251,2022,2025,903.0,0.6,917.4,estrutura etaria Censo 2022 x populacao estimada 2025
4317301,2022,2025,19563.0,0.6314107736500661,20183.045379724364,estrutura etaria Censo 2022 x populacao estimada 2025
4317400,2022,2025,31422.0,0.6420777310065797,32319.624667947195,estrutura etaria Censo 2022 x populacao estimada 2025
4317509,2022,2025,49565.0,0.6443959072766748,51001.35847731971,estrutura etaria Censo 2022 x populacao estimada 2025
4317558,2022,2025,1303.0,0.6231468197034912,1329.79531324725,estrutura etaria Censo 2022 x populacao estimada 2025
4317608,2022,2025,27424.0,0.6385544974037768,28371.614874147206,estrutura etaria Censo 2022 x populacao estimada 2025
4317707,2022,2025,6188.0,0.6007766990291262,6299.143689320388,estrutura etaria Censo 2022 x populacao estimada 2025
4317756,2022,2025,1264.0,0.6050741981809479,1293.6486357108665,estrutura etaria Censo 2022 x populacao estimada 2025
4317806,2022,2025,8740.0,0.6286865199251906,8924.833836858006,estrutura etaria Censo 2022 x populacao estimada 2025
4317905,2022,2025,9893.0,0.645757180156658,10117.07774151436,estrutura etaria Censo 2022 x populacao estimada 2025
4317954,2022,2025,1383.0,0.5887611749680716,1410.0830140485314,estrutura etaria Censo 2022 x populacao estimada 2025
4318002,2022,2025,38560.0,0.6461559085729607,39616.46491051679,estrutura etaria Censo 2022 x populacao estimada 2025
4318051,2022,2025,1698.0,0.616557734204793,1730.061002178649,estrutura etaria Censo 2022 x populacao estimada 2025
4318101,2022,2025,10934.0,0.6206152798274492,11130.114428425475,estrutura etaria Censo 2022 x populacao estimada 2025
4318200,2022,2025,13907.0,0.6352258712830585,14221.436806285114,estrutura etaria Censo 2022 x populacao estimada 2025
4318309,2022,2025,36864.0,0.6302939114675056,37874.36114008241,estrutura etaria Censo 2022 x populacao estimada 2025
4318408,2022,2025,13420.0,0.6381966901274491,13665.067529008938,estrutura etaria Censo 2022 x populacao estimada 2025
4318424,2022,2025,2756.0,0.6177986998430846,2809.1306881865053,estrutura etaria Censo 2022 x populacao estimada 2025
4318432,2022,2025,1536.0,0.579841449603624,1570.210645526614,estrutura etaria Censo 2022 x populacao estimada 2025
4318440,2022,2025,1788.0,0.614010989010989,1827.2967032967035,estrutura etaria Censo 2022 x populacao estimada 2025
4318457,2022,2025,1446.0,0.6121930567315834,1468.6511430990686,estrutura etaria Censo 2022 x populacao estimada 2025
4318465,2022,2025,1181.0,0.620925341745531,1199.0068349106205,estrutura etaria Censo 2022 x populacao estimada 2025
4318481,2022,2025,2964.0,0.6665167528671014,3035.983809309647,estrutura etaria Censo 2022 x populacao estimada 2025
4318499,2022,2025,1450.0,0.6026600166251039,1486.1596009975062,estrutura etaria Censo 2022 x populacao estimada 2025
4318507,2022,2025,16448.0,0.6464646464646465,16968.404040404042,estrutura etaria Censo 2022 x populacao estimada 2025
4318606,2022,2025,4351.0,0.6366695932104185,4442.6804214223,estrutura etaria Censo 2022 x populacao estimada 2025
4318614,2022,2025,1449.0,0.6088235294117647,1487.355882352941,estrutura etaria Censo 2022 x populacao estimada 2025
4318622,2022,2025,2646.0,0.6342281879194631,2724.010067114094,estrutura etaria Censo 2022 x populacao estimada 2025
4318705,2022,2025,143334.0,0.6592827343854211,148824.50661196178,estrutura etaria Censo 2022 x populacao estimada 2025
4318804,2022,2025,26871.0,0.6399533211079093,27695.899830908096,estrutura etaria Censo 2022 x populacao estimada 2025
4318903,2022,2025,21971.0,0.632222605893186,22674.663760359115,estrutura etaria Censo 2022 x populacao estimada 2025
4319000,2022,2025,14181.0,0.6725953329538987,14493.756829823564,estrutura etaria Censo 2022 x populacao estimada 2025
4319109,2022,2025,3361.0,0.6132092683816822,3426.0001824484584,estrutura etaria Censo 2022 x populacao estimada 2025
4319125,2022,2025,1716.0,0.6,1744.8,estrutura etaria Censo 2022 x populacao estimada 2025
4319158,2022,2025,4458.0,0.6318027210884354,4544.556972789116,estrutura etaria Censo 2022 x populacao estimada 2025
4319208,2022,2025,3005.0,0.5871434153966393,3078.3929269245796,estrutura etaria Censo 2022 x populacao estimada 2025
4319307,2022,2025,3670.0,0.6277796784125899,3730.8946288060215,estrutura etaria Censo 2022 x populacao estimada 2025
4319356,2022,2025,2403.0,0.6772829763246899,2450.409808342728,estrutura etaria Censo 2022 x populacao estimada 2025
4319364,2022,2025,1060.0,0.6033010813887308,1079.9089356858283,estrutura etaria Censo 2022 x populacao estimada 2025
4319372,2022,2025,1922.0,0.6260586319218241,1967.0762214983713,estrutura etaria Censo 2022 x populacao estimada 2025
4319406,2022,2025,9533.0,0.6119920395454838,9708.029723310008,estrutura etaria Censo 2022 x populacao estimada 2025
4319505,2022,2025,15804.0,0.6469625020468315,16108.07237596201,estrutura etaria Censo 2022 x populacao estimada 2025
4319604,2022,2025,13096.0,0.6171827136057307,13300.904660917104,estrutura etaria Censo 2022 x populacao estimada 2025
4319703,2022,2025,1941.0,0.5946691176470589,1974.3014705882354,estrutura etaria Censo 2022 x populacao estimada 2025
4319711,2022,2025,1307.0,0.5922066153149071,1335.4259175351156,estrutura etaria Censo 2022 x populacao estimada 2025
4319737,2022,2025,1541.0,0.6059771922925679,1571.2988596146286,estrutura etaria Censo 2022 x populacao estimada 2025
4319752,2022,2025,1527.0,0.6783651710350955,1566.3451799200357,estrutura etaria Censo 2022 x populacao estimada 2025
4319802,2022,2025,5187.0,0.6406076324564653,5289.497221193034,estrutura etaria Censo 2022 x populacao estimada 2025
4319901,2022,2025,50540.0,0.668094331641286,52067.93173646362,estrutura etaria Censo 2022 x populacao estimada 2025
4320008,2022,2025,86988.0,0.6584662432724988,89928.05177621171,estrutura etaria Censo 2022 x populacao estimada 2025
4320107,2022,2025,14768.0,0.6462736860531267,15106.001137805784,estrutura etaria Censo 2022 x populacao estimada 2025
4320206,2022,2025,7476.0,0.6256066945606694,7710.60251046025,estrutura etaria Censo 2022 x populacao estimada 2025
4320230,2022,2025,1672.0,0.6183431952662722,1700.4437869822486,estrutura etaria Censo 2022 x populacao estimada 2025
4320263,2022,2025,3822.0,0.636045931103345,3878.6080878681973,estrutura etaria Censo 2022 x populacao estimada 2025
4320305,2022,2025,3292.0,0.6446054435089094,3366.1296260035247,estrutura etaria Censo 2022 x populacao estimada 2025
4320321,2022,2025,1699.0,0.6356154133931912,1732.0520014964459,estrutura etaria Censo 2022 x populacao estimada 2025
4320354,2022,2025,3399.0,0.6405955522050509,3474.590275160196,estrutura etaria Censo 2022 x populacao estimada 2025
4320404,2022,2025,11251.0,0.6633453216201874,11546.852013442603,estrutura etaria Censo 2022 x populacao estimada 2025
4320453,2022,2025,1218.0,0.6275115919629057,1310.8717156105101,estrutura etaria Censo 2022 x populacao estimada 2025
4320503,2022,2025,3473.0,0.6267821692835228,3528.7836130662336,estrutura etaria Censo 2022 x populacao estimada 2025
4320552,2022,2025,3751.0,0.6397748592870544,3831.6116322701687,estrutura etaria Censo 2022 x populacao estimada 2025
4320578,2022,2025,1137.0,0.6213114754098361,1168.6868852459017,estrutura etaria Censo 2022 x populacao estimada 2025
4320602,2022,2025,2100.0,0.6165590135055784,2135.143863769818,estrutura etaria Censo 2022 x populacao estimada 2025
4320651,2022,2025,1212.0,0.5976331360946746,1228.733727810651,estrutura etaria Censo 2022 x populacao estimada 2025
4320677,2022,2025,5472.0,0.6379109349498717,5540.256470039636,estrutura etaria Censo 2022 x populacao estimada 2025
4320701,2022,2025,9174.0,0.6448755799240826,9358.434415858286,estrutura etaria Censo 2022 x populacao estimada 2025
4320800,2022,2025,19274.0,0.6426594645060185,19883.241172351707,estrutura etaria Censo 2022 x populacao estimada 2025
4320859,2022,2025,2780.0,0.6231786594933871,2847.3032952252856,estrutura etaria Censo 2022 x populacao estimada 2025
4320909,2022,2025,16349.0,0.6657572179012095,16814.364295312946,estrutura etaria Censo 2022 x populacao estimada 2025
4321006,2022,2025,6770.0,0.6391616314199395,6918.285498489426,estrutura etaria Censo 2022 x populacao estimada 2025
4321105,2022,2025,9150.0,0.6226607689690371,9290.098673018034,estrutura etaria Censo 2022 x populacao estimada 2025
4321204,2022,2025,34220.0,0.6427256677059464,34934.0682168213,estrutura etaria Censo 2022 x populacao estimada 2025
4321303,2022,2025,15922.0,0.6318755456782285,16405.384792443845,estrutura etaria Censo 2022 x populacao estimada 2025
4321329,2022,2025,1922.0,0.6162231484450145,1966.9842898364861,estrutura etaria Censo 2022 x populacao estimada 2025
4321352,2022,2025,3157.0,0.6057175748273216,3221.8117805065235,estrutura etaria Censo 2022 x populacao estimada 2025
4321402,2022,2025,8860.0,0.6111609298475547,9057.40498034076,estrutura etaria Censo 2022 x populacao estimada 2025
4321436,2022,2025,6430.0,0.6222179214244242,6579.954519063286,estrutura etaria Censo 2022 x populacao estimada 2025
4321451,2022,2025,21561.0,0.657407689727719,22366.981827606185,estrutura etaria Censo 2022 x populacao estimada 2025
4321469,2022,2025,2075.0,0.6351392715029078,2132.7976737067647,estrutura etaria Censo 2022 x populacao estimada 2025
4321477,2022,2025,3014.0,0.587638915968025,3048.6706960421134,estrutura etaria Censo 2022 x populacao estimada 2025
4321493,2022,2025,1561.0,0.6111981205951449,1585.4479248238058,estrutura etaria Censo 2022 x populacao estimada 2025
4321501,2022,2025,26779.0,0.6413978108308783,27800.74671265359,estrutura etaria Censo 2022 x populacao estimada 2025
4321600,2022,2025,33522.0,0.6163605273318992,34781.22455733907,estrutura etaria Censo 2022 x populacao estimada 2025
4321626,2022,2025,1305.0,0.6064126394052045,1329.2565055762084,estrutura etaria Censo 2022 x populacao estimada 2025
4321634,2022,2025,1606.0,0.6198379004245466,1633.8927055191048,estrutura etaria Censo 2022 x populacao estimada 2025
4321667,2022,2025,7074.0,0.645320197044335,7243.073891625616,estrutura etaria Censo 2022 x populacao estimada 2025
4321709,2022,2025,16137.0,0.6606755373592631,16138.982026612079,estrutura etaria Censo 2022 x populacao estimada 2025
4321808,2022,2025,15873.0,0.6370605233584845,16223.383287847166,estrutura etaria Censo 2022 x populacao estimada 2025
4321832,2022,2025,1719.0,0.6228260869565218,1752.0097826086958,estrutura etaria Censo 2022 x populacao estimada 2025
4321857,2022,2025,2825.0,0.5990245971162002,2892.6897794741303,estrutura etaria Censo 2022 x populacao estimada 2025
4321907,2022,2025,16213.0,0.6374036798238717,16766.26639408712,estrutura etaria Censo 2022 x populacao estimada 2025
4321956,2022,2025,4755.0,0.6293012175754368,4899.109978824776,estrutura etaria Censo 2022 x populacao estimada 2025
4322004,2022,2025,17397.0,0.6326641937595462,17989.806349552695,estrutura etaria Censo 2022 x populacao estimada 2025
4322103,2022,2025,3407.0,0.614760014435222,3470.935041501263,estrutura etaria Censo 2022 x populacao estimada 2025
4322152,2022,2025,2369.0,0.643575115457756,2401.8223308883457,estrutura etaria Censo 2022 x populacao estimada 2025
4322186,2022,2025,884.0,0.6433770014556041,898.1542940320232,estrutura etaria Censo 2022 x populacao estimada 2025
4322202,2022,2025,12553.0,0.6274931267183205,12753.170307423145,estrutura etaria Censo 2022 x populacao estimada 2025
4322251,2022,2025,3378.0,0.6717041161264665,3474.053688606085,estrutura etaria Censo 2022 x populacao estimada 2025
4322301,2022,2025,5243.0,0.6269281358364224,5350.831639363865,estrutura etaria Censo 2022 x populacao estimada 2025
4322327,2022,2025,2199.0,0.6431705176952325,2243.378765720971,estrutura etaria Censo 2022 x populacao estimada 2025
4322343,2022,2025,1290.0,0.6469408224674023,1310.0551654964895,estrutura etaria Censo 2022 x populacao estimada 2025
4322350,2022,2025,674.0,0.576068376068376,681.4888888888888,estrutura etaria Censo 2022 x populacao estimada 2025
4322376,2022,2025,1227.0,0.6150375939849624,1258.981954887218,estrutura etaria Censo 2022 x populacao estimada 2025
4322400,2022,2025,74197.0,0.6330261923044109,76481.59152802662,estrutura etaria Censo 2022 x populacao estimada 2025
4322509,2022,2025,40664.0,0.6334252379394676,41898.54578874402,estrutura etaria Censo 2022 x populacao estimada 2025
4322525,2022,2025,1966.0,0.6241269841269841,2005.32,estrutura etaria Censo 2022 x populacao estimada 2025
4322533,2022,2025,6557.0,0.6625239971708599,6670.954127513388,estrutura etaria Censo 2022 x populacao estimada 2025
4322541,2022,2025,4086.0,0.6744800264113568,4197.289204357874,estrutura etaria Censo 2022 x populacao estimada 2025
4322558,2022,2025,1267.0,0.6322355289421158,1294.186127744511,estrutura etaria Censo 2022 x populacao estimada 2025
4322608,2022,2025,45388.0,0.6600642787545627,46760.273635530735,estrutura etaria Censo 2022 x populacao estimada 2025
4322707,2022,2025,17721.0,0.6634593785099214,18357.921003369527,estrutura etaria Censo 2022 x populacao estimada 2025
4322806,2022,2025,15976.0,0.6650847175388201,16330.490154448189,estrutura etaria Censo 2022 x populacao estimada 2025
4322855,2022,2025,1074.0,0.5907590759075908,1093.4950495049507,estrutura etaria Censo 2022 x populacao estimada 2025
4322905,2022,2025,2903.0,0.6087230027259384,2950.480394212623,estrutura etaria Censo 2022 x populacao estimada 2025
4323002,2022,2025,143179.0,0.6388725280217035,148215.87101092312,estrutura etaria Censo 2022 x populacao estimada 2025
4323101,2022,2025,2863.0,0.6137191854233655,2909.6426580921757,estrutura etaria Censo 2022 x populacao estimada 2025
4323200,2022,2025,1733.0,0.6233812949640288,1763.5456834532376,estrutura etaria Censo 2022 x populacao estimada 2025
4323309,2022,2025,2310.0,0.6335710367526056,2370.1892484914974,estrutura etaria Censo 2022 x populacao estimada 2025
4323358,2022,2025,1317.0,0.6334776334776335,1343.6060606060607,estrutura etaria Censo 2022 x populacao estimada 2025
4323408,2022,2025,2803.0,0.6351688193972355,2867.787219578518,estrutura etaria Censo 2022 x populacao estimada 2025
4323457,2022,2025,2357.0,0.6101475537147295,2399.1001812063164,estrutura etaria Censo 2022 x populacao estimada 2025
4323507,2022,2025,1675.0,0.6296992481203008,1706.484962406015,estrutura etaria Censo 2022 x populacao estimada 2025
4323606,2022,2025,965.0,0.6069182389937107,985.6352201257861,estrutura etaria Censo 2022 x populacao estimada 2025
4323705,2022,2025,1787.0,0.6421128278835788,1825.5267696730145,estrutura etaria Censo 2022 x populacao estimada 2025
4323754,2022,2025,1968.0,0.603680981595092,2001.806134969325,estrutura etaria Censo 2022 x populacao estimada 2025
4323770,2022,2025,1991.0,0.6426726920593931,2071.334086507424,estrutura etaria Censo 2022 x populacao estimada 2025
4323804,2022,2025,10227.0,0.6212112008746887,10528.9086436251,estrutura etaria Censo 2022 x populacao estimada 2025
