municipio_id,uf_codigo,periodo_censo,periodo_corrente,rdpc_censo_municipio_reais_mes,rdpc_censo_uf_reais_mes,rdpc_pnad_uf_reais_mes,populacao_estimada_pessoas,rdpc_est_reais_mes,massa_renda_reais_mes
1100015,11,2022,2025,1210.6,1374.14,2020.0,22787.0,1779.5945100208128,40551620.09984426
1100023,11,2022,2025,1458.57,1374.14,2020.0,109170.0,2144.112972477331,234072813.20535022
1100031,11,2022,2025,1323.79,1374.14,2020.0,5664.0,1945.9849796963917,11022058.925000362
1100049,11,2022,2025,1625.88,1374.14,2020.0,98280.0,2390.060401414703,234895136.251037
1100056,11,2022,2025,1554.33,1374.14,2020.0,16966.0,2284.881162035891,38765293.79510093
1100064,11,2022,2025,1666.54,1374.14,2020.0,16508.0,2449.8310215844085,40441810.50431541
1100072,11,2022,2025,1234.62,1374.14,2020.0,7968.0,1814.9041582371517,14461156.332833625
1100080,11,2022,2025,1088.06,1374.14,2020.0,13510.0,1599.4594437248022,21608697.08472208
1100098,11,2022,2025,1371.66,1374.14,2020.0,32842.0,2016.3543743723349,66221110.363136224
1100106,11,2022,2025,1035.94,1374.14,2020.0,43594.0,1522.8425051304814,66386796.168658204
1100114,11,2022,2025,1406.29,1374.14,2020.0,55682.0,2067.2608322296123,115109217.66020927
1100122,11,2022,2025,1437.55,1374.14,2020.0,140101.0,2113.2133552622004,296063304.2855895
1100130,11,2022,2025,1047.39,1374.14,2020.0,34149.0,1539.674123451759,52578331.64175412
1100148,11,2022,2025,981.78,1374.14,2020.0,16374.0,1443.2267454553391,23631394.730085723
1100155,11,2022,2025,1389.04,1374.14,2020.0,38684.0,2041.9031539726664,78988981.60827863
1100189,11,2022,2025,1389.7,1374.14,2020.0,39220.0,2042.8733607929323,80121493.2102988
1100205,11,2022,2025,1459.81,1374.14,2020.0,517709.0,2145.9357852911635,1110970269.467303
1100254,11,2022,2025,1164.63,1374.14,2020.0,20443.0,1712.0181349789686,34998786.73337506
1100262,11,2022,2025,1244.38,1374.14,2020.0,3767.0,1829.2514590944154,6890790.246408663
1100288,11,2022,2025,1446.88,1374.14,2020.0,62959.0,2126.9285516759574,133909294.6849666
1100296,11,2022,2025,1110.56,1374.14,2020.0,7837.0,1632.5346762338625,12794174.25764478
1100304,11,2022,2025,1650.51,1374.14,2020.0,109651.0,2426.266755934621,266042576.05498713
1100320,11,2022,2025,1303.07,1374.14,2020.0,22305.0,1915.5263655813817,42725815.58429272
1100338,11,2022,2025,1152.19,1374.14,2020.0,28701.0,1693.7312064272928,48611779.35566973
1100346,11,2022,2025,1223.18,1374.14,2020.0,13720.0,1798.087240019212,24669756.93306359
1100379,11,2022,2025,1173.26,1374.14,2020.0,12237.0,1724.7043241591102,21105206.814735033
1100403,11,2022,2025,1185.26,1374.14,2020.0,17467.0,1742.3444481639424,30433530.476079583
1100452,11,2022,2025,1219.49,1374.14,2020.0,30649.0,1792.662901887726,54943325.279956914
1100502,11,2022,2025,1102.33,1374.14,2020.0,7972.0,1620.4364911872149,12918119.707744477
1100601,11,2022,2025,1187.1,1374.14,2020.0,4292.0,1745.0492671780166,7489751.454728047
1100700,11,2022,2025,1004.63,1374.14,2020.0,9095.0,1476.8164815812072,13431645.89998108
1100809,11,2022,2025,927.05,1374.14,2020.0,24313.0,1362.7730798899672,33133101.891364772
1100908,11,2022,2025,1163.49,1374.14,2020.0,3450.0,1710.3423231985096,5900681.015034858
1100924,11,2022,2025,1275.25,1374.14,2020.0,10191.0,1874.630678096846,19104361.240484957
1100940,11,2022,2025,1152.39,1374.14,2020.0,15877.0,1694.02520849404,26896038.235259872
1101005,11,2022,2025,943.98,1374.14,2020.0,8340.0,1387.6603548401183,11573087.359366586
1101104,11,2022,2025,1014.42,1374.14,2020.0,9228.0,1491.2078827484825,13760866.342002995
1101203,11,2022,2025,1209.48,1374.14,2020.0,6519.0,1777.9480984470285,11590443.653776178
1101302,11,2022,2025,1199.72,1374.14,2020.0,9657.0,1763.600797589765,17031092.90232436
1101401,11,2022,2025,1241.8,1374.14,2020.0,12168.0,1825.4588324333763,22212183.07304932
1101435,11,2022,2025,920.17,1374.14,2020.0,6541.0,1352.6594087938636,8847745.192920662
1101450,11,2022,2025,1014.39,1374.14,2020.0,4372.0,1491.1637824384704,6519368.056820992
1101468,11,2022,2025,911.62,1374.14,2020.0,2309.0,1340.0908204404209,3094269.704396932
1101476,11,2022,2025,919.32,1374.14,2020.0,3268.0,1351.409900010188,4416407.553233295
1101484,11,2022,2025,1362.82,1374.14,2020.0,5588.0,2003.359483022108,11194772.791127538
1101492,11,2022,2025,1172.03,1374.14,2020.0,17557.0,1722.896211448615,30248888.784403335
1101500,11,2022,2025,1027.63,1374.14,2020.0,12965.0,1510.6267192571354,19585275.415168762
1101559,11,2022,2025,1179.05,1374.14,2020.0,4521.0,1733.2156839914417,7835868.107325308
1101609,11,2022,2025,1102.84,1374.14,2020.0,8459.0,1621.1861964574205,13713614.03583332
1101708,11,2022,2025,1121.21,1374.14,2020.0,11314.0,1648.190286288151,18647624.89906414
1101757,11,2022,2025,1095.38,1374.14,2020.0,8220.0,1610.2199193677502,13236007.737202907
1101807,11,2022,2025,1218.98,1374.14,2020.0,6790.0,1791.9131966175205,12167090.605032964
1200013,12,2022,2025,880.5,1067.93,1427.0,14712.0,1176.550429335256,17309409.916380286
1200054,12,2022,2025,775.86,1067.93,1427.0,8648.0,1036.7273323157885,8965617.969866939
1200104,12,2022,2025,914.18,1067.93,1427.0,28028.0,1221.5546524584943,34237733.79910668
1200138,12,2022,2025,709.71,1067.93,1427.0,13928.0,948.3357242515895,13208419.967376137
1200179,12,2022,2025,806.69,1067.93,1427.0,10981.0,1077.9233002163064,11836675.75967526
1200203,12,2022,2025,905.21,1067.93,1427.0,98916.0,1209.5686702311948,119645694.58458887
1200252,12,2022,2025,1026.76,1067.93,1427.0,19874.0,1371.9874149054713,27266877.883831337
1200302,12,2022,2025,610.92,1067.93,1427.0,37764.0,816.3295721629694,30827869.963162377
1200328,12,2022,2025,542.04,1067.93,1427.0,9884.0,724.290056464375,7158882.9180938825
1200336,12,2022,2025,695.9,1067.93,1427.0,20479.0,929.8823892951784,19043061.45037596
1200344,12,2022,2025,622.38,1067.93,1427.0,12923.0,831.6427668480143,10747319.475976888
1200351,12,2022,2025,516.91,1067.93,1427.0,18057.0,690.7105990092983,12472161.2863109
1200385,12,2022,2025,992.54,1067.93,1427.0,17107.0,1326.26162763477,22688357.66394801
1200393,12,2022,2025,603.27,1067.93,1427.0,11333.0,806.1074134072458,9135615.316144316
1200401,12,2022,2025,1436.01,1067.93,1427.0,389001.0,1918.839502589121,746430485.3466706
1200427,12,2022,2025,633.26,1067.93,1427.0,15560.0,846.180948189488,13166575.553828433
1200435,12,2022,2025,449.8,1067.93,1427.0,7217.0,601.0362102384987,4337678.329291245
1200450,12,2022,2025,974.21,1067.93,1427.0,22402.0,1301.7685335181143,29162218.687872797
1200500,12,2022,2025,794.44,1067.93,1427.0,44049.0,1061.5544839081213,46760413.461668834
1200609,12,2022,2025,604.36,1067.93,1427.0,46816.0,807.5639040011986,37806911.729720116
1200708,12,2022,2025,898.65,1067.93,1427.0,19170.0,1200.8030020694239,23019393.549670856
1200807,12,2022,2025,733.17,1067.93,1427.0,17523.0,979.6836777691422,17166997.085548677
1300029,13,2022,2025,494.91,979.58,1425.0,16806.0,719.9480899977541,12099447.600502254
1300060,13,2022,2025,556.4,979.58,1425.0,11533.0,809.397905224688,9334786.040956326
1300086,13,2022,2025,559.76,979.58,1425.0,9981.0,814.2857142857142,8127385.714285714
1300102,13,2022,2025,624.85,979.58,1425.0,18056.0,908.9724677923192,16412406.878458116
1300144,13,2022,2025,1009.03,979.58,1425.0,21781.0,1467.841064537863,31971046.226699196
1300201,13,2022,2025,556.2,979.58,1425.0,15889.0,809.1069642091509,12855900.554319197
1300300,13,2022,2025,649.03,979.58,1425.0,45960.0,944.1472365707751,43393006.99279282
1300409,13,2022,2025,595.57,979.58,1425.0,18210.0,866.3787031176628,15776756.183772638
1300508,13,2022,2025,521.15,979.58,1425.0,33722.0,758.1195512362441,25565307.506788623
1300607,13,2022,2025,576.24,979.58,1425.0,40908.0,838.2592539659854,34291509.56124053
1300631,13,2022,2025,608.58,979.58,1425.0,22495.0,885.3044161783621,19914922.841932256
1300680,13,2022,2025,497.38,979.58,1425.0,26479.0,723.5412115396393,19158647.74035811
1300706,13,2022,2025,669.72,979.58,1425.0,38792.0,974.2450846281059,37792915.322893485
1300805,13,2022,2025,567.31,979.58,1425.0,34869.0,825.2687376222461,28776295.6121501
1300839,13,2022,2025,488.73,979.58,1425.0,14806.0,710.9580126176525,10526444.334816962
1300904,13,2022,2025,601.49,979.58,1425.0,18109.0,874.9905571775658,15845203.99992854
1301001,13,2022,2025,579.82,979.58,1425.0,31130.0,843.4670981441027,26257130.765225917
1301100,13,2022,2025,698.24,979.58,1425.0,32336.0,1015.7332734437208,32844751.130076155
1301159,13,2022,2025,638.54,979.58,1425.0,20324.0,928.8873803058452,18878707.117335998
1301209,13,2022,2025,580.54,979.58,1425.0,73576.0,844.5144858000366,62135997.80722349
1301308,13,2022,2025,586.95,979.58,1425.0,24572.0,853.8391453480064,20980535.47949121
1301407,13,2022,2025,588.49,979.58,1425.0,35793.0,856.0793911676432,30641649.64806345
1301506,13,2022,2025,579.21,979.58,1425.0,17985.0,842.5797280467139,15153796.408920148
1301605,13,2022,2025,638.8,979.58,1425.0,28227.0,929.2656036260437,26230380.193552334
1301654,13,2022,2025,596.23,979.58,1425.0,14344.0,867.3388084689357,12441107.868678413
1301704,13,2022,2025,871.32,979.58,1425.0,63454.0,1267.5136282896751,80428809.76949304
1301803,13,2022,2025,508.99,979.58,1425.0,25629.0,740.4303374915779,18976489.119571652
1301852,13,2022,2025,805.81,979.58,1425.0,68862.0,1172.2158986504419,80721131.21286672
1301902,13,2022,2025,734.27,979.58,1425.0,113917.0,1068.14629739276,121680021.76009105
1301951,13,2022,2025,525.38,979.58,1425.0,11956.0,764.2729537148573,9137647.434614833
1302009,13,2022,2025,687.95,979.58,1425.0,10955.0,1000.7643581943282,10963373.544018866
1302108,13,2022,2025,823.6,979.58,1425.0,9420.0,1198.0951019824822,11286055.860674983
1302207,13,2022,2025,516.57,979.58,1425.0,11093.0,751.4570019804407,8335912.522969029
1302306,13,2022,2025,566.68,979.58,1425.0,28202.0,824.3522734233038,23248382.815084014
1302405,13,2022,2025,618.0,979.58,1425.0,49469.0,899.0077380101675,44473013.79162498
1302504,13,2022,2025,680.39,979.58,1425.0,111751.0,989.7667878070193,110607428.30422221
1302553,13,2022,2025,568.36,979.58,1425.0,16211.0,826.7961779538168,13403192.840809325
1302603,13,2022,2025,1284.7,979.58,1425.0,2303732.0,1868.8596133036608,4305351694.675269
1302702,13,2022,2025,701.45,979.58,1425.0,58018.0,1020.402876743094,59201734.10288083
1302801,13,2022,2025,518.13,979.58,1425.0,15815.0,753.7263419016314,11920182.0971743
1302900,13,2022,2025,488.47,979.58,1425.0,66336.0,710.579789297454,47137020.902835906
1303007,13,2022,2025,539.62,979.58,1425.0,21251.0,784.987954021111,16681779.01090263
1303106,13,2022,2025,537.7,979.58,1425.0,28123.0,782.1949202719533,21997667.74280814
1303205,13,2022,2025,700.88,979.58,1425.0,16562.0,1019.5736948488128,16886179.534086037
1303304,13,2022,2025,630.53,979.58,1425.0,25325.0,917.2351926335776,23228981.253445353
1303403,13,2022,2025,796.66,979.58,1425.0,101855.0,1158.9053471896118,118040304.13799791
1303502,13,2022,2025,454.55,979.58,1425.0,20229.0,661.2361930623329,13376146.949457932
1303536,13,2022,2025,976.41,979.58,1425.0,33291.0,1420.3885849037342,47286156.380030215
1303569,13,2022,2025,801.1,979.58,1425.0,25364.0,1165.3642377345393,29558298.525898855
1303601,13,2022,2025,448.85,979.58,1425.0,13947.0,652.9443741195206,9106615.185844954
1303700,13,2022,2025,489.41,979.58,1425.0,30679.0,711.9472120704792,21841828.51911023
1303809,13,2022,2025,577.82,979.58,1425.0,57396.0,840.5576879887299,48244649.05980114
1303908,13,2022,2025,396.95,979.58,1425.0,35442.0,577.4451805875988,20465812.090385675
1303957,13,2022,2025,657.76,979.58,1425.0,12338.0,956.8468118989771,11805575.96520958
1304005,13,2022,2025,559.89,979.58,1425.0,12619.0,814.4748259458134,10277857.828610219
1304062,13,2022,2025,669.6,979.58,1425.0,73348.0,974.0705200187836,71446124.50233774
1304104,13,2022,2025,541.23,979.58,1425.0,20728.0,787.330029196186,16319776.845178545
1304203,13,2022,2025,767.14,979.58,1425.0,80137.0,1115.9624532963105,89429883.11980644
1304237,13,2022,2025,432.01,979.58,1425.0,20257.0,628.4471406112824,12730453.727362748
1304260,13,2022,2025,516.14,979.58,1425.0,15640.0,750.8314787970354,11743004.328385634
1304302,13,2022,2025,690.49,979.58,1425.0,19617.0,1004.4593090916514,19704478.266450927
1304401,13,2022,2025,629.39,979.58,1425.0,25965.0,915.5768288450151,23772952.36096082
1400027,14,2022,2025,493.7,1142.41,1808.0,16112.0,781.3390989224533,12588935.561838567
1400050,14,2022,2025,467.63,1142.41,1808.0,23589.0,740.0802163846604,17457752.224297754
1400100,14,2022,2025,1399.0,1142.41,1808.0,485477.0,2214.084260466908,1074886984.518693
1400159,14,2022,2025,583.73,1142.41,1808.0,15570.0,923.822305477018,14383913.29627717
1400175,14,2022,2025,787.97,1142.41,1808.0,21102.0,1247.0564508363898,26315385.225549497
1400209,14,2022,2025,714.44,1142.41,1808.0,22750.0,1130.6864610778966,25723116.989522148
1400233,14,2022,2025,917.6,1142.41,1808.0,12004.0,1452.2113777015256,17432345.377929114
1400282,14,2022,2025,781.65,1142.41,1808.0,10937.0,1237.0542974938944,13529662.851690723
1400308,14,2022,2025,809.57,1142.41,1808.0,20006.0,1281.2410255512468,25632507.957178243
1400407,14,2022,2025,486.61,1142.41,1808.0,16323.0,770.1183287961414,12570641.480939416
1400456,14,2022,2025,578.04,1142.41,1808.0,23112.0,914.8172022303726,21143255.17794837
1400472,14,2022,2025,831.4,1142.41,1808.0,37787.0,1315.7896026820492,49719741.716546595
1400506,14,2022,2025,895.8,1142.41,1808.0,9969.0,1417.710279146716,14133153.77281361
1400605,14,2022,2025,827.26,1142.41,1808.0,7848.0,1309.237559195035,10274896.364562634
1400704,14,2022,2025,288.65,1142.41,1808.0,16186.0,456.8230320112744,7394137.596134488
1500107,15,2022,2025,771.33,994.0,1472.0,172344.0,1142.251267605634,196860152.46422538
1500131,15,2022,2025,923.2,994.0,1472.0,6275.0,1367.1533199195171,8578887.08249497
1500206,15,2022,2025,505.33,994.0,1472.0,63110.0,748.3357746478873,47227470.73802817
1500305,15,2022,2025,476.09,994.0,1472.0,40473.0,705.0346881287726,28534868.932635814
1500347,15,2022,2025,936.7,994.0,1472.0,17596.0,1387.1452716297788,24408208.199597586
1500404,15,2022,2025,562.3,994.0,1472.0,75882.0,832.7018108651912,63187078.81207244
1500503,15,2022,2025,773.03,994.0,1472.0,36442.0,1144.768772635815,41717663.61239437
1500602,15,2022,2025,1245.26,994.0,1472.0,138749.0,1844.0872434607645,255865260.9429376
1500701,15,2022,2025,524.25,994.0,1472.0,30247.0,776.3541247484909,23482383.211267605
1500800,15,2022,2025,1219.88,994.0,1472.0,509227.0,1806.502374245473,919919784.5298995
1500859,15,2022,2025,765.01,994.0,1472.0,35638.0,1132.8920724346076,40374007.67742454
1500909,15,2022,2025,479.94,994.0,1472.0,47912.0,710.7360965794769,34052787.859315895
1500958,15,2022,2025,574.32,994.0,1472.0,24193.0,850.5020523138834,20576196.15162978
1501006,15,2022,2025,477.87,994.0,1472.0,19380.0,707.6706639839034,13714657.468008049
1501105,15,2022,2025,358.65,994.0,1472.0,35147.0,531.1195171026156,18667257.66760563
1501204,15,2022,2025,460.65,994.0,1472.0,56850.0,682.1698189134809,38781354.20523139
1501253,15,2022,2025,995.23,994.0,1472.0,4290.0,1473.8214889336016,6322694.18752515
1501303,15,2022,2025,975.54,994.0,1472.0,139076.0,1444.662857142857,200917931.51999998
1501402,15,2022,2025,1668.52,994.0,1472.0,1397315.0,2470.88676056338,3452607133.8366194
1501451,15,2022,2025,741.15,994.0,1472.0,19075.0,1097.55814889336,20935921.690140843
1501501,15,2022,2025,818.99,994.0,1472.0,68962.0,1212.8302615694165,83639200.4983501
1501576,15,2022,2025,947.99,994.0,1472.0,19129.0,1403.8644668008048,26854523.385432597
1501600,15,2022,2025,739.25,994.0,1472.0,12961.0,1094.7444668008047,14188983.03420523
1501709,15,2022,2025,810.48,994.0,1472.0,132489.0,1200.2279275653923,159016997.89521125
1501725,15,2022,2025,763.34,994.0,1472.0,27130.0,1130.418993963783,30668267.30623743
1501758,15,2022,2025,766.2,994.0,1472.0,6966.0,1134.6543259557345,7904002.034607647
1501782,15,2022,2025,725.32,994.0,1472.0,47066.0,1074.1157344064386,50554331.15557344
1501808,15,2022,2025,606.08,994.0,1472.0,116058.0,897.5349698189136,104166113.52724348
1501907,15,2022,2025,526.09,994.0,1472.0,25065.0,779.0789537223341,19527613.975050304
1501956,15,2022,2025,564.23,994.0,1472.0,19223.0,835.5599195171026,16061968.332877263
1502004,15,2022,2025,488.54,994.0,1472.0,25467.0,723.4717102615695,18424654.04523139
1502103,15,2022,2025,597.9,994.0,1472.0,144859.0,885.4213279678067,128261248.14808851
1502152,15,2022,2025,1364.4,994.0,1472.0,89524.0,2020.5199195171026,180885025.2748491
1502202,15,2022,2025,966.47,994.0,1472.0,75309.0,1431.231227364185,107784592.50156942
1502301,15,2022,2025,704.58,994.0,1472.0,60318.0,1043.4021730382294,62935932.27331992
1502400,15,2022,2025,1055.05,994.0,1472.0,209126.0,1562.4080482897382,326740145.5066398
1502509,15,2022,2025,584.29,994.0,1472.0,21501.0,865.2664788732394,18604094.56225352
1502608,15,2022,2025,655.87,994.0,1472.0,13625.0,971.268249496982,13233529.899396379
1502707,15,2022,2025,1032.8,994.0,1472.0,47144.0,1529.4583501006036,72104784.45714286
1502756,15,2022,2025,699.98,994.0,1472.0,28270.0,1036.5901006036217,29304402.144064385
1502764,15,2022,2025,1007.72,994.0,1472.0,15150.0,1492.3177464788732,22608613.85915493
1502772,15,2022,2025,1036.35,994.0,1472.0,20975.0,1534.7154929577464,32190657.46478873
1502806,15,2022,2025,472.98,994.0,1472.0,36814.0,700.4291348088532,25785598.168853123
1502855,15,2022,2025,556.04,994.0,1472.0,14954.0,823.4314688128771,12313594.184627764
1502905,15,2022,2025,614.45,994.0,1472.0,44880.0,909.9299798792758,40837657.4969819
1502939,15,2022,2025,782.32,994.0,1472.0,62823.0,1158.5261971830987,72782091.2856338
1502954,15,2022,2025,879.96,994.0,1472.0,29287.0,1303.1198390342051,38164470.72579476
1503002,15,2022,2025,594.92,994.0,1472.0,9167.0,881.0082897384304,8076202.992032192
1503044,15,2022,2025,831.86,994.0,1472.0,18595.0,1231.8892555331993,22906980.70663984
1503077,15,2022,2025,620.45,994.0,1472.0,25558.0,918.8152917505031,23483081.22655936
1503093,15,2022,2025,829.0,994.0,1472.0,26703.0,1227.6539235412474,32782042.72032193
1503101,15,2022,2025,634.91,994.0,1472.0,34137.0,940.228893360161,32096593.732635815
1503200,15,2022,2025,718.26,994.0,1472.0,37925.0,1063.6606841046278,40339331.44466801
1503309,15,2022,2025,617.29,994.0,1472.0,69446.0,914.1356941649899,63483067.41698189
1503408,15,2022,2025,631.7,994.0,1472.0,10784.0,935.4752515090543,10088165.11227364
1503457,15,2022,2025,594.25,994.0,1472.0,29264.0,880.0160965794769,25752791.050301813
1503507,15,2022,2025,616.62,994.0,1472.0,32740.0,913.1435010060362,29896318.222937625
1503606,15,2022,2025,1074.37,994.0,1472.0,135369.0,1591.0187525150902,215374617.50921524
1503705,15,2022,2025,636.27,994.0,1472.0,52201.0,942.2428973843057,49186021.48635814
1503754,15,2022,2025,787.87,994.0,1472.0,26579.0,1166.745110663984,31010918.29633803
1503804,15,2022,2025,905.18,994.0,1472.0,37726.0,1340.4677665995976,50570486.96273642
1503903,15,2022,2025,713.05,994.0,1472.0,54255.0,1055.9452716297787,57290310.71227364
1504000,15,2022,2025,463.89,994.0,1472.0,32088.0,686.9678873239437,22043425.568450708
1504059,15,2022,2025,786.61,994.0,1472.0,37473.0,1164.8791951710261,43651518.08064386
1504109,15,2022,2025,619.04,994.0,1472.0,8439.0,916.7272434607645,7736261.207565391
1504208,15,2022,2025,1137.5,994.0,1472.0,290975.0,1684.507042253521,490149436.61971825
1504307,15,2022,2025,634.79,994.0,1472.0,27129.0,940.0511871227365,25502648.655452717
1504406,15,2022,2025,576.69,994.0,1472.0,28159.0,854.0117505030182,24048116.88241449
1504422,15,2022,2025,883.71,994.0,1472.0,119437.0,1308.6731589537223,156303996.08595574
1504455,15,2022,2025,763.1,994.0,1472.0,28677.0,1130.0635814889338,32406833.326358154
1504505,15,2022,2025,476.85,994.0,1472.0,30080.0,706.1601609657948,21241297.64185111
1504604,15,2022,2025,694.48,994.0,1472.0,28903.0,1028.44523138833,29725152.522816904
1504703,15,2022,2025,626.33,994.0,1472.0,91760.0,927.5228973843059,85109501.06398392
1504752,15,2022,2025,705.92,994.0,1472.0,25818.0,1045.3865593561368,26989790.18945674
1504802,15,2022,2025,687.01,994.0,1472.0,64002.0,1017.3830181086519,65114547.92498994
1504901,15,2022,2025,505.26,994.0,1472.0,49648.0,748.2321126760563,37148227.930140845
1504950,15,2022,2025,535.3,994.0,1472.0,21304.0,792.717907444668,16888062.300201207
1504976,15,2022,2025,824.87,994.0,1472.0,14400.0,1221.5378672032193,17590145.287726358
1505007,15,2022,2025,709.95,994.0,1472.0,13175.0,1051.354527162978,13851595.895372234
1505031,15,2022,2025,1274.42,994.0,1472.0,37054.0,1887.2698591549297,69930897.36112677
1505064,15,2022,2025,721.31,994.0,1472.0,63796.0,1068.177384305835,68145444.40917505
1505106,15,2022,2025,652.59,994.0,1472.0,55527.0,966.4109456740443,53661900.58044266
1505205,15,2022,2025,460.54,994.0,1472.0,36734.0,682.0069215291751,25052842.25545272
1505304,15,2022,2025,727.72,994.0,1472.0,72889.0,1077.6698591549296,78550278.36394367
1505403,15,2022,2025,694.89,994.0,1472.0,18783.0,1029.0523943661972,19328691.12338028
1505437,15,2022,2025,935.72,994.0,1472.0,35252.0,1385.694004024145,48848485.029859155
1505486,15,2022,2025,689.59,994.0,1472.0,43741.0,1021.2037022132797,44668471.13851107
1505494,15,2022,2025,856.12,994.0,1472.0,7063.0,1267.8155331991952,8954581.110985916
1505502,15,2022,2025,992.06,994.0,1472.0,113498.0,1469.1270824949697,166742985.60901406
1505536,15,2022,2025,1321.92,994.0,1472.0,305771.0,1957.611911468813,598580951.7817304
1505551,15,2022,2025,882.09,994.0,1472.0,7354.0,1306.274124748491,9606339.913400402
1505601,15,2022,2025,756.62,994.0,1472.0,8686.0,1120.467444668008,9732380.224386318
1505635,15,2022,2025,864.32,994.0,1472.0,13366.0,1279.9587927565392,17107929.223983902
1505650,15,2022,2025,793.04,994.0,1472.0,18510.0,1174.401287726358,21738167.83581489
1505700,15,2022,2025,574.17,994.0,1472.0,25736.0,850.2799195171026,21882804.008692153
1505809,15,2022,2025,508.31,994.0,1472.0,67580.0,752.7488128772636,50870764.77424548
1505908,15,2022,2025,484.97,994.0,1472.0,44121.0,718.1849496981891,31687038.1656338
1506005,15,2022,2025,451.71,994.0,1472.0,38733.0,668.9307042253521,25909692.96676056
1506104,15,2022,2025,716.9,994.0,1472.0,11379.0,1061.6466800804828,12080477.572635815
1506112,15,2022,2025,649.32,994.0,1472.0,11838.0,961.5684507042255,11383047.31943662
1506138,15,2022,2025,1295.2,994.0,1472.0,92694.0,1918.0426559356138,177791045.9492958
1506161,15,2022,2025,1039.0,994.0,1472.0,19190.0,1538.6398390342051,29526498.511066396
1506187,15,2022,2025,946.14,994.0,1472.0,57031.0,1401.124828973843,79907550.12120724
1506195,15,2022,2025,731.95,994.0,1472.0,37198.0,1083.934004024145,40320177.08169015
1506203,15,2022,2025,875.11,994.0,1472.0,48663.0,1295.9375452716297,63064208.76555332
1506302,15,2022,2025,723.4,994.0,1472.0,25687.0,1071.272434607646,27517775.0277666
1506351,15,2022,2025,762.45,994.0,1472.0,22530.0,1129.1010060362173,25438645.665995978
1506401,15,2022,2025,520.36,994.0,1472.0,7626.0,770.5934808853119,5876545.885231389
1506500,15,2022,2025,914.02,994.0,1472.0,79195.0,1353.558792756539,107195088.59235412
1506559,15,2022,2025,685.08,994.0,1472.0,21295.0,1014.5249094567406,21604307.94688129
1506583,15,2022,2025,1175.42,994.0,1472.0,17065.0,1740.662213279678,29704400.669617705
1506609,15,2022,2025,793.59,994.0,1472.0,25815.0,1175.2157746478874,30338195.222535215
1506708,15,2022,2025,1137.95,994.0,1472.0,30455.0,1685.1734406438632,51321957.13480885
1506807,15,2022,2025,1024.3,994.0,1472.0,360871.0,1516.8708249496983,547394691.4704226
1506906,15,2022,2025,743.73,994.0,1472.0,6355.0,1101.378832997988,6999262.4837022135
1507003,15,2022,2025,697.67,994.0,1472.0,29234.0,1033.1692555331992,30203670.016257547
1507102,15,2022,2025,611.22,994.0,1472.0,17258.0,905.1467203219318,15621022.099315898
1507151,15,2022,2025,922.63,994.0,1472.0,21555.0,1366.3092152917504,29450795.13561368
1507201,15,2022,2025,520.37,994.0,1472.0,32554.0,770.6082897384307,25086382.26414487
1507300,15,2022,2025,980.71,994.0,1472.0,64651.0,1452.3190342052314,93893877.88040242
1507409,15,2022,2025,681.98,994.0,1472.0,15429.0,1009.9341649899397,15582274.23162978
1507458,15,2022,2025,852.58,994.0,1472.0,24929.0,1262.5731991951711,31474687.28273642
1507466,15,2022,2025,566.06,994.0,1472.0,4470.0,838.2699396378268,3747066.630181086
1507474,15,2022,2025,624.11,994.0,1472.0,21477.0,924.2353319919517,19849802.225191146
1507508,15,2022,2025,684.94,994.0,1472.0,14293.0,1014.3175855130786,14497641.249738432
1507607,15,2022,2025,739.47,994.0,1472.0,55970.0,1095.0702615694165,61291082.54004024
1507706,15,2022,2025,541.45,994.0,1472.0,27651.0,801.825352112676,22171272.811267603
1507755,15,2022,2025,780.97,994.0,1472.0,6212.0,1156.5270020120724,7184345.736498994
1507805,15,2022,2025,627.7,994.0,1472.0,24989.0,929.5517102615695,23228567.68772636
1507904,15,2022,2025,728.05,994.0,1472.0,25315.0,1078.158551307847,27293583.726358145
1507953,15,2022,2025,829.7,994.0,1472.0,75290.0,1228.6905432595574,92508111.00201207
1507961,15,2022,2025,729.04,994.0,1472.0,10837.0,1079.6246277665996,11699892.09110664
1507979,15,2022,2025,692.2,994.0,1472.0,19792.0,1025.0688128772638,20288161.944466803
1508001,15,2022,2025,710.04,994.0,1472.0,73058.0,1051.4878068410462,76819596.19219315
1508035,15,2022,2025,536.71,994.0,1472.0,30494.0,794.8059557344066,24236812.814164992
1508050,15,2022,2025,964.72,994.0,1472.0,15550.0,1428.6396780684106,22215346.993963785
1508084,15,2022,2025,1120.97,994.0,1472.0,42883.0,1660.0280080482896,71186981.0691348
1508100,15,2022,2025,1124.55,994.0,1472.0,96119.0,1665.3295774647886,160069813.656338
1508126,15,2022,2025,718.62,994.0,1472.0,39360.0,1064.1938028169013,41886668.07887324
1508159,15,2022,2025,840.09,994.0,1472.0,45962.0,1244.0769416498995,57180264.39211268
1508209,15,2022,2025,699.55,994.0,1472.0,54062.0,1035.953319919517,56005708.381488934
1508308,15,2022,2025,515.8,994.0,1472.0,62189.0,763.840643863179,47502485.80120724
1508357,15,2022,2025,838.42,994.0,1472.0,16552.0,1241.6038631790743,20551027.14334004
1508407,15,2022,2025,1187.19,994.0,1472.0,57768.0,1758.0922334004026,101561472.13907446
1600055,16,2022,2025,1096.98,1142.15,1769.0,5003.0,1699.0391980037646,8500293.107612833
1600105,16,2022,2025,841.51,1142.15,1769.0,8440.0,1303.3587444731427,11000347.803353325
1600154,16,2022,2025,885.6,1142.15,1769.0,13888.0,1371.646806461498,19049430.848137286
1600204,16,2022,2025,827.69,1142.15,1769.0,11461.0,1281.9538677056428,14692473.277774371
1600212,16,2022,2025,642.81,1142.15,1769.0,4723.0,995.605559690058,4702245.058416144
1600238,16,2022,2025,758.6,1142.15,1769.0,7184.0,1174.9449722015495,8440804.680295931
1600253,16,2022,2025,628.24,1142.15,1769.0,6097.0,973.0390579170862,5932619.136120475
1600279,16,2022,2025,867.35,1142.15,1769.0,37872.0,1343.3805979950093,50876510.00726699
1600303,16,2022,2025,1313.17,1142.15,1769.0,489676.0,2033.8814779144595,995942946.5792409
1600402,16,2022,2025,650.57,1142.15,1769.0,23773.0,1007.6245064133433,23954257.39096441
1600501,16,2022,2025,846.41,1142.15,1769.0,30786.0,1310.9480278422272,40358845.98515081
1600535,16,2022,2025,889.05,1142.15,1769.0,19048.0,1376.9902814866698,26228910.881758086
1600550,16,2022,2025,639.24,1142.15,1769.0,4048.0,990.0762246640109,4007828.557439916
1600600,16,2022,2025,1029.14,1142.15,1769.0,118803.0,1593.9663441754585,189367983.587077
1600709,16,2022,2025,669.0,1142.15,1769.0,13816.0,1036.169504881145,14315717.8794379
1600808,16,2022,2025,656.35,1142.15,1769.0,11899.0,1016.5767631221818,12096246.904390842
1700251,17,2022,2025,1103.87,1392.58,2061.0,2682.0,1633.713014692154,4381618.305404358
1700301,17,2022,2025,969.45,1392.58,2061.0,4502.0,1434.7731907682144,6459348.9048385015
1700350,17,2022,2025,962.77,1392.58,2061.0,5196.0,1424.886879030289,7403712.223441382
1700400,17,2022,2025,901.21,1392.58,2061.0,6483.0,1333.7788924155166,8646888.559529794
1700707,17,2022,2025,1420.73,1392.58,2061.0,9128.0,2102.6616280572753,19193095.34090681
1701002,17,2022,2025,905.85,1392.58,2061.0,10700.0,1340.6460311077283,14344912.532852693
1701051,17,2022,2025,864.48,1392.58,2061.0,2903.0,1279.4189777247987,3714153.2923350907
1701101,17,2022,2025,1086.79,1392.58,2061.0,5110.0,1608.4348403682372,8219102.0342816925
1701309,17,2022,2025,948.87,1392.58,2061.0,5330.0,1404.3150626893969,7484999.284134486
1701903,17,2022,2025,1126.54,1392.58,2061.0,6022.0,1667.2643151560412,10040265.70586968
1702000,17,2022,2025,1309.8,1392.58,2061.0,8242.0,1938.4866937626564,15977007.329991814
1702109,17,2022,2025,1450.2,1392.58,2061.0,183024.0,2146.2768386735415,392820172.1213863
1702158,17,2022,2025,882.97,1392.58,2061.0,4300.0,1306.783933418547,5619170.913699752
1702208,17,2022,2025,968.04,1392.58,2061.0,33286.0,1432.6864093983827,47688399.823234566
1702307,17,2022,2025,1063.76,1392.58,2061.0,5488.0,1574.350744660989,8640036.886699507
1702406,17,2022,2025,1165.13,1392.58,2061.0,10511.0,1724.3770052707928,18124926.702401303
1702554,17,2022,2025,995.19,1392.58,2061.0,18237.0,1472.8680506685434,26860694.640042227
1702703,17,2022,2025,988.14,1392.58,2061.0,3418.0,1462.4341438193856,4998599.9035746595
1702901,17,2022,2025,729.12,1392.58,2061.0,10732.0,1079.087966220971,11580772.053483462
1703008,17,2022,2025,877.11,1392.58,2061.0,7636.0,1298.1112108460557,9912377.206020482
1703057,17,2022,2025,1113.71,1392.58,2061.0,3555.0,1648.2760846773615,5859621.48102802
1703073,17,2022,2025,750.89,1392.58,2061.0,4667.0,1111.3072785764552,5186471.069116317
1703107,17,2022,2025,1073.11,1392.58,2061.0,4890.0,1588.18862112051,7766242.357279294
1703206,17,2022,2025,1113.41,1392.58,2061.0,4307.0,1647.8320886412273,7097212.805777766
1703305,17,2022,2025,1047.77,1392.58,2061.0,4201.0,1550.6857559350271,6514430.860683049
1703602,17,2022,2025,945.34,1392.58,2061.0,2013.0,1399.0907093308824,2816369.597883066
1703701,17,2022,2025,889.67,1392.58,2061.0,4774.0,1316.6998448922145,6285925.059515432
1703800,17,2022,2025,665.2,1392.58,2061.0,10696.0,984.4872107886083,10530075.206594955
1703826,17,2022,2025,763.82,1392.58,2061.0,1982.0,1130.4435077338464,2240539.0323284836
1703842,17,2022,2025,912.29,1392.58,2061.0,8990.0,1350.1771460167458,12138092.542690545
1703867,17,2022,2025,1174.15,1392.58,2061.0,4166.0,1737.7264860905661,7239368.541053299
1703883,17,2022,2025,982.1,1392.58,2061.0,2242.0,1453.495023625214,3258735.8429677295
1703891,17,2022,2025,590.1,1392.58,2061.0,3344.0,873.3402030763045,2920449.6390871624
1703909,17,2022,2025,1047.86,1392.58,2061.0,5028.0,1550.8189547458674,7797517.704462221
1704105,17,2022,2025,860.47,1392.58,2061.0,2111.0,1273.4842307084693,2688325.211025579
1704600,17,2022,2025,927.68,1392.58,2061.0,1574.0,1372.9541426704388,2161029.8205632707
1705102,17,2022,2025,809.82,1392.58,2061.0,3176.0,1198.5228999411167,3806508.730212987
1705508,17,2022,2025,1378.65,1392.58,2061.0,36209.0,2040.3837840554945,73880256.4368654
1705557,17,2022,2025,1156.96,1392.58,2061.0,4906.0,1712.2855132200664,8400472.727857646
1705607,17,2022,2025,966.54,1392.58,2061.0,3942.0,1430.466429217711,5638898.663976217
1706001,17,2022,2025,878.4,1392.58,2061.0,5540.0,1300.0203938014333,7202112.98165994
1706100,17,2022,2025,1299.17,1392.58,2061.0,6392.0,1922.7544342156286,12290246.343506299
1706258,17,2022,2025,1034.63,1392.58,2061.0,1494.0,1531.238729552342,2287670.6619511987
1706506,17,2022,2025,865.8,1392.58,2061.0,6093.0,1281.3725602837897,7807403.009809131
1707009,17,2022,2025,1143.3,1392.58,2061.0,17966.0,1692.0688937080815,30399709.744359393
1707108,17,2022,2025,1231.09,1392.58,2061.0,7343.0,1821.9969337488692,13378923.484517947
1707207,17,2022,2025,1097.58,1392.58,2061.0,6352.0,1624.4038978012036,10318213.558833245
1707306,17,2022,2025,1188.81,1392.58,2061.0,4304.0,1759.4230923896653,7572556.98964512
1707405,17,2022,2025,723.55,1392.58,2061.0,7385.0,1070.844439816743,7908186.188046647
1707553,17,2022,2025,1181.37,1392.58,2061.0,3503.0,1748.411990693533,6124687.203399446
1707652,17,2022,2025,1201.32,1392.58,2061.0,5334.0,1777.9377270964685,9483519.836332563
1707702,17,2022,2025,922.76,1392.58,2061.0,7784.0,1365.6726076778355,10630395.578164272
1708205,17,2022,2025,1174.54,1392.58,2061.0,19473.0,1738.3036809375403,33849987.57889672
1708254,17,2022,2025,1092.33,1392.58,2061.0,3741.0,1616.633967168852,6047827.671178675
1708304,17,2022,2025,1104.48,1392.58,2061.0,4832.0,1634.6158066322942,7898463.5776472455
1709005,17,2022,2025,803.98,1392.58,2061.0,12851.0,1189.8797771043673,15291145.015568225
1709302,17,2022,2025,1406.97,1392.58,2061.0,25831.0,2082.2970098665787,53787814.061863594
1709500,17,2022,2025,1665.16,1392.58,2061.0,90209.0,2464.414798431688,222312394.55172414
1709807,17,2022,2025,1060.8,1392.58,2061.0,1626.0,1569.9699837711298,2552771.193611857
1710508,17,2022,2025,951.97,1392.58,2061.0,6959.0,1408.903021729452,9804556.128215255
1710706,17,2022,2025,850.59,1392.58,2061.0,5160.0,1258.8619612517773,6495727.720059171
1710904,17,2022,2025,933.46,1392.58,2061.0,3685.0,1381.5084662999614,5090858.698315358
1711100,17,2022,2025,1076.92,1392.58,2061.0,2464.0,1593.827370779417,3927190.641600483
1711506,17,2022,2025,1033.94,1392.58,2061.0,3396.0,1530.2175386692327,5196618.761320714
1711803,17,2022,2025,791.63,1392.58,2061.0,2308.0,1171.6019402835027,2704057.2781743244
1711902,17,2022,2025,1229.28,1392.58,2061.0,16629.0,1819.3181576641916,30253441.64379784
1711951,17,2022,2025,777.8,1392.58,2061.0,3613.0,1151.1337230177082,4159046.1412629797
1712009,17,2022,2025,1306.33,1392.58,2061.0,3559.0,1933.3511396113688,6880796.705876862
1712157,17,2022,2025,904.21,1392.58,2061.0,1676.0,1338.2188527768603,2242854.797254018
1712405,17,2022,2025,912.48,1392.58,2061.0,2950.0,1350.4583435062978,3983852.1133435783
1712454,17,2022,2025,658.43,1392.58,2061.0,2811.0,974.4677002398425,2739228.7053741976
1712504,17,2022,2025,1221.45,1392.58,2061.0,4793.0,1807.7298611210847,8664449.224353358
1712702,17,2022,2025,775.8,1392.58,2061.0,2922.0,1148.173749443479,3354963.6958738454
1712801,17,2022,2025,810.37,1392.58,2061.0,3171.0,1199.3368926740295,3803097.2866693474
1713205,17,2022,2025,1345.89,1392.58,2061.0,18679.0,1991.899416909621,37206689.20845481
1713304,17,2022,2025,1172.19,1392.58,2061.0,13073.0,1734.8257119878213,22679376.532816786
1713601,17,2022,2025,1018.53,1392.58,2061.0,5667.0,1507.4109422797974,8542497.809899611
1713700,17,2022,2025,969.74,1392.58,2061.0,2521.0,1435.2023869364778,3618145.2174668605
1713809,17,2022,2025,812.99,1392.58,2061.0,4850.0,1203.2144580562697,5835590.121572908
1713957,17,2022,2025,925.82,1392.58,2061.0,3501.0,1370.201367246406,4797074.9867296675
1714203,17,2022,2025,1184.27,1392.58,2061.0,8956.0,1752.7039523761653,15697216.597480936
1714302,17,2022,2025,810.68,1392.58,2061.0,4672.0,1199.795688578035,5605445.457036579
1714880,17,2022,2025,916.26,1392.58,2061.0,10600.0,1356.0526935615908,14374158.551752862
1715002,17,2022,2025,1068.55,1392.58,2061.0,3382.0,1581.4398813712676,5348429.678797627
1715101,17,2022,2025,1024.13,1392.58,2061.0,4118.0,1515.698868287639,6241647.939608498
1715150,17,2022,2025,1123.63,1392.58,2061.0,1817.0,1662.9575536055384,3021593.874901263
1715259,17,2022,2025,876.15,1392.58,2061.0,2251.0,1296.6904235304255,2918850.143366988
1715507,17,2022,2025,925.74,1392.58,2061.0,1220.0,1370.0829683034367,1671501.2213301929
1715705,17,2022,2025,862.06,1392.58,2061.0,4905.0,1275.8374096999814,6257982.494578409
1715754,17,2022,2025,1242.87,1392.58,2061.0,7104.0,1839.4311781010786,13067319.089230062
1716109,17,2022,2025,1526.29,1392.58,2061.0,55704.0,2258.8890333050886,125829154.71122666
1716208,17,2022,2025,977.59,1392.58,2061.0,10877.0,1446.820283215327,15737064.220533112
1716307,17,2022,2025,933.91,1392.58,2061.0,4057.0,1382.1744603541629,5607481.785656839
1716505,17,2022,2025,1441.4,1392.58,2061.0,14895.0,2133.252954946933,31774802.76393457
1716604,17,2022,2025,1080.34,1392.58,2061.0,9384.0,1598.8889255913484,15003973.677749213
1716653,17,2022,2025,1002.46,1392.58,2061.0,5035.0,1483.6275546108661,7470064.737465711
1716703,17,2022,2025,1172.54,1392.58,2061.0,9155.0,1735.3437073633113,15887071.640911115
1717008,17,2022,2025,787.79,1392.58,2061.0,4599.0,1165.9187910209826,5362060.519905499
1717206,17,2022,2025,857.47,1392.58,2061.0,2229.0,1269.0442703471256,2828699.6786037427
1717503,17,2022,2025,1037.53,1392.58,2061.0,7408.0,1535.530691234974,11375211.360668687
1717800,17,2022,2025,817.92,1392.58,2061.0,4280.0,1210.5107929167445,5180986.193683667
1717909,17,2022,2025,906.89,1392.58,2061.0,7874.0,1342.1852173663272,10568366.40154246
1718006,17,2022,2025,881.18,1392.58,2061.0,2960.0,1304.1347570696119,3860238.880926051
1718204,17,2022,2025,1349.96,1392.58,2061.0,69551.0,1997.9229631331773,138957540.0088756
1718303,17,2022,2025,721.44,1392.58,2061.0,9552.0,1067.7216676959313,10198877.369831536
1718402,17,2022,2025,1017.64,1392.58,2061.0,3016.0,1506.0937540392654,4542378.762182425
1718451,17,2022,2025,912.8,1392.58,2061.0,2223.0,1350.9319392781745,3003121.701015382
1718501,17,2022,2025,723.11,1392.58,2061.0,3454.0,1070.1932456304125,3696447.470407445
1718550,17,2022,2025,708.06,1392.58,2061.0,4029.0,1047.9194444843383,4222067.441827399
1718659,17,2022,2025,913.38,1392.58,2061.0,1827.0,1351.7903316147008,2469720.9358600583
1718709,17,2022,2025,916.21,1392.58,2061.0,2845.0,1355.9786942222352,3857759.385062259
1718758,17,2022,2025,987.98,1392.58,2061.0,4718.0,1462.1973459334474,6898647.078114005
1718808,17,2022,2025,832.94,1392.58,2061.0,4397.0,1232.7401944592054,5420358.635037126
1718840,17,2022,2025,1043.85,1392.58,2061.0,3900.0,1544.884207729538,6025048.410145198
1718865,17,2022,2025,1011.88,1392.58,2061.0,7533.0,1497.5690301454854,11281187.504085941
1718881,17,2022,2025,915.7,1392.58,2061.0,2716.0,1355.2239009608068,3680788.115009551
1718899,17,2022,2025,1145.36,1392.58,2061.0,2299.0,1695.1176664895374,3897075.5152594466
1718907,17,2022,2025,848.41,1392.58,2061.0,4799.0,1255.6355900558674,6025795.196678108
1719004,17,2022,2025,942.39,1392.58,2061.0,2907.0,1394.7247483088945,4054464.8433339563
1720002,17,2022,2025,793.1,1392.58,2061.0,2461.0,1173.7775208605613,2888666.478837841
1720101,17,2022,2025,750.11,1392.58,2061.0,6004.0,1110.1528888825057,6665357.944850565
1720150,17,2022,2025,1195.77,1392.58,2061.0,1897.0,1769.7238004279827,3357166.049411883
1720200,17,2022,2025,820.57,1392.58,2061.0,14116.0,1214.4327579025983,17142932.810553078
1720259,17,2022,2025,815.37,1392.58,2061.0,2356.0,1206.7368266096025,2843071.9634922235
1720309,17,2022,2025,868.76,1392.58,2061.0,4182.0,1285.753321173649,5377020.3891482
1720499,17,2022,2025,1074.49,1392.58,2061.0,4554.0,1590.2310028867282,7241911.987146161
1720655,17,2022,2025,1231.48,1392.58,2061.0,5259.0,1822.5741285958438,9584917.342285542
1720804,17,2022,2025,803.3,1392.58,2061.0,11446.0,1188.8733860891296,13607844.777176177
1720853,17,2022,2025,1087.47,1392.58,2061.0,1591.0,1609.4412313834753,2560620.999131109
1720903,17,2022,2025,1004.29,1392.58,2061.0,14199.0,1486.335930431286,21104483.87619383
1720937,17,2022,2025,1041.52,1392.58,2061.0,2092.0,1541.435838515561,3224683.774174554
1720978,17,2022,2025,1136.59,1392.58,2061.0,2505.0,1682.1381823665424,4213756.146828189
1721000,17,2022,2025,2260.06,1392.58,2061.0,328499.0,3344.858938086142,1098782816.3023596
1721109,17,2022,2025,755.36,1392.58,2061.0,7802.0,1117.9228195148573,8722033.837854916
1721208,17,2022,2025,1055.63,1392.58,2061.0,23225.0,1562.3184520817479,36284846.0495986
1721257,17,2022,2025,1308.74,1392.58,2061.0,2024.0,1936.917907768315,3920321.8453230695
1721307,17,2022,2025,1052.03,1392.58,2061.0,1886.0,1556.990499648135,2936484.0823363825
1722081,17,2022,2025,870.86,1392.58,2061.0,10734.0,1288.8612934265896,13834637.123641012
1722107,17,2022,2025,1051.05,1392.58,2061.0,10636.0,1555.5401125967628,16544724.63757917
2100055,21,2022,2025,1007.41,899.87,1206.0,110611.0,1350.1244179714847,149338611.9962439
2100105,21,2022,2025,605.56,899.87,1206.0,6303.0,811.5676264349295,5115310.74941936
2100154,21,2022,2025,597.92,899.87,1206.0,12461.0,801.3285474568548,9985355.029859869
2100204,21,2022,2025,681.48,899.87,1206.0,18721.0,913.3151232955871,17098172.423216686
2100303,21,2022,2025,533.46,899.87,1206.0,23776.0,714.9396690633091,16998405.57164924
2100402,21,2022,2025,798.15,899.87,1206.0,6549.0,1069.6755086845878,7005304.906375365
2100436,21,2022,2025,671.08,899.87,1206.0,24528.0,899.3771100270039,22059921.754742354
2100477,21,2022,2025,616.57,899.87,1206.0,26321.0,826.3231577894585,21749651.836176336
2100501,21,2022,2025,803.48,899.87,1206.0,11392.0,1076.8187404847367,12267119.09160212
2100550,21,2022,2025,546.81,899.87,1206.0,7380.0,732.8312534032692,5408294.650116127
2100600,21,2022,2025,602.61,899.87,1206.0,38335.0,807.6140553635526,30959884.812361788
2100709,21,2022,2025,647.55,899.87,1206.0,26250.0,867.8423550068343,22780861.8189294
2100808,21,2022,2025,647.27,899.87,1206.0,14113.0,867.4671008034494,12242563.193639081
2100832,21,2022,2025,594.97,899.87,1206.0,18033.0,797.3749763854779,14379062.949159322
2100873,21,2022,2025,601.3,899.87,1206.0,11297.0,805.8584017691444,9103782.364786025
2100907,21,2022,2025,495.55,899.87,1206.0,40231.0,664.1329303121562,26718731.919388358
2100956,21,2022,2025,570.78,899.87,1206.0,26089.0,764.9556936001867,19956929.090335272
2101004,21,2022,2025,723.36,899.87,1206.0,30555.0,969.442430573305,29621313.466167334
2101103,21,2022,2025,692.03,899.87,1206.0,12091.0,927.454165601698,11213848.31629013
2101202,21,2022,2025,894.93,899.87,1206.0,107755.0,1199.3794436974229,129239131.9556158
2101251,21,2022,2025,704.29,899.87,1206.0,17459.0,943.884938935624,16479287.148877058
2101301,21,2022,2025,639.65,899.87,1206.0,16591.0,857.254825697045,14222714.813139673
2101350,21,2022,2025,624.92,899.87,1206.0,5375.0,837.5137742118305,4501636.536388589
2101400,21,2022,2025,1166.62,899.87,1206.0,105974.0,1563.4966384033246,165689992.75815392
2101509,21,2022,2025,815.92,899.87,1206.0,19493.0,1093.4907486636957,21315415.163701423
2101608,21,2022,2025,817.61,899.87,1206.0,87757.0,1095.7556758198407,96160230.84292176
2101707,21,2022,2025,612.86,899.87,1206.0,68234.0,821.3510395946081,56044066.835698485
2101731,21,2022,2025,388.46,899.87,1206.0,8751.0,520.6115994532544,4555872.106815429
2101772,21,2022,2025,670.39,899.87,1206.0,12104.0,898.4523764543767,10874867.564603776
2101806,21,2022,2025,715.98,899.87,1206.0,5599.0,959.551801926945,5372530.538988966
2101905,21,2022,2025,679.09,899.87,1206.0,19968.0,910.1120606309801,18173117.62667941
2101939,21,2022,2025,728.32,899.87,1206.0,5989.0,976.0897907475525,5845801.7567870915
2101970,21,2022,2025,570.27,899.87,1206.0,7781.0,764.2721948725926,5946801.948303644
2102002,21,2022,2025,545.68,899.87,1206.0,33936.0,731.3168346538944,24817968.10081456
2102036,21,2022,2025,698.74,899.87,1206.0,29606.0,936.4468645471013,27724445.871781483
2102077,21,2022,2025,638.84,899.87,1206.0,12371.0,856.1692688943958,10591670.025492571
2102101,21,2022,2025,615.04,899.87,1206.0,35354.0,824.2726616066765,29141335.67844244
2102150,21,2022,2025,516.09,899.87,1206.0,9363.0,691.6605065176082,6476017.322524365
2102200,21,2022,2025,489.45,899.87,1206.0,30866.0,655.9577494526986,20246791.894606996
2102309,21,2022,2025,593.63,899.87,1206.0,22938.0,795.5791169835643,18248993.785368998
2102325,21,2022,2025,667.09,899.87,1206.0,56733.0,894.0297376287687,50720989.10489293
2102358,21,2022,2025,696.88,899.87,1206.0,13125.0,933.9541044817585,12258147.62132308
2102374,21,2022,2025,389.45,899.87,1206.0,10032.0,521.9383911009368,5236085.9395245975
2102408,21,2022,2025,507.33,899.87,1206.0,10336.0,679.9204107259936,7027657.36526387
2102507,21,2022,2025,552.62,899.87,1206.0,16680.0,740.6177781235067,12353504.539100092
2102556,21,2022,2025,833.52,899.87,1206.0,12536.0,1117.0781557336059,14003691.760276483
2102606,21,2022,2025,587.02,899.87,1206.0,20440.0,786.7204373965128,16080565.740384722
2102705,21,2022,2025,737.41,899.87,1206.0,25059.0,988.2721504217276,24765111.817418072
2102754,21,2022,2025,780.81,899.87,1206.0,11681.0,1046.4365519463922,12223425.363285808
2102804,21,2022,2025,936.53,899.87,1206.0,24619.0,1255.1314967717558,30900082.319023855
2102903,21,2022,2025,676.39,899.87,1206.0,24906.0,906.4935379554823,22577128.056319244
2103000,21,2022,2025,853.08,899.87,1206.0,163546.0,1143.2923422272106,186980889.40189138
2103109,21,2022,2025,616.29,899.87,1206.0,10446.0,825.9479035860735,8627851.800860124
2103125,21,2022,2025,580.82,899.87,1206.0,7220.0,778.4112371787036,5620129.13243024
2103158,21,2022,2025,735.27,899.87,1206.0,12693.0,985.4041361529999,12507734.700190026
2103174,21,2022,2025,705.59,899.87,1206.0,16477.0,945.627190594197,15581099.219420584
2103208,21,2022,2025,741.25,899.87,1206.0,84395.0,993.4184937824352,83839553.78276862
2103257,21,2022,2025,831.99,899.87,1206.0,13141.0,1115.027659550824,14652578.474157378
2103307,21,2022,2025,725.27,899.87,1206.0,118283.0,972.0022003178236,114971336.26019312
2103406,21,2022,2025,671.03,899.87,1206.0,42841.0,899.310100347828,38527344.0090013
2103505,21,2022,2025,711.68,899.87,1206.0,41788.0,953.7889695178192,39856933.458210625
2103554,21,2022,2025,542.17,899.87,1206.0,15278.0,726.6127551757476,11101189.673575072
2103604,21,2022,2025,625.41,899.87,1206.0,61337.0,838.1704690677542,51410862.06120884
2103703,21,2022,2025,699.05,899.87,1206.0,32602.0,936.8623245579917,30543585.505239643
2103752,21,2022,2025,823.31,899.87,1206.0,14828.0,1103.394779245891,16361137.786658071
2103802,21,2022,2025,863.58,899.87,1206.0,23594.0,1157.3643748541456,27306855.06030871
2103901,21,2022,2025,535.56,899.87,1206.0,10443.0,717.754075588696,7495505.811372752
2104008,21,2022,2025,641.75,899.87,1206.0,18734.0,860.0692322224321,16112536.996455044
2104057,21,2022,2025,1045.87,899.87,1206.0,34321.0,1401.668263193572,48106656.46106659
2104073,21,2022,2025,680.02,899.87,1206.0,8237.0,911.3584406636514,7506859.475746497
2104081,21,2022,2025,584.52,899.87,1206.0,11219.0,783.3699534377188,8788627.507617766
2104099,21,2022,2025,658.6,899.87,1206.0,18150.0,882.651494104704,16020124.618000379
2104107,21,2022,2025,922.26,899.87,1206.0,12963.0,1236.0069343349594,16022357.889784079
2104206,21,2022,2025,663.54,899.87,1206.0,17347.0,889.272050407281,15426202.258415103
2104305,21,2022,2025,799.67,899.87,1206.0,10424.0,1071.7126029315345,11171532.172958316
2104404,21,2022,2025,761.9,899.87,1206.0,17580.0,1021.0934912820741,17950823.57673886
2104503,21,2022,2025,708.84,899.87,1206.0,10476.0,949.9828197406292,9952020.019602831
2104552,21,2022,2025,790.85,899.87,1206.0,18963.0,1059.892095524909,20098733.80743885
2104602,21,2022,2025,734.73,899.87,1206.0,14264.0,984.6804316179004,14045481.676597731
2104628,21,2022,2025,710.62,899.87,1206.0,7216.0,952.3683643192905,6872290.116928001
2104651,21,2022,2025,619.07,899.87,1206.0,10993.0,829.6736417482526,9120602.343738541
2104677,21,2022,2025,678.51,899.87,1206.0,23526.0,909.3347483525398,21393009.28974185
2104701,21,2022,2025,681.18,899.87,1206.0,6160.0,912.9130652205317,5623544.481758475
2104800,21,2022,2025,821.45,899.87,1206.0,76837.0,1100.9020191805482,84590008.44777578
2104909,21,2022,2025,740.79,899.87,1206.0,10439.0,992.802004734017,10363860.127418404
2105005,21,2022,2025,415.69,899.87,1206.0,26550.0,557.1050707324391,14791139.62794626
2105104,21,2022,2025,439.27,899.87,1206.0,25332.0,588.7068354317846,14913121.555157967
2105153,21,2022,2025,646.04,899.87,1206.0,14383.0,865.8186626957227,12453069.825552579
2105203,21,2022,2025,800.72,899.87,1206.0,10461.0,1073.1198061942282,11225906.292597821
2105302,21,2022,2025,1324.19,899.87,1206.0,285806.0,1774.6709413581964,507211603.0658207
2105351,21,2022,2025,553.45,899.87,1206.0,14142.0,741.7301387978264,10489547.62287886
2105401,21,2022,2025,658.19,899.87,1206.0,62264.0,882.1020147354619,54923199.8454888
2105427,21,2022,2025,882.07,899.87,1206.0,22896.0,1182.1445542133865,27066381.7132697
2105450,21,2022,2025,559.77,899.87,1206.0,7593.0,750.2001622456577,5696269.831931279
2105476,21,2022,2025,465.99,899.87,1206.0,17529.0,624.5168079833754,10947155.127140587
2105500,21,2022,2025,850.02,899.87,1206.0,25311.0,1139.1913498616466,28834072.256348137
2105609,21,2022,2025,669.96,899.87,1206.0,15227.0,897.8760932134643,13671959.27136142
2105658,21,2022,2025,569.66,899.87,1206.0,5282.0,763.4546767866468,4032567.6027870686
2105708,21,2022,2025,819.51,899.87,1206.0,45865.0,1098.302043628524,50373623.23102225
2105807,21,2022,2025,780.64,899.87,1206.0,9687.0,1046.2087190371942,10134623.8613133
2105906,21,2022,2025,665.18,899.87,1206.0,15069.0,891.4699678842499,13433560.94604776
2105922,21,2022,2025,568.19,899.87,1206.0,10806.0,761.4845922188761,8228602.503517175
2105948,21,2022,2025,774.33,899.87,1206.0,8962.0,1037.752097525198,9300334.298020825
2105963,21,2022,2025,589.81,899.87,1206.0,11731.0,790.459577494527,9272881.303588297
2105989,21,2022,2025,765.61,899.87,1206.0,7232.0,1026.0656094769245,7420506.487737117
2106003,21,2022,2025,831.6,899.87,1206.0,11559.0,1114.5049840532522,12882563.110671543
2106102,21,2022,2025,747.53,899.87,1206.0,11884.0,1001.8349094869259,11905806.064342627
2106201,21,2022,2025,592.02,899.87,1206.0,7366.0,793.4214053141009,5844342.0715436665
2106300,21,2022,2025,660.15,899.87,1206.0,13933.0,884.7287941591563,12326926.289019525
2106326,21,2022,2025,546.44,899.87,1206.0,21730.0,732.335381777368,15913647.846022205
2106359,21,2022,2025,425.87,899.87,1206.0,7153.0,570.7482414126486,4082562.170824675
2106375,21,2022,2025,468.04,899.87,1206.0,14092.0,627.2642048295864,8839407.174458532
2106409,21,2022,2025,624.96,899.87,1206.0,17581.0,837.5673819551714,14725272.142153868
2106508,21,2022,2025,630.66,899.87,1206.0,22540.0,845.2064853812217,19050954.180492736
2106607,21,2022,2025,597.81,899.87,1206.0,33327.0,801.1811261626679,26700963.391623233
2106631,21,2022,2025,446.05,899.87,1206.0,18021.0,597.7933479280341,10772833.923011102
2106672,21,2022,2025,433.27,899.87,1206.0,9065.0,580.6656739306788,5263734.334181604
2106706,21,2022,2025,584.89,899.87,1206.0,21536.0,783.8658250636203,16881334.408570126
2106755,21,2022,2025,629.09,899.87,1206.0,24373.0,843.1023814550991,20548934.34320513
2106805,21,2022,2025,750.33,899.87,1206.0,14298.0,1005.5874515207753,14377889.381844046
2106904,21,2022,2025,555.93,899.87,1206.0,28563.0,745.05381888495,21280972.22881083
2107001,21,2022,2025,775.51,899.87,1206.0,9306.0,1039.333525953749,9672037.792525588
2107100,21,2022,2025,509.29,899.87,1206.0,19015.0,682.5471901496883,12978634.820696322
2107209,21,2022,2025,535.22,899.87,1206.0,14589.0,717.2984097703002,10464666.500138909
2107258,21,2022,2025,765.0,899.87,1206.0,5148.0,1025.2480913909787,5277977.174480759
2107308,21,2022,2025,727.08,899.87,1206.0,4409.0,974.4279507039906,4296252.834653894
2107357,21,2022,2025,627.94,899.87,1206.0,14379.0,841.5611588340538,12100807.902874859
2107407,21,2022,2025,786.89,899.87,1206.0,18288.0,1054.5849289341793,19286249.18034827
2107456,21,2022,2025,566.55,899.87,1206.0,13921.0,759.2866747419072,10570029.79908209
2107506,21,2022,2025,1055.14,899.87,1206.0,153158.0,1414.091857712781,216579480.74357408
2107605,21,2022,2025,522.16,899.87,1206.0,21657.0,699.79548156956,15155470.74435196
2107704,21,2022,2025,735.73,899.87,1206.0,18589.0,986.020625201418,18329137.40186916
2107803,21,2022,2025,609.43,899.87,1206.0,32232.0,816.7541756031426,26325620.588040493
2107902,21,2022,2025,634.75,899.87,1206.0,17591.0,850.6878771378089,14964450.446731197
2108009,21,2022,2025,759.03,899.87,1206.0,19266.0,1017.2471356973786,19598283.316345695
2108058,21,2022,2025,560.24,899.87,1206.0,17578.0,750.830053229911,13198090.675675375
2108108,21,2022,2025,668.82,899.87,1206.0,20798.0,896.3482725282541,18642251.37204263
2108207,21,2022,2025,1102.76,899.87,1206.0,38252.0,1477.9118761598897,56533085.0868681
2108256,21,2022,2025,507.8,899.87,1206.0,24955.0,680.550301710247,16983132.779179215
2108306,21,2022,2025,565.26,899.87,1206.0,33496.0,757.5578250191695,25375156.9068421
2108405,21,2022,2025,665.56,899.87,1206.0,11229.0,891.9792414459866,10016034.902196985
2108454,21,2022,2025,710.01,899.87,1206.0,20903.0,951.5508462333447,19890267.338815603
2108504,21,2022,2025,786.22,899.87,1206.0,32542.0,1053.6869992332227,34289082.32904753
2108603,21,2022,2025,833.75,899.87,1206.0,88091.0,1117.386400257815,98431685.38511118
2108702,21,2022,2025,726.65,899.87,1206.0,22374.0,973.851667463078,21788957.207818907
2108801,21,2022,2025,629.73,899.87,1206.0,18132.0,843.9601053485504,15302684.630179916
2108900,21,2022,2025,810.21,899.87,1206.0,17394.0,1085.8382433018103,18887070.403991688
2109007,21,2022,2025,1084.18,899.87,1206.0,24571.0,1453.0110793781325,35701935.231400095
2109056,21,2022,2025,671.08,899.87,1206.0,6092.0,899.3771100270039,5479005.354284508
2109106,21,2022,2025,1062.56,899.87,1206.0,46606.0,1424.0360941024812,66368626.20174024
2109205,21,2022,2025,539.16,899.87,1206.0,11616.0,722.5787724893596,8393475.021236401
2109239,21,2022,2025,663.31,899.87,1206.0,4717.0,888.963805883072,4193242.272350451
2109270,21,2022,2025,516.19,899.87,1206.0,17925.0,691.79452587596,12400416.876326581
2109304,21,2022,2025,549.26,899.87,1206.0,10791.0,736.1147276828875,7943414.02642604
2109403,21,2022,2025,413.0,899.87,1206.0,13920.0,553.4999499927767,7704719.303899451
2109452,21,2022,2025,872.96,899.87,1206.0,32156.0,1169.935390667541,37620442.42230545
2109502,21,2022,2025,751.06,899.87,1206.0,22740.0,1006.565792836743,22889306.129107535
2109551,21,2022,2025,725.47,899.87,1206.0,7601.0,972.2702390345272,7390226.086901441
2109601,21,2022,2025,675.16,899.87,1206.0,39761.0,904.8450998477557,35977546.01504661
2109700,21,2022,2025,703.14,899.87,1206.0,6234.0,942.3437163145787,5874570.727505084
2109759,21,2022,2025,602.71,899.87,1206.0,6833.0,807.7480747219042,5519342.594574772
2109809,21,2022,2025,599.67,899.87,1206.0,43200.0,803.6738862280107,34718711.885050066
2109908,21,2022,2025,979.59,899.87,1206.0,88249.0,1312.8402324780245,115856837.67595318
2110005,21,2022,2025,712.85,899.87,1206.0,58839.0,955.3569960105349,56212250.288263865
2110039,21,2022,2025,793.93,899.87,1206.0,24890.0,1064.0198917621433,26483455.105959747
2110104,21,2022,2025,509.6,899.87,1206.0,24495.0,682.9626501605787,16729170.115683377
2110203,21,2022,2025,667.41,899.87,1206.0,38542.0,894.4585995754943,34474223.3448387
2110237,21,2022,2025,552.6,899.87,1206.0,10759.0,740.5909742518364,7968018.291975508
2110278,21,2022,2025,520.09,899.87,1206.0,14287.0,697.0212808516786,9958343.039527932
2110302,21,2022,2025,717.65,899.87,1206.0,14628.0,961.7899252114195,14069063.025992645
2110401,21,2022,2025,445.33,899.87,1206.0,18810.0,596.8284085479014,11226342.364786025
2110500,21,2022,2025,536.73,899.87,1206.0,48166.0,719.3221020814118,34646868.36885328
2110609,21,2022,2025,648.46,899.87,1206.0,27910.0,869.0619311678355,24255518.49889429
2110658,21,2022,2025,762.98,899.87,1206.0,8236.0,1022.5409003522732,8421646.855301322
2110708,21,2022,2025,758.81,899.87,1206.0,35247.0,1016.9522931090045,35844517.47521308
2110807,21,2022,2025,673.96,899.87,1206.0,4491.0,903.2368675475346,4056436.7721559783
2110856,21,2022,2025,766.28,899.87,1206.0,9202.0,1026.963539177881,9450118.487514863
2110906,21,2022,2025,595.04,899.87,1206.0,12360.0,797.468789936324,9856714.243612966
2111003,21,2022,2025,591.36,899.87,1206.0,18889.0,792.5368775489793,14970229.08002267
2111029,21,2022,2025,554.76,899.87,1206.0,12360.0,743.4857923922344,9189484.393968018
2111052,21,2022,2025,773.11,899.87,1206.0,10091.0,1036.1170613533066,10455457.266116217
2111078,21,2022,2025,537.27,899.87,1206.0,17253.0,720.0458066165113,12422950.301554669
2111102,21,2022,2025,851.72,899.87,1206.0,25910.0,1141.4696789536267,29575479.38168847
2111201,21,2022,2025,1134.31,899.87,1206.0,259164.0,1520.1949837198706,393979812.7607765
2111250,21,2022,2025,543.75,899.87,1206.0,7094.0,728.7302610377054,5169612.471801482
2111300,21,2022,2025,1595.48,899.87,1206.0,1089215.0,2138.252058630691,2329016216.041428
2111409,21,2022,2025,635.4,899.87,1206.0,18123.0,851.5590029670952,15432803.810772667
2111508,21,2022,2025,753.38,899.87,1206.0,40177.0,1009.6750419505039,40565714.16044539
2111532,21,2022,2025,728.31,899.87,1206.0,14786.0,976.0763888117173,14432265.484970052
2111573,21,2022,2025,726.47,899.87,1206.0,5993.0,973.6104326180448,5834847.3226799425
2111607,21,2022,2025,850.43,899.87,1206.0,19158.0,1139.7408292308887,21835154.806405365
2111631,21,2022,2025,589.9,899.87,1206.0,5761.0,790.5801949170436,4554532.502917089
2111672,21,2022,2025,545.37,899.87,1206.0,4577.0,730.9013746430039,3345335.5917410287
2111706,21,2022,2025,605.08,899.87,1206.0,19865.0,810.9243335148411,16109011.885272318
2111722,21,2022,2025,634.69,899.87,1206.0,8821.0,850.6074655227978,7503208.4533766
2111748,21,2022,2025,661.54,899.87,1206.0,10447.0,886.5916632402457,9262223.105870847
2111763,21,2022,2025,797.07,899.87,1206.0,15044.0,1068.2280996143888,16070423.530598866
2111789,21,2022,2025,642.91,899.87,1206.0,10475.0,861.6238567793125,9025509.8997633
2111805,21,2022,2025,668.73,899.87,1206.0,17464.0,896.2276551057375,15651719.7687666
2111904,21,2022,2025,694.83,899.87,1206.0,10471.0,931.2067076355473,9750665.435651816
2111953,21,2022,2025,658.02,899.87,1206.0,5081.0,881.8741818262638,4480802.717859247
2112001,21,2022,2025,889.15,899.87,1206.0,9130.0,1191.633124784691,10879610.42928423
2112100,21,2022,2025,538.9,899.87,1206.0,27328.0,722.230322157645,19737110.243924122
2112209,21,2022,2025,937.58,899.87,1206.0,182711.0,1256.5387000344494,229583442.4219943
2112233,21,2022,2025,801.9,899.87,1206.0,23097.0,1074.7012346227789,24822374.416082323
2112274,21,2022,2025,622.31,899.87,1206.0,5633.0,834.0158689588495,4698011.389845199
2112308,21,2022,2025,648.84,899.87,1206.0,37364.0,869.5712047295721,32490658.49351573
2112407,21,2022,2025,548.2,899.87,1206.0,38993.0,734.6941224843589,28647927.918032605
2112456,21,2022,2025,469.19,899.87,1206.0,33219.0,628.8054274506318,20888287.494482536
2112506,21,2022,2025,594.37,899.87,1206.0,55076.0,796.5708602353674,43871936.69832309
2112605,21,2022,2025,552.47,899.87,1206.0,34143.0,740.4167490859791,25280049.064042583
2112704,21,2022,2025,616.42,899.87,1206.0,44444.0,826.1221287519307,36716171.89025081
2112803,21,2022,2025,717.55,899.87,1206.0,53176.0,961.6559058530676,51137014.44964272
2112852,21,2022,2025,727.65,899.87,1206.0,10561.0,975.1918610465955,10299001.244513094
2112902,21,2022,2025,641.96,899.87,1206.0,31859.0,860.3506728749708,27409912.087123692
2113009,21,2022,2025,754.86,899.87,1206.0,31920.0,1011.65852845411,32292140.22825519
2114007,21,2022,2025,760.1,899.87,1206.0,41815.0,1018.6811428317425,42596151.98750931
2200053,22,2022,2025,611.2,1009.27,1520.0,6323.0,920.4910479851775,5820264.896410277
2200103,22,2022,2025,728.51,1009.27,1520.0,5016.0,1097.1644852219922,5503377.057873513
2200202,22,2022,2025,838.94,1009.27,1520.0,18095.0,1263.4763740129006,22862604.987763435
2200251,22,2022,2025,640.87,1009.27,1520.0,6876.0,965.1752256581491,6636544.851625433
2200277,22,2022,2025,652.29,1009.27,1520.0,4707.0,982.374191247139,4624035.318200284
2200301,22,2022,2025,754.37,1009.27,1520.0,13729.0,1136.1106542352393,15597663.1719956
2200400,22,2022,2025,836.62,1009.27,1520.0,50094.0,1259.9823634904435,63117556.51669028
2200459,22,2022,2025,644.28,1009.27,1520.0,5474.0,970.3108187105532,5311481.4216215685
2200509,22,2022,2025,765.13,1009.27,1520.0,17594.0,1152.3156340721512,20273841.265865427
2200608,22,2022,2025,869.02,1009.27,1520.0,6991.0,1308.7780276833753,9149667.191534476
2200707,22,2022,2025,740.25,1009.27,1520.0,9649.0,1114.8453832968382,10757143.103431191
2200806,22,2022,2025,906.69,1009.27,1520.0,3234.0,1365.5105175027497,4416061.013603893
2200905,22,2022,2025,732.79,1009.27,1520.0,5413.0,1103.6103322203176,5973842.728308579
2200954,22,2022,2025,705.46,1009.27,1520.0,2777.0,1062.450285850169,2950424.443805919
2201002,22,2022,2025,683.68,1009.27,1520.0,4517.0,1029.648756031587,4650923.430994678
2201051,22,2022,2025,499.26,1009.27,1520.0,7596.0,751.9050402766356,5711470.685941325
2201101,22,2022,2025,678.26,1009.27,1520.0,11118.0,1021.4860245523993,11356881.620973576
2201150,22,2022,2025,816.19,1009.27,1520.0,13983.0,1229.2139863465675,17188099.171084054
2201176,22,2022,2025,661.27,1009.27,1520.0,4099.0,995.8984216314761,4082187.630267421
2201200,22,2022,2025,741.61,1009.27,1520.0,49703.0,1116.8935963617268,55512962.41996691
2201309,22,2022,2025,660.51,1009.27,1520.0,3336.0,994.753831977568,3318498.7834771667
2201408,22,2022,2025,740.09,1009.27,1520.0,6731.0,1114.6044170539103,7502402.33118987
2201507,22,2022,2025,649.57,1009.27,1520.0,27129.0,978.2777651173622,26539697.489868917
2201556,22,2022,2025,691.55,1009.27,1520.0,4225.0,1041.501283105611,4400342.921121207
2201572,22,2022,2025,843.88,1009.27,1520.0,3515.0,1270.9162067633042,4467270.4667730145
2201606,22,2022,2025,652.94,1009.27,1520.0,10093.0,983.3531166090344,9924983.005934983
2201705,22,2022,2025,945.82,1009.27,1520.0,5715.0,1424.4418242888426,8140685.025810735
2201739,22,2022,2025,574.1,1009.27,1520.0,6596.0,864.6170004062342,5703013.734679521
2201770,22,2022,2025,616.36,1009.27,1520.0,7140.0,928.2622093196073,6627792.174541997
2201804,22,2022,2025,900.37,1009.27,1520.0,4118.0,1355.9923509070913,5583976.5010354025
2201903,22,2022,2025,1130.24,1009.27,1520.0,30658.0,1702.1855400437942,52185604.28666264
2201919,22,2022,2025,544.35,1009.27,1520.0,5805.0,819.8123396117986,4759010.631446491
2201929,22,2022,2025,637.35,1009.27,1520.0,6117.0,959.8739683137318,5871549.064175097
2201945,22,2022,2025,672.54,1009.27,1520.0,6751.0,1012.8714813677211,6837895.370713485
2201960,22,2022,2025,799.36,1009.27,1520.0,8684.0,1203.8673496685724,10454384.064521883
2201988,22,2022,2025,662.87,1009.27,1520.0,3964.0,998.3080840607568,3957293.24521684
2202000,22,2022,2025,655.04,1009.27,1520.0,20130.0,986.515798547465,19858563.02476047
2202026,22,2022,2025,666.86,1009.27,1520.0,7517.0,1004.3171797437752,7549452.240133958
2202059,22,2022,2025,623.38,1009.27,1520.0,10466.0,938.8346032280758,9825842.95738504
2202075,22,2022,2025,630.48,1009.27,1520.0,3135.0,949.5274802580083,2976768.6506088558
2202083,22,2022,2025,833.97,1009.27,1520.0,8246.0,1255.9913600919476,10356904.7553182
2202091,22,2022,2025,710.22,1009.27,1520.0,5602.0,1069.6190315772785,5992005.814895914
2202109,22,2022,2025,685.57,1009.27,1520.0,4964.0,1032.4951697761749,5125306.022768932
2202117,22,2022,2025,636.4,1009.27,1520.0,4698.0,958.4432312463464,4502766.300395335
2202133,22,2022,2025,686.67,1009.27,1520.0,6211.0,1034.1518126963051,6423116.908656751
2202174,22,2022,2025,525.88,1009.27,1520.0,7669.0,791.9957989437911,6073815.782099934
2202208,22,2022,2025,1038.91,1009.27,1520.0,47119.0,1564.6389965024227,73724224.87619765
2202251,22,2022,2025,755.33,1009.27,1520.0,3404.0,1137.5564516928077,3872242.1615623175
2202307,22,2022,2025,913.41,1009.27,1520.0,19639.0,1375.6310997057278,27016019.16712079
2202406,22,2022,2025,618.65,1009.27,1520.0,11362.0,931.711038671515,10586100.821385752
2202455,22,2022,2025,677.47,1009.27,1520.0,4071.0,1020.296253727942,4153626.048926452
2202505,22,2022,2025,643.52,1009.27,1520.0,10546.0,969.166229056645,10220827.051631378
2202539,22,2022,2025,554.55,1009.27,1520.0,5581.0,835.1739375984623,4661105.745737018
2202554,22,2022,2025,633.05,1009.27,1520.0,5176.0,953.3980005350402,4934788.050769368
2202604,22,2022,2025,711.61,1009.27,1520.0,19669.0,1071.7124258127162,21079511.703310315
2202653,22,2022,2025,577.3,1009.27,1520.0,5682.0,869.4363252647954,4940137.200154567
2202703,22,2022,2025,594.08,1009.27,1520.0,29302.0,894.7076599918755,26216723.853081938
2202711,22,2022,2025,716.92,1009.27,1520.0,5046.0,1079.709492999891,5448214.101677449
2202729,22,2022,2025,567.23,1009.27,1520.0,6596.0,854.2705123505109,5634768.29946397
2202737,22,2022,2025,658.23,1009.27,1520.0,4249.0,991.3200630158432,4212118.947754318
2202752,22,2022,2025,843.92,1009.27,1520.0,6294.0,1270.9764483240363,7999525.765751484
2202778,22,2022,2025,716.44,1009.27,1520.0,7067.0,1078.986594271107,7625198.261713913
2202802,22,2022,2025,776.18,1009.27,1520.0,5078.0,1168.95736522437,5935965.500609351
2202851,22,2022,2025,724.86,1009.27,1520.0,4291.0,1091.6674428051958,4684344.997077095
2202901,22,2022,2025,946.37,1009.27,1520.0,28381.0,1425.2701457489077,40450592.00649975
2203008,22,2022,2025,684.39,1009.27,1520.0,7431.0,1030.7180437345805,7659265.782991668
2203107,22,2022,2025,857.08,1009.27,1520.0,10801.0,1290.795921804869,13941886.75141439
2203206,22,2022,2025,693.11,1009.27,1520.0,11581.0,1043.8507039741596,12088835.002724743
2203230,22,2022,2025,664.97,1009.27,1520.0,4977.0,1001.4707659991876,4984320.002377957
2203255,22,2022,2025,744.99,1009.27,1520.0,4555.0,1121.984008243582,5110637.157549515
2203271,22,2022,2025,567.11,1009.27,1520.0,5191.0,854.0897876683148,4433580.087786222
2203305,22,2022,2025,862.34,1009.27,1520.0,17139.0,1298.7176870411288,22258722.438197907
2203354,22,2022,2025,799.6,1009.27,1520.0,7259.0,1204.2287990329644,8741496.85218029
2203404,22,2022,2025,918.12,1009.27,1520.0,6410.0,1382.7245434819226,8863264.323719123
2203420,22,2022,2025,591.0,1009.27,1520.0,4129.0,890.0690598155102,3675095.1479782416
2203453,22,2022,2025,748.74,1009.27,1520.0,9332.0,1127.6316545622083,10523058.600374527
2203503,22,2022,2025,794.04,1009.27,1520.0,13743.0,1195.8552220912143,16434638.317199558
2203602,22,2022,2025,886.51,1009.27,1520.0,4421.0,1335.1186501134482,5902559.552151554
2203701,22,2022,2025,826.99,1009.27,1520.0,42710.0,1245.4792077442112,53194416.96275526
2203750,22,2022,2025,575.61,1009.27,1520.0,5426.0,866.8911193238678,4703751.213451306
2203800,22,2022,2025,629.95,1009.27,1520.0,4512.0,948.7292795783093,4280666.509457331
2203859,22,2022,2025,727.11,1009.27,1520.0,2354.0,1095.0560305963716,2577761.896023859
2203909,22,2022,2025,1223.01,1009.27,1520.0,64393.0,1841.900779771518,118605516.91182736
2204006,22,2022,2025,679.25,1009.27,1520.0,4481.0,1022.9770031805167,4583959.951251895
2204105,22,2022,2025,701.6,1009.27,1520.0,4548.0,1056.6369752395296,4805584.963389381
2204154,22,2022,2025,693.49,1009.27,1520.0,2985.0,1044.4229988011136,3117602.6514213243
2204204,22,2022,2025,882.67,1009.27,1520.0,8349.0,1329.3354602831748,11098621.757904226
2204303,22,2022,2025,790.71,1009.27,1520.0,10344.0,1190.8401121602744,12318050.120185878
2204352,22,2022,2025,667.92,1009.27,1520.0,5604.0,1005.9135811031736,5637139.708502185
2204402,22,2022,2025,747.26,1009.27,1520.0,11193.0,1125.4027168151238,12596632.609311681
2204501,22,2022,2025,1002.95,1009.27,1520.0,10480.0,1510.4818334043418,15829849.614077503
2204550,22,2022,2025,511.07,1009.27,1520.0,4344.0,769.6913610827628,3343539.2725435216
2204600,22,2022,2025,795.13,1009.27,1520.0,3550.0,1197.4968046211618,4251113.656405125
2204659,22,2022,2025,675.74,1009.27,1520.0,9522.0,1017.6908062262825,9690451.85688666
2204709,22,2022,2025,822.11,1009.27,1520.0,15268.0,1238.1297373349055,18903764.829629336
2204808,22,2022,2025,708.73,1009.27,1520.0,9627.0,1067.375033440011,10275619.446926987
2204907,22,2022,2025,606.85,1009.27,1520.0,7867.0,913.939778255571,7189964.235536577
2205003,22,2022,2025,783.42,1009.27,1520.0,10969.0,1179.8610877168646,12941896.271166287
2205102,22,2022,2025,828.9,1009.27,1520.0,10477.0,1248.3557422691647,13079023.11175404
2205151,22,2022,2025,800.2,1009.27,1520.0,5711.0,1205.1324224439447,6882511.264577368
2205201,22,2022,2025,728.46,1009.27,1520.0,17789.0,1097.0891832710772,19516119.481209192
2205250,22,2022,2025,698.08,1009.27,1520.0,4235.0,1051.3357178951123,4452406.765285801
2205276,22,2022,2025,724.37,1009.27,1520.0,4560.0,1090.9294836862287,4974638.445609203
2205300,22,2022,2025,958.54,1009.27,1520.0,4606.0,1443.598640601623,6649215.338611076
2205359,22,2022,2025,613.26,1009.27,1520.0,3033.0,923.5934883628762,2801259.0502046035
2205409,22,2022,2025,613.19,1009.27,1520.0,14265.0,923.4880656315952,13173557.256234705
2205458,22,2022,2025,545.86,1009.27,1520.0,5552.0,822.0864585294322,4564224.017755408
2205508,22,2022,2025,709.87,1009.27,1520.0,44689.0,1069.0919179208736,47776648.71996592
2205516,22,2022,2025,798.22,1009.27,1520.0,5308.0,1202.15046518771,6381014.669216366
2205524,22,2022,2025,611.82,1009.27,1520.0,5501.0,921.4247921765236,5068757.781763056
2205532,22,2022,2025,570.59,1009.27,1520.0,4501.0,859.3308034519999,3867847.9463374517
2205540,22,2022,2025,646.62,1009.27,1520.0,3044.0,973.8349500133761,2964353.587840717
2205557,22,2022,2025,735.09,1009.27,1520.0,8464.0,1107.0742219624085,9370276.214689825
2205565,22,2022,2025,791.53,1009.27,1520.0,5171.0,1192.0750641552804,6164220.156746955
2205573,22,2022,2025,610.03,1009.27,1520.0,6446.0,918.7289823337659,5922127.020123455
2205581,22,2022,2025,781.88,1009.27,1520.0,5017.0,1177.5417876286822,5907727.148533098
2205599,22,2022,2025,692.81,1009.27,1520.0,4559.0,1043.3988922686694,4756855.549852864
2205607,22,2022,2025,766.24,1009.27,1520.0,5309.0,1153.9873373824646,6126518.774163504
2205706,22,2022,2025,694.72,1009.27,1520.0,31901.0,1046.2754267936232,33377232.390143372
2205805,22,2022,2025,648.33,1009.27,1520.0,26143.0,976.4102767346698,25526293.86467447
2205854,22,2022,2025,617.37,1009.27,1520.0,8231.0,929.7833087280907,7653046.414140915
2205904,22,2022,2025,790.65,1009.27,1520.0,5315.0,1190.7497498191763,6328834.920288922
2205953,22,2022,2025,723.89,1009.27,1520.0,8822.0,1090.2065849574444,9617802.492494574
2206001,22,2022,2025,822.41,1009.27,1520.0,4863.0,1238.5815490403954,6023222.072983443
2206050,22,2022,2025,569.05,1009.27,1520.0,5165.0,857.0115033638173,4426464.414874116
2206100,22,2022,2025,625.81,1009.27,1520.0,10886.0,942.4942780425455,10259992.71077115
2206209,22,2022,2025,561.01,1009.27,1520.0,33074.0,844.9029496566826,27944320.15694512
2206308,22,2022,2025,694.67,1009.27,1520.0,1355.0,1046.2001248427082,1417601.1691618697
2206357,22,2022,2025,548.51,1009.27,1520.0,6681.0,826.0774619279281,5519023.523140487
2206407,22,2022,2025,799.67,1009.27,1520.0,10513.0,1204.3342217642455,12661165.673407514
2206506,22,2022,2025,748.47,1009.27,1520.0,7762.0,1127.2250240272674,8749520.636499649
2206605,22,2022,2025,587.18,1009.27,1520.0,10928.0,884.3159907656027,9663805.147086507
2206654,22,2022,2025,579.63,1009.27,1520.0,4456.0,872.9453961774352,3889844.6853666515
2206670,22,2022,2025,591.58,1009.27,1520.0,6548.0,890.9425624461246,5833891.898897224
2206696,22,2022,2025,586.54,1009.27,1520.0,10210.0,883.3521257938905,9019025.204355622
2206704,22,2022,2025,722.03,1009.27,1520.0,6697.0,1087.405352383406,7282353.644911669
2206720,22,2022,2025,634.76,1009.27,1520.0,10821.0,955.9733272563338,10344587.374240788
2206753,22,2022,2025,759.01,1009.27,1520.0,5442.0,1143.098675280153,6220742.990874592
2206803,22,2022,2025,607.6,1009.27,1520.0,8751.0,915.0693075192962,8007771.510101361
2206902,22,2022,2025,724.29,1009.27,1520.0,6158.0,1090.8090005647646,6717201.82547782
2206951,22,2022,2025,664.96,1009.27,1520.0,2888.0,1001.4557056090047,2892204.0777988057
2207009,22,2022,2025,986.29,1009.27,1520.0,39687.0,1485.3912233594579,58950721.48146681
2207108,22,2022,2025,688.37,1009.27,1520.0,2730.0,1036.7120790274157,2830223.975744845
2207207,22,2022,2025,711.16,1009.27,1520.0,6468.0,1071.034708254481,6927452.492989983
2207306,22,2022,2025,709.55,1009.27,1520.0,4176.0,1068.6099854350173,4462515.299176632
2207355,22,2022,2025,907.28,1009.27,1520.0,3032.0,1366.3990805235467,4142922.0121473935
2207405,22,2022,2025,749.81,1009.27,1520.0,5047.0,1129.2431163117897,5699290.008025602
2207504,22,2022,2025,746.07,1009.27,1520.0,13458.0,1123.6105303833465,15121550.517899077
2207553,22,2022,2025,640.94,1009.27,1520.0,3873.0,965.2806483894301,3738531.9512122627
2207603,22,2022,2025,668.53,1009.27,1520.0,10282.0,1006.8322649043367,10352249.34774639
2207702,22,2022,2025,1121.72,1009.27,1520.0,170491.0,1689.3540876078753,288019667.7503543
2207751,22,2022,2025,776.48,1009.27,1520.0,4222.0,1169.4091769298602,4937245.54499787
2207777,22,2022,2025,610.9,1009.27,1520.0,5427.0,920.0392362796873,4993052.9352898635
2207793,22,2022,2025,539.48,1009.27,1520.0,3979.0,812.4779295926759,3232849.681849257
2207801,22,2022,2025,853.62,1009.27,1520.0,21633.0,1285.5850268015497,27811060.884797923
2207850,22,2022,2025,612.34,1009.27,1520.0,3697.0,922.2079324660399,3409402.7263269494
2207900,22,2022,2025,726.92,1009.27,1520.0,39072.0,1094.7698831828945,42774848.87572206
2207934,22,2022,2025,630.74,1009.27,1520.0,2517.0,949.9190504027664,2390946.249863763
2207959,22,2022,2025,581.67,1009.27,1520.0,4142.0,876.0177157747678,3628465.3787390883
2208007,22,2022,2025,1207.78,1009.27,1520.0,86701.0,1818.9638055228036,157705980.9026326
2208106,22,2022,2025,696.28,1009.27,1520.0,11487.0,1048.6248476621718,12045553.625095367
2208205,22,2022,2025,696.71,1009.27,1520.0,17948.0,1049.272444440041,18832341.832809854
2208304,22,2022,2025,817.75,1009.27,1520.0,29721.0,1231.5634072151158,36603296.02584046
2208403,22,2022,2025,943.13,1009.27,1520.0,67887.0,1420.3905793296144,96426055.25894953
2208502,22,2022,2025,562.71,1009.27,1520.0,12323.0,847.4632159877933,10443289.210617578
2208551,22,2022,2025,768.43,1009.27,1520.0,2382.0,1157.2855628325422,2756654.2106671156
2208601,22,2022,2025,756.31,1009.27,1520.0,3096.0,1139.0323699307419,3526444.217305577
2208650,22,2022,2025,691.98,1009.27,1520.0,8948.0,1042.14887988348,9325148.17719738
2208700,22,2022,2025,697.28,1009.27,1520.0,8565.0,1050.130886680472,8994371.044418244
2208809,22,2022,2025,691.08,1009.27,1520.0,17400.0,1040.7934447670098,18109805.93894597
2208858,22,2022,2025,613.04,1009.27,1520.0,4238.0,923.26215977885,3912785.0331427664
2208874,22,2022,2025,710.23,1009.27,1520.0,4105.0,1069.6340919674617,4390847.947526431
2208908,22,2022,2025,822.23,1009.27,1520.0,6182.0,1238.3104620171016,7655235.276189722
2209005,22,2022,2025,770.9,1009.27,1520.0,5845.0,1161.0054792077442,6786077.025969265
2209104,22,2022,2025,778.5,1009.27,1520.0,5872.0,1172.451375746827,6884634.478385367
2209153,22,2022,2025,635.96,1009.27,1520.0,3448.0,957.7805740782943,3302427.4194219587
2209203,22,2022,2025,791.19,1009.27,1520.0,6210.0,1191.5630108890584,7399606.297621053
2209302,22,2022,2025,703.92,1009.27,1520.0,5418.0,1060.1309857619863,5743789.680858442
2209351,22,2022,2025,756.73,1009.27,1520.0,4159.0,1139.6649063184282,4739866.345378343
2209377,22,2022,2025,716.12,1009.27,1520.0,4666.0,1078.5046617852508,5032302.75188998
2209401,22,2022,2025,764.21,1009.27,1520.0,5930.0,1150.930078175315,6825015.363579618
2209450,22,2022,2025,593.44,1009.27,1520.0,2169.0,893.7437950201631,1938530.2913987339
2209500,22,2022,2025,761.49,1009.27,1520.0,3682.0,1146.833652045538,4222641.506831671
2209559,22,2022,2025,707.43,1009.27,1520.0,4454.0,1065.4171827162206,4745368.131818047
2209609,22,2022,2025,899.57,1009.27,1520.0,2879.0,1354.787519692451,3900433.2691945666
2209658,22,2022,2025,564.56,1009.27,1520.0,5713.0,850.2493881716488,4857474.754624629
2209708,22,2022,2025,677.67,1009.27,1520.0,5358.0,1020.597461531602,5468361.198886324
2209757,22,2022,2025,669.94,1009.27,1520.0,3026.0,1008.9557799201403,3053100.190038345
2209807,22,2022,2025,761.61,1009.27,1520.0,4985.0,1147.014376727734,5717866.667987755
2209856,22,2022,2025,801.84,1009.27,1520.0,4359.0,1207.6023264339574,5263938.54092562
2209872,22,2022,2025,592.16,1009.27,1520.0,5608.0,891.8160650767386,5001304.49295035
2209906,22,2022,2025,704.34,1009.27,1520.0,6232.0,1060.7635221496726,6610678.27003676
2209955,22,2022,2025,606.44,1009.27,1520.0,4430.0,913.3223022580678,4046017.79900324
2209971,22,2022,2025,562.84,1009.27,1520.0,8494.0,847.6590010601723,7200015.555005103
2210003,22,2022,2025,938.51,1009.27,1520.0,22137.0,1413.4326790650668,31289159.216463383
2210052,22,2022,2025,675.53,1009.27,1520.0,5317.0,1017.3745380324393,5409380.41871848
2210102,22,2022,2025,840.15,1009.27,1520.0,3300.0,1265.2986812250438,4175485.6480426444
2210201,22,2022,2025,717.8,1009.27,1520.0,6733.0,1081.0348073359953,7278607.357793257
2210300,22,2022,2025,844.95,1009.27,1520.0,6131.0,1272.5276685128856,7801867.135652502
2210359,22,2022,2025,792.54,1009.27,1520.0,4497.0,1193.5961635637639,5367601.947546246
2210375,22,2022,2025,627.35,1009.27,1520.0,2277.0,944.8135781307282,2151340.517403668
2210383,22,2022,2025,668.78,1009.27,1520.0,2299.0,1007.2087746589119,2315572.9729408384
2210391,22,2022,2025,686.11,1009.27,1520.0,2864.0,1033.3084308460573,2959395.345943108
2210409,22,2022,2025,649.54,1009.27,1520.0,17911.0,978.2325839468131,17521123.81107137
2210508,22,2022,2025,706.19,1009.27,1520.0,14055.0,1063.5496943335284,14948190.95385774
2210607,22,2022,2025,1068.24,1009.27,1520.0,41139.0,1608.811120909172,66184880.70308242
2210623,22,2022,2025,634.49,1009.27,1520.0,3210.0,955.5666967213928,3067369.0964756706
2210631,22,2022,2025,814.19,1009.27,1520.0,4590.0,1226.2019083099667,5628266.759142747
2210656,22,2022,2025,659.91,1009.27,1520.0,9623.0,993.8502085665878,9563820.557036273
2210706,22,2022,2025,698.6,1009.27,1520.0,14664.0,1052.1188581846286,15428270.936419394
2210805,22,2022,2025,856.73,1009.27,1520.0,14437.0,1290.268808148464,18627610.783239372
2210904,22,2022,2025,569.04,1009.27,1520.0,4165.0,856.9964429736343,3569390.184985187
2210938,22,2022,2025,798.91,1009.27,1520.0,6346.0,1203.1896321103372,7635441.4053722005
2210953,22,2022,2025,671.89,1009.27,1520.0,3040.0,1011.8925560058259,3076153.3702577106
2210979,22,2022,2025,955.24,1009.27,1520.0,2319.0,1438.6287118412317,3336179.9827598166
2211001,22,2022,2025,1559.89,1009.27,1520.0,905692.0,2349.255204256542,2127701644.4535162
2211100,22,2022,2025,727.69,1009.27,1520.0,47896.0,1095.929533226986,52490640.92343972
2211209,22,2022,2025,1041.2,1009.27,1520.0,26779.0,1568.0878258543303,41991823.88855311
2211308,22,2022,2025,1059.55,1009.27,1520.0,23025.0,1595.7236418401417,36741536.853369266
2211357,22,2022,2025,610.54,1009.27,1520.0,5181.0,919.4970622330991,4763914.279429686
2211407,22,2022,2025,839.8,1009.27,1520.0,4520.0,1264.7715675686386,5716767.485410246
2211506,22,2022,2025,599.07,1009.27,1520.0,3282.0,902.2227946931941,2961095.2121830634
2211605,22,2022,2025,738.02,1009.27,1520.0,2972.0,1111.4869162860284,3303339.1152020763
2211704,22,2022,2025,601.14,1009.27,1520.0,4195.0,905.3402954610759,3797902.5394592136
2300101,23,2022,2025,677.33,1055.98,1423.0,10269.0,912.7451182787553,9372979.619604537
2300150,23,2022,2025,674.46,1055.98,1423.0,14340.0,908.8776113183961,13033304.9463058
2300200,23,2022,2025,694.7,1055.98,1423.0,69317.0,936.1522945510332,64891268.60139397
2300309,23,2022,2025,758.47,1055.98,1423.0,45937.0,1022.0864126214511,46951583.536591604
2300408,23,2022,2025,659.88,1055.98,1423.0,14115.0,889.2301369344116,12551483.38282922
2300507,23,2022,2025,753.79,1055.98,1423.0,11795.0,1015.7798159056042,11981122.928606601
2300606,23,2022,2025,699.36,1055.98,1423.0,6974.0,942.4319399988636,6572520.349552075
2300705,23,2022,2025,803.58,1055.98,1423.0,14372.0,1082.874997632531,15563079.465974735
2300754,23,2022,2025,582.24,1055.98,1423.0,44584.0,784.6053144945927,34980843.34142692
2300804,23,2022,2025,793.02,1055.98,1423.0,7507.0,1068.6447281198507,8022315.973995719
2300903,23,2022,2025,627.92,1055.98,1423.0,13193.0,846.1620106441409,11163415.40642815
2301000,23,2022,2025,930.64,1055.98,1423.0,85316.0,1254.0964033409723,106994488.74743839
2301109,23,2022,2025,904.09,1055.98,1423.0,79205.0,1218.3185950491486,96496924.32086782
2301208,23,2022,2025,718.73,1055.98,1423.0,26752.0,968.5342430727854,25910228.070683155
2301257,23,2022,2025,623.37,1055.98,1423.0,11532.0,840.0305971704009,9687232.846569063
2301307,23,2022,2025,545.54,1055.98,1423.0,20194.0,735.1497376844258,14845613.802799294
2301406,23,2022,2025,732.99,1055.98,1423.0,11427.0,987.7504971685069,11287024.931144528
2301505,23,2022,2025,732.65,1055.98,1423.0,7615.0,987.2923256122274,7518231.059537112
2301604,23,2022,2025,720.44,1055.98,1423.0,22195.0,970.838576488191,21547762.2051554
2301703,23,2022,2025,714.57,1055.98,1423.0,24244.0,962.928379325366,23345235.62836417
2301802,23,2022,2025,660.22,1055.98,1423.0,5821.0,889.6883084906912,5178875.643724313
2301851,23,2022,2025,740.46,1055.98,1423.0,17667.0,997.8167957726473,17628429.33091536
2301901,23,2022,2025,1005.61,1055.98,1423.0,81441.0,1355.1232315005966,110362591.0966401
2301950,23,2022,2025,713.88,1055.98,1423.0,23474.0,961.9985605787989,22581954.211026724
2302008,23,2022,2025,729.66,1055.98,1423.0,19569.0,983.2631110437698,19241475.82001553
2302057,23,2022,2025,509.21,1055.98,1423.0,14998.0,686.192759332563,10291519.00446978
2302107,23,2022,2025,773.07,1055.98,1423.0,37147.0,1041.7608382734522,38698289.85934393
2302206,23,2022,2025,759.16,1055.98,1423.0,55977.0,1023.0162313680183,57265379.58328756
2302305,23,2022,2025,621.73,1055.98,1423.0,34613.0,837.820593193053,28999484.192191143
2302404,23,2022,2025,714.71,1055.98,1423.0,52133.0,963.1170382014811,50210180.55255782
2302503,23,2022,2025,873.09,1055.98,1423.0,54192.0,1176.5441296236672,63759279.47256578
2302602,23,2022,2025,731.25,1055.98,1423.0,65251.0,985.4057368510767,64298709.735269606
2302701,23,2022,2025,748.63,1055.98,1423.0,26049.0,1008.8263887573628,26278918.600740544
2302800,23,2022,2025,816.43,1055.98,1423.0,77376.0,1100.1911873330935,85128393.31108543
2302909,23,2022,2025,612.32,1055.98,1423.0,17795.0,825.140021591318,14683366.684217505
2303006,23,2022,2025,655.3,1055.98,1423.0,16234.0,883.0582965586468,14335568.386333073
2303105,23,2022,2025,608.07,1055.98,1423.0,18074.0,819.4128771378247,14810068.341389043
2303204,23,2022,2025,627.49,1055.98,1423.0,27532.0,845.5825583817875,23280578.997367375
2303303,23,2022,2025,681.18,1055.98,1423.0,17277.0,917.9332373719199,15859132.54207466
2303402,23,2022,2025,654.73,1055.98,1423.0,17815.0,882.2901854201784,15717999.653260479
2303501,23,2022,2025,873.81,1055.98,1423.0,76866.0,1177.5143752722588,90510819.96967745
2303600,23,2022,2025,715.33,1055.98,1423.0,9110.0,963.9525275099908,8781607.525616016
2303659,23,2022,2025,659.33,1055.98,1423.0,10864.0,888.4889770639595,9652544.246822856
2303709,23,2022,2025,947.97,1055.98,1423.0,378406.0,1277.4496770772173,483394622.5040815
2303808,23,2022,2025,857.12,1055.98,1423.0,22564.0,1155.02354211254,26061951.204227354
2303907,23,2022,2025,672.47,1055.98,1423.0,12811.0,906.1959601507605,11609276.445491392
2303931,23,2022,2025,549.53,1055.98,1423.0,12352.0,740.5265156537056,9146983.521354571
2303956,23,2022,2025,723.23,1055.98,1423.0,20808.0,974.5982783764845,20279440.97645789
2304004,23,2022,2025,656.99,1055.98,1423.0,21417.0,885.3356787060361,18961234.230847176
2304103,23,2022,2025,920.1,1055.98,1423.0,80130.0,1239.8930850963086,99352632.90876721
2304202,23,2022,2025,1060.11,1055.98,1423.0,139027.0,1428.5654368453945,198609166.98830467
2304236,23,2022,2025,576.04,1055.98,1423.0,18050.0,776.2504214094963,14011320.106441408
2304251,23,2022,2025,834.25,1055.98,1423.0,32288.0,1124.2047671357411,36298323.521278806
2304269,23,2022,2025,606.51,1055.98,1423.0,9173.0,817.3106782325422,7497190.851427109
2304277,23,2022,2025,705.28,1055.98,1423.0,6381.0,950.4095153317297,6064563.117331767
2304285,23,2022,2025,2512.7,1055.98,1423.0,82016.0,3386.022557245402,277708026.05503887
2304301,23,2022,2025,691.36,1055.98,1423.0,18498.0,931.6514327922878,17233688.203791738
2304350,23,2022,2025,727.41,1055.98,1423.0,25298.0,980.2310933919202,24797886.2006288
2304400,23,2022,2025,1668.98,1055.98,1423.0,2578483.0,2249.056364703877,5799153602.430747
2304459,23,2022,2025,900.17,1055.98,1423.0,18213.0,1213.0361465179262,22093027.33653099
2304509,23,2022,2025,822.31,1055.98,1423.0,16516.0,1108.1148601299267,18301625.02990587
2304608,23,2022,2025,634.44,1055.98,1423.0,6929.0,854.9481240175004,5923935.551317261
2304657,23,2022,2025,574.75,1055.98,1423.0,14176.0,774.512064622436,10979483.028087653
2304707,23,2022,2025,564.83,1055.98,1423.0,55809.0,761.144235686282,42478698.64941571
2304806,23,2022,2025,693.39,1055.98,1423.0,4955.0,934.3869864959563,4629887.518087463
2304905,23,2022,2025,753.78,1055.98,1423.0,11369.0,1015.766340271596,11548247.522547776
2304954,23,2022,2025,601.44,1055.98,1423.0,25158.0,810.4785317903749,20390018.90278225
2305001,23,2022,2025,716.54,1055.98,1423.0,44565.0,965.5830792249852,43031209.92566147
2305100,23,2022,2025,748.44,1055.98,1423.0,5826.0,1008.5703517112067,5875930.869069491
2305209,23,2022,2025,659.36,1055.98,1423.0,18186.0,888.5294039659842,16158795.74052539
2305233,23,2022,2025,762.19,1055.98,1423.0,81161.0,1027.099348472509,83360410.22137731
2305266,23,2022,2025,624.16,1055.98,1423.0,12149.0,841.0951722570503,10218465.247750904
2305308,23,2022,2025,692.97,1055.98,1423.0,24689.0,933.8210098676111,23055106.91262145
2305332,23,2022,2025,627.47,1055.98,1423.0,12008.0,845.5556071137711,10153431.730222164
2305357,23,2022,2025,824.14,1055.98,1423.0,22562.0,1110.580901153431,25056926.291823708
2305407,23,2022,2025,706.4,1055.98,1423.0,64745.0,951.9187863406504,61631981.82162541
2305506,23,2022,2025,1009.72,1055.98,1423.0,102588.0,1360.661717077975,139587564.2315953
2305605,23,2022,2025,705.5,1055.98,1423.0,24463.0,950.7059792799106,23257120.371124454
2305654,23,2022,2025,648.09,1055.98,1423.0,11963.0,873.3423644387206,10447794.705780415
2305704,23,2022,2025,744.84,1055.98,1423.0,12459.0,1003.7191234682475,12505336.559290895
2305803,23,2022,2025,735.8,1055.98,1423.0,43084.0,991.5371503248167,42719386.584594406
2305902,23,2022,2025,625.83,1055.98,1423.0,38287.0,843.345603136423,32289173.10728423
2306009,23,2022,2025,850.77,1055.98,1423.0,14440.0,1146.4665145173203,16554976.469630105
2306108,23,2022,2025,584.86,1055.98,1423.0,24867.0,788.1359306047462,19598576.186348226
2306207,23,2022,2025,772.01,1055.98,1423.0,7801.0,1040.3324210685807,8115633.216755998
2306256,23,2022,2025,1008.7,1055.98,1423.0,72512.0,1359.2872024091366,98564633.62109132
2306306,23,2022,2025,687.35,1055.98,1423.0,49073.0,926.2477035549915,45453753.5565541
2306405,23,2022,2025,720.4,1055.98,1423.0,138978.0,970.7846739521582,134917712.41652304
2306504,23,2022,2025,597.58,1055.98,1423.0,18197.0,805.276937063202,14653624.423739087
2306553,23,2022,2025,642.63,1055.98,1423.0,45852.0,865.9846682702324,39707129.0095267
2306603,23,2022,2025,602.54,1055.98,1423.0,21160.0,811.9608515312789,17181091.618401863
2306702,23,2022,2025,744.65,1055.98,1423.0,17604.0,1003.4630864220912,17664964.173374493
2306801,23,2022,2025,892.83,1055.98,1423.0,10668.0,1203.145031155893,12835151.192371067
2306900,23,2022,2025,882.89,1055.98,1423.0,35143.0,1189.7502509517226,41811393.06919639
2307007,23,2022,2025,789.66,1055.98,1423.0,33115.0,1064.116915093089,35238231.64330764
2307106,23,2022,2025,726.42,1055.98,1423.0,28801.0,978.8970056251064,28193212.65900869
2307205,23,2022,2025,727.11,1055.98,1423.0,8114.0,979.8268243716738,7950314.85295176
2307254,23,2022,2025,968.32,1055.98,1423.0,28198.0,1304.8725922839449,36794797.35722268
2307304,23,2022,2025,1021.94,1055.98,1423.0,305531.0,1377.1289418360197,420755582.72810096
2307403,23,2022,2025,694.23,1055.98,1423.0,24624.0,935.5189397526469,23036218.37246918
2307502,23,2022,2025,677.99,1055.98,1423.0,32163.0,913.6345101232977,29385226.749095622
2307601,23,2022,2025,1128.21,1055.98,1423.0,62623.0,1520.3345044413718,95207907.67163202
2307635,23,2022,2025,656.35,1055.98,1423.0,17235.0,884.47323812951,15243896.259162106
2307650,23,2022,2025,910.74,1055.98,1423.0,251613.0,1227.279891664615,308799575.38140875
2307700,23,2022,2025,833.02,1055.98,1423.0,108622.0,1122.5472641527301,121933328.92679785
2307809,23,2022,2025,584.74,1055.98,1423.0,27177.0,787.9742229966477,21414775.458379894
2307908,23,2022,2025,622.75,1055.98,1423.0,11280.0,839.1951078618913,9466120.816682134
2308005,23,2022,2025,652.16,1055.98,1423.0,39840.0,878.8269474800658,35012465.58760582
2308104,23,2022,2025,667.97,1055.98,1423.0,47501.0,900.1319248470614,42757166.56216027
2308203,23,2022,2025,752.71,1055.98,1423.0,15853.0,1014.3244474327165,16080085.465150855
2308302,23,2022,2025,740.97,1055.98,1423.0,26819.0,998.5040531070664,26778880.200278413
2308351,23,2022,2025,827.51,1055.98,1423.0,14713.0,1115.122189814201,16406792.778736338
2308377,23,2022,2025,453.17,1055.98,1423.0,14826.0,610.6753063504991,9053872.091952499
2308401,23,2022,2025,629.9,1055.98,1423.0,38997.0,848.8301861777685,33101830.77037444
2308500,23,2022,2025,765.22,1055.98,1423.0,38451.0,1031.1824655769997,39649996.98390122
2308609,23,2022,2025,705.32,1055.98,1423.0,17705.0,950.4634178677627,16827954.81334874
2308708,23,2022,2025,842.15,1055.98,1423.0,65390.0,1134.8505180022348,74207875.37216614
2308807,23,2022,2025,763.44,1055.98,1423.0,8537.0,1028.7838027235364,8782727.323850831
2308906,23,2022,2025,667.16,1055.98,1423.0,23747.0,899.0403984923958,21349512.342998922
2309003,23,2022,2025,730.44,1055.98,1423.0,13999.0,984.314210496411,13779414.632739257
2309102,23,2022,2025,768.51,1055.98,1423.0,11064.0,1035.615949165704,11458054.861569349
2309201,23,2022,2025,674.97,1055.98,1423.0,16045.0,909.5648686528154,14593968.317534424
2309300,23,2022,2025,744.82,1055.98,1423.0,32053.0,1003.6921722002312,32171345.19553401
2309409,23,2022,2025,771.68,1055.98,1423.0,29097.0,1039.8877251463095,30257613.13858217
2309458,23,2022,2025,714.07,1055.98,1423.0,25272.0,962.2545976249552,24318098.191177867
2309508,23,2022,2025,673.92,1055.98,1423.0,19943.0,908.1499270819522,18111233.995795373
2309607,23,2022,2025,835.89,1055.98,1423.0,75454.0,1126.4147711130893,84992500.13956703
2309706,23,2022,2025,862.29,1055.98,1423.0,86564.0,1161.9904448947896,100586540.87187256
2309805,23,2022,2025,720.8,1055.98,1423.0,11421.0,971.323699312487,11093487.969847914
2309904,23,2022,2025,723.25,1055.98,1423.0,6348.0,974.6252296445008,6186920.957783291
2310001,23,2022,2025,838.31,1055.98,1423.0,9709.0,1129.6758745430784,10968023.065938748
2310100,23,2022,2025,689.96,1055.98,1423.0,10252.0,929.7648440311369,9531949.181007216
2310209,23,2022,2025,871.22,1055.98,1423.0,41894.0,1174.0241860641302,49184569.25097067
2310258,23,2022,2025,813.25,1055.98,1423.0,34086.0,1095.9059357184794,37355049.72490009
2310308,23,2022,2025,643.03,1055.98,1423.0,32867.0,866.5236936305611,28480034.23855565
2310407,23,2022,2025,569.94,1055.98,1423.0,10462.0,768.0302846644823,8035132.8381598145
2310506,23,2022,2025,667.71,1055.98,1423.0,42227.0,899.7815583628478,37995075.86498798
2310605,23,2022,2025,712.89,1055.98,1423.0,9357.0,960.6644728119851,8988937.472101744
2310704,23,2022,2025,733.42,1055.98,1423.0,39903.0,988.3299494308603,39437329.97213962
2310803,23,2022,2025,719.3,1055.98,1423.0,15858.0,969.302354211254,15371196.733082067
2310852,23,2022,2025,794.0,1055.98,1423.0,24919.0,1069.9653402526562,26662466.31375594
2310902,23,2022,2025,704.36,1055.98,1423.0,17285.0,949.1697570029735,16406399.249796396
2310951,23,2022,2025,651.65,1055.98,1423.0,10984.0,878.1396901456467,9645486.356559783
2311009,23,2022,2025,654.04,1055.98,1423.0,12441.0,881.3603666736111,10965004.321786396
2311108,23,2022,2025,829.82,1055.98,1423.0,17877.0,1118.2350612700998,19990688.190325573
2311207,23,2022,2025,604.42,1055.98,1423.0,8854.0,814.4942707248242,7211532.2729975935
2311231,23,2022,2025,756.94,1055.98,1423.0,6128.0,1020.0246406181936,6250710.997708291
2311264,23,2022,2025,677.69,1055.98,1423.0,20545.0,913.2302411030512,18762315.303462185
2311306,23,2022,2025,888.08,1055.98,1423.0,88846.0,1196.7441050019886,106325926.75300668
2311355,23,2022,2025,693.31,1055.98,1423.0,16998.0,934.2791814238905,15880877.52584329
2311405,23,2022,2025,853.65,1055.98,1423.0,86431.0,1150.3474971116877,99425684.52286029
2311504,23,2022,2025,900.07,1055.98,1423.0,21659.0,1212.9013901778444,26270231.20986193
2311603,23,2022,2025,670.02,1055.98,1423.0,28382.0,902.8944298187466,25625949.707115665
2311702,23,2022,2025,724.54,1055.98,1423.0,19051.0,976.3635864315611,18600702.68510767
2311801,23,2022,2025,867.47,1055.98,1423.0,74834.0,1168.9708233110475,87478762.59165893
2311900,23,2022,2025,665.49,1055.98,1423.0,13943.0,896.789967613023,12503942.51842838
2311959,23,2022,2025,544.51,1055.98,1423.0,17303.0,733.7617473815792,12696279.514943466
2312007,23,2022,2025,587.81,1055.98,1423.0,32133.0,792.111242637171,25452910.559660215
2312106,23,2022,2025,597.15,1055.98,1423.0,17391.0,804.6974848008485,13994493.958171558
2312205,23,2022,2025,770.52,1055.98,1423.0,41569.0,1038.324551601356,43162113.28551677
2312304,23,2022,2025,718.45,1055.98,1423.0,50058.0,968.1569253205554,48463999.36769636
2312403,23,2022,2025,834.41,1055.98,1423.0,58191.0,1124.4203772798726,65431146.17429306
2312502,23,2022,2025,939.84,1055.98,1423.0,5683.0,1266.4939866285347,7197485.326009963
2312601,23,2022,2025,622.89,1055.98,1423.0,10888.0,839.3837667380064,9139210.452243414
2312700,23,2022,2025,781.3,1055.98,1423.0,25108.0,1052.8512850622171,26434990.065342147
2312809,23,2022,2025,623.36,1055.98,1423.0,7551.0,840.0171215363928,6342969.284721302
2312908,23,2022,2025,1013.74,1055.98,1423.0,216519.0,1366.0789219492792,295782042.101536
2313005,23,2022,2025,788.81,1055.98,1423.0,18785.0,1062.9714862023902,19967919.3683119
2313104,23,2022,2025,895.75,1055.98,1423.0,32122.0,1207.0799162862932,38773821.07094831
2313203,23,2022,2025,688.17,1055.98,1423.0,25287.0,927.3527055436656,23449967.86508267
2313252,23,2022,2025,767.47,1055.98,1423.0,7574.0,1034.214483228849,7833140.4959753025
2313302,23,2022,2025,831.53,1055.98,1423.0,64655.0,1120.5393946855054,72448474.56339136
2313351,23,2022,2025,554.86,1055.98,1423.0,17646.0,747.7090285800866,13194073.51832421
2313401,23,2022,2025,844.1,1055.98,1423.0,86968.0,1137.4782666338378,98924209.89261161
2313500,23,2022,2025,662.17,1055.98,1423.0,62004.0,892.316057122294,55327164.80581071
2313559,23,2022,2025,565.11,1055.98,1423.0,15524.0,761.5215534385121,11821860.595579462
2313609,23,2022,2025,785.04,1055.98,1423.0,34424.0,1057.8911721812913,36416845.71116877
2313708,23,2022,2025,629.05,1055.98,1423.0,6963.0,847.6847572870698,5902428.964989867
2313757,23,2022,2025,558.68,1055.98,1423.0,17751.0,752.8567207712266,13363959.650410043
2313807,23,2022,2025,661.25,1055.98,1423.0,21331.0,891.0762987935378,19007548.529564954
2313906,23,2022,2025,611.47,1055.98,1423.0,14308.0,823.9945927006194,11789714.632360462
2313955,23,2022,2025,702.29,1055.98,1423.0,18708.0,946.3803007632721,17704882.666679293
2314003,23,2022,2025,768.75,1055.98,1423.0,40878.0,1035.9393643819012,42347129.33720336
2314102,23,2022,2025,548.18,1055.98,1423.0,62972.0,738.7073050625959,46517876.414401785
2400109,24,2022,2025,1023.87,1246.74,1737.0,10855.0,1426.4900380191539,15484549.362697916
2400208,24,2022,2025,1026.89,1246.74,1737.0,59099.0,1430.6976033495357,84552797.66035421
2400307,24,2022,2025,792.26,1246.74,1737.0,11158.0,1103.803214784157,12316236.270561624
2400406,24,2022,2025,773.54,1246.74,1737.0,3029.0,1077.7218826700034,3264419.58260744
2400505,24,2022,2025,767.82,1246.74,1737.0,14058.0,1069.7525867462343,15038581.864478562
2400604,24,2022,2025,918.71,1246.74,1737.0,4802.0,1279.9775975744742,6146452.423552625
2400703,24,2022,2025,885.33,1246.74,1737.0,12874.0,1233.4714615717792,15879711.596275086
2400802,24,2022,2025,913.59,1246.74,1737.0,11985.0,1272.844241782569,15255038.23776409
2400901,24,2022,2025,702.33,1246.74,1737.0,6730.0,978.5097213532894,6585370.424707637
2401008,24,2022,2025,923.68,1246.74,1737.0,37486.0,1286.9019683334134,48240807.184946336
2401107,24,2022,2025,1004.75,1246.74,1737.0,24607.0,1399.8514124837577,34446143.70698783
2401206,24,2022,2025,714.09,1246.74,1737.0,13681.0,994.8941479378219,13611146.837937342
2401305,24,2022,2025,716.29,1246.74,1737.0,10071.0,997.959261754656,10050447.725131141
2401404,24,2022,2025,917.51,1246.74,1737.0,9115.0,1278.3057173107463,11651756.613287453
2401453,24,2022,2025,816.94,1246.74,1737.0,28415.0,1138.1882188748257,32341618.239328172
2401503,24,2022,2025,727.09,1246.74,1737.0,4108.0,1013.0061841282064,4161429.404398672
2401602,24,2022,2025,702.64,1246.74,1737.0,4911.0,978.9416237547524,4807582.314259589
2401651,24,2022,2025,748.45,1246.74,1737.0,2360.0,1042.7656528225612,2460926.940661244
2401701,24,2022,2025,760.67,1246.74,1737.0,10308.0,1059.7909668415225,10924325.286202414
2401800,24,2022,2025,714.73,1246.74,1737.0,12638.0,995.7858174118101,12584741.160450455
2401859,24,2022,2025,765.49,1246.74,1737.0,6479.0,1066.506352567496,6909894.658284806
2401909,24,2022,2025,744.88,1246.74,1737.0,3360.0,1037.791809037971,3486980.4783675824
2402006,24,2022,2025,1387.38,1246.74,1737.0,63338.0,1932.9443669088987,122428830.31127582
2402105,24,2022,2025,737.65,1246.74,1737.0,10510.0,1027.718730449011,10801323.857019106
2402204,24,2022,2025,678.69,1246.74,1737.0,30789.0,945.5736801578519,29113268.0383801
2402303,24,2022,2025,863.21,1246.74,1737.0,20182.0,1202.6531353770633,24271945.578179892
2402402,24,2022,2025,1016.38,1246.74,1737.0,8296.0,1416.0547187063862,11747589.94638818
2402501,24,2022,2025,770.65,1246.74,1737.0,10026.0,1073.6954377015256,10764870.458395496
2402600,24,2022,2025,749.64,1246.74,1737.0,83543.0,1044.423600750758,87254280.87752058
2402709,24,2022,2025,795.91,1246.74,1737.0,11334.0,1108.8885172529956,12568142.454545451
2402808,24,2022,2025,623.76,1246.74,1737.0,5233.0,869.0433610857116,4547703.908561529
2402907,24,2022,2025,777.32,1246.74,1737.0,4297.0,1082.988305500746,4653600.748736706
2403004,24,2022,2025,984.82,1246.74,1737.0,8245.0,1372.0842677703451,11312834.787766496
2403103,24,2022,2025,1156.23,1246.74,1737.0,42922.0,1610.8984311083304,69142982.46003176
2403202,24,2022,2025,730.16,1246.74,1737.0,7262.0,1017.2834111362432,7387512.131671398
2403251,24,2022,2025,1846.59,1246.74,1737.0,271713.0,2572.731146830935,699044498.0988739
2403301,24,2022,2025,783.97,1246.74,1737.0,6289.0,1092.2533086289043,6869181.057967179
2403400,24,2022,2025,866.99,1246.74,1737.0,5461.0,1207.919558207806,6596448.707372828
2403509,24,2022,2025,705.54,1246.74,1737.0,10951.0,982.9820010587612,10764635.893594494
2403608,24,2022,2025,910.25,1246.74,1737.0,68584.0,1268.1908417151933,86977600.68819481
2403707,24,2022,2025,860.07,1246.74,1737.0,6472.0,1198.278382020309,7755257.68843544
2403756,24,2022,2025,820.99,1246.74,1737.0,3035.0,1143.8308147649068,3471526.522811492
2403806,24,2022,2025,884.77,1246.74,1737.0,10556.0,1232.6912507820396,13012288.843255209
2403905,24,2022,2025,823.81,1246.74,1737.0,2758.0,1147.7597333846672,3165521.3446749123
2404002,24,2022,2025,794.96,1246.74,1737.0,4230.0,1107.5649453775447,4684999.718947014
2404101,24,2022,2025,993.68,1246.74,1737.0,2159.0,1384.4283170508686,2988980.7365128254
2404200,24,2022,2025,825.49,1246.74,1737.0,28422.0,1150.100365753886,32688152.59545695
2404309,24,2022,2025,792.12,1246.74,1737.0,12231.0,1103.6081620867221,13498231.430482699
2404408,24,2022,2025,875.5,1246.74,1737.0,10281.0,1219.7759757447423,12540516.806631695
2404507,24,2022,2025,840.99,1246.74,1737.0,16076.0,1171.695485827037,18836176.630155444
2404606,24,2022,2025,602.87,1246.74,1737.0,11889.0,839.9387121613167,9986031.348885896
2404705,24,2022,2025,767.65,1246.74,1737.0,14560.0,1069.515737042206,15572149.131334519
2404804,24,2022,2025,929.94,1246.74,1737.0,2090.0,1295.6236103758604,2707853.345685548
2404853,24,2022,2025,820.66,1246.74,1737.0,7551.0,1143.3710476923816,8633594.781125173
2404903,24,2022,2025,705.31,1246.74,1737.0,5447.0,982.6615573415468,5352557.502839405
2405009,24,2022,2025,714.44,1246.74,1737.0,8053.0,995.3817796814092,8015809.471774388
2405108,24,2022,2025,762.69,1246.74,1737.0,6752.0,1062.6052986187979,7174710.976274123
2405207,24,2022,2025,822.98,1246.74,1737.0,4813.0,1146.603349535589,5518601.921314789
2405306,24,2022,2025,683.18,1246.74,1737.0,8843.0,951.8292988112997,8417026.489388324
2405405,24,2022,2025,600.23,1246.74,1737.0,5219.0,836.2605755811156,4364443.943957843
2405504,24,2022,2025,735.11,1246.74,1737.0,2488.0,1024.1799172241206,2548159.634053612
2405603,24,2022,2025,822.69,1246.74,1737.0,14446.0,1146.199311805188,16557995.258337745
2405702,24,2022,2025,1184.5,1246.74,1737.0,11942.0,1650.2851436546512,19707705.185523845
2405801,24,2022,2025,758.0,1246.74,1737.0,34849.0,1056.0710332547283,36803019.437894024
2405900,24,2022,2025,669.87,1246.74,1737.0,2073.0,933.2853602194523,1934700.5517349245
2406007,24,2022,2025,869.82,1246.74,1737.0,5966.0,1211.8624091630975,7229971.13306704
2406106,24,2022,2025,812.37,1246.74,1737.0,18304.0,1131.8211415371288,20716854.174695607
2406155,24,2022,2025,716.6,1246.74,1737.0,3868.0,998.3911641561192,3861777.022955869
2406205,24,2022,2025,691.84,1246.74,1737.0,6756.0,963.8947013812021,6512072.602531401
2406304,24,2022,2025,552.73,1246.74,1737.0,7597.0,770.0819818085567,5850312.815799606
2406403,24,2022,2025,815.39,1246.74,1737.0,2631.0,1136.0287068675104,2988891.52776842
2406502,24,2022,2025,787.33,1246.74,1737.0,16203.0,1096.9345733673422,17773630.892271046
2406601,24,2022,2025,692.89,1246.74,1737.0,8657.0,965.3575966119639,8357100.713869772
2406700,24,2022,2025,860.33,1246.74,1737.0,10094.0,1198.6406227441169,12099078.445979115
2406809,24,2022,2025,785.09,1246.74,1737.0,4950.0,1093.8137302083835,5414377.964531498
2406908,24,2022,2025,780.38,1246.74,1737.0,3576.0,1087.2516001732517,3888011.722219548
2407005,24,2022,2025,751.13,1246.74,1737.0,9271.0,1046.4995187448867,9702097.038283845
2407104,24,2022,2025,850.48,1246.74,1737.0,87056.0,1184.9172722460175,103154158.0526493
2407203,24,2022,2025,974.59,1246.74,1737.0,28350.0,1357.8314885220657,38494522.69960056
2407252,24,2022,2025,774.51,1246.74,1737.0,4086.0,1079.0733192165167,4409093.582318687
2407302,24,2022,2025,714.94,1246.74,1737.0,8083.0,996.0783964579625,8051301.678569711
2407401,24,2022,2025,888.12,1246.74,1737.0,8415.0,1237.3585831849464,10412372.477501323
2407500,24,2022,2025,770.28,1246.74,1737.0,10534.0,1073.179941286876,11304877.501515953
2407609,24,2022,2025,907.34,1246.74,1737.0,4410.0,1264.1365320756533,5574842.106453631
2407708,24,2022,2025,708.38,1246.74,1737.0,11785.0,986.9387843495838,11631073.573559845
2407807,24,2022,2025,743.36,1246.74,1737.0,23953.0,1035.6740940372492,24807501.57447423
2407906,24,2022,2025,652.71,1246.74,1737.0,2345.0,909.3774724481448,2132490.1728908997
2408003,24,2022,2025,1397.73,1246.74,1737.0,278587.0,1947.364334183551,542510387.7671928
2408102,24,2022,2025,2049.37,1246.74,1737.0,784249.0,2855.251046729871,2239227778.146855
2408201,24,2022,2025,849.24,1246.74,1737.0,34325.0,1183.1896626401656,40612985.17012368
2408300,24,2022,2025,796.06,1246.74,1737.0,35523.0,1109.0975022859616,39398470.57370421
2408409,24,2022,2025,779.49,1246.74,1737.0,3736.0,1086.0116223109871,4057339.420953848
2408508,24,2022,2025,1010.77,1246.74,1737.0,5084.0,1408.2386784734588,7159485.441359065
2408607,24,2022,2025,792.64,1246.74,1737.0,4048.0,1104.3326435343376,4470338.541026999
2408706,24,2022,2025,867.89,1246.74,1737.0,3650.0,1209.1734684056019,4413483.159680447
2408805,24,2022,2025,692.93,1246.74,1737.0,4945.0,965.4133259540882,4773968.896842967
2408904,24,2022,2025,1039.24,1246.74,1737.0,22242.0,1447.904037730401,32204281.607199576
2408953,24,2022,2025,688.26,1246.74,1737.0,10692.0,958.9069252610809,10252632.844891477
2409100,24,2022,2025,741.29,1246.74,1737.0,11407.0,1032.7901005823187,11781036.67734251
2409209,24,2022,2025,744.56,1246.74,1737.0,3233.0,1037.3459743009769,3353739.5349150584
2409308,24,2022,2025,832.72,1246.74,1737.0,11215.0,1160.173444342846,13011345.178305019
2409332,24,2022,2025,756.95,1246.74,1737.0,5000.0,1054.6081380239666,5273040.690119833
2409407,24,2022,2025,1254.99,1246.74,1737.0,32123.0,1748.494176813129,56166878.44176814
2409506,24,2022,2025,865.04,1246.74,1737.0,3736.0,1205.2027527792482,4502637.484383271
2409605,24,2022,2025,756.32,1246.74,1737.0,2495.0,1053.7304008855094,2629057.350209346
2409704,24,2022,2025,764.88,1246.74,1737.0,6312.0,1065.656480100101,6726423.702391837
2409803,24,2022,2025,697.64,1246.74,1737.0,14197.0,971.9754559892199,13799135.548678955
2409902,24,2022,2025,903.44,1246.74,1737.0,12499.0,1258.702921218538,15732527.812310506
2410009,24,2022,2025,753.42,1246.74,1737.0,2992.0,1049.6900235815003,3140672.550555849
2410108,24,2022,2025,657.73,1246.74,1737.0,12565.0,916.3715048847394,11514207.95887675
2410207,24,2022,2025,910.62,1246.74,1737.0,7859.0,1268.7063381298426,9970763.111362433
2410256,24,2022,2025,666.78,1246.74,1737.0,5351.0,928.9802685403532,4970973.41695943
2410306,24,2022,2025,632.55,1246.74,1737.0,11203.0,881.2898840175176,9873090.57064825
2410405,24,2022,2025,619.44,1246.74,1737.0,9752.0,863.0245921362915,8416215.822513115
2410504,24,2022,2025,890.46,1246.74,1737.0,5682.0,1240.6187496992156,7049195.735790944
2410603,24,2022,2025,762.21,1246.74,1737.0,3005.0,1061.9365465133067,3191119.3222724865
2410702,24,2022,2025,662.16,1246.74,1737.0,2724.0,922.5435295250012,2513008.5744261034
2410801,24,2022,2025,708.26,1246.74,1737.0,4245.0,986.7715963232108,4188845.42639203
2410900,24,2022,2025,761.66,1246.74,1737.0,7646.0,1061.170268059098,8113707.869579863
2411007,24,2022,2025,589.27,1246.74,1737.0,4345.0,820.9907358390683,3567204.747220752
2411056,24,2022,2025,965.37,1246.74,1737.0,5748.0,1344.9858751624236,7730978.81043361
2411106,24,2022,2025,690.88,1246.74,1737.0,3253.0,962.55719717022,3131198.5623947256
2411205,24,2022,2025,962.17,1246.74,1737.0,39101.0,1340.5275277924827,52415966.86421387
2411403,24,2022,2025,707.32,1246.74,1737.0,12722.0,985.4619567832909,12537047.014197027
2411429,24,2022,2025,1041.01,1246.74,1737.0,2796.0,1450.3700611193992,4055234.69088984
2411502,24,2022,2025,756.25,1246.74,1737.0,22793.0,1053.632874536792,24015454.1093171
2411601,24,2022,2025,775.91,1246.74,1737.0,3442.0,1081.0238461908657,3720884.0785889598
2411700,24,2022,2025,715.33,1246.74,1737.0,3890.0,996.6217575436739,3876858.6368448916
2411809,24,2022,2025,1045.69,1246.74,1737.0,3606.0,1456.890394147938,5253546.761297464
2411908,24,2022,2025,913.11,1246.74,1737.0,4319.0,1272.1754896770778,5494525.939915299
2412005,24,2022,2025,946.92,1246.74,1737.0,124495.0,1319.2807161076084,164243852.75181672
2412104,24,2022,2025,1017.09,1246.74,1737.0,6136.0,1417.0439145290918,8694981.459550507
2412203,24,2022,2025,824.72,1246.74,1737.0,50053.0,1149.0275759179942,57512277.25742336
2412302,24,2022,2025,797.93,1246.74,1737.0,11298.0,1111.702849030271,12560018.788344001
2412401,24,2022,2025,1033.87,1246.74,1737.0,4733.0,1440.4223735502187,6817519.094013185
2412500,24,2022,2025,778.63,1246.74,1737.0,24422.0,1084.8134414553156,26493313.867221717
2412559,24,2022,2025,892.15,1246.74,1737.0,10636.0,1242.9733144039653,13220264.172000576
2412609,24,2022,2025,907.11,1246.74,1737.0,17371.0,1263.816088358439,21953749.270874444
2412708,24,2022,2025,766.63,1246.74,1737.0,5890.0,1068.0946388180373,6291077.422638239
2412807,24,2022,2025,766.6,1246.74,1737.0,7889.0,1068.0528418114443,8425868.869050484
2412906,24,2022,2025,779.34,1246.74,1737.0,10161.0,1085.8026372780212,11032840.597381974
2413003,24,2022,2025,795.8,1246.74,1737.0,6530.0,1108.735261562154,7240041.258000866
2413102,24,2022,2025,685.44,1246.74,1737.0,6027.0,954.9780066413206,5755652.446027239
2413201,24,2022,2025,676.62,1246.74,1737.0,4202.0,942.6896867029212,3961182.063525675
2413300,24,2022,2025,664.27,1246.74,1737.0,5866.0,925.4832523220559,5428884.75812118
2413359,24,2022,2025,697.83,1246.74,1737.0,13819.0,972.2401703643101,13435386.914264401
2413409,24,2022,2025,966.15,1246.74,1737.0,7800.0,1346.0725973338467,10499366.259204004
2413508,24,2022,2025,684.65,1246.74,1737.0,6608.0,953.8773521343663,6303221.542903893
2413557,24,2022,2025,795.22,1246.74,1737.0,4810.0,1107.9271861013524,5329129.765147505
2413607,24,2022,2025,852.77,1246.74,1737.0,5616.0,1188.1077770826314,6672413.276096058
2413706,24,2022,2025,664.2,1246.74,1737.0,4746.0,925.3857259733386,4391880.655469465
2413805,24,2022,2025,845.26,1246.74,1737.0,2409.0,1177.6445930988016,2836945.824775013
2413904,24,2022,2025,669.73,1246.74,1737.0,11708.0,933.0903075220175,10924621.320467781
2414001,24,2022,2025,716.71,1246.74,1737.0,13583.0,998.5444198469609,13563228.85478127
2414100,24,2022,2025,689.68,1246.74,1737.0,10610.0,960.885316906492,10194993.21237788
2414159,24,2022,2025,789.17,1246.74,1737.0,6152.0,1099.4981231050579,6764112.453342316
2414209,24,2022,2025,1286.38,1246.74,1737.0,18080.0,1792.2277780451418,32403478.227056164
2414308,24,2022,2025,1082.62,1246.74,1737.0,2424.0,1508.3425092641608,3656222.242456326
2414407,24,2022,2025,701.16,1246.74,1737.0,34767.0,976.8796380961548,33963174.37768902
2414456,24,2022,2025,736.83,1246.74,1737.0,3477.0,1026.5762789354637,3569405.7218586076
2414506,24,2022,2025,836.22,1246.74,1737.0,10655.0,1165.049761778719,12413605.21175225
2414605,24,2022,2025,825.81,1246.74,1737.0,14048.0,1150.5462004908802,16162873.024495885
2414704,24,2022,2025,723.48,1246.74,1737.0,5387.0,1007.976611001492,5429970.003465037
2414753,24,2022,2025,592.1,1246.74,1737.0,3005.0,824.9335867943597,2478925.428317051
2414803,24,2022,2025,662.24,1246.74,1737.0,11053.0,922.6549882092497,10198105.584676838
2414902,24,2022,2025,860.02,1246.74,1737.0,1900.0,1198.2087203426536,2276596.568651042
2415008,24,2022,2025,758.88,1246.74,1737.0,3304.0,1057.297078781462,3493309.5482939505
2500106,25,2022,2025,771.95,1097.81,1567.0,9580.0,1101.8715898015141,10555929.830298506
2500205,25,2022,2025,737.35,1097.81,1567.0,5026.0,1052.4839908545196,5289784.538034815
2500304,25,2022,2025,725.37,1097.81,1567.0,26655.0,1035.3838915659358,27598157.629690018
2500403,25,2022,2025,726.13,1097.81,1567.0,21823.0,1036.4687058780664,22618856.568377044
2500502,25,2022,2025,687.49,1097.81,1567.0,14140.0,981.3144624297465,13875786.498756615
2500536,25,2022,2025,723.59,1097.81,1567.0,5806.0,1032.843142255946,5996687.283938023
2500577,25,2022,2025,556.64,1097.81,1567.0,3143.0,794.5408404004336,2497241.8613785626
2500601,25,2022,2025,764.63,1097.81,1567.0,23065.0,1091.4231151109936,25173674.15003507
2500700,25,2022,2025,847.03,1097.81,1567.0,18500.0,1209.0398247419862,22367236.757726744
2500734,25,2022,2025,642.4,1097.81,1567.0,2328.0,916.9535712008453,2134667.9137555677
2500775,25,2022,2025,735.42,1097.81,1567.0,8257.0,1049.7291334566091,8667613.454951221
2500809,25,2022,2025,644.87,1097.81,1567.0,16991.0,920.4792177152696,15639862.388200145
2500908,25,2022,2025,763.66,1097.81,1567.0,12482.0,1090.0385494757745,13605861.174556617
2501005,25,2022,2025,657.11,1097.81,1567.0,17360.0,937.9504376895821,16282819.598291146
2501104,25,2022,2025,782.89,1097.81,1567.0,23031.0,1117.487206347182,25736847.84938195
2501153,25,2022,2025,611.76,1097.81,1567.0,2027.0,873.218425774952,1770013.749045828
2501203,25,2022,2025,763.73,1097.81,1567.0,7434.0,1090.1384665834707,8104089.360581522
2501302,25,2022,2025,639.85,1097.81,1567.0,19142.0,913.3137337061969,17482651.49060402
2501351,25,2022,2025,687.73,1097.81,1567.0,4383.0,981.6570353704194,4302602.786028548
2501401,25,2022,2025,660.37,1097.81,1567.0,9741.0,942.6037201337209,9181902.837822575
2501500,25,2022,2025,803.76,1097.81,1567.0,24134.0,1147.2767783131874,27688377.767810464
2501534,25,2022,2025,689.63,1097.81,1567.0,5010.0,984.3690711507456,4931689.046465236
2501575,25,2022,2025,596.44,1097.81,1567.0,8247.0,851.3508530620054,7021090.485202358
2501609,25,2022,2025,686.75,1097.81,1567.0,13024.0,980.2581958626721,12766882.742915442
2501708,25,2022,2025,692.09,1097.81,1567.0,6123.0,987.8804437926418,6048791.957342346
2501807,25,2022,2025,854.8,1097.81,1567.0,83862.0,1220.130623696268,102322594.36441642
2501906,25,2022,2025,772.54,1097.81,1567.0,16710.0,1102.7137482806677,18426346.733769957
2502003,25,2022,2025,798.02,1097.81,1567.0,6272.0,1139.0835754820962,7144332.185423708
2502052,25,2022,2025,774.5,1097.81,1567.0,3677.0,1105.5114272961625,4064965.51816799
2502102,25,2022,2025,693.65,1097.81,1567.0,5246.0,990.107167907015,5194102.202840201
2502151,25,2022,2025,958.96,1097.81,1567.0,6592.0,1368.8072799482609,9023177.589418937
2502201,25,2022,2025,755.41,1097.81,1567.0,2328.0,1078.2626046401472,2510195.3436022624
2502300,25,2022,2025,782.42,1097.81,1567.0,4720.0,1116.8163343383644,5271373.09807708
2502409,25,2022,2025,665.95,1097.81,1567.0,10433.0,950.5685410043633,9917281.588298522
2502508,25,2022,2025,769.1,1097.81,1567.0,18216.0,1097.8035361310247,19997589.214162745
2502607,25,2022,2025,702.71,1097.81,1567.0,5719.0,1003.0392964174129,5736381.736211184
2502706,25,2022,2025,691.08,1097.81,1567.0,4185.0,986.4387826673104,4128246.3054626943
2502805,25,2022,2025,732.48,1097.81,1567.0,14095.0,1045.5326149333675,14736782.207485816
2502904,25,2022,2025,910.04,1097.81,1567.0,5816.0,1298.9794955411228,7554864.74606717
2503001,25,2022,2025,673.18,1097.81,1567.0,21942.0,960.888550842131,21083816.58257804
2503100,25,2022,2025,833.95,1097.81,1567.0,5537.0,1190.3695994753193,6591076.472294843
2503209,25,2022,2025,1834.97,1097.81,1567.0,70734.0,2619.2127872764872,185267397.29521504
2503308,25,2022,2025,695.21,1097.81,1567.0,9335.0,992.333892021388,9263436.882019658
2503407,25,2022,2025,672.45,1097.81,1567.0,3344.0,959.8465581475849,3209726.890445524
2503506,25,2022,2025,686.16,1097.81,1567.0,16332.0,979.4160373835181,15995822.722547617
2503555,25,2022,2025,559.0,1097.81,1567.0,7513.0,797.9094743170496,5994693.880543994
2503605,25,2022,2025,617.26,1097.81,1567.0,6684.0,881.0690556653702,5889065.568067335
2503704,25,2022,2025,1119.77,1097.81,1567.0,66585.0,1598.3454240715607,106425830.06180488
2503753,25,2022,2025,624.16,1097.81,1567.0,2760.0,890.918027709713,2458933.756478808
2503803,25,2022,2025,668.83,1097.81,1567.0,5942.0,954.6794162924368,5672705.09160966
2503902,25,2022,2025,687.73,1097.81,1567.0,6327.0,981.6570353704194,6210944.062788644
2504009,25,2022,2025,1373.42,1097.81,1567.0,443911.0,1960.40220074512,870244101.3349669
2504033,25,2022,2025,624.27,1097.81,1567.0,7446.0,891.0750403075214,6634944.750129804
2504074,25,2022,2025,790.87,1097.81,1567.0,4067.0,1128.8777566245526,4591145.836192056
2504108,25,2022,2025,697.38,1097.81,1567.0,2365.0,995.4313223599712,2354195.077381332
2504157,25,2022,2025,581.94,1097.81,1567.0,7052.0,830.6537378963574,5857770.159645112
2504207,25,2022,2025,663.05,1097.81,1567.0,4556.0,946.4291179712336,4311931.06147694
2504306,25,2022,2025,1018.31,1097.81,1567.0,32288.0,1453.522713402137,46931341.3703282
2504355,25,2022,2025,674.16,1097.81,1567.0,5544.0,962.2873903498784,5334921.292099725
2504405,25,2022,2025,749.69,1097.81,1567.0,18731.0,1070.0979495541123,20044004.69309808
2504504,25,2022,2025,770.62,1097.81,1567.0,6629.0,1099.9731647552856,7291722.109162788
2504603,25,2022,2025,880.41,1097.81,1567.0,30007.0,1256.6860112405607,37709377.1392955
2504702,25,2022,2025,763.73,1097.81,1567.0,5124.0,1090.1384665834707,5585869.502773704
2504801,25,2022,2025,772.26,1097.81,1567.0,14987.0,1102.314079849883,16520381.114710197
2504850,25,2022,2025,882.3,1097.81,1567.0,1888.0,1259.383773148359,2377716.563704102
2504900,25,2022,2025,671.67,1097.81,1567.0,17821.0,958.7331960903982,17085584.287526987
2505006,25,2022,2025,693.24,1097.81,1567.0,7842.0,989.5219391333655,7759831.046683853
2505105,25,2022,2025,864.92,1097.81,1567.0,20208.0,1234.5757826946374,24948307.416693233
2505204,25,2022,2025,625.73,1097.81,1567.0,6890.0,893.1590256966143,6153865.687049673
2505238,25,2022,2025,661.45,1097.81,1567.0,6441.0,944.1452983667485,6081239.866780227
2505279,25,2022,2025,653.58,1097.81,1567.0,5415.0,932.9117606871864,5051717.184121114
2505303,25,2022,2025,745.84,1097.81,1567.0,2316.0,1064.6025086308196,2465619.409988978
2505352,25,2022,2025,566.06,1097.81,1567.0,5141.0,807.9868283218407,4153860.284402583
2505402,25,2022,2025,696.72,1097.81,1567.0,8314.0,994.4892467731211,8268183.597671729
2505501,25,2022,2025,649.3,1097.81,1567.0,3772.0,926.8025432451881,3495899.1931208493
2505600,25,2022,2025,720.93,1097.81,1567.0,6416.0,1029.046292163489,6602361.010520945
2505709,25,2022,2025,657.97,1097.81,1567.0,10638.0,939.177990726993,9990975.465353752
2505808,25,2022,2025,696.67,1097.81,1567.0,3360.0,994.4178774104809,3341244.0680992156
2505907,25,2022,2025,759.34,1097.81,1567.0,3036.0,1083.8722365436643,3290636.110146565
2506004,25,2022,2025,809.81,1097.81,1567.0,32599.0,1155.9124711926472,37681590.648409106
2506103,25,2022,2025,651.81,1097.81,1567.0,11307.0,930.3852852497243,10519866.420318633
2506202,25,2022,2025,854.92,1097.81,1567.0,2911.0,1220.3019101666043,3552298.8604949852
2506251,25,2022,2025,554.19,1097.81,1567.0,8398.0,791.0437416310656,6643185.342217688
2506301,25,2022,2025,1027.67,1097.81,1567.0,60057.0,1466.8830580883762,88096595.8196136
2506400,25,2022,2025,684.73,1097.81,1567.0,14141.0,977.3748736120095,13821058.087747427
2506509,25,2022,2025,777.68,1097.81,1567.0,3352.0,1110.0505187600768,3720889.338883777
2506608,25,2022,2025,719.73,1097.81,1567.0,5713.0,1027.3334274601252,5869155.871079695
2506707,25,2022,2025,599.58,1097.81,1567.0,10497.0,855.8328490358077,8983677.416328873
2506806,25,2022,2025,841.64,1097.81,1567.0,18234.0,1201.3462074493766,21905346.74663193
2506905,25,2022,2025,811.3,1097.81,1567.0,23558.0,1158.0392781993241,27281089.315819677
2507002,25,2022,2025,875.23,1097.81,1567.0,24766.0,1249.2921452710398,30939969.26978257
2507101,25,2022,2025,653.03,1097.81,1567.0,19165.0,932.1266976981445,17864208.16138494
2507200,25,2022,2025,675.15,1097.81,1567.0,10840.0,963.7005037301537,10446513.460434867
2507309,25,2022,2025,721.89,1097.81,1567.0,14969.0,1030.4165839261802,15424305.844790991
2507408,25,2022,2025,811.24,1097.81,1567.0,7728.0,1157.953634964156,8948665.691002997
2507507,25,2022,2025,1879.0,1097.81,1567.0,897633.0,2682.0606480174165,2407506145.6618176
2507606,25,2022,2025,753.84,1097.81,1567.0,8088.0,1076.0216066532462,8702862.754611455
2507705,25,2022,2025,673.57,1097.81,1567.0,17520.0,961.4452318707245,16844520.462375093
2507804,25,2022,2025,836.75,1097.81,1567.0,7019.0,1194.3662837831682,8383256.945874058
2507903,25,2022,2025,659.58,1097.81,1567.0,10255.0,941.4760842040063,9654837.243512085
2508000,25,2022,2025,626.11,1097.81,1567.0,9380.0,893.7014328526795,8382919.440158134
2508109,25,2022,2025,737.35,1097.81,1567.0,4489.0,1052.4839908545196,4724600.634945938
2508208,25,2022,2025,738.79,1097.81,1567.0,8123.0,1054.5394284985562,8566023.77769377
2508307,25,2022,2025,927.2,1097.81,1567.0,29209.0,1323.4734607992277,38657336.316484645
2508406,25,2022,2025,607.64,1097.81,1567.0,3316.0,867.3375902934023,2876091.449412922
2508505,25,2022,2025,619.98,1097.81,1567.0,7041.0,884.9515489929952,6230943.856459679
2508554,25,2022,2025,713.72,1097.81,1567.0,5107.0,1018.7548300707774,5202780.917171461
2508604,25,2022,2025,759.66,1097.81,1567.0,13088.0,1084.3290004645614,14191697.95808018
2508703,25,2022,2025,740.54,1097.81,1567.0,3599.0,1057.037356190962,3804277.4449312724
2508802,25,2022,2025,879.93,1097.81,1567.0,6288.0,1256.0008653592151,7897733.441378745
2508901,25,2022,2025,772.08,1097.81,1567.0,46966.0,1102.0571501443785,51759216.113680884
2509008,25,2022,2025,617.91,1097.81,1567.0,10699.0,881.9968573796923,9436484.377105327
2509057,25,2022,2025,547.14,1097.81,1567.0,9537.0,780.9806614988022,7448212.568714077
2509107,25,2022,2025,675.91,1097.81,1567.0,22170.0,964.7853180422843,21389290.500997443
2509156,25,2022,2025,737.18,1097.81,1567.0,7001.0,1052.241335021543,7366741.586485822
2509206,25,2022,2025,759.5,1097.81,1567.0,14756.0,1084.1006185041128,15996988.72664669
2509305,25,2022,2025,761.17,1097.81,1567.0,8650.0,1086.4843552162943,9398089.672620945
2509339,25,2022,2025,557.71,1097.81,1567.0,4759.0,796.0681447609333,3788488.3009172813
2509370,25,2022,2025,812.1,1097.81,1567.0,2584.0,1159.1811880015669,2995324.1897960487
2509396,25,2022,2025,653.01,1097.81,1567.0,6717.0,932.0981499530884,6260903.2732348945
2509404,25,2022,2025,685.55,1097.81,1567.0,14435.0,978.5453311593081,14125301.855284613
2509503,25,2022,2025,711.2,1097.81,1567.0,6144.0,1015.157814193713,6237129.610406172
2509602,25,2022,2025,588.45,1097.81,1567.0,4429.0,839.946028912107,3720120.9620517218
2509701,25,2022,2025,855.1,1097.81,1567.0,33886.0,1220.5588398721093,41359856.84790629
2509800,25,2022,2025,701.66,1097.81,1567.0,8909.0,1001.5405398019693,8922724.669095745
2509909,25,2022,2025,597.24,1097.81,1567.0,8935.0,852.492762864248,7617022.836192056
2510006,25,2022,2025,710.83,1097.81,1567.0,7394.0,1014.6296809101759,7502171.860649841
2510105,25,2022,2025,745.22,1097.81,1567.0,9840.0,1063.7175285340816,10466980.480775362
2510204,25,2022,2025,669.66,1097.81,1567.0,5897.0,955.8641477122636,5636730.879059219
2510303,25,2022,2025,859.4,1097.81,1567.0,4359.0,1226.6966050591634,5347170.501452893
2510402,25,2022,2025,506.11,1097.81,1567.0,6059.0,722.4149625162825,4377112.2578861555
2510501,25,2022,2025,705.86,1097.81,1567.0,3675.0,1007.5355662637432,3702693.2060192563
2510600,25,2022,2025,789.71,1097.81,1567.0,3000.0,1127.2219874113007,3381665.962233902
2510659,25,2022,2025,810.88,1097.81,1567.0,1745.0,1157.4397755531468,2019732.408340241
2510709,25,2022,2025,746.66,1097.81,1567.0,2580.0,1065.7729661781184,2749694.2527395454
2510808,25,2022,2025,1142.69,1097.81,1567.0,108104.0,1631.0611399058128,176324233.46837798
2510907,25,2022,2025,838.4,1097.81,1567.0,12172.0,1196.721472750294,14566493.766316578
2511004,25,2022,2025,803.95,1097.81,1567.0,3851.0,1147.54798189122,4419207.278263088
2511103,25,2022,2025,756.49,1097.81,1567.0,6980.0,1079.8041828731748,7537033.19645476
2511202,25,2022,2025,753.14,1097.81,1567.0,31356.0,1075.0224355762837,33708403.48992995
2511301,25,2022,2025,818.71,1097.81,1567.0,17088.0,1168.6162177425967,19969313.92878549
2511400,25,2022,2025,811.97,1097.81,1567.0,18862.0,1158.9956276587025,21860975.528898444
2511509,25,2022,2025,684.5,1097.81,1567.0,12889.0,977.0465745438646,12593153.29929587
2511608,25,2022,2025,631.44,1097.81,1567.0,6974.0,901.3094069101212,6285731.803791185
2511707,25,2022,2025,698.44,1097.81,1567.0,5539.0,996.9443528479429,5522074.770424756
2511806,25,2022,2025,705.61,1097.81,1567.0,9411.0,1007.1787194505425,9478558.928749057
2511905,25,2022,2025,792.24,1097.81,1567.0,17166.0,1130.8332771608932,19411884.035743892
2512002,25,2022,2025,675.29,1097.81,1567.0,18038.0,963.9003379455461,17386834.295861762
2512036,25,2022,2025,624.78,1097.81,1567.0,3934.0,891.803007806451,3508353.0327105783
2512077,25,2022,2025,838.02,1097.81,1567.0,4126.0,1196.1790655942286,4935434.824641787
2512101,25,2022,2025,933.34,1097.81,1567.0,33866.0,1332.23761853144,45117559.189185746
2512200,25,2022,2025,839.7,1097.81,1567.0,4032.0,1198.5770761789381,4832662.771153479
2512309,25,2022,2025,878.34,1097.81,1567.0,21674.0,1253.731319627258,27173372.62160119
2512408,25,2022,2025,699.33,1097.81,1567.0,14942.0,998.2147275029378,14915324.458348896
2512507,25,2022,2025,731.28,1097.81,1567.0,50698.0,1043.8197502300034,52919573.69716071
2512606,25,2022,2025,661.14,1097.81,1567.0,1803.0,943.7028083183793,1701496.163398038
2512705,25,2022,2025,855.49,1097.81,1567.0,18399.0,1221.1155209007024,22467304.469052024
2512721,25,2022,2025,566.4,1097.81,1567.0,5932.0,808.472139987794,4795856.7344075935
2512747,25,2022,2025,576.42,1097.81,1567.0,2945.0,822.774560260883,2423071.0799683006
2512754,25,2022,2025,669.38,1097.81,1567.0,4911.0,955.4644792814786,4692286.057751342
2512762,25,2022,2025,516.3,1097.81,1567.0,4989.0,736.9600386223481,3676693.6326868944
2512788,25,2022,2025,750.97,1097.81,1567.0,2063.0,1071.9250052377006,2211381.2858053762
2512804,25,2022,2025,677.3,1097.81,1567.0,8788.0,966.7693863236807,8495969.367012506
2512903,25,2022,2025,898.43,1097.81,1567.0,25500.0,1282.4075295360765,32701392.00316995
2513000,25,2022,2025,704.73,1097.81,1567.0,3435.0,1005.9226186680755,3455344.1951248394
2513109,25,2022,2025,636.36,1097.81,1567.0,11741.0,908.3321521939133,10664727.798908737
2513158,25,2022,2025,619.23,1097.81,1567.0,8113.0,883.8810085533927,7170926.622393675
2513208,25,2022,2025,784.35,1097.81,1567.0,6013.0,1119.571191736275,6731981.575910222
2513307,25,2022,2025,806.74,1097.81,1567.0,6023.0,1151.530392326541,6935667.552982757
2513356,25,2022,2025,715.43,1097.81,1567.0,3256.0,1021.1956622730709,3325013.076361119
2513406,25,2022,2025,1091.08,1097.81,1567.0,15418.0,1557.3936837886336,24011895.81665315
2513505,25,2022,2025,646.52,1097.81,1567.0,5090.0,922.834406682395,4697227.13001339
2513604,25,2022,2025,712.84,1097.81,1567.0,6618.0,1017.4987292883105,6733806.590430039
2513653,25,2022,2025,642.82,1097.81,1567.0,2607.0,917.5530738470228,2392060.8635191885
2513703,25,2022,2025,798.63,1097.81,1567.0,160852.0,1139.9542817063061,183363926.12102276
2513802,25,2022,2025,755.28,1097.81,1567.0,4492.0,1078.0770442972828,4842722.082983394
2513851,25,2022,2025,760.73,1097.81,1567.0,2708.0,1085.8563048250608,2940498.8734662645
2513901,25,2022,2025,768.83,1097.81,1567.0,33845.0,1097.4181415727676,37142117.00153032
2513927,25,2022,2025,710.23,1097.81,1567.0,4490.0,1013.7732485584938,4551841.886027637
2513943,25,2022,2025,736.91,1097.81,1567.0,2688.0,1051.855940463286,2827388.767965313
2513968,25,2022,2025,612.72,1097.81,1567.0,2624.0,874.5887175376431,2294920.7948187757
2513984,25,2022,2025,799.27,1097.81,1567.0,3176.0,1140.8678095481002,3623396.163124766
2514008,25,2022,2025,945.1,1097.81,1567.0,4345.0,1349.023692624407,5861507.9444530485
2514107,25,2022,2025,646.3,1097.81,1567.0,4359.0,922.5203814867782,4021266.342900866
2514206,25,2022,2025,704.78,1097.81,1567.0,7251.0,1005.9939880307156,7294462.407210719
2514305,25,2022,2025,647.02,1097.81,1567.0,4966.0,923.5481003087966,4586339.866133484
2514404,25,2022,2025,728.77,1097.81,1567.0,4056.0,1040.2370082254672,4219201.305362495
2514453,25,2022,2025,555.75,1097.81,1567.0,6137.0,793.2704657454387,4868300.848279757
2514503,25,2022,2025,820.53,1097.81,1567.0,19561.0,1171.2140625426987,22910118.27739773
2514552,25,2022,2025,600.8,1097.81,1567.0,3323.0,857.5742614842276,2849719.2709120885
2514602,25,2022,2025,706.28,1097.81,1567.0,3337.0,1008.1350689099206,3364146.7249524053
2514651,25,2022,2025,631.9,1097.81,1567.0,1750.0,901.9660050464106,1578440.5088312186
2514701,25,2022,2025,857.72,1097.81,1567.0,4283.0,1224.298594474454,5243670.880134086
2514800,25,2022,2025,702.98,1097.81,1567.0,3462.0,1003.4246909756698,3473856.280157769
2514909,25,2022,2025,964.15,1097.81,1567.0,7629.0,1376.2154197903099,10499147.437580274
2515005,25,2022,2025,666.13,1097.81,1567.0,7307.0,950.8254707098679,6947681.7144770045
2515104,25,2022,2025,790.63,1097.81,1567.0,11387.0,1128.5351836838797,12850630.136608338
2515203,25,2022,2025,649.4,1097.81,1567.0,3382.0,926.9452819704685,3134928.9436241244
2515302,25,2022,2025,745.51,1097.81,1567.0,53457.0,1064.1314708373943,56885276.03655459
2515401,25,2022,2025,565.48,1097.81,1567.0,10652.0,807.158943715215,8597857.06845447
2515500,25,2022,2025,799.81,1097.81,1567.0,14131.0,1141.6385986646142,16132495.037729662
2515609,25,2022,2025,775.82,1097.81,1567.0,3156.0,1107.3955784698628,3494940.445650887
2515708,25,2022,2025,808.7,1097.81,1567.0,3056.0,1154.3280713420356,3527626.586021261
2515807,25,2022,2025,753.33,1097.81,1567.0,6975.0,1075.2936391543165,7500173.133101357
2515906,25,2022,2025,675.36,1097.81,1567.0,4754.0,964.0002550532423,4582857.212523114
2515930,25,2022,2025,740.43,1097.81,1567.0,5332.0,1056.8803435931536,5635285.992038695
2515971,25,2022,2025,652.46,1097.81,1567.0,8646.0,931.3130869640466,8052132.949891147
2516003,25,2022,2025,839.65,1097.81,1567.0,27748.0,1198.505706816298,33256136.352738637
2516102,25,2022,2025,706.29,1097.81,1567.0,14409.0,1008.1493427824487,14526423.880152304
2516151,25,2022,2025,616.53,1097.81,1567.0,3476.0,880.0270629708239,3058974.0708865835
2516201,25,2022,2025,981.33,1097.81,1567.0,70066.0,1400.7379327934707,98144103.99910732
2516300,25,2022,2025,880.46,1097.81,1567.0,17852.0,1256.757380603201,22435632.758528344
2516409,25,2022,2025,650.92,1097.81,1567.0,7794.0,929.1149105947295,7241521.613175321
2516508,25,2022,2025,700.22,1097.81,1567.0,14358.0,999.4851021579328,14350607.096783599
2516607,25,2022,2025,663.48,1097.81,1567.0,14473.0,947.0428944899392,13706551.811952889
2516706,25,2022,2025,702.92,1097.81,1567.0,15129.0,1003.3390477405015,15179516.453266047
2516755,25,2022,2025,702.81,1097.81,1567.0,3082.0,1003.1820351426932,3091807.0323097804
2516805,25,2022,2025,789.08,1097.81,1567.0,10315.0,1126.3227334420349,11618018.995454589
2516904,25,2022,2025,952.63,1097.81,1567.0,15431.0,1359.7719186380157,20982640.47650322
2517001,25,2022,2025,654.31,1097.81,1567.0,9274.0,933.9537533817327,8661487.10886219
2517100,25,2022,2025,1170.44,1097.81,1567.0,2777.0,1670.6711361711045,4639453.745147157
2517209,25,2022,2025,639.99,1097.81,1567.0,4967.0,913.5135679215894,4537421.891866534
2517407,25,2022,2025,663.21,1097.81,1567.0,2323.0,946.6574999316823,2199085.372341298
2600054,26,2022,2025,846.62,1141.02,1548.0,104248.0,1148.593153494242,119738539.06546773
2600104,26,2022,2025,919.32,1141.02,1548.0,42672.0,1247.2238523426408,53221536.22716517
2600203,26,2022,2025,691.79,1141.02,1548.0,19409.0,938.5382552453068,18216088.996056158
2600302,26,2022,2025,705.78,1141.02,1548.0,24680.0,957.5182205395173,23631549.682915285
2600401,26,2022,2025,648.88,1141.02,1548.0,26981.0,880.3230793500552,23751997.00394384
2600500,26,2022,2025,664.95,1141.02,1548.0,43822.0,902.1249408424042,39532919.157595836
2600609,26,2022,2025,874.61,1141.02,1548.0,14460.0,1186.566650891308,17157753.771888312
2600708,26,2022,2025,690.2,1141.02,1548.0,37349.0,936.3811326707684,34972898.92412053
2600807,26,2022,2025,750.58,1141.02,1548.0,21134.0,1018.2975232686545,21520699.856759742
2600906,26,2022,2025,660.2,1141.02,1548.0,18335.0,895.6807067360783,16422305.758005995
2601003,26,2022,2025,715.39,1141.02,1548.0,10591.0,970.5559236472631,10279157.787348162
2601052,26,2022,2025,654.41,1141.02,1548.0,19996.0,887.8255245306831,17752959.18851554
2601102,26,2022,2025,739.65,1141.02,1548.0,90504.0,1003.4690014197822,90817958.50449596
2601201,26,2022,2025,1070.66,1141.02,1548.0,82487.0,1452.543934374507,119815991.51474996
2601300,26,2022,2025,636.98,1141.02,1548.0,12601.0,864.1785770626283,10889514.249566179
2601409,26,2022,2025,716.35,1141.02,1548.0,42083.0,971.8583372771731,40898714.40763527
2601508,26,2022,2025,699.08,1141.02,1548.0,10798.0,948.4284587474366,10241130.49755482
2601607,26,2022,2025,787.99,1141.02,1548.0,18648.0,1069.0509544092129,19935662.197823003
2601706,26,2022,2025,891.95,1141.02,1548.0,84033.0,1210.0914970815586,101687618.77425462
2601805,26,2022,2025,640.05,1141.02,1548.0,11961.0,868.3435873166114,10386257.64789399
2601904,26,2022,2025,924.11,1141.02,1548.0,65007.0,1253.7223536835463,81500729.04590629
2602001,26,2022,2025,682.16,1141.02,1548.0,36145.0,925.4734185202713,33451236.712415203
2602100,26,2022,2025,770.5,1141.02,1548.0,46202.0,1045.3226060892885,48295995.0465373
2602209,26,2022,2025,690.72,1141.02,1548.0,39289.0,937.0866067203029,36817195.69143398
2602308,26,2022,2025,709.58,1141.02,1548.0,39212.0,962.6736078245781,37748357.51001736
2602407,26,2022,2025,636.03,1141.02,1548.0,9417.0,862.8897302413629,8125832.589682915
2602506,26,2022,2025,773.01,1141.02,1548.0,8033.0,1048.7278750591577,8424431.020350214
2602605,26,2022,2025,675.81,1141.02,1548.0,51308.0,916.8584950307619,47042175.66303833
2602704,26,2022,2025,708.2,1141.02,1548.0,13276.0,960.8013882315823,12755599.230162486
2602803,26,2022,2025,568.15,1141.02,1548.0,53489.0,770.7982331598043,41229226.693484776
2602902,26,2022,2025,945.95,1141.02,1548.0,218049.0,1283.3522637640008,279833677.76147664
2603009,26,2022,2025,696.24,1141.02,1548.0,31762.0,944.5754850922859,30001606.557501186
2603108,26,2022,2025,751.83,1141.02,1548.0,20673.0,1019.9933743492664,21086323.027922384
2603207,26,2022,2025,638.0,1141.02,1548.0,30571.0,865.5623915444077,26461107.871904086
2603306,26,2022,2025,649.94,1141.02,1548.0,11453.0,881.7611610664144,10098810.577693645
2603405,26,2022,2025,734.95,1141.02,1548.0,5354.0,997.0926013566809,5338433.787663669
2603454,26,2022,2025,1097.38,1141.02,1548.0,156112.0,1488.794447073671,232418678.72156495
2603504,26,2022,2025,756.16,1141.02,1548.0,18018.0,1025.8678024925066,18484086.065309983
2603603,26,2022,2025,704.26,1141.02,1548.0,7962.0,955.456065625493,7607341.194510175
2603702,26,2022,2025,705.83,1141.02,1548.0,25103.0,957.5860545827419,24038282.72819057
2603801,26,2022,2025,632.03,1141.02,1548.0,18854.0,857.4630067834042,16166607.529894304
2603900,26,2022,2025,701.37,1141.02,1548.0,19533.0,951.5352579271179,18586338.193090394
2603926,26,2022,2025,646.68,1141.02,1548.0,12712.0,877.3383814481779,11152725.504969237
2604007,26,2022,2025,1015.04,1141.02,1548.0,83482.0,1377.085344691592,114961838.74554348
2604106,26,2022,2025,1147.39,1141.02,1548.0,405408.0,1556.6420571067995,631075143.0875534
2604155,26,2022,2025,604.46,1141.02,1548.0,13468.0,820.0593153494243,11044558.859126046
2604205,26,2022,2025,751.85,1141.02,1548.0,33086.0,1020.0205079665564,33748398.52658148
2604304,26,2022,2025,684.12,1141.02,1548.0,10843.0,928.1325130146711,10063740.83861808
2604403,26,2022,2025,658.43,1141.02,1548.0,13496.0,893.2793816059315,12055698.534153651
2604502,26,2022,2025,751.12,1141.02,1548.0,21258.0,1019.0301309354788,21662542.52342641
2604601,26,2022,2025,767.77,1141.02,1548.0,25416.0,1041.6188673292318,26473785.132039756
2604700,26,2022,2025,619.92,1141.02,1548.0,17670.0,841.0336015144344,14861063.738760056
2604809,26,2022,2025,678.09,1141.02,1548.0,10426.0,919.9517274017985,9591416.709891152
2604908,26,2022,2025,750.88,1141.02,1548.0,16215.0,1018.7045275280012,16518293.91386654
2605004,26,2022,2025,712.78,1141.02,1548.0,24343.0,967.0149865909449,23540045.818583373
2605103,26,2022,2025,857.53,1141.02,1548.0,39609.0,1163.3945417258242,46080894.40321817
2605152,26,2022,2025,775.81,1141.02,1548.0,17850.0,1052.5265814797285,18787599.479413155
2605202,26,2022,2025,822.04,1141.02,1548.0,62174.0,1115.2459378450858,69339300.93958037
2605301,26,2022,2025,647.76,1141.02,1548.0,33486.0,878.8035967818267,29427617.24183625
2605400,26,2022,2025,738.81,1141.02,1548.0,22222.0,1002.3293894936108,22273763.69332702
2605459,26,2022,2025,2566.14,1141.02,1548.0,3341.0,3481.433033601514,11631467.765262658
2605509,26,2022,2025,803.44,1141.02,1548.0,15955.0,1090.0116737655783,17391136.254929803
2605608,26,2022,2025,666.01,1141.02,1548.0,20776.0,903.5630225587632,18772425.356680866
2605707,26,2022,2025,843.67,1141.02,1548.0,31702.0,1144.5909449439973,36285822.136614606
2605806,26,2022,2025,794.41,1141.02,1548.0,14055.0,1077.7608455592365,15147928.68433507
2605905,26,2022,2025,707.33,1141.02,1548.0,17583.0,959.6210758794763,16873017.37718883
2606002,26,2022,2025,1128.17,1141.02,1548.0,151803.0,1530.566650891308,232344609.30525324
2606101,26,2022,2025,691.86,1141.02,1548.0,30420.0,938.6332229058212,28553222.64079508
2606200,26,2022,2025,839.04,1141.02,1548.0,85497.0,1138.3095125414102,97322048.39375295
2606309,26,2022,2025,697.41,1141.02,1548.0,7217.0,946.1628017037388,6828456.939895882
2606408,26,2022,2025,1029.73,1141.02,1548.0,92429.0,1397.014986590945,129124698.19561446
2606507,26,2022,2025,670.09,1141.02,1548.0,17570.0,909.098280485881,15972856.78813693
2606606,26,2022,2025,646.06,1141.02,1548.0,28825.0,876.4972393121943,25265032.923174
2606705,26,2022,2025,704.48,1141.02,1548.0,7334.0,955.7545354156807,7009503.762738602
2606804,26,2022,2025,880.67,1141.02,1548.0,123017.0,1194.7881369301151,146979252.24073198
2606903,26,2022,2025,691.37,1141.02,1548.0,11347.0,937.9684492822212,10643127.994005363
2607000,26,2022,2025,506.86,1141.02,1548.0,27758.0,687.6472629752327,19087712.725666508
2607109,26,2022,2025,728.49,1141.02,1548.0,4975.0,988.3284429720776,4916934.003786086
2607208,26,2022,2025,829.65,1141.02,1548.0,106539.0,1125.5702792238524,119917131.97823001
2607307,26,2022,2025,677.16,1141.02,1548.0,30720.0,918.6900141978231,28222157.236157127
2607406,26,2022,2025,662.99,1141.02,1548.0,4491.0,899.4658463480044,4039501.115948888
2607505,26,2022,2025,603.53,1141.02,1548.0,33995.0,818.7976021454489,27835024.484934535
2607604,26,2022,2025,871.13,1141.02,1548.0,25658.0,1181.8454014828837,30323789.31124783
2607653,26,2022,2025,728.38,1141.02,1548.0,36652.0,988.1792080769837,36218744.33443761
2607703,26,2022,2025,874.77,1141.02,1548.0,14236.0,1186.783719829626,16895053.03549456
2607752,26,2022,2025,745.48,1141.02,1548.0,29669.0,1011.3784508597571,30006587.25855813
2607802,26,2022,2025,625.18,1141.02,1548.0,17142.0,848.1697428616501,14539325.732134406
2607901,26,2022,2025,1141.05,1141.02,1548.0,684293.0,1548.0407004259348,1059313415.0165642
2607950,26,2022,2025,544.67,1141.02,1548.0,10440.0,738.943366461587,7714568.745858967
2608008,26,2022,2025,627.22,1141.02,1548.0,16328.0,850.9373718252091,13894105.407162014
2608057,26,2022,2025,826.57,1141.02,1548.0,14477.0,1121.3917021612244,16234387.672188045
2608107,26,2022,2025,727.48,1141.02,1548.0,28842.0,986.9581952989431,28465848.268812116
2608206,26,2022,2025,689.95,1141.02,1548.0,13416.0,936.0419624546458,12557938.968291529
2608255,26,2022,2025,651.62,1141.02,1548.0,12023.0,884.040384918757,10628817.547878215
2608305,26,2022,2025,802.92,1141.02,1548.0,16022.0,1089.3061997160435,17452863.93185045
2608404,26,2022,2025,613.2,1141.02,1548.0,14002.0,831.916706105064,11648497.718883106
2608453,26,2022,2025,736.67,1141.02,1548.0,18804.0,999.4260924436031,18793208.242309514
2608503,26,2022,2025,702.56,1141.02,1548.0,19863.0,953.1497081558605,18932412.653099857
2608602,26,2022,2025,631.35,1141.02,1548.0,12367.0,856.5404637955514,10592835.915759584
2608701,26,2022,2025,619.0,1141.02,1548.0,14333.0,839.7854551191041,12036644.928222118
2608750,26,2022,2025,740.89,1141.02,1548.0,24951.0,1005.1512856917495,25079529.729294844
2608800,26,2022,2025,731.14,1141.02,1548.0,41960.0,991.9236472629752,41621116.23915444
2608909,26,2022,2025,937.06,1141.02,1548.0,59236.0,1271.2913708786875,75306215.64536993
2609006,26,2022,2025,730.04,1141.02,1548.0,24642.0,990.4312983120366,24406208.053005204
2609105,26,2022,2025,730.09,1141.02,1548.0,11387.0,990.4991323552612,11278813.620129358
2609154,26,2022,2025,359.1,1141.02,1548.0,27046.0,487.1840984382395,13176381.126360625
2609204,26,2022,2025,663.74,1141.02,1548.0,9322.0,900.4833569963718,8394305.853920177
2609303,26,2022,2025,719.61,1141.02,1548.0,14605.0,976.2811168954095,14258585.712257456
2609402,26,2022,2025,783.46,1141.02,1548.0,57654.0,1062.9051900930747,61280735.82962613
2609501,26,2022,2025,908.93,1141.02,1548.0,32187.0,1233.1279381605932,39690688.945575014
2609600,26,2022,2025,1277.73,1141.02,1548.0,364717.0,1733.4718409843824,632226649.428301
2609709,26,2022,2025,685.96,1141.02,1548.0,22412.0,930.6288058053321,20857252.795709103
2609808,26,2022,2025,578.24,1141.02,1548.0,14129.0,784.4871430825052,11084018.844612716
2609907,26,2022,2025,725.6,1141.02,1548.0,68489.0,984.4076352737025,67421094.53226061
2610004,26,2022,2025,872.56,1141.02,1548.0,56475.0,1183.7854551191037,66854283.577851385
2610103,26,2022,2025,744.56,1141.02,1548.0,7104.0,1010.1303044644266,7175965.682915286
2610202,26,2022,2025,609.74,1141.02,1548.0,23337.0,827.2225903139297,19304893.59015618
2610301,26,2022,2025,567.51,1141.02,1548.0,12778.0,769.929957406531,9838164.995740654
2610400,26,2022,2025,704.76,1141.02,1548.0,18960.0,956.1344060577378,18128308.338854708
2610509,26,2022,2025,698.48,1141.02,1548.0,29744.0,947.6144502287428,28185844.207603727
2610608,26,2022,2025,1129.46,1141.02,1548.0,59924.0,1532.3167692064997,91822550.07793029
2610707,26,2022,2025,1197.17,1141.02,1548.0,365144.0,1624.1776305410947,593058716.7262975
2610806,26,2022,2025,566.96,1141.02,1548.0,23671.0,769.1837829310617,18207349.32576116
2610905,26,2022,2025,863.67,1141.02,1548.0,65481.0,1171.724562233791,76725696.05963087
2611002,26,2022,2025,745.92,1141.02,1548.0,36104.0,1011.9753904401324,36536359.49645054
2611101,26,2022,2025,1290.18,1141.02,1548.0,418444.0,1750.3625177472786,732428693.3762423
2611200,26,2022,2025,654.04,1141.02,1548.0,10792.0,887.3235526108218,9575995.779775988
2611309,26,2022,2025,774.09,1141.02,1548.0,26942.0,1050.1930903928067,28294302.241362996
2611408,26,2022,2025,660.57,1141.02,1548.0,14380.0,896.1826786559395,12887106.91907241
2611507,26,2022,2025,633.82,1141.02,1548.0,17731.0,859.8914655308408,15246735.575327339
2611533,26,2022,2025,551.89,1141.02,1548.0,6753.0,748.7386023032024,5056231.781353526
2611606,26,2022,2025,2284.77,1141.02,1548.0,1588376.0,3099.703738760057,4923495025.756744
2611705,26,2022,2025,744.57,1141.02,1548.0,21490.0,1010.1438712730716,21707991.79365831
2611804,26,2022,2025,833.71,1141.02,1548.0,33843.0,1131.0784035336806,38279086.410790354
2611903,26,2022,2025,729.18,1141.02,1548.0,20388.0,989.2645527685754,20169125.701845717
2612000,26,2022,2025,838.63,1141.02,1548.0,11213.0,1137.7532733869696,12757627.45448809
2612109,26,2022,2025,771.72,1141.02,1548.0,5478.0,1046.977756743966,5735344.151443446
2612208,26,2022,2025,952.41,1141.02,1548.0,65946.0,1292.116422148604,85209909.57501183
2612307,26,2022,2025,658.78,1141.02,1548.0,14125.0,893.7542199085028,12624278.356207602
2612406,26,2022,2025,656.04,1141.02,1548.0,18812.0,890.0369143398012,16743374.432560341
2612455,26,2022,2025,661.87,1141.02,1548.0,14342.0,897.946363779776,12878346.749329546
2612471,26,2022,2025,629.41,1141.02,1548.0,11934.0,853.9085029184414,10190544.07382868
2612505,26,2022,2025,965.72,1141.02,1548.0,104854.0,1310.1738444549615,137376968.28648052
2612554,26,2022,2025,600.05,1141.02,1548.0,12360.0,814.0763527370246,10061983.719829625
2612604,26,2022,2025,698.96,1141.02,1548.0,42782.0,948.2656570436977,40568701.33964348
2612703,26,2022,2025,698.75,1141.02,1548.0,14586.0,947.980754062155,13827247.278750593
2612802,26,2022,2025,710.2,1141.02,1548.0,10487.0,963.5147499605616,10104379.18283641
2612901,26,2022,2025,606.58,1141.02,1548.0,13456.0,822.9354787821424,11073419.802492507
2613008,26,2022,2025,678.99,1141.02,1548.0,51165.0,921.1727401798391,47131803.25130147
2613107,26,2022,2025,698.82,1141.02,1548.0,39243.0,948.0757217226693,37205335.54756271
2613206,26,2022,2025,739.27,1141.02,1548.0,24895.0,1002.9534626912763,24968526.453699324
2613305,26,2022,2025,646.01,1141.02,1548.0,20438.0,876.42940526897,17912464.184887208
2613404,26,2022,2025,953.27,1141.02,1548.0,19511.0,1293.283167692065,25233247.88483988
2613503,26,2022,2025,780.35,1141.02,1548.0,36890.0,1058.6859126045117,39054923.315980434
2613602,26,2022,2025,818.37,1141.02,1548.0,32508.0,1110.2669190724089,36092557.00520587
2613701,26,2022,2025,850.82,1141.02,1548.0,118258.0,1154.2912131250987,136504170.2817479
2613800,26,2022,2025,623.2,1141.02,1548.0,17177.0,845.4835147499607,14522870.332860075
2613909,26,2022,2025,992.09,1141.02,1548.0,98816.0,1345.9495188515539,133001347.65483515
2614006,26,2022,2025,632.57,1141.02,1548.0,18764.0,858.1956144502288,16103182.509544093
2614105,26,2022,2025,787.05,1141.02,1548.0,34271.0,1067.7756743965924,36593740.13724562
2614204,26,2022,2025,728.49,1141.02,1548.0,39171.0,988.3284429720776,38713813.43965925
2614303,26,2022,2025,640.24,1141.02,1548.0,10839.0,868.6013566808645,9414770.10506389
2614402,26,2022,2025,650.08,1141.02,1548.0,5386.0,881.9510963874428,4750188.605142767
2614501,26,2022,2025,868.11,1141.02,1548.0,67821.0,1177.748225272125,79876062.38618079
2614600,26,2022,2025,836.97,1141.02,1548.0,29180.0,1135.5011831519168,33133924.524372935
2614709,26,2022,2025,667.75,1141.02,1548.0,14330.0,905.9236472629752,12981885.865278436
2614808,26,2022,2025,581.9,1141.02,1548.0,24898.0,789.4525950465373,19655790.711468685
2614857,26,2022,2025,807.27,1141.02,1548.0,24670.0,1095.2077614765735,27018775.47562707
2615003,26,2022,2025,869.56,1141.02,1548.0,25511.0,1179.715412525635,30095719.888941474
2615102,26,2022,2025,627.03,1141.02,1548.0,6853.0,850.679602460956,5829707.315664931
2615201,26,2022,2025,676.58,1141.02,1548.0,9231.0,917.9031392964191,8473163.878845245
2615300,26,2022,2025,824.27,1141.02,1548.0,47312.0,1118.271336172898,52907653.45701215
2615409,26,2022,2025,775.68,1141.02,1548.0,43921.0,1052.350212967345,46220273.70373876
2615508,26,2022,2025,697.46,1141.02,1548.0,14439.0,946.2306357469633,13662624.149550404
2615607,26,2022,2025,700.43,1141.02,1548.0,32257.0,950.2599779144975,30652536.10758795
2615706,26,2022,2025,988.78,1141.02,1548.0,15141.0,1341.458905190093,20311029.2834832
2615805,26,2022,2025,507.68,1141.02,1548.0,28141.0,688.7597412841143,19382387.87947626
2615904,26,2022,2025,802.72,1141.02,1548.0,8261.0,1089.0348635431458,8996517.007729927
2616001,26,2022,2025,812.65,1141.02,1548.0,17563.0,1102.506704527528,19363325.251616973
2616100,26,2022,2025,697.9,1141.02,1548.0,9483.0,946.8275753273388,8978765.896829154
2616183,26,2022,2025,693.87,1141.02,1548.0,7776.0,941.3601514434454,7320016.537624232
2616209,26,2022,2025,820.75,1141.02,1548.0,23127.0,1113.4958195298943,25751817.818267867
2616308,26,2022,2025,752.56,1141.02,1548.0,27151.0,1020.9837513803438,27720729.833727717
2616407,26,2022,2025,945.42,1141.02,1548.0,144243.0,1282.6332229058212,185010863.97160438
2616506,26,2022,2025,639.13,1141.02,1548.0,11699.0,867.0954409212809,10144149.563338066
2700102,27,2022,2025,625.07,1034.94,1435.0,19550.0,866.6931899433783,16943851.863393046
2700201,27,2022,2025,686.24,1034.94,1435.0,14167.0,951.508686493903,13480023.561559124
2700300,27,2022,2025,1080.25,1034.94,1435.0,243906.0,1497.824753125785,365328444.2358977
2700409,27,2022,2025,711.54,1034.94,1435.0,38480.0,986.5884978839352,37963925.39857383
2700508,27,2022,2025,823.52,1034.94,1435.0,16756.0,1141.8547935145998,19132918.920130633
2700607,27,2022,2025,1090.24,1034.94,1435.0,8123.0,1511.676425686513,12279347.605851546
2700706,27,2022,2025,781.96,1034.94,1435.0,17103.0,1084.2296171758749,18543579.14255899
2700805,27,2022,2025,785.36,1034.94,1435.0,4819.0,1088.943900129476,5247620.654723945
2700904,27,2022,2025,552.98,1034.94,1435.0,5895.0,766.7365257889347,4519911.81952577
2701001,27,2022,2025,747.1,1034.94,1435.0,21479.0,1035.8943513633642,22249974.7729337
2701100,27,2022,2025,590.5,1034.94,1435.0,9779.0,818.7600247357334,8006654.281890737
2701209,27,2022,2025,674.58,1034.94,1435.0,10705.0,935.3414690706708,10012830.426401531
2701308,27,2022,2025,735.55,1034.94,1435.0,16572.0,1019.8796548592187,16901445.640326973
2701357,27,2022,2025,700.77,1034.94,1435.0,6808.0,971.6553133514985,6615029.373297002
2701407,27,2022,2025,751.21,1034.94,1435.0,32558.0,1041.593087521982,33912187.74354069
2701506,27,2022,2025,550.5,1034.94,1435.0,8285.0,763.2978723404256,6323922.872340426
2701605,27,2022,2025,628.19,1034.94,1435.0,15730.0,871.0192378302124,13701132.611069242
2701704,27,2022,2025,743.82,1034.94,1435.0,15051.0,1031.3464548669488,15522795.492202446
2701803,27,2022,2025,607.69,1034.94,1435.0,9206.0,842.594884727617,7756928.508802442
2701902,27,2022,2025,674.99,1034.94,1435.0,6000.0,935.9099561327226,5615459.736796336
2702009,27,2022,2025,649.14,1034.94,1435.0,11036.0,900.0675401472549,9933145.373065105
2702108,27,2022,2025,704.1,1034.94,1435.0,15915.0,976.2725375384081,15537377.434923764
2702207,27,2022,2025,846.43,1034.94,1435.0,5701.0,1173.6207412990125,6690811.84614567
2702306,27,2022,2025,849.84,1034.94,1435.0,51784.0,1178.3488897907125,61019618.908922255
2702355,27,2022,2025,558.43,1034.94,1435.0,26144.0,774.2932440527951,20243122.572516274
2702405,27,2022,2025,919.98,1034.94,1435.0,52845.0,1275.601774015885,67409175.74786945
2702504,27,2022,2025,614.92,1034.94,1435.0,9898.0,852.6196687730688,8439229.481515836
2702553,27,2022,2025,603.82,1034.94,1435.0,15688.0,837.2289214833711,13134447.320231127
2702603,27,2022,2025,543.54,1034.94,1435.0,23204.0,753.6474578236418,17487635.611339785
2702702,27,2022,2025,731.46,1034.94,1435.0,4035.0,1014.2086497767987,4092331.9018493826
2702801,27,2022,2025,656.18,1034.94,1435.0,9745.0,909.8288789688289,8866282.425551238
2702900,27,2022,2025,607.35,1034.94,1435.0,37337.0,842.123456432257,31442363.492811177
2703007,27,2022,2025,666.04,1034.94,1435.0,13982.0,923.5002995342724,12912381.188088195
2703106,27,2022,2025,646.11,1034.94,1435.0,24445.0,895.8662821033103,21899451.266015418
2703205,27,2022,2025,525.81,1034.94,1435.0,22113.0,729.0638587744215,16121789.109078784
2703304,27,2022,2025,599.89,1034.94,1435.0,15396.0,831.779765010532,12806081.26210215
2703403,27,2022,2025,724.87,1034.94,1435.0,5180.0,1005.0712601696716,5206269.127678899
2703502,27,2022,2025,677.81,1034.94,1435.0,5419.0,939.8200378765918,5092884.785253251
2703601,27,2022,2025,827.16,1034.94,1435.0,9457.0,1146.901849382573,10846250.789610991
2703700,27,2022,2025,637.77,1034.94,1435.0,5069.0,884.3024233288886,4482528.983854136
2703759,27,2022,2025,778.85,1034.94,1435.0,9607.0,1079.9174348271397,10374766.79638433
2703809,27,2022,2025,618.24,1034.94,1435.0,17342.0,857.2230274218796,14865961.741550235
2703908,27,2022,2025,714.04,1034.94,1435.0,4175.0,990.0548824086419,4133479.13405608
2704005,27,2022,2025,749.29,1034.94,1435.0,24382.0,1038.930904207007,25331213.306375243
2704104,27,2022,2025,633.44,1034.94,1435.0,18836.0,878.2986453320966,16543633.283475371
2704203,27,2022,2025,652.14,1034.94,1435.0,25184.0,904.2272015769029,22772057.844512723
2704302,27,2022,2025,1605.6,1034.94,1435.0,994952.0,2226.2507971476603,2215012683.1236587
2704401,27,2022,2025,744.14,1034.94,1435.0,17828.0,1031.7901520861112,18394754.83139119
2704500,27,2022,2025,833.62,1034.94,1435.0,33269.0,1155.858986994415,38454272.6383172
2704609,27,2022,2025,713.11,1034.94,1435.0,9709.0,988.765387365451,9599923.145931164
2704708,27,2022,2025,1208.19,1034.94,1435.0,62477.0,1675.2204475621775,104662747.90234216
2704807,27,2022,2025,783.47,1034.94,1435.0,13970.0,1086.3233134287977,15175936.688600304
2704906,27,2022,2025,904.73,1034.94,1435.0,3208.0,1254.4568284151737,4024297.5055558775
2705002,27,2022,2025,528.9,1034.94,1435.0,22126.0,733.3483100469592,16226064.70809902
2705101,27,2022,2025,681.56,1034.94,1435.0,24331.0,945.0196146636519,22993272.244381312
2705200,27,2022,2025,643.98,1034.94,1435.0,15706.0,892.9129224882603,14024090.360600617
2705309,27,2022,2025,646.55,1034.94,1435.0,4935.0,896.4763657796586,4424110.865122615
2705408,27,2022,2025,635.08,1034.94,1435.0,7344.0,880.5725935803042,6466925.127253754
2705507,27,2022,2025,749.66,1034.94,1435.0,25926.0,1039.4439291166636,26948623.30627862
2705606,27,2022,2025,705.65,1034.94,1435.0,10285.0,978.421695943726,10063067.142781222
2705705,27,2022,2025,697.42,1034.94,1435.0,21135.0,967.0103580883914,20437763.918198153
2705804,27,2022,2025,576.56,1034.94,1435.0,8522.0,799.4314646259685,6812754.941542503
2705903,27,2022,2025,436.54,1034.94,1435.0,4381.0,605.2862001661932,2651758.8429280925
2706000,27,2022,2025,521.06,1034.94,1435.0,11047.0,722.4777281774788,7981211.463176608
2706109,27,2022,2025,758.14,1034.94,1435.0,11706.0,1051.201905424469,12305369.504898835
2706208,27,2022,2025,726.16,1034.94,1435.0,4408.0,1006.8599145844203,4438238.503488124
2706307,27,2022,2025,878.62,1034.94,1435.0,73621.0,1218.2539084391365,89689070.99319766
2706406,27,2022,2025,738.27,1034.94,1435.0,24291.0,1023.6510812220997,24865508.413966022
2706422,27,2022,2025,606.59,1034.94,1435.0,10807.0,841.069675536746,9089439.983525613
2706448,27,2022,2025,1071.88,1034.94,1435.0,14199.0,1486.2192977370669,21102827.80856861
2706505,27,2022,2025,721.98,1034.94,1435.0,14070.0,1001.0641196591106,14084972.163603686
2706604,27,2022,2025,731.19,1034.94,1435.0,6691.0,1013.8342802481304,6783565.169140241
2706703,27,2022,2025,911.94,1034.94,1435.0,60185.0,1264.453881384428,76101156.8511218
2706802,27,2022,2025,689.66,1034.94,1435.0,16192.0,956.2507005237018,15483611.34287978
2706901,27,2022,2025,819.78,1034.94,1435.0,36525.0,1136.6690822656385,41516838.229752444
2707008,27,2022,2025,674.19,1034.94,1435.0,2786.0,934.8007130848165,2604354.7866542987
2707107,27,2022,2025,826.25,1034.94,1435.0,23053.0,1145.6400854155795,26410440.889085356
2707206,27,2022,2025,509.59,1034.94,1435.0,12965.0,706.5739559781243,9160731.339256382
2707305,27,2022,2025,796.62,1034.94,1435.0,24509.0,1104.5564960287552,27071575.16116876
2707404,27,2022,2025,731.48,1034.94,1435.0,9517.0,1014.2363808529963,9652487.636577966
2707503,27,2022,2025,571.27,1034.94,1435.0,20273.0,792.0965949716891,16058174.269861054
2707602,27,2022,2025,699.05,1034.94,1435.0,11303.0,969.2704407985003,10955663.79234545
2707701,27,2022,2025,778.71,1034.94,1435.0,97658.0,1079.7233172937563,105443619.72027364
2707800,27,2022,2025,665.34,1034.94,1435.0,6606.0,922.5297118673545,6094231.276595744
2707909,27,2022,2025,692.89,1034.94,1435.0,7066.0,960.729269329623,6788513.017083116
2708006,27,2022,2025,721.11,1034.94,1435.0,47418.0,999.8578178445126,47411258.0065511
2708105,27,2022,2025,642.22,1034.94,1435.0,11572.0,890.4725877828666,10304548.785823332
2708204,27,2022,2025,557.56,1034.94,1435.0,6557.0,773.0869422381974,5069131.08025586
2708303,27,2022,2025,702.25,1034.94,1435.0,21180.0,973.7074129901249,20623123.007130846
2708402,27,2022,2025,603.09,1034.94,1435.0,31569.0,836.2167372021568,26398526.176734887
2708501,27,2022,2025,750.66,1034.94,1435.0,31785.0,1040.8304829265462,33082796.899820272
2708600,27,2022,2025,912.83,1034.94,1435.0,53380.0,1265.6879142752236,67562420.86401144
2708709,27,2022,2025,959.27,1034.94,1435.0,8700.0,1330.079473206176,11571691.416893732
2708808,27,2022,2025,672.44,1034.94,1435.0,32707.0,932.3742439175219,30495164.395810388
2708907,27,2022,2025,970.21,1034.94,1435.0,25105.0,1345.248371886293,33772460.376205385
2708956,27,2022,2025,560.65,1034.94,1435.0,12545.0,777.371393510735,9752124.13159217
2709004,27,2022,2025,687.88,1034.94,1435.0,5906.0,953.7826347421106,5633040.240786905
2709103,27,2022,2025,618.0,1034.94,1435.0,19428.0,856.8902545075076,16647663.864571858
2709152,27,2022,2025,740.39,1034.94,1435.0,39143.0,1026.5905752990511,40183834.88893076
2709202,27,2022,2025,599.73,1034.94,1435.0,24106.0,831.5579164009507,20045535.13276132
2709301,27,2022,2025,768.95,1034.94,1435.0,60860.0,1066.190552109301,64888357.00137206
2709400,27,2022,2025,742.73,1034.94,1435.0,24414.0,1029.8351112141768,25142394.405182913
2800100,28,2022,2025,773.49,1181.9,1678.0,2202.0,1098.1607750232674,2418150.026601235
2800209,28,2022,2025,782.01,1181.9,1678.0,20556.0,1110.25702682122,22822443.443337
2800308,28,2022,2025,2087.74,1181.9,1678.0,630932.0,2964.064404771977,1870123083.031593
2800407,28,2022,2025,749.83,1181.9,1678.0,10464.0,1064.5695405702681,11139655.672527285
2800506,28,2022,2025,794.41,1181.9,1678.0,18626.0,1127.861900329977,21007555.755546153
2800605,28,2022,2025,1589.75,1181.9,1678.0,45175.0,2257.0441661731106,101961970.20687027
2800670,28,2022,2025,880.42,1181.9,1678.0,25007.0,1249.974414079025,31258110.172874182
2800704,28,2022,2025,554.26,1181.9,1678.0,8025.0,786.9094508841695,6314948.3433454605
2801009,28,2022,2025,921.66,1181.9,1678.0,18719.0,1308.5248159742785,24494276.03022252
2801108,28,2022,2025,689.22,1181.9,1678.0,3850.0,978.5186225568999,3767296.6968440646
2801207,28,2022,2025,707.36,1181.9,1678.0,33641.0,1004.2728488027751,33784742.90657416
2801306,28,2022,2025,698.56,1181.9,1678.0,32783.0,991.7790676030119,32513493.173229538
2801405,28,2022,2025,712.75,1181.9,1678.0,20314.0,1011.92528978763,20556250.336745918
2801504,28,2022,2025,766.36,1181.9,1678.0,14203.0,1088.0379727557322,15453403.327049665
2801603,28,2022,2025,764.19,1181.9,1678.0,5474.0,1084.9571198917,5939055.274287165
2801702,28,2022,2025,661.19,1181.9,1678.0,17594.0,938.7230899399273,16515894.04440308
2801900,28,2022,2025,711.39,1181.9,1678.0,3872.0,1009.9944326931211,3910698.443387765
2802007,28,2022,2025,789.16,1181.9,1678.0,4436.0,1120.4082240460275,4970130.881868178
2802106,28,2022,2025,896.64,1181.9,1678.0,67060.0,1273.0027244267703,85367562.70005922
2802205,28,2022,2025,640.0,1181.9,1678.0,6358.0,908.638632710043,5777124.426770453
2802304,28,2022,2025,851.07,1181.9,1678.0,14921.0,1208.304814282088,18029116.133903034
2802403,28,2022,2025,700.41,1181.9,1678.0,11294.0,994.4056011506894,11230816.859395886
2802502,28,2022,2025,765.34,1181.9,1678.0,3118.0,1086.5898299348505,3387987.089736864
2802601,28,2022,2025,665.05,1181.9,1678.0,5910.0,944.2033166934594,5580241.601658345
2802700,28,2022,2025,522.34,1181.9,1678.0,8499.0,741.5910990777561,6302782.751061849
2802809,28,2022,2025,611.83,1181.9,1678.0,16991.0,868.6443353921652,14759135.90264828
2802908,28,2022,2025,1080.72,1181.9,1678.0,109250.0,1534.3499111599965,167627727.79422963
2803005,28,2022,2025,682.43,1181.9,1678.0,42230.0,968.8785345629916,40915740.514595136
2803104,28,2022,2025,772.31,1181.9,1678.0,4816.0,1096.4854725442083,5280674.035772907
2803203,28,2022,2025,663.07,1181.9,1678.0,36074.0,941.3922159235129,33959782.797224805
2803302,28,2022,2025,816.67,1181.9,1678.0,16451.0,1159.4654877739233,19074366.73936881
2803401,28,2022,2025,715.33,1181.9,1678.0,13723.0,1015.5882392757425,13936917.407581015
2803500,28,2022,2025,928.75,1181.9,1678.0,105957.0,1318.5908283272697,139713928.39707252
2803609,28,2022,2025,752.52,1181.9,1678.0,24047.0,1068.3886623233775,25691542.16289026
2803708,28,2022,2025,859.09,1181.9,1678.0,7048.0,1219.6911921482358,8596383.522260766
2803807,28,2022,2025,747.74,1181.9,1678.0,3674.0,1061.6022675353245,3900326.7309247823
2803906,28,2022,2025,779.87,1181.9,1678.0,11712.0,1107.2187663930958,12967746.19199594
2804003,28,2022,2025,770.84,1181.9,1678.0,15956.0,1094.3984431847027,17462221.559455115
2804102,28,2022,2025,796.8,1181.9,1678.0,11297.0,1131.2550977240035,12779788.838988068
2804201,28,2022,2025,727.55,1181.9,1678.0,14781.0,1032.9375581690497,15267850.047296723
2804300,28,2022,2025,740.68,1181.9,1678.0,8059.0,1051.5788476182418,8474673.93295541
2804409,28,2022,2025,761.43,1181.9,1678.0,16473.0,1081.0386157881376,17807949.11787799
2804458,28,2022,2025,812.94,1181.9,1678.0,9534.0,1154.16982824266,11003855.14246552
2804508,28,2022,2025,879.22,1181.9,1678.0,43686.0,1248.270716642694,54531954.527252726
2804607,28,2022,2025,760.07,1181.9,1678.0,25569.0,1079.1077586936287,27591706.282037392
2804706,28,2022,2025,814.61,1181.9,1678.0,6409.0,1156.5408071748877,7412270.033183856
2804805,28,2022,2025,822.63,1181.9,1678.0,204081.0,1167.9271850410355,238351747.85035956
2804904,28,2022,2025,588.41,1181.9,1678.0,12690.0,835.3938404264319,10601147.83501142
2805000,28,2022,2025,631.36,1181.9,1678.0,2811.0,896.3720111684576,2519701.723394534
2805109,28,2022,2025,745.96,1181.9,1678.0,7355.0,1059.0751163380996,7789497.480666723
2805208,28,2022,2025,677.94,1181.9,1678.0,5759.0,962.5038666553854,5543059.768068365
2805307,28,2022,2025,750.38,1181.9,1678.0,8021.0,1065.3504018952533,8545175.573601827
2805406,28,2022,2025,632.67,1181.9,1678.0,29238.0,898.2318808697859,26262503.7328708
2805505,28,2022,2025,757.03,1181.9,1678.0,22217.0,1074.7917251882561,23878647.758507486
2805604,28,2022,2025,616.69,1181.9,1678.0,27348.0,875.544310009307,23944385.790134527
2805703,28,2022,2025,941.63,1181.9,1678.0,27213.0,1336.8771808105591,36380438.72139774
2805802,28,2022,2025,671.74,1181.9,1678.0,18541.0,953.7014299010068,17682578.211794566
2805901,28,2022,2025,688.58,1181.9,1678.0,8853.0,977.6099839241899,8654781.187680854
2806008,28,2022,2025,883.07,1181.9,1678.0,17365.0,1253.7367459175903,21771138.592858955
2806107,28,2022,2025,753.63,1181.9,1678.0,9507.0,1069.964582451984,10172153.285371011
2806206,28,2022,2025,798.99,1181.9,1678.0,20825.0,1134.3643455453084,23623137.49598105
2806305,28,2022,2025,571.88,1181.9,1678.0,14003.0,811.925408240968,11369391.491598275
2806404,28,2022,2025,717.52,1181.9,1678.0,7549.0,1018.6974870970471,7690147.330095609
2806503,28,2022,2025,578.91,1181.9,1678.0,4049.0,821.9062357221422,3327898.348438954
2806602,28,2022,2025,767.22,1181.9,1678.0,11289.0,1089.2589559184364,12296644.353363229
2806701,28,2022,2025,1124.93,1181.9,1678.0,101213.0,1597.11696421017,161648999.29860392
2806800,28,2022,2025,729.31,1181.9,1678.0,10559.0,1035.4363144090023,10933172.043844655
2806909,28,2022,2025,776.93,1181.9,1678.0,3330.0,1103.0447076740838,3673138.876554699
2807006,28,2022,2025,734.03,1181.9,1678.0,3471.0,1042.137524325239,3617259.3469329043
2807105,28,2022,2025,850.37,1181.9,1678.0,44503.0,1207.3109907775615,53728961.02257382
2807204,28,2022,2025,759.73,1181.9,1678.0,7981.0,1078.6250444200016,8608506.479516033
2807303,28,2022,2025,692.33,1181.9,1678.0,3389.0,982.9340384127252,3331163.4561807257
2807402,28,2022,2025,881.15,1181.9,1678.0,52783.0,1251.0108300194602,66032104.64091717
2807501,28,2022,2025,552.13,1181.9,1678.0,12094.0,783.8853879346814,9480309.881682036
2807600,28,2022,2025,743.59,1181.9,1678.0,24618.0,1055.7103139013452,25989476.507623315
2900108,29,2022,2025,901.48,1079.17,1498.0,7407.0,1251.3478321302482,9268733.392588748
2900207,29,2022,2025,600.78,1079.17,1498.0,18269.0,833.9450132972562,15235341.447927574
2900306,29,2022,2025,706.63,1079.17,1498.0,14200.0,980.8758027002232,13928436.398343168
2900355,29,2022,2025,739.27,1079.17,1498.0,14510.0,1026.1835114022813,14889922.750447102
2900405,29,2022,2025,700.83,1079.17,1498.0,14833.0,972.8248005411567,14429910.266426977
2900504,29,2022,2025,765.89,1079.17,1498.0,10947.0,1063.1348351047563,11638137.039891768
2900603,29,2022,2025,756.71,1079.17,1498.0,4583.0,1050.3920420323025,4813946.728634043
2900702,29,2022,2025,1072.99,1079.17,1498.0,161196.0,1489.4215183891322,240088791.07825455
2900801,29,2022,2025,747.65,1079.17,1498.0,25601.0,1037.815821418312,26569122.844130207
2900900,29,2022,2025,912.36,1079.17,1498.0,5296.0,1266.450401697601,6707121.327390495
2901007,29,2022,2025,839.32,1079.17,1498.0,38585.0,1165.063298646182,44953967.37826293
2901106,29,2022,2025,840.69,1079.17,1498.0,24830.0,1166.9650008803062,28975740.971858002
2901155,29,2022,2025,674.14,1079.17,1498.0,15572.0,935.7763095712445,14571908.692643419
2901205,29,2022,2025,718.55,1079.17,1498.0,26745.0,997.4220002409257,26676051.39644356
2901304,29,2022,2025,758.2,1079.17,1498.0,13545.0,1052.4603167248904,14255574.99003864
2901353,29,2022,2025,796.26,1079.17,1498.0,15491.0,1105.291548134214,17122071.37214711
2901403,29,2022,2025,823.95,1079.17,1498.0,14178.0,1143.728142924655,16215777.610385759
2901502,29,2022,2025,720.44,1079.17,1498.0,11490.0,1000.0455164617252,11490522.984145222
2901601,29,2022,2025,832.0,1079.17,1498.0,14984.0,1154.9023786799114,17305057.242139794
2901700,29,2022,2025,702.92,1079.17,1498.0,11498.0,975.7259375260616,11218896.829674656
2901809,29,2022,2025,750.04,1079.17,1498.0,11248.0,1041.1333895493758,11710668.365651378
2901908,29,2022,2025,710.49,1079.17,1498.0,16361.0,986.2338834474642,16135772.567083962
2901957,29,2022,2025,836.77,1079.17,1498.0,7101.0,1161.5236339038333,8247979.324351121
2902005,29,2022,2025,757.68,1079.17,1498.0,14440.0,1051.7385027382154,15187103.97953983
2902054,29,2022,2025,725.59,1079.17,1498.0,11953.0,1007.1942511374482,12038992.883845918
2902104,29,2022,2025,691.84,1079.17,1498.0,50308.0,960.3457471946032,48313073.8498661
2902203,29,2022,2025,803.04,1079.17,1498.0,10106.0,1114.7028920373991,11265187.426929956
2902252,29,2022,2025,691.76,1079.17,1498.0,10433.0,960.2346988889609,10018128.61350853
2902302,29,2022,2025,639.58,1079.17,1498.0,8993.0,887.8034415337713,7984016.349713205
2902401,29,2022,2025,745.63,1079.17,1498.0,11339.0,1035.011851700844,11735999.386435872
2902500,29,2022,2025,700.24,1079.17,1498.0,14138.0,972.0058192870446,13742218.273080235
2902609,29,2022,2025,708.86,1079.17,1498.0,18628.0,983.9712742200024,18329416.896170206
2902658,29,2022,2025,707.64,1079.17,1498.0,12288.0,982.2777875589574,12070229.453524468
2902708,29,2022,2025,621.14,1079.17,1498.0,53642.0,862.2068070832214,46250497.54555816
2902807,29,2022,2025,796.07,1079.17,1498.0,27743.0,1105.0278084083138,30656786.48867185
2902906,29,2022,2025,784.48,1079.17,1498.0,38581.0,1088.9396851283857,42012381.99193825
2903003,29,2022,2025,879.61,1079.17,1498.0,14376.0,1220.9900015752846,17552952.26264629
2903102,29,2022,2025,810.44,1079.17,1498.0,5898.0,1124.9748603093117,6635101.72610432
2903201,29,2022,2025,1339.99,1079.17,1498.0,171634.0,1860.0452384703055,319247004.4596124
2903235,29,2022,2025,708.95,1079.17,1498.0,13922.0,984.0962035638499,13700587.346015919
2903276,29,2022,2025,762.9,1079.17,1498.0,15780.0,1058.9844046813755,16710773.905872105
2903300,29,2022,2025,860.67,1079.17,1498.0,5936.0,1194.6993152144703,7091735.135113096
2903409,29,2022,2025,837.51,1079.17,1498.0,20527.0,1162.5508307310247,23863680.902415745
2903508,29,2022,2025,746.56,1079.17,1498.0,19074.0,1036.302788253936,19766439.383155573
2903607,29,2022,2025,680.46,1079.17,1498.0,15603.0,944.5491257169862,14737800.008562135
2903706,29,2022,2025,705.02,1079.17,1498.0,14008.0,978.640955549172,13708802.505332801
2903805,29,2022,2025,618.24,1079.17,1498.0,17262.0,858.181306003688,14813925.704235662
2903904,29,2022,2025,916.66,1079.17,1498.0,68866.0,1272.4192481258744,87626423.94143647
2903953,29,2022,2025,655.08,1079.17,1498.0,10018.0,909.3190507519668,9109558.250433203
2904001,29,2022,2025,761.38,1079.17,1498.0,14125.0,1056.8744868741717,14928352.127097676
2904050,29,2022,2025,704.84,1079.17,1498.0,16425.0,978.3910968614769,16070073.765949758
2904100,29,2022,2025,675.66,1079.17,1498.0,19782.0,937.8862273784482,18553265.350000463
2904209,29,2022,2025,709.0,1079.17,1498.0,11427.0,984.1656087548764,11246060.411241973
2904308,29,2022,2025,708.98,1079.17,1498.0,13224.0,984.1378466784658,13014238.884476032
2904407,29,2022,2025,739.06,1079.17,1498.0,9363.0,1025.8920095999704,9605426.885884523
2904506,29,2022,2025,729.3,1079.17,1498.0,12180.0,1012.3441163116098,12330351.336675407
2904605,29,2022,2025,1024.01,1079.17,1498.0,74368.0,1421.4321932596345,105709069.3483325
2904704,29,2022,2025,880.8,1079.17,1498.0,14950.0,1222.641845121714,18278495.58456962
2904753,29,2022,2025,511.72,1079.17,1498.0,20221.0,710.3204870409667,14363390.568455387
2904803,29,2022,2025,779.57,1079.17,1498.0,6128.0,1082.1240953695894,6631256.456424844
2904852,29,2022,2025,631.12,1079.17,1498.0,17024.0,876.0600832120981,14914046.856602758
2904902,29,2022,2025,913.46,1079.17,1498.0,30498.0,1267.9773159001825,38670772.180323765
2905008,29,2022,2025,1019.26,1079.17,1498.0,23293.0,1414.838700112123,32955837.84171168
2905107,29,2022,2025,806.57,1079.17,1498.0,10733.0,1119.6028985238654,12016697.909856647
2905156,29,2022,2025,696.7,1079.17,1498.0,11432.0,967.0919317623728,11055794.963907447
2905206,29,2022,2025,989.14,1079.17,1498.0,54730.0,1373.0290130377973,75145877.88355865
2905305,29,2022,2025,661.74,1079.17,1498.0,18057.0,918.5638221966882,16586506.9374056
2905404,29,2022,2025,995.96,1079.17,1498.0,18578.0,1382.4958810938035,25684008.47896068
2905503,29,2022,2025,620.16,1079.17,1498.0,13597.0,860.8464653391031,11704929.389215786
2905602,29,2022,2025,956.88,1079.17,1498.0,22485.0,1328.2487837875403,29865673.903462846
2905701,29,2022,2025,1177.89,1079.17,1498.0,321636.0,1635.0336091625973,525885669.91662115
2905800,29,2022,2025,760.25,1079.17,1498.0,31694.0,1055.3059295569742,33446866.13137874
2905909,29,2022,2025,658.13,1079.17,1498.0,32500.0,913.5527674045793,29690464.940648828
2906006,29,2022,2025,749.39,1079.17,1498.0,75112.0,1040.2311220660322,78133840.04062381
2906105,29,2022,2025,628.47,1079.17,1498.0,10641.0,872.381608087697,9283012.691661185
2906204,29,2022,2025,634.87,1079.17,1498.0,25007.0,881.2654725390809,22037805.671784796
2906303,29,2022,2025,832.49,1079.17,1498.0,34392.0,1155.5825495519705,39742795.04419137
2906402,29,2022,2025,735.08,1079.17,1498.0,7940.0,1020.367356394266,8101716.809770472
2906501,29,2022,2025,845.21,1079.17,1498.0,74854.0,1173.239230149096,87821649.33358043
2906600,29,2022,2025,751.74,1079.17,1498.0,13417.0,1043.4931660442746,14000547.808816032
2906709,29,2022,2025,733.66,1079.17,1498.0,26469.0,1018.3962489691152,26955930.31396351
2906808,29,2022,2025,669.08,1079.17,1498.0,39725.0,928.7525042393693,36894693.230908945
2906824,29,2022,2025,711.38,1079.17,1498.0,16693.0,987.4692958477348,16483824.955586236
2906857,29,2022,2025,809.2,1079.17,1498.0,11035.0,1123.253611571856,12395103.603695432
2906873,29,2022,2025,850.17,1079.17,1498.0,35437.0,1180.1242250989185,41820062.16483037
2906899,29,2022,2025,737.4,1079.17,1498.0,10259.0,1023.5877572578925,10500986.801708719
2906907,29,2022,2025,896.46,1079.17,1498.0,21384.0,1244.379550951194,26609812.317540333
2907004,29,2022,2025,629.76,1079.17,1498.0,8633.0,874.172262016179,7546729.137985674
2907103,29,2022,2025,671.34,1079.17,1498.0,30439.0,931.889618873764,28365788.1088985
2907202,29,2022,2025,685.09,1079.17,1498.0,76131.0,950.9760464060342,72398757.38893779
2907301,29,2022,2025,819.29,1079.17,1498.0,25470.0,1137.259579120991,28966001.48021164
2907400,29,2022,2025,750.89,1079.17,1498.0,3567.0,1042.313277796825,3717931.461901275
2907509,29,2022,2025,952.59,1079.17,1498.0,50109.0,1322.293818397472,66258820.94607893
2907558,29,2022,2025,653.61,1079.17,1498.0,9108.0,907.2785381357896,8263492.925340772
2907608,29,2022,2025,735.38,1079.17,1498.0,16847.0,1020.7837875404246,17197144.468693532
2907707,29,2022,2025,660.51,1079.17,1498.0,10933.0,916.8564544974378,10023991.617020488
2907806,29,2022,2025,845.53,1079.17,1498.0,32292.0,1173.6834233716652,37900585.10751781
2907905,29,2022,2025,831.75,1079.17,1498.0,17875.0,1154.5553527247791,20637676.929955427
2908002,29,2022,2025,846.49,1079.17,1498.0,17557.0,1175.016003039373,20629755.96536227
2908101,29,2022,2025,722.49,1079.17,1498.0,19865.0,1002.8911292938092,19922432.28342152
2908200,29,2022,2025,770.78,1079.17,1498.0,21529.0,1069.922662787142,23034365.007144377
2908309,29,2022,2025,864.35,1079.17,1498.0,16134.0,1199.807537274016,19357694.806378976
2908408,29,2022,2025,854.96,1079.17,1498.0,71601.0,1186.7732423992513,84974150.9290288
2908507,29,2022,2025,1009.81,1079.17,1498.0,37622.0,1401.7211190081264,52735551.93932373
2908606,29,2022,2025,674.79,1079.17,1498.0,24460.0,936.6785770545882,22911157.994755227
2908705,29,2022,2025,801.3,1079.17,1498.0,17567.0,1112.287591389679,19539556.11794249
2908804,29,2022,2025,781.32,1079.17,1498.0,4499.0,1084.5532770555149,4879405.193472762
2908903,29,2022,2025,850.84,1079.17,1498.0,28408.0,1181.0542546586728,33551389.266343575
2909000,29,2022,2025,816.33,1079.17,1498.0,7748.0,1133.150791812226,8779652.334961127
2909109,29,2022,2025,757.51,1079.17,1498.0,14463.0,1051.5025250887254,15207881.020358235
2909208,29,2022,2025,704.02,1079.17,1498.0,17598.0,977.2528517286432,17197695.684720665
2909307,29,2022,2025,930.61,1079.17,1498.0,34266.0,1291.7832964222505,44264246.435204834
2909406,29,2022,2025,621.91,1079.17,1498.0,13463.0,863.2756470250283,11622280.035897957
2909505,29,2022,2025,723.17,1079.17,1498.0,4491.0,1003.8350398917686,4508223.164153933
2909604,29,2022,2025,673.53,1079.17,1498.0,20346.0,934.9295662407219,19022076.95473373
2909703,29,2022,2025,778.03,1079.17,1498.0,14549.0,1079.9864154859752,15712722.358905453
2909802,29,2022,2025,1167.93,1079.17,1498.0,63326.0,1621.208095110131,102664623.83094415
2909901,29,2022,2025,646.06,1079.17,1498.0,36127.0,896.7983542907975,32398634.14546364
2910008,29,2022,2025,730.32,1079.17,1498.0,11054.0,1013.7599822085491,11206102.843333302
2910057,29,2022,2025,901.27,1079.17,1498.0,75296.0,1251.056330327937,94199537.44837235
2910107,29,2022,2025,760.0,1079.17,1498.0,12329.0,1054.9589036018422,13006588.322507111
2910206,29,2022,2025,764.82,1079.17,1498.0,4608.0,1061.6495640167907,4892081.190989371
2910305,29,2022,2025,744.89,1079.17,1498.0,8069.0,1033.984654873653,8343222.180175506
2910404,29,2022,2025,611.21,1079.17,1498.0,19450.0,848.422936145371,16501826.108027466
2910503,29,2022,2025,828.08,1079.17,1498.0,39890.0,1149.4610117034388,45851999.756850176
2910602,29,2022,2025,760.79,1079.17,1498.0,34163.0,1056.0555056200599,36078024.23849811
2910701,29,2022,2025,819.62,1079.17,1498.0,64768.0,1137.7176533817656,73687696.97423019
2910727,29,2022,2025,1253.64,1079.17,1498.0,121067.0,1740.1824735676491,210678671.5274146
2910750,29,2022,2025,718.87,1079.17,1498.0,18480.0,997.866193463495,18440567.25520539
2910776,29,2022,2025,731.17,1079.17,1498.0,5831.0,1014.9398704559985,5918114.384628927
2910800,29,2022,2025,1209.69,1079.17,1498.0,660806.0,1679.175310655411,1109609120.3329597
2910859,29,2022,2025,690.18,1079.17,1498.0,18637.0,958.0414948525254,17855019.339566514
2910909,29,2022,2025,829.88,1079.17,1498.0,4993.0,1151.9595985803903,5751734.275711888
2911006,29,2022,2025,817.95,1079.17,1498.0,11455.0,1135.3995200014826,13006001.501616983
2911105,29,2022,2025,860.52,1079.17,1498.0,27567.0,1194.491099641391,32928536.143814225
2911204,29,2022,2025,910.6,1079.17,1498.0,34051.0,1264.0073389734703,43040713.89938564
2911253,29,2022,2025,878.17,1079.17,1498.0,4489.0,1218.9911320737233,5472051.191878944
2911303,29,2022,2025,715.0,1079.17,1498.0,11276.0,992.4942316780489,11191364.95640168
2911402,29,2022,2025,722.37,1079.17,1498.0,16107.0,1002.7245568353457,16150884.436946912
2911501,29,2022,2025,733.31,1079.17,1498.0,5479.0,1017.91041263193,5577131.150810344
2911600,29,2022,2025,814.42,1079.17,1498.0,21353.0,1130.499513515016,24139556.112086136
2911659,29,2022,2025,803.95,1079.17,1498.0,8177.0,1115.9660665140802,9125254.525885634
2911709,29,2022,2025,1201.16,1079.17,1498.0,93488.0,1667.334785066301,155875794.38627836
2911808,29,2022,2025,822.2,1079.17,1498.0,19413.0,1141.2989612387298,22156036.73452746
2911857,29,2022,2025,748.53,1079.17,1498.0,13055.0,1039.0373527803774,13564632.640547827
2911907,29,2022,2025,765.53,1079.17,1498.0,25315.0,1062.6351177293661,26900608.005318902
2912004,29,2022,2025,917.13,1079.17,1498.0,10746.0,1273.0716569215228,13680428.025278684
2912103,29,2022,2025,1006.71,1079.17,1498.0,22131.0,1397.4179971644876,30926257.695247274
2912202,29,2022,2025,808.75,1079.17,1498.0,21827.0,1122.628964852618,24503622.415838096
2912301,29,2022,2025,914.5,1079.17,1498.0,14264.0,1269.4209438735325,18107020.343412068
2912400,29,2022,2025,713.13,1079.17,1498.0,17134.0,989.8984775336601,16960920.51406173
2912509,29,2022,2025,783.29,1079.17,1498.0,14317.0,1087.2878415819564,15566700.02792887
2912608,29,2022,2025,655.52,1079.17,1498.0,3833.0,909.9298164329994,3487760.9863876863
2912707,29,2022,2025,671.17,1079.17,1498.0,26917.0,931.6536412242741,25077321.060833786
2912806,29,2022,2025,1036.38,1079.17,1498.0,9297.0,1438.6030375195753,13374692.439819492
2912905,29,2022,2025,784.17,1079.17,1498.0,19377.0,1088.5093729440216,21092046.119536307
2913002,29,2022,2025,771.57,1079.17,1498.0,15049.0,1071.0192648053596,16117768.916055856
2913101,29,2022,2025,699.28,1079.17,1498.0,17517.0,970.6732396193371,17003283.138411928
2913200,29,2022,2025,804.43,1079.17,1498.0,27723.0,1116.6323563479339,30956398.81503377
2913309,29,2022,2025,889.43,1079.17,1498.0,6428.0,1234.6211810928767,7936144.9520650115
2913408,29,2022,2025,811.64,1079.17,1498.0,16069.0,1126.6405848939462,18103987.55866082
2913457,29,2022,2025,726.44,1079.17,1498.0,13501.0,1008.3741393848977,13614059.255835503
2913507,29,2022,2025,794.87,1079.17,1498.0,21763.0,1103.3620838236793,24012469.030254733
2913606,29,2022,2025,1298.64,1079.17,1498.0,189149.0,1802.6471454914426,340968904.9225609
2913705,29,2022,2025,739.71,1079.17,1498.0,35390.0,1026.794277083314,36338249.46597848
2913804,29,2022,2025,518.63,1079.17,1498.0,14016.0,719.9122844408201,10090290.578722535
2913903,29,2022,2025,970.31,1079.17,1498.0,42429.0,1346.8910180972414,57147239.00684786
2914000,29,2022,2025,765.59,1079.17,1498.0,59222.0,1062.718403958598,62936309.319236085
2914109,29,2022,2025,779.19,1079.17,1498.0,10349.0,1081.5966159177885,11193443.378133195
2914208,29,2022,2025,772.34,1079.17,1498.0,6232.0,1072.0881047471669,6681253.068784344
2914307,29,2022,2025,668.6,1079.17,1498.0,11038.0,928.0862144055154,10244215.634608079
2914406,29,2022,2025,681.79,1079.17,1498.0,24833.0,946.3953037982894,23501834.57922292
2914505,29,2022,2025,858.51,1079.17,1498.0,29572.0,1191.701010962128,35240982.29617205
2914604,29,2022,2025,1188.07,1079.17,1498.0,78781.0,1649.1645060555795,129922828.95156461
2914653,29,2022,2025,910.41,1079.17,1498.0,29588.0,1263.7435992475698,37391645.6145371
2914703,29,2022,2025,1013.18,1079.17,1498.0,68425.0,1406.3990288833083,96232853.55134037
2914802,29,2022,2025,1292.99,1079.17,1498.0,196344.0,1794.804358905455,352399067.04493266
2914901,29,2022,2025,1013.93,1079.17,1498.0,29496.0,1407.440106748705,41513853.3886598
2915007,29,2022,2025,688.07,1079.17,1498.0,13775.0,955.11259579121,13156676.007023918
2915106,29,2022,2025,682.87,1079.17,1498.0,14347.0,947.8944559244604,13599441.759148235
2915205,29,2022,2025,934.69,1079.17,1498.0,15796.0,1297.4467600100077,20494469.021118082
2915304,29,2022,2025,888.0,1079.17,1498.0,6490.0,1232.6361926295208,7999808.89016559
2915353,29,2022,2025,658.64,1079.17,1498.0,12669.0,914.260700353049,11582768.812772777
2915403,29,2022,2025,793.34,1079.17,1498.0,6118.0,1101.2382849782703,6737375.827497058
2915502,29,2022,2025,829.36,1079.17,1498.0,19191.0,1151.2377845937156,22093404.324137997
2915601,29,2022,2025,997.27,1079.17,1498.0,61999.0,1384.3142970986962,85826102.10582207
2915700,29,2022,2025,782.5,1079.17,1498.0,7187.0,1086.1912395637387,7806456.43874459
2915809,29,2022,2025,812.81,1079.17,1498.0,25088.0,1128.2646663639648,28305903.94973915
2915908,29,2022,2025,658.79,1079.17,1498.0,6078.0,914.4689159261283,5558142.070999008
2916005,29,2022,2025,951.09,1079.17,1498.0,18203.0,1320.211662666679,24031812.89552156
2916104,29,2022,2025,857.63,1079.17,1498.0,20353.0,1190.4794796000629,24229828.84830008
2916203,29,2022,2025,833.82,1079.17,1498.0,10649.0,1157.4287276332736,12325458.520566732
2916302,29,2022,2025,811.95,1079.17,1498.0,9464.0,1127.0708970783103,10666598.969949128
2916401,29,2022,2025,982.63,1079.17,1498.0,68724.0,1363.9924571661554,93739017.62628686
2916500,29,2022,2025,662.46,1079.17,1498.0,33284.0,919.563256947469,30606743.444239557
2916609,29,2022,2025,655.6,1079.17,1498.0,10640.0,910.0408647386417,9682834.800819147
2916708,29,2022,2025,636.45,1079.17,1498.0,8464.0,883.4586765755164,7477594.23853517
2916807,29,2022,2025,823.97,1079.17,1498.0,17485.0,1143.7559050010657,19998571.998943634
2916856,29,2022,2025,715.27,1079.17,1498.0,16454.0,992.8690197095915,16336666.850301618
2916906,29,2022,2025,833.85,1079.17,1498.0,11211.0,1157.4703707478895,12976400.32645459
2917003,29,2022,2025,702.63,1079.17,1498.0,35490.0,975.3233874181083,34614227.019468665
2917102,29,2022,2025,900.14,1079.17,1498.0,16849.0,1249.4877730107396,21052619.487457953
2917201,29,2022,2025,774.57,1079.17,1498.0,18506.0,1075.183576266946,19897347.2623961
2917300,29,2022,2025,826.22,1079.17,1498.0,22154.0,1146.8791385972552,25407960.43648359
2917334,29,2022,2025,634.79,1079.17,1498.0,11559.0,881.1544242334386,10185263.989714317
2917359,29,2022,2025,648.51,1079.17,1498.0,9600.0,900.1992086510928,8641912.403050492
2917409,29,2022,2025,842.61,1079.17,1498.0,14910.0,1169.6301602157212,17439185.688816402
2917508,29,2022,2025,1083.02,1079.17,1498.0,86896.0,1503.3441997090354,130634597.57791634
2917607,29,2022,2025,791.77,1079.17,1498.0,47624.0,1099.05896198004,52341584.005337425
2917706,29,2022,2025,882.99,1079.17,1498.0,34528.0,1225.6817924886718,42320340.93104886
2917805,29,2022,2025,627.54,1079.17,1498.0,18349.0,871.0906715346052,15983642.731988471
2917904,29,2022,2025,657.5,1079.17,1498.0,9508.0,912.6782619976462,8677744.91507362
2918001,29,2022,2025,1013.69,1079.17,1498.0,169201.0,1407.106961831778,238083905.0488987
2918100,29,2022,2025,764.11,1079.17,1498.0,39539.0,1060.6640103042153,41937594.30341837
2918209,29,2022,2025,750.18,1079.17,1498.0,14063.0,1041.32772408425,14644191.783796806
2918308,29,2022,2025,770.22,1079.17,1498.0,14824.0,1069.1453246476458,15849010.2925767
2918357,29,2022,2025,751.74,1079.17,1498.0,25892.0,1043.4931660442746,27018125.055218358
2918407,29,2022,2025,1047.97,1079.17,1498.0,256122.0,1454.6911607995032,372578409.48629034
2918456,29,2022,2025,827.44,1079.17,1498.0,9930.0,1148.5726252583004,11405326.168814924
2918506,29,2022,2025,656.54,1079.17,1498.0,17007.0,911.3456823299385,15499256.019385265
2918555,29,2022,2025,788.28,1079.17,1498.0,6048.0,1094.2144796463947,6617809.172901395
2918605,29,2022,2025,757.64,1079.17,1498.0,7567.0,1051.6829785853943,7958085.098955679
2918704,29,2022,2025,794.63,1079.17,1498.0,4228.0,1103.0289389067523,4663606.353697749
2918753,29,2022,2025,635.69,1079.17,1498.0,14550.0,882.4037176719146,12838974.092126356
2918803,29,2022,2025,672.28,1079.17,1498.0,21705.0,933.194436465061,20254985.24347415
2918902,29,2022,2025,939.41,1079.17,1498.0,3994.0,1303.9986100429032,5208170.448511356
2919009,29,2022,2025,672.38,1079.17,1498.0,3610.0,933.3332468471139,3369333.021118081
2919058,29,2022,2025,772.77,1079.17,1498.0,7683.0,1072.6849893899941,8241438.773483325
2919108,29,2022,2025,697.73,1079.17,1498.0,9303.0,968.5216786975175,9010157.176923005
2919157,29,2022,2025,703.21,1079.17,1498.0,27014.0,976.1284876340151,26369134.964945283
2919207,29,2022,2025,1879.69,1079.17,1498.0,219564.0,2609.2048704096665,572887458.166628
2919306,29,2022,2025,1042.72,1079.17,1498.0,11194.0,1447.4036157417274,16202236.074612897
2919405,29,2022,2025,846.36,1079.17,1498.0,12202.0,1174.835549542704,14335343.375520075
2919504,29,2022,2025,884.92,1079.17,1498.0,46376.0,1228.3608328622922,56966461.98482166
2919553,29,2022,2025,1644.88,1079.17,1498.0,118382.0,2283.2642123113133,270297383.98183787
2919603,29,2022,2025,673.31,1079.17,1498.0,10740.0,934.6241834002055,10037863.729718208
2919702,29,2022,2025,667.69,1079.17,1498.0,22768.0,926.8230399288342,21101906.973099697
2919801,29,2022,2025,799.52,1079.17,1498.0,43653.0,1109.8167665891378,48446831.311915636
2919900,29,2022,2025,659.19,1079.17,1498.0,7435.0,915.0241574543398,6803204.610673017
2919926,29,2022,2025,1046.58,1079.17,1498.0,19224.0,1452.7616964889683,27927890.853303924
2919959,29,2022,2025,748.52,1079.17,1498.0,7218.0,1039.0234717421722,7499671.419034999
2920007,29,2022,2025,859.88,1079.17,1498.0,9009.0,1193.6027131962526,10753166.84318504
2920106,29,2022,2025,708.57,1079.17,1498.0,18130.0,983.5687241120492,17832100.96815145
2920205,29,2022,2025,586.1,1079.17,1498.0,15814.0,813.5676492118944,12865758.804636898
2920304,29,2022,2025,743.95,1079.17,1498.0,8982.0,1032.679837282356,9275530.29847012
2920403,29,2022,2025,672.33,1079.17,1498.0,14287.0,933.2638416560875,13333540.505740521
2920452,29,2022,2025,611.87,1079.17,1498.0,14542.0,849.3390846669199,12351088.96922635
2920502,29,2022,2025,858.28,1079.17,1498.0,29330.0,1191.3817470834067,34943226.64195632
2920601,29,2022,2025,649.73,1079.17,1498.0,37041.0,901.8926953121379,33407007.3270569
2920700,29,2022,2025,1029.95,1079.17,1498.0,25804.0,1429.6775299535755,36891398.98292206
2920809,29,2022,2025,762.8,1079.17,1498.0,9475.0,1058.8455942993226,10032562.005986081
2920908,29,2022,2025,677.4,1079.17,1498.0,13918.0,940.3015280261682,13087116.66706821
2921005,29,2022,2025,894.54,1079.17,1498.0,44962.0,1241.7143916157786,55829962.47582864
2921054,29,2022,2025,731.93,1079.17,1498.0,10611.0,1015.9948293596002,10780721.134334717
2921104,29,2022,2025,928.63,1079.17,1498.0,22801.0,1289.0348508576035,29391283.634404216
2921203,29,2022,2025,738.57,1079.17,1498.0,25263.0,1025.2118387279113,25899926.68178322
2921302,29,2022,2025,752.9,1079.17,1498.0,11436.0,1045.103366476088,11951802.099020543
2921401,29,2022,2025,610.87,1079.17,1498.0,16167.0,847.9509808463911,13708823.507343605
2921450,29,2022,2025,627.62,1079.17,1498.0,10526.0,871.2017198402475,9170269.303038444
2921500,29,2022,2025,644.1,1079.17,1498.0,49807.0,894.0776708025612,44531326.54966316
2921609,29,2022,2025,615.4,1079.17,1498.0,8220.0,854.2390911533863,7021845.329280836
2921708,29,2022,2025,858.19,1079.17,1498.0,35235.0,1191.256817739559,41973933.97305336
2921807,29,2022,2025,704.83,1079.17,1498.0,11477.0,978.3772158232716,11228835.306003688
2921906,29,2022,2025,1009.75,1079.17,1498.0,12712.0,1401.6378327788948,17817620.13028531
2922003,29,2022,2025,1134.46,1079.17,1498.0,40114.0,1574.748260237034,63169451.71114838
2922052,29,2022,2025,619.03,1079.17,1498.0,13648.0,859.2779080219055,11727424.888682967
2922102,29,2022,2025,747.97,1079.17,1498.0,17197.0,1038.2600146408815,17854957.47177924
2922201,29,2022,2025,816.8,1079.17,1498.0,7453.0,1133.8032006078745,8450235.254130488
2922250,29,2022,2025,658.83,1079.17,1498.0,10803.0,914.5244400789496,9879607.526172893
2922300,29,2022,2025,936.11,1079.17,1498.0,30180.0,1299.4178674351585,39216431.23919308
2922409,29,2022,2025,713.0,1079.17,1498.0,20590.0,989.7180240369913,20378294.11492165
2922508,29,2022,2025,829.76,1079.17,1498.0,28427.0,1151.793026121927,32742020.353568017
2922607,29,2022,2025,700.48,1079.17,1498.0,12399.0,972.3389642039715,12056030.817165043
2922656,29,2022,2025,571.72,1079.17,1498.0,19711.0,793.606716272691,15642781.98445101
2922706,29,2022,2025,828.75,1079.17,1498.0,13970.0,1150.391041263193,16070962.846446807
2922730,29,2022,2025,865.88,1079.17,1498.0,8283.0,1201.931336119425,9955597.257077197
2922755,29,2022,2025,776.2,1079.17,1498.0,6696.0,1077.4461854944077,7214579.658070554
2922805,29,2022,2025,639.57,1079.17,1498.0,8073.0,887.7895604955661,7167125.1218807055
2922854,29,2022,2025,678.6,1079.17,1498.0,7670.0,941.9672526108028,7224888.827524858
2922904,29,2022,2025,676.56,1079.17,1498.0,24865.0,939.1355208169239,23351604.72511281
2923001,29,2022,2025,905.71,1079.17,1498.0,41629.0,1257.2195112910847,52336791.035536565
2923035,29,2022,2025,637.13,1079.17,1498.0,11586.0,884.4025871734758,10246688.37499189
2923050,29,2022,2025,657.33,1079.17,1498.0,11060.0,912.4422843481565,10091611.664890612
2923100,29,2022,2025,659.41,1079.17,1498.0,22956.0,915.3295402948561,21012304.927008715
2923209,29,2022,2025,719.07,1079.17,1498.0,21323.0,998.1438142276008,21283420.550775133
2923308,29,2022,2025,721.96,1079.17,1498.0,7925.0,1002.1554342689288,7942081.816581261
2923357,29,2022,2025,583.09,1079.17,1498.0,20141.0,809.3894567121029,16301913.047638463
2923407,29,2022,2025,776.26,1079.17,1498.0,20666.0,1077.5294717236395,22268224.062640734
2923506,29,2022,2025,932.17,1079.17,1498.0,10894.0,1293.948738382275,14096277.555936504
2923605,29,2022,2025,985.08,1079.17,1498.0,21025.0,1367.3933115264508,28749444.374843627
2923704,29,2022,2025,652.63,1079.17,1498.0,30680.0,905.9181963916714,27793570.265296478
2923803,29,2022,2025,777.04,1079.17,1498.0,27860.0,1078.6121927036518,30050135.68872374
2923902,29,2022,2025,791.71,1079.17,1498.0,9537.0,1098.9756757508085,10480931.019635461
2924009,29,2022,2025,1059.84,1079.17,1498.0,119418.0,1471.1679531491793,175683934.6291687
2924058,29,2022,2025,757.86,1079.17,1498.0,13677.0,1051.9883614259106,14388044.81922218
2924108,29,2022,2025,706.81,1079.17,1498.0,6403.0,981.1256613879183,6282147.609866841
2924207,29,2022,2025,609.45,1079.17,1498.0,14226.0,845.9798734212404,12034909.679290567
2924306,29,2022,2025,790.79,1079.17,1498.0,20938.0,1097.698620235922,22983613.710499734
2924405,29,2022,2025,514.71,1079.17,1498.0,37388.0,714.4709174643476,26712638.66215703
2924504,29,2022,2025,780.64,1079.17,1498.0,15125.0,1083.6093664575553,16389591.667670524
2924603,29,2022,2025,693.36,1079.17,1498.0,19601.0,962.4556650018069,18865093.489700418
2924652,29,2022,2025,819.37,1079.17,1498.0,10654.0,1137.3706274266333,12117546.66460335
2924678,29,2022,2025,576.78,1079.17,1498.0,11481.0,800.6305216045664,9192039.018542027
2924702,29,2022,2025,716.89,1079.17,1498.0,9143.0,995.117747898848,9098361.569039168
2924801,29,2022,2025,741.19,1079.17,1498.0,17697.0,1028.8486707376965,18207534.926045015
2924900,29,2022,2025,696.59,1079.17,1498.0,8239.0,966.9392403421148,7966612.401178683
2925006,29,2022,2025,768.89,1079.17,1498.0,24026.0,1067.2991465663424,25642929.295402944
2925105,29,2022,2025,793.11,1079.17,1498.0,50773.0,1100.9190210995487,55896961.45828739
2925204,29,2022,2025,981.96,1079.17,1498.0,33573.0,1363.0624276064011,45762094.882029705
2925253,29,2022,2025,629.55,1079.17,1498.0,18763.0,873.880760213868,16396624.703892807
2925303,29,2022,2025,1293.05,1079.17,1498.0,182630.0,1794.8876451346866,327800330.6309478
2925402,29,2022,2025,857.35,1079.17,1498.0,10651.0,1190.090810530315,12675657.222958384
2925501,29,2022,2025,985.7,1079.17,1498.0,37533.0,1368.2539358951785,51354674.975953735
2925600,29,2022,2025,752.48,1079.17,1498.0,15677.0,1044.520362871466,16374945.728735972
2925709,29,2022,2025,670.52,1079.17,1498.0,12963.0,930.7513737409305,12065330.057803681
2925758,29,2022,2025,813.19,1079.17,1498.0,29489.0,1128.7921458157657,33286951.587961115
2925808,29,2022,2025,662.08,1079.17,1498.0,27429.0,919.0357774956678,25208232.340928674
2925907,29,2022,2025,698.98,1079.17,1498.0,26443.0,970.2568084731785,25656500.786456257
2925931,29,2022,2025,666.94,1079.17,1498.0,9839.0,925.7819620634377,9108768.724742163
2925956,29,2022,2025,562.9,1079.17,1498.0,20081.0,781.3636405756275,15690563.266399177
2926004,29,2022,2025,802.97,1079.17,1498.0,42855.0,1114.605724769962,47766428.33501673
2926103,29,2022,2025,765.41,1079.17,1498.0,14174.0,1062.4685452709025,15059429.160669772
2926202,29,2022,2025,697.01,1079.17,1498.0,22329.0,967.5222439467368,21603804.185086686
2926301,29,2022,2025,934.18,1079.17,1498.0,35188.0,1296.738827061538,45629645.8466414
2926400,29,2022,2025,720.89,1079.17,1498.0,32060.0,1000.6701631809632,32081485.43158168
2926509,29,2022,2025,643.57,1079.17,1498.0,14528.0,893.341975777681,12978472.22409815
2926608,29,2022,2025,869.51,1079.17,1498.0,56316.0,1206.9701529879444,67971731.13566908
2926657,29,2022,2025,677.52,1079.17,1498.0,10029.0,940.4681004846316,9431954.57976037
2926707,29,2022,2025,888.97,1079.17,1498.0,13634.0,1233.9826533354337,16824119.495575305
2926806,29,2022,2025,723.78,1079.17,1498.0,13495.0,1004.6817832222912,13558180.66458482
2926905,29,2022,2025,739.04,1079.17,1498.0,10781.0,1025.8642475235597,11059842.452551497
2927002,29,2022,2025,749.58,1079.17,1498.0,36966.0,1040.4948617919326,38462933.06100058
2927101,29,2022,2025,697.59,1079.17,1498.0,10884.0,968.3273441626435,10539274.813866211
2927200,29,2022,2025,819.06,1079.17,1498.0,29590.0,1136.9403152422694,33642063.928018756
2927309,29,2022,2025,675.29,1079.17,1498.0,15629.0,937.3726289648525,14650196.818091681
2927408,29,2022,2025,1770.35,1079.17,1498.0,2564204.0,2457.429598673054,6301350806.635839
2927507,29,2022,2025,722.28,1079.17,1498.0,21787.0,1002.5996274914979,21843638.084157266
2927606,29,2022,2025,578.63,1079.17,1498.0,15417.0,803.1985136725445,12382911.48528962
2927705,29,2022,2025,1012.34,1079.17,1498.0,31007.0,1405.2330216740643,43572060.30304771
2927804,29,2022,2025,739.82,1079.17,1498.0,4663.0,1026.9469685035722,4788653.714132157
2927903,29,2022,2025,883.2,1079.17,1498.0,10625.0,1225.973294290983,13025966.251841694
2928000,29,2022,2025,750.53,1079.17,1498.0,40066.0,1041.8135604214349,41741302.11184521
2928059,29,2022,2025,769.97,1079.17,1498.0,14392.0,1068.7982986925138,15382145.114782657
2928109,29,2022,2025,954.86,1079.17,1498.0,40474.0,1325.4448140700722,53646053.4046721
2928208,29,2022,2025,777.82,1079.17,1498.0,25521.0,1079.6949136836643,27554893.892120797
2928307,29,2022,2025,741.39,1079.17,1498.0,9035.0,1029.1262915018021,9298156.043718783
2928406,29,2022,2025,771.05,1079.17,1498.0,28890.0,1070.2974508186846,30920893.3541518
2928505,29,2022,2025,708.89,1079.17,1498.0,10882.0,984.0129173346181,10708028.566435315
2928604,29,2022,2025,787.73,1079.17,1498.0,58398.0,1093.451022545104,63855352.81458899
2928703,29,2022,2025,1214.78,1079.17,1498.0,109791.0,1686.2407591019023,185134059.18255696
2928802,29,2022,2025,816.54,1079.17,1498.0,55146.0,1133.442293614537,62504808.72366726
2928901,29,2022,2025,921.65,1079.17,1498.0,34982.0,1279.3458861903127,44754077.79070952
2928950,29,2022,2025,842.87,1079.17,1498.0,8690.0,1169.9910672090589,10167222.374046722
2929008,29,2022,2025,759.68,1079.17,1498.0,11102.0,1054.5147103792729,11707222.314630687
2929057,29,2022,2025,965.83,1079.17,1498.0,15780.0,1340.6723129812726,21155809.098844483
2929107,29,2022,2025,792.48,1079.17,1498.0,20923.0,1100.0445156926155,23016231.401836593
2929206,29,2022,2025,794.44,1079.17,1498.0,41110.0,1102.765199180852,45334677.33832483
2929255,29,2022,2025,689.5,1079.17,1498.0,19229.0,957.097584254566,18404029.44763105
2929305,29,2022,2025,898.41,1079.17,1498.0,42171.0,1247.0863534012249,52590878.60928305
2929354,29,2022,2025,764.56,1079.17,1498.0,5432.0,1061.288657023453,5764919.9849513965
2929370,29,2022,2025,711.0,1079.17,1498.0,10576.0,986.9418163959338,10437896.650203396
2929404,29,2022,2025,871.05,1079.17,1498.0,10615.0,1209.1078328715587,12834679.645931596
2929503,29,2022,2025,884.62,1079.17,1498.0,42944.0,1227.9444017161336,52732844.38729764
2929602,29,2022,2025,796.57,1079.17,1498.0,18656.0,1105.7218603185781,20628347.026103392
2929701,29,2022,2025,665.74,1079.17,1498.0,16476.0,924.1162374788031,15225739.12870076
2929750,29,2022,2025,728.12,1079.17,1498.0,11859.0,1010.7061538033859,11985964.277954353
2929800,29,2022,2025,828.22,1079.17,1498.0,10661.0,1149.6553462383126,12256475.646246651
2929909,29,2022,2025,892.99,1079.17,1498.0,48721.0,1239.562830693959,60392740.67424038
2930006,29,2022,2025,723.55,1079.17,1498.0,9581.0,1004.3625193435695,9622797.29783074
2930105,29,2022,2025,1035.85,1079.17,1498.0,78090.0,1437.8673424946946,112283060.77541071
2930154,29,2022,2025,748.4,1079.17,1498.0,36252.0,1038.8568992837088,37660640.31283301
2930204,29,2022,2025,604.61,1079.17,1498.0,40232.0,839.2614509298812,33765166.693810984
2930303,29,2022,2025,736.13,1079.17,1498.0,17574.0,1021.8248654058211,17957550.1846419
2930402,29,2022,2025,726.76,1079.17,1498.0,18754.0,1008.8183326074667,18919379.00972043
2930501,29,2022,2025,924.48,1079.17,1498.0,84690.0,1283.2742200024093,108680493.69200404
2930600,29,2022,2025,814.99,1079.17,1498.0,13863.0,1131.2907326927175,15683083.427319143
2930709,29,2022,2025,884.11,1079.17,1498.0,120419.0,1227.2364687676638,147782588.3325333
2930758,29,2022,2025,626.52,1079.17,1498.0,13982.0,869.6748056376658,12159793.132425843
2930766,29,2022,2025,654.99,1079.17,1498.0,14435.0,909.1941214081191,13124217.1425262
2930774,29,2022,2025,846.24,1079.17,1498.0,27097.0,1174.6689770842406,31830005.27205167
2930808,29,2022,2025,634.01,1079.17,1498.0,17724.0,880.0717032534261,15598390.868463725
2930907,29,2022,2025,655.88,1079.17,1498.0,12368.0,910.4295338083898,11260192.474142166
2931004,29,2022,2025,716.18,1079.17,1498.0,21787.0,994.1321941862727,21659158.114736322
2931053,29,2022,2025,672.28,1079.17,1498.0,17812.0,933.194436465061,16622059.302315667
2931103,29,2022,2025,789.95,1079.17,1498.0,7991.0,1096.532613026678,8762392.110696184
2931202,29,2022,2025,725.65,1079.17,1498.0,18556.0,1007.2775373666798,18691041.98337611
2931301,29,2022,2025,638.16,1079.17,1498.0,16226.0,885.8323341086204,14373515.453246476
2931350,29,2022,2025,1204.69,1079.17,1498.0,153738.0,1672.2347915527673,257086032.38373935
2931400,29,2022,2025,773.05,1079.17,1498.0,7280.0,1073.073658459742,7811976.233586922
2931509,29,2022,2025,794.16,1079.17,1498.0,21825.0,1102.3765301111039,24059367.76967484
2931608,29,2022,2025,818.79,1079.17,1498.0,15978.0,1136.5655272107265,18160043.993772987
2931707,29,2022,2025,797.69,1079.17,1498.0,10976.0,1107.2765365975704,12153467.265694933
2931806,29,2022,2025,667.27,1079.17,1498.0,16646.0,926.240036324212,15418191.644652834
2931905,29,2022,2025,798.18,1079.17,1498.0,51016.0,1107.9567074696295,56523519.38827062
2932002,29,2022,2025,701.98,1079.17,1498.0,25449.0,974.4211199347645,24798043.081219822
2932101,29,2022,2025,759.87,1079.17,1498.0,19142.0,1054.7784501051735,20190569.09191323
2932200,29,2022,2025,979.4,1079.17,1498.0,17878.0,1359.5088818258475,24305299.7892825
2932309,29,2022,2025,768.37,1079.17,1498.0,15839.0,1066.5773325796677,16893518.370729357
2932408,29,2022,2025,871.38,1079.17,1498.0,13886.0,1209.565907132333,16796032.186439577
2932457,29,2022,2025,641.0,1079.17,1498.0,13785.0,889.7745489589221,12265542.157398742
2932507,29,2022,2025,926.31,1079.17,1498.0,18254.0,1285.8144499939767,23471256.970190052
2932606,29,2022,2025,970.15,1079.17,1498.0,15776.0,1346.6689214859566,21245048.905362453
2932705,29,2022,2025,975.66,1079.17,1498.0,22155.0,1354.3173735370701,30004901.410713788
2932804,29,2022,2025,743.48,1079.17,1498.0,16645.0,1032.0274284867073,17178096.547161244
2932903,29,2022,2025,935.55,1079.17,1498.0,90053.0,1298.6405292956622,116946475.58466227
2933000,29,2022,2025,868.25,1079.17,1498.0,25132.0,1205.221142174078,30289617.74511893
2933059,29,2022,2025,635.29,1079.17,1498.0,14294.0,881.8484761437029,12605142.11799809
2933109,29,2022,2025,759.52,1079.17,1498.0,8334.0,1054.2926137679883,8786474.643142415
2933158,29,2022,2025,676.06,1079.17,1498.0,13866.0,938.4414689066596,13012429.40785974
2933174,29,2022,2025,679.67,1079.17,1498.0,10328.0,943.4525236987683,9743977.66476088
2933208,29,2022,2025,953.76,1079.17,1498.0,45191.0,1323.9178998674906,59829173.81291177
2933257,29,2022,2025,798.6,1079.17,1498.0,6157.0,1108.5397110742515,6825279.001084167
2933307,29,2022,2025,1310.93,1079.17,1498.0,396613.0,1819.7069414457408,721719429.1676196
2933406,29,2022,2025,680.62,1079.17,1498.0,9866.0,944.7712223282708,9321112.87949072
2933455,29,2022,2025,803.96,1079.17,1498.0,13460.0,1115.9799475522855,15021090.094053762
2933505,29,2022,2025,602.2,1079.17,1498.0,25535.0,835.9161207224071,21345118.142646663
2933604,29,2022,2025,761.53,1079.17,1498.0,47019.0,1057.082702447251,49702971.586367294
3100104,31,2022,2025,1435.0,1611.89,2259.0,6345.0,2011.0956703000825,12760402.028054023
3100203,31,2022,2025,1439.09,1611.89,2259.0,23173.0,2016.8276433255369,46735946.97878267
3100302,31,2022,2025,1100.72,1611.89,2259.0,14354.0,1542.6154886499696,22142702.724081665
3100401,31,2022,2025,1142.1,1611.89,2259.0,3998.0,1600.607919895278,6399230.463741321
3100500,31,2022,2025,890.65,1611.89,2259.0,8926.0,1248.2107029636015,11141528.734653108
3100609,31,2022,2025,872.39,1611.89,2259.0,12391.0,1222.6200361066822,15149484.867397899
3100708,31,2022,2025,1631.86,1611.89,2259.0,2171.0,2286.9871641365103,4965049.133340363
3100807,31,2022,2025,1383.44,1611.89,2259.0,4509.0,1938.8363722090216,8742213.20229048
3100906,31,2022,2025,991.23,1611.89,2259.0,18850.0,1389.1695897362722,26185846.76652873
3101003,31,2022,2025,783.82,1611.89,2259.0,14567.0,1098.4926887070458,16001742.996395536
3101102,31,2022,2025,1341.42,1611.89,2259.0,26212.0,1879.9470063093634,49277170.929381035
3101201,31,2022,2025,1650.78,1611.89,2259.0,6389.0,2313.502794855728,14780969.356333246
3101300,31,2022,2025,1327.04,1611.89,2259.0,2820.0,1859.7940057944397,5244619.09634032
3101409,31,2022,2025,1222.92,1611.89,2259.0,3027.0,1713.8739492148968,5187896.444273492
3101508,31,2022,2025,1372.25,1611.89,2259.0,31159.0,1923.1540303618733,59923556.43204561
3101607,31,2022,2025,1745.37,1611.89,2259.0,82303.0,2446.066933847843,201318646.85647902
3101631,31,2022,2025,1133.93,1611.89,2259.0,7236.0,1589.157988448343,11499147.20441221
3101706,31,2022,2025,1088.43,1611.89,2259.0,42019.0,1525.3915403656576,64095427.13462457
3101805,31,2022,2025,1077.73,1611.89,2259.0,7019.0,1510.3959141132457,10601468.921160871
3101904,31,2022,2025,1427.77,1611.89,2259.0,18673.0,2000.9631116267237,37363984.18340581
3102001,31,2022,2025,1244.79,1611.89,2259.0,14272.0,1744.5238881065084,24897844.931056086
3102050,31,2022,2025,1118.1,1611.89,2259.0,6014.0,1566.972870357158,9423774.842327949
3102100,31,2022,2025,945.93,1611.89,2259.0,10931.0,1325.6834337330708,14491045.614136197
3102209,31,2022,2025,961.67,1611.89,2259.0,3983.0,1347.7424203884877,5368058.060407347
3102308,31,2022,2025,1234.09,1611.89,2259.0,15358.0,1729.5282618540966,26562095.045555215
3102407,31,2022,2025,798.24,1611.89,2259.0,4359.0,1118.701747637866,4876420.917953458
3102506,31,2022,2025,1119.78,1611.89,2259.0,4574.0,1569.3273238248266,7178103.179174757
3102605,31,2022,2025,1827.75,1611.89,2259.0,42501.0,2561.5192413874397,108867129.27820757
3102704,31,2022,2025,704.82,1611.89,2259.0,9347.0,987.7773173107346,9232754.584903436
3102803,31,2022,2025,1272.14,1611.89,2259.0,12163.0,1782.853829975991,21684851.133997977
3102852,31,2022,2025,978.9,1611.89,2259.0,7849.0,1371.8895830360632,10767961.33725006
3102902,31,2022,2025,1252.15,1611.89,2259.0,11350.0,1754.838636631532,19917418.52576789
3103009,31,2022,2025,1006.48,1611.89,2259.0,9375.0,1410.5418607969527,13223829.944971431
3103108,31,2022,2025,1266.27,1611.89,2259.0,1552.0,1774.6272574431255,2754221.503551731
3103207,31,2022,2025,1095.05,1611.89,2259.0,2222.0,1534.669208196589,3410034.9806128205
3103306,31,2022,2025,1076.41,1611.89,2259.0,2095.0,1508.5459863886495,3160403.8414842207
3103405,31,2022,2025,1140.9,1611.89,2259.0,35185.0,1598.9261674183722,56258217.20061543
3103504,31,2022,2025,1693.43,1611.89,2259.0,123432.0,2373.275080805762,292938089.77401686
3103603,31,2022,2025,1178.03,1611.89,2259.0,2998.0,1650.9623919746384,4949585.251139966
3103702,31,2022,2025,835.2,1611.89,2259.0,8218.0,1170.4997239265708,9619166.731228558
3103751,31,2022,2025,1606.42,1611.89,2259.0,9069.0,2251.3340116261033,20417348.15143713
3103801,31,2022,2025,1770.7,1611.89,2259.0,2668.0,2481.565925714534,6620817.889806377
3103900,31,2022,2025,1655.99,1611.89,2259.0,9634.0,2320.804403526295,22358629.623572327
3104007,31,2022,2025,1896.33,1611.89,2259.0,118786.0,2657.631395442617,315689402.9390467
3104106,31,2022,2025,1387.12,1611.89,2259.0,9335.0,1943.993746471533,18147181.62331176
3104205,31,2022,2025,1485.29,1611.89,2259.0,43653.0,2081.5751136864174,90866998.43775317
3104304,31,2022,2025,1355.26,1611.89,2259.0,14229.0,1899.3432182096792,27025754.651905525
3104403,31,2022,2025,1184.26,1611.89,2259.0,2715.0,1659.6934902505755,4506067.826030312
3104452,31,2022,2025,936.92,1611.89,2259.0,4820.0,1313.0562755523017,6328931.2481620945
3104502,31,2022,2025,1080.02,1611.89,2259.0,17586.0,1513.6052584233414,26618262.074632883
3104601,31,2022,2025,1207.03,1611.89,2259.0,14633.0,1691.6047434998666,24753252.21163355
3104700,31,2022,2025,850.69,1611.89,2259.0,13936.0,1192.2083454826322,16614615.502645964
3104809,31,2022,2025,992.15,1611.89,2259.0,4572.0,1390.4589333019,6357178.243056287
3104908,31,2022,2025,1268.97,1611.89,2259.0,18782.0,1778.4112005161642,33402119.168094594
3105004,31,2022,2025,1121.88,1611.89,2259.0,7595.0,1572.2703906594122,11941393.617058236
3105103,31,2022,2025,1499.46,1611.89,2259.0,24203.0,2101.4338075178825,50861002.443355314
3105202,31,2022,2025,903.55,1611.89,2259.0,4811.0,1266.289542090341,6092118.98699663
3105301,31,2022,2025,1440.33,1611.89,2259.0,6183.0,2018.5654542183397,12480790.203431994
3105400,31,2022,2025,1539.77,1611.89,2259.0,32264.0,2157.9266761379495,69623346.2789148
3105509,31,2022,2025,1031.59,1611.89,2259.0,4952.0,1445.7325313762103,7159267.495374993
3105608,31,2022,2025,1598.76,1611.89,2259.0,129695.0,2240.5988249818533,290594464.60602146
3105707,31,2022,2025,1180.3,1611.89,2259.0,5717.0,1654.1437070767856,9456739.573357983
3105905,31,2022,2025,1232.08,1611.89,2259.0,20604.0,1726.711326455279,35577160.17028457
3106002,31,2022,2025,1242.62,1611.89,2259.0,10427.0,1741.4827190441033,18158440.311472867
3106101,31,2022,2025,1338.48,1611.89,2259.0,3292.0,1875.8267127409438,6175221.5383431865
3106200,31,2022,2025,2748.85,1611.89,2259.0,2415872.0,3852.4044134525307,9306915955.136393
3106309,31,2022,2025,958.65,1611.89,2259.0,24546.0,1343.5100099882743,32977796.70517218
3106408,31,2022,2025,1300.7,1611.89,2259.0,9012.0,1822.8795389263535,16427790.404804297
3106507,31,2022,2025,907.52,1611.89,2259.0,9638.0,1271.8533398681052,12258122.489648798
3106606,31,2022,2025,697.84,1611.89,2259.0,4546.0,977.9951237367313,4445965.832507181
3106655,31,2022,2025,764.89,1611.89,2259.0,4270.0,1071.9630433838536,4577282.195249055
3106705,31,2022,2025,1399.69,1611.89,2259.0,431433.0,1961.6101036671237,846303331.8554182
3106804,31,2022,2025,1000.58,1611.89,2259.0,3367.0,1402.2732444521648,4721454.014070439
3106903,31,2022,2025,1467.66,1611.89,2259.0,14358.0,2056.8673668798738,29532501.65366123
3107000,31,2022,2025,1325.89,1611.89,2259.0,2397.0,1858.1823263374051,4454063.03623076
3107109,31,2022,2025,1439.58,1611.89,2259.0,41443.0,2017.5143589202735,83611847.57673289
3107208,31,2022,2025,1391.48,1611.89,2259.0,5530.0,1950.1041138042917,10784075.749337733
3107307,31,2022,2025,1035.32,1611.89,2259.0,49797.0,1450.9599786585932,72253454.05726196
3107406,31,2022,2025,1785.98,1611.89,2259.0,54377.0,2502.980240587137,136104556.54240674
3107505,31,2022,2025,1164.24,1611.89,2259.0,6988.0,1631.6362530941935,11401874.136622224
3107604,31,2022,2025,1448.73,1611.89,2259.0,4677.0,2030.3377215566818,9495889.523720602
3107703,31,2022,2025,1079.93,1611.89,2259.0,5786.0,1513.4791269875734,8756990.2287501
3107802,31,2022,2025,1035.37,1611.89,2259.0,14719.0,1451.0300516784641,21357711.330655314
3107901,31,2022,2025,1274.15,1611.89,2259.0,13312.0,1785.6707653748083,23770849.22866945
3108008,31,2022,2025,1366.27,1611.89,2259.0,17515.0,1914.7732971852915,33537254.30020038
3108107,31,2022,2025,1304.77,1611.89,2259.0,7710.0,1828.5834827438596,14098378.651955158
3108206,31,2022,2025,1492.57,1611.89,2259.0,5600.0,2091.777745379647,11713955.374126023
3108255,31,2022,2025,706.44,1611.89,2259.0,10525.0,990.0476831545577,10420251.86520172
3108305,31,2022,2025,1531.54,1611.89,2259.0,17837.0,2146.3926570671697,38285205.8241071
3108404,31,2022,2025,1402.29,1611.89,2259.0,15141.0,1965.25390070042,29755909.31050506
3108503,31,2022,2025,760.09,1611.89,2259.0,5806.0,1065.2360334762297,6184760.41036299
3108552,31,2022,2025,1225.72,1611.89,2259.0,15485.0,1717.7980383276774,26600102.623504084
3108602,31,2022,2025,922.51,1611.89,2259.0,33262.0,1292.8612312254559,43003150.27302111
3108701,31,2022,2025,926.17,1611.89,2259.0,4296.0,1297.990576280019,5576167.515698962
3108800,31,2022,2025,847.02,1611.89,2259.0,4445.0,1187.0649858240947,5276503.861988101
3108909,31,2022,2025,1252.06,1611.89,2259.0,14491.0,1754.7125051957637,25427538.91279181
3109006,31,2022,2025,2128.23,1611.89,2259.0,41090.0,2982.6300616046997,122556269.23133712
3109105,31,2022,2025,1501.73,1611.89,2259.0,11168.0,2104.61512262003,23504341.689420495
3109204,31,2022,2025,1087.41,1611.89,2259.0,9171.0,1523.9620507602876,13976255.967522599
3109253,31,2022,2025,847.7,1611.89,2259.0,4159.0,1188.0179788943415,4940966.7742215665
3109303,31,2022,2025,1128.1,1611.89,2259.0,24779.0,1580.9874743313746,39175288.62645713
3109402,31,2022,2025,923.83,1611.89,2259.0,23908.0,1294.7111589500523,30953954.38817785
3109451,31,2022,2025,1418.63,1611.89,2259.0,6811.0,1988.15376359429,13541315.283840708
3109501,31,2022,2025,1263.99,1611.89,2259.0,11269.0,1771.4319277370043,19962266.3936683
3109600,31,2022,2025,1394.94,1611.89,2259.0,3785.0,1954.9531667793708,7399497.736259919
3109709,31,2022,2025,1210.17,1611.89,2259.0,12302.0,1696.0053291477707,20864257.559175875
3109808,31,2022,2025,1536.12,1611.89,2259.0,2337.0,2152.8113456873607,5031120.114871362
3109907,31,2022,2025,1269.47,1611.89,2259.0,11906.0,1779.1119307148751,21182106.647091303
3110004,31,2022,2025,1288.62,1611.89,2259.0,39775.0,1805.9498973254997,71831657.16612175
3110103,31,2022,2025,932.52,1611.89,2259.0,5484.0,1306.8898498036465,7166983.936323198
3110202,31,2022,2025,1007.83,1611.89,2259.0,4191.0,1412.4338323334719,5919510.191309581
3110301,31,2022,2025,1496.53,1611.89,2259.0,14628.0,2097.327528553437,30679707.087679673
3110400,31,2022,2025,989.79,1611.89,2259.0,2851.0,1387.1514867639848,3954768.8887641206
3110509,31,2022,2025,1544.47,1611.89,2259.0,27860.0,2164.5135400058316,60303347.224562466
3110608,31,2022,2025,1743.77,1611.89,2259.0,31066.0,2443.824597211968,75919854.936987
3110707,31,2022,2025,1375.16,1611.89,2259.0,12551.0,1927.2322801183702,24188692.347765666
3110806,31,2022,2025,957.55,1611.89,2259.0,2884.0,1341.9684035511107,3870236.8758414034
3110905,31,2022,2025,1448.88,1611.89,2259.0,16372.0,2030.5479406162951,33244130.883769985
3111002,31,2022,2025,1278.69,1611.89,2259.0,21155.0,1792.0333955791027,37910466.483475916
3111101,31,2022,2025,1558.18,1611.89,2259.0,18188.0,2183.7275620544824,39717636.89864693
3111150,31,2022,2025,831.73,1611.89,2259.0,3806.0,1165.6366563475174,4436413.114058651
3111200,31,2022,2025,1379.8,1611.89,2259.0,54027.0,1933.7350563624066,104473903.89009175
3111309,31,2022,2025,1167.47,1611.89,2259.0,11625.0,1636.1629701778656,19020394.52831769
3111408,31,2022,2025,1420.61,1611.89,2259.0,8931.0,1990.9286551811845,17780983.819423158
3111507,31,2022,2025,1463.9,1611.89,2259.0,13076.0,2051.5978757855687,26826693.823772095
3111606,31,2022,2025,1282.57,1611.89,2259.0,26749.0,1797.4710619210987,48080553.43532747
3111705,31,2022,2025,999.28,1611.89,2259.0,4839.0,1400.4513459355167,6776784.062981965
3111804,31,2022,2025,1330.4,1611.89,2259.0,10716.0,1864.5029127297769,19980013.21281229
3111903,31,2022,2025,1162.96,1611.89,2259.0,5342.0,1629.842383785494,8706618.014182108
3112000,31,2022,2025,1219.12,1611.89,2259.0,14211.0,1708.5483997046942,24280181.30820341
3112059,31,2022,2025,940.19,1611.89,2259.0,4029.0,1317.6390510518706,5308767.736687987
3112109,31,2022,2025,986.29,1611.89,2259.0,5138.0,1382.2463753730092,7101981.876666522
3112208,31,2022,2025,1032.86,1611.89,2259.0,4397.0,1447.5123860809358,6364711.961597875
3112307,31,2022,2025,1211.15,1611.89,2259.0,41858.0,1697.3787603372439,71048880.15019636
3112406,31,2022,2025,1133.49,1611.89,2259.0,6627.0,1588.5413458734777,10527263.499103537
3112505,31,2022,2025,1306.8,1611.89,2259.0,11210.0,1831.4284473506254,20530312.89480051
3112604,31,2022,2025,1337.48,1611.89,2259.0,14872.0,1874.425252343522,27876452.35285286
3112653,31,2022,2025,1030.24,1611.89,2259.0,4634.0,1443.8405598396912,6690757.154297129
3112703,31,2022,2025,885.31,1611.89,2259.0,14403.0,1240.72690444137,17870189.60466905
3112802,31,2022,2025,1679.34,1611.89,2259.0,10991.0,2353.5285038060906,25867631.785332743
3112901,31,2022,2025,1119.77,1611.89,2259.0,9128.0,1569.3133092208525,14324691.886567941
3113008,31,2022,2025,710.86,1611.89,2259.0,19511.0,996.2421381111614,19437680.356686868
3113107,31,2022,2025,1026.51,1611.89,2259.0,2942.0,1438.6131125573083,4232399.777143601
3113206,31,2022,2025,1152.8,1611.89,2259.0,24403.0,1615.6035461476897,39425573.33664207
3113305,31,2022,2025,1342.69,1611.89,2259.0,32134.0,1881.726861014089,60467410.95182674
3113404,31,2022,2025,1369.59,1611.89,2259.0,90890.0,1919.4261457047317,174456642.38310307
3113503,31,2022,2025,1075.86,1611.89,2259.0,8603.0,1507.7751831700673,12971389.90081209
3113602,31,2022,2025,1366.57,1611.89,2259.0,7062.0,1915.1937353045182,13525098.158720508
3113701,31,2022,2025,1052.33,1611.89,2259.0,18783.0,1474.7988200187356,27701146.23641191
3113800,31,2022,2025,1123.38,1611.89,2259.0,2693.0,1574.3725812555447,4239785.361321182
3113909,31,2022,2025,1219.36,1611.89,2259.0,11767.0,1708.8847502000756,20108446.85560429
3114006,31,2022,2025,1422.49,1611.89,2259.0,11291.0,1993.5634007283375,22509324.35762366
3114105,31,2022,2025,1189.7,1611.89,2259.0,14125.0,1667.3174348125492,23550858.766727258
3114204,31,2022,2025,1484.94,1611.89,2259.0,24581.0,2081.08460254732,51155140.615215674
3114303,31,2022,2025,1498.4,1611.89,2259.0,29885.0,2099.9482594966157,62756953.73505636
3114402,31,2022,2025,1360.13,1611.89,2259.0,21506.0,1906.168330345123,40994056.112402216
3114501,31,2022,2025,1381.32,1611.89,2259.0,18561.0,1935.8652761664875,35931595.390926175
3114550,31,2022,2025,1588.77,1611.89,2259.0,9633.0,2226.598235611611,21448820.80364665
3114600,31,2022,2025,1610.15,1611.89,2259.0,4161.0,2256.561458908486,9389552.23051821
3114709,31,2022,2025,1425.34,1611.89,2259.0,3419.0,1997.557562860989,6829649.3074217215
3114808,31,2022,2025,1190.33,1611.89,2259.0,4503.0,1668.2003548629248,7511906.19794775
3114907,31,2022,2025,1418.0,1611.89,2259.0,2260.0,1987.2708435439142,4491232.106409246
3115003,31,2022,2025,1254.67,1611.89,2259.0,2751.0,1758.3703168330346,4837276.741607678
3115102,31,2022,2025,1332.07,1611.89,2259.0,17491.0,1866.8433515934707,32652957.062721398
3115201,31,2022,2025,1325.47,1611.89,2259.0,3576.0,1857.593712970488,6642755.1175824655
3115300,31,2022,2025,1422.54,1611.89,2259.0,67732.0,1993.6334737482084,135032782.44391364
3115359,31,2022,2025,1448.8,1611.89,2259.0,5706.0,2030.4358237845013,11585666.810514364
3115409,31,2022,2025,911.77,1611.89,2259.0,3124.0,1277.809546557147,3991877.0234445273
3115458,31,2022,2025,827.43,1611.89,2259.0,7248.0,1159.6103766386043,8404856.009876603
3115474,31,2022,2025,743.35,1611.89,2259.0,4788.0,1041.7755864233911,4988021.507795197
3115508,31,2022,2025,1615.69,1611.89,2259.0,21412.0,2264.325549510202,48483738.666112445
3115607,31,2022,2025,1156.11,1611.89,2259.0,1084.0,1620.2423800631555,1756342.7399884604
3115706,31,2022,2025,1098.14,1611.89,2259.0,6213.0,1538.999720824622,9561805.265483378
3115805,31,2022,2025,1367.47,1611.89,2259.0,10447.0,1916.4550496621978,20021205.90382098
3115904,31,2022,2025,1295.5,1611.89,2259.0,3194.0,1815.5919448597608,5799000.671882076
3116001,31,2022,2025,950.59,1611.89,2259.0,6289.0,1332.214239185056,8378295.350234817
3116100,31,2022,2025,981.72,1611.89,2259.0,9763.0,1375.841701356792,13432342.530346362
3116159,31,2022,2025,1117.56,1611.89,2259.0,12904.0,1566.2160817425504,20210452.31880587
3116209,31,2022,2025,1156.13,1611.89,2259.0,2868.0,1620.2704092711042,4646935.533789527
3116308,31,2022,2025,824.01,1611.89,2259.0,5549.0,1154.8173820794223,6408081.653158714
3116407,31,2022,2025,1209.49,1611.89,2259.0,4786.0,1695.0523360775237,8112520.480467029
3116506,31,2022,2025,861.27,1611.89,2259.0,7230.0,1207.035796487353,8726868.808603562
3116605,31,2022,2025,1520.13,1611.89,2259.0,31936.0,2130.4019939325885,68036518.07823114
3116704,31,2022,2025,1226.61,1611.89,2259.0,7293.0,1719.0453380813824,12536997.650627522
3116803,31,2022,2025,955.24,1611.89,2259.0,8206.0,1338.7310300330666,10985626.832451345
3116902,31,2022,2025,1482.71,1611.89,2259.0,2804.0,2077.95934586107,5826598.005794439
3117009,31,2022,2025,761.43,1611.89,2259.0,6540.0,1067.1139904087747,6978925.497273386
3117108,31,2022,2025,1278.54,1611.89,2259.0,10705.0,1791.8231765194894,19181467.104641132
3117207,31,2022,2025,1103.41,1611.89,2259.0,2840.0,1546.3854171190342,4391734.584618057
3117306,31,2022,2025,1299.73,1611.89,2259.0,30278.0,1821.5201223408544,55151986.26423639
3117405,31,2022,2025,1040.28,1611.89,2259.0,4503.0,1457.9112222298047,6564974.233700811
3117504,31,2022,2025,1246.56,1611.89,2259.0,24559.0,1747.0044730099446,42904682.85265123
3117603,31,2022,2025,1380.89,1611.89,2259.0,5584.0,1935.2626481955963,10806506.62752421
3117702,31,2022,2025,1256.41,1611.89,2259.0,12765.0,1760.8088579245484,22476725.07140686
3117801,31,2022,2025,1293.5,1611.89,2259.0,11218.0,1812.7890240649174,20335867.271960244
3117836,31,2022,2025,703.42,1611.89,2259.0,7433.0,985.8152727543442,7327564.92238304
3117876,31,2022,2025,1569.68,1611.89,2259.0,7758.0,2199.8443566248316,17066392.518695444
3117900,31,2022,2025,1442.78,1611.89,2259.0,11444.0,2021.999032192023,23139756.92440551
3118007,31,2022,2025,1419.41,1611.89,2259.0,55272.0,1989.246902704279,109949654.8062709
3118106,31,2022,2025,958.62,1611.89,2259.0,4924.0,1343.4679661763519,6615236.265452357
3118205,31,2022,2025,1504.91,1611.89,2259.0,6878.0,2109.071766683831,14506195.61125139
3118304,31,2022,2025,1650.12,1611.89,2259.0,138946.0,2312.57783099343,321323439.3052131
3118403,31,2022,2025,1260.69,1611.89,2259.0,21052.0,1766.807108425513,37194823.2465739
3118502,31,2022,2025,1271.89,1611.89,2259.0,1569.0,1782.5034648766355,2796747.936391441
3118601,31,2022,2025,1662.86,1611.89,2259.0,651718.0,2330.432436456582,1518784766.6226106
3118700,31,2022,2025,1177.95,1611.89,2259.0,9188.0,1650.8502751428448,15168012.328012457
3118809,31,2022,2025,893.74,1611.89,2259.0,26138.0,1252.5412155916347,32738922.29313415
3118908,31,2022,2025,1109.52,1611.89,2259.0,7535.0,1554.9483401472805,11716535.74300976
3119005,31,2022,2025,1028.84,1611.89,2259.0,3236.0,1441.8785152833009,4665918.875456762
3119104,31,2022,2025,1046.63,1611.89,2259.0,23988.0,1466.8104957534324,35185850.172133334
3119203,31,2022,2025,1144.81,1611.89,2259.0,11240.0,1604.4058775722906,18033522.063912544
3119302,31,2022,2025,1675.41,1611.89,2259.0,30114.0,2348.020764444224,70708297.30047336
3119401,31,2022,2025,1409.34,1611.89,2259.0,108708.0,1975.1341965022425,214712888.23336577
3119500,31,2022,2025,801.24,1611.89,2259.0,8237.0,1122.9061288301311,9249377.78317379
3119609,31,2022,2025,1116.26,1611.89,2259.0,2789.0,1564.3941832259022,4363095.377017042
3119708,31,2022,2025,1530.2,1611.89,2259.0,3599.0,2144.5147001346245,7718108.405784514
3119807,31,2022,2025,1524.19,1611.89,2259.0,2956.0,2136.0919231461203,6314287.724819931
3119906,31,2022,2025,1580.09,1611.89,2259.0,4462.0,2214.433559361991,9880802.541873204
3119955,31,2022,2025,1374.15,1611.89,2259.0,6333.0,1925.8168051169746,12196197.8268058
3120003,31,2022,2025,864.05,1611.89,2259.0,2900.0,1210.9318563921854,3511702.3835373376
3120102,31,2022,2025,989.82,1611.89,2259.0,4351.0,1387.1935305759077,6035679.051535775
3120151,31,2022,2025,796.13,1611.89,2259.0,5256.0,1115.7446661993063,5864353.965543554
3120201,31,2022,2025,1226.45,1611.89,2259.0,12634.0,1718.8211044177951,21715585.833214425
3120300,31,2022,2025,740.25,1611.89,2259.0,5133.0,1037.4310591913838,5325133.626829374
3120409,31,2022,2025,1022.92,1611.89,2259.0,4719.0,1433.5818697305644,6765072.843258534
3120508,31,2022,2025,1226.32,1611.89,2259.0,10643.0,1718.6389145661303,18291473.967727326
3120607,31,2022,2025,1229.03,1611.89,2259.0,5674.0,1722.4368722431432,9773106.813107595
3120706,31,2022,2025,1557.31,1611.89,2259.0,3616.0,2182.5082915087255,7891949.982095552
3120805,31,2022,2025,1260.02,1611.89,2259.0,15831.0,1765.8681299592404,27955458.365384735
3120839,31,2022,2025,1172.95,1611.89,2259.0,3958.0,1643.8429731557364,6506330.4877504045
3120870,31,2022,2025,810.26,1611.89,2259.0,7662.0,1135.5473016148744,8700563.424973167
3120904,31,2022,2025,1429.39,1611.89,2259.0,84297.0,2003.233477470547,168866572.4503347
3121001,31,2022,2025,862.29,1611.89,2259.0,5635.0,1208.4652860927233,6809701.887132496
3121100,31,2022,2025,1261.35,1611.89,2259.0,8133.0,1767.732072287811,14376964.943916766
3121209,31,2022,2025,1458.39,1611.89,2259.0,8851.0,2043.8758289957752,18090344.96244161
3121258,31,2022,2025,1021.95,1611.89,2259.0,11143.0,1432.2224531450659,15959254.79539547
3121308,31,2022,2025,1143.37,1611.89,2259.0,5070.0,1602.3877746000035,8124106.017222018
3121407,31,2022,2025,1120.94,1611.89,2259.0,7941.0,1570.9530178858358,12474937.915031422
3121506,31,2022,2025,928.67,1611.89,2259.0,3060.0,1301.4942272735732,3982572.335457134
3121605,31,2022,2025,1544.4,1611.89,2259.0,49493.0,2164.4154377780123,107123413.26194717
3121704,31,2022,2025,920.07,1611.89,2259.0,3581.0,1289.4416678557468,4617490.61259143
3121803,31,2022,2025,1053.51,1611.89,2259.0,6689.0,1476.452543287693,9875991.062051378
3121902,31,2022,2025,1282.56,1611.89,2259.0,4481.0,1797.4570473171243,8054405.029028034
3122009,31,2022,2025,1200.86,1611.89,2259.0,21428.0,1682.9577328477747,36062418.29946212
3122108,31,2022,2025,1015.31,1611.89,2259.0,4147.0,1422.9167561061859,5900835.787572353
3122207,31,2022,2025,913.25,1611.89,2259.0,6583.0,1279.8837079453313,8425474.449404115
3122306,31,2022,2025,1835.09,1611.89,2259.0,243583.0,2571.8059607045143,626448211.3262877
3122355,31,2022,2025,846.99,1611.89,2259.0,6541.0,1187.022942012172,7764317.0637016175
3122405,31,2022,2025,1160.89,1611.89,2259.0,6002.0,1626.9413607628312,9764902.047298513
3122454,31,2022,2025,721.76,1611.89,2259.0,10659.0,1011.5180564430574,10781770.963626549
3122470,31,2022,2025,1136.6,1611.89,2259.0,3763.0,1592.8998877094589,5994082.277450694
3122504,31,2022,2025,1192.51,1611.89,2259.0,4967.0,1671.255538529304,8301126.259875053
3122603,31,2022,2025,1029.37,1611.89,2259.0,5074.0,1442.6212892939343,7319860.421877422
3122702,31,2022,2025,1266.36,1611.89,2259.0,5355.0,1774.7533888788935,9503804.397446474
3122801,31,2022,2025,1209.15,1611.89,2259.0,3184.0,1694.5758395424004,5395529.473103003
3122900,31,2022,2025,1113.39,1611.89,2259.0,6250.0,1560.3719918853024,9752324.94928314
3123007,31,2022,2025,1188.87,1611.89,2259.0,10359.0,1666.154222682689,17259691.592769973
3123106,31,2022,2025,860.08,1611.89,2259.0,5114.0,1205.3680586144217,6164252.251754153
3123205,31,2022,2025,1495.21,1611.89,2259.0,12730.0,2095.4776008288404,26675429.858551137
3123304,31,2022,2025,1239.11,1611.89,2259.0,5192.0,1736.5635930491533,9016238.175111204
3123403,31,2022,2025,1181.2,1611.89,2259.0,1498.0,1655.4050214344652,2479796.722108829
3123502,31,2022,2025,1368.13,1611.89,2259.0,1869.0,1917.3800135244962,3583583.2452772832
3123528,31,2022,2025,1202.37,1611.89,2259.0,8065.0,1685.0739380478815,13590121.310356164
3123601,31,2022,2025,1354.11,1611.89,2259.0,27429.0,1897.7315387526442,52052878.37644628
3123700,31,2022,2025,968.64,1611.89,2259.0,14501.0,1357.510599358517,19685261.201297857
3123809,31,2022,2025,907.19,1611.89,2259.0,6373.0,1271.390857936956,8102573.937632221
3123858,31,2022,2025,953.02,1611.89,2259.0,5295.0,1335.6197879507906,7072106.777199436
3123908,31,2022,2025,1410.08,1611.89,2259.0,15157.0,1976.1712771963346,29952828.048464842
3124005,31,2022,2025,1238.49,1611.89,2259.0,21091.0,1735.6946876027519,36607536.65622964
3124104,31,2022,2025,1207.13,1611.89,2259.0,93103.0,1691.744889539609,157506524.4508062
3124203,31,2022,2025,1138.4,1611.89,2259.0,24844.0,1595.422516424818,39636676.99805818
3124302,31,2022,2025,886.68,1611.89,2259.0,31375.0,1242.6469051858376,38988046.65020566
3124401,31,2022,2025,1278.49,1611.89,2259.0,7132.0,1791.7531034996184,12778783.134159278
3124500,31,2022,2025,1161.12,1611.89,2259.0,11880.0,1627.263696654238,19331892.716252346
3124609,31,2022,2025,988.21,1611.89,2259.0,2189.0,1384.937179336059,3031627.4855666333
3124708,31,2022,2025,1427.99,1611.89,2259.0,2711.0,2001.2714329141565,5425446.854630278
3124807,31,2022,2025,1511.39,1611.89,2259.0,6897.0,2118.153230059123,14608902.827717772
3124906,31,2022,2025,1160.5,1611.89,2259.0,11096.0,1626.3947912078368,18046476.603242155
3125002,31,2022,2025,991.7,1611.89,2259.0,3986.0,1389.8282761230605,5539855.508626519
3125101,31,2022,2025,1657.54,1611.89,2259.0,59336.0,2322.9766671422985,137836143.52155542
3125200,31,2022,2025,1435.88,1611.89,2259.0,2676.0,2012.3289554498135,5384992.284783701
3125309,31,2022,2025,1089.64,1611.89,2259.0,3230.0,1527.0873074465378,4932492.003052318
3125408,31,2022,2025,879.1,1611.89,2259.0,5251.0,1232.0238353733814,6469357.159545626
3125507,31,2022,2025,1029.69,1611.89,2259.0,3099.0,1443.0697566211093,4472073.175768818
3125606,31,2022,2025,906.32,1611.89,2259.0,6575.0,1270.1715873911992,8351378.187097135
3125705,31,2022,2025,1319.2,1611.89,2259.0,14280.0,1848.8065562786542,26400957.623659182
3125804,31,2022,2025,1036.92,1611.89,2259.0,2814.0,1453.202315294468,4089311.315238633
3125903,31,2022,2025,1059.57,1611.89,2259.0,9603.0,1484.9453932960685,14259930.611822145
3125952,31,2022,2025,944.84,1611.89,2259.0,10705.0,1324.1558418998814,14175088.28753823
3126000,31,2022,2025,1858.14,1611.89,2259.0,8469.0,2604.109622865084,22054204.396044396
3126109,31,2022,2025,1636.39,1611.89,2259.0,70897.0,2293.335779736831,162590626.77600208
3126208,31,2022,2025,959.33,1611.89,2259.0,8095.0,1344.4630030585215,10883428.009758731
3126307,31,2022,2025,1390.27,1611.89,2259.0,3453.0,1948.4083467234113,6727854.021235939
3126406,31,2022,2025,1481.31,1611.89,2259.0,3230.0,2075.9973013046797,6705471.283214116
3126505,31,2022,2025,945.37,1611.89,2259.0,7053.0,1324.898615910515,9344509.938016862
3126604,31,2022,2025,895.8,1611.89,2259.0,4547.0,1255.4282240103232,5708432.1345749395
3126703,31,2022,2025,904.49,1611.89,2259.0,23753.0,1267.6069148639174,30109467.04876263
3126752,31,2022,2025,746.03,1611.89,2259.0,5023.0,1045.531500288481,5251704.725949041
3126802,31,2022,2025,814.37,1611.89,2259.0,5731.0,1141.3073038482773,6540832.158354477
3126901,31,2022,2025,913.56,1611.89,2259.0,8301.0,1280.3181606685316,10627921.05170948
3126950,31,2022,2025,894.84,1611.89,2259.0,3481.0,1254.0828220287985,4365462.3034822475
3127008,31,2022,2025,1354.64,1611.89,2259.0,14946.0,1898.4743127632778,28374597.07855995
3127057,31,2022,2025,831.76,1611.89,2259.0,4389.0,1165.67870015944,5116163.8149997825
3127073,31,2022,2025,672.44,1611.89,2259.0,4538.0,942.3980296422213,4276602.2585164
3127107,31,2022,2025,1600.24,1611.89,2259.0,61275.0,2242.6729863700375,137419787.23982406
3127206,31,2022,2025,1229.5,1611.89,2259.0,4934.0,1723.0955586299312,8501753.48628008
3127305,31,2022,2025,1147.43,1611.89,2259.0,6244.0,1608.0777038135357,10040837.182611717
3127339,31,2022,2025,723.32,1611.89,2259.0,4847.0,1013.7043346630354,4913424.910111733
3127354,31,2022,2025,894.79,1611.89,2259.0,2991.0,1254.0127490089274,3750752.1322857016
3127370,31,2022,2025,1272.17,1611.89,2259.0,2859.0,1782.8958737879136,5097299.303159645
3127388,31,2022,2025,1384.47,1611.89,2259.0,4214.0,1940.2798764183658,8176339.399226993
3127404,31,2022,2025,1786.45,1611.89,2259.0,4922.0,2503.638926973925,12322910.79856566
3127503,31,2022,2025,866.16,1611.89,2259.0,5235.0,1213.8889378307451,6354708.589543951
3127602,31,2022,2025,1051.14,1611.89,2259.0,11536.0,1473.131082145804,16994040.163633995
3127701,31,2022,2025,1605.1,1611.89,2259.0,266561.0,2249.484083901507,599624726.8888695
3127800,31,2022,2025,904.97,1611.89,2259.0,14037.0,1268.2796158546798,17802840.96775214
3127909,31,2022,2025,1419.3,1611.89,2259.0,1428.0,1989.0927420605622,2840424.435662483
3128006,31,2022,2025,1379.63,1611.89,2259.0,33517.0,1933.4968080948452,64805012.51691493
3128105,31,2022,2025,1354.23,1611.89,2259.0,14076.0,1897.8997140003348,26714836.374268714
3128204,31,2022,2025,939.25,1611.89,2259.0,9901.0,1316.3216782782943,13032900.936633391
3128253,31,2022,2025,925.01,1611.89,2259.0,5224.0,1296.3648822190098,6772210.144712107
3128303,31,2022,2025,1386.82,1611.89,2259.0,19646.0,1943.5733083523069,38183441.215889424
3128402,31,2022,2025,1345.45,1611.89,2259.0,7731.0,1885.5948917109727,14577534.107817529
3128501,31,2022,2025,1219.41,1611.89,2259.0,3091.0,1708.9548232199468,5282379.358572856
3128600,31,2022,2025,1829.31,1611.89,2259.0,6687.0,2563.705519607417,17143498.809614796
3128709,31,2022,2025,1699.14,1611.89,2259.0,52744.0,2381.27741967504,125598096.22334032
3128808,31,2022,2025,1330.9,1611.89,2259.0,7285.0,1865.2036429284876,13588008.538734032
3128907,31,2022,2025,1410.72,1611.89,2259.0,8880.0,1977.0682118506845,17556365.72123408
3129004,31,2022,2025,1232.23,1611.89,2259.0,7803.0,1726.9215455148924,13475168.819652705
3129103,31,2022,2025,1863.32,1611.89,2259.0,5154.0,2611.369187723728,13458996.793528093
3129202,31,2022,2025,1086.85,1611.89,2259.0,6278.0,1523.1772329377313,9562506.668383077
3129301,31,2022,2025,1057.55,1611.89,2259.0,12583.0,1482.1144432932765,18649446.039959297
3129400,31,2022,2025,1060.87,1611.89,2259.0,5346.0,1486.7672918127166,7948257.942030783
3129509,31,2022,2025,1577.5,1611.89,2259.0,22554.0,2210.803776932669,49862468.38493941
3129608,31,2022,2025,774.15,1611.89,2259.0,6172.0,1084.9405666639782,6696253.177450073
3129657,31,2022,2025,702.48,1611.89,2259.0,5113.0,984.4978999807679,5033737.762601666
3129707,31,2022,2025,1255.07,1611.89,2259.0,10996.0,1758.930900992003,19341204.187308066
3129806,31,2022,2025,1185.48,1611.89,2259.0,179582.0,1661.4032719354298,298358122.38070834
3129905,31,2022,2025,1530.84,1611.89,2259.0,3440.0,2145.4116347889744,7380216.023674072
3130002,31,2022,2025,1286.16,1611.89,2259.0,2733.0,1802.5023047478426,4926238.798875853
3130051,31,2022,2025,664.71,1611.89,2259.0,10914.0,931.5647407701518,10167097.580765437
3130101,31,2022,2025,1434.96,1611.89,2259.0,49120.0,2011.0396118841854,98782265.73575118
3130200,31,2022,2025,1150.85,1611.89,2259.0,11345.0,1612.8706983727175,18298018.07303848
3130309,31,2022,2025,1573.9,1611.89,2259.0,6782.0,2205.758519501951,14959454.279262232
3130408,31,2022,2025,1167.67,1611.89,2259.0,7358.0,1636.44326225735,12040949.523689581
3130507,31,2022,2025,1201.48,1611.89,2259.0,13248.0,1683.8266382941763,22307335.30412125
3130556,31,2022,2025,854.21,1611.89,2259.0,7244.0,1197.1414860815564,8672092.925174795
3130606,31,2022,2025,1353.68,1611.89,2259.0,7537.0,1897.1289107817531,14298660.600562073
3130655,31,2022,2025,751.52,1611.89,2259.0,6328.0,1053.225517870326,6664811.077083423
3130705,31,2022,2025,1534.43,1611.89,2259.0,6311.0,2150.442877615718,13571445.000632795
3130804,31,2022,2025,1349.36,1611.89,2259.0,2632.0,1891.0746018648913,4977308.352108394
3130903,31,2022,2025,1150.02,1611.89,2259.0,22925.0,1611.7074862428576,36948394.12211751
3131000,31,2022,2025,1288.32,1611.89,2259.0,6465.0,1805.5294592062733,11672747.953768557
3131109,31,2022,2025,989.42,1611.89,2259.0,7615.0,1386.632946416939,10559209.88696499
3131158,31,2022,2025,994.21,1611.89,2259.0,17587.0,1393.3459417205888,24504775.077039994
3131208,31,2022,2025,1163.65,1611.89,2259.0,20181.0,1630.809391459715,32911364.329048507
3131307,31,2022,2025,1763.63,1611.89,2259.0,235311.0,2471.6576007047624,581608221.6794384
3131406,31,2022,2025,1429.29,1611.89,2259.0,3807.0,2003.0933314308047,7625776.312757074
3131505,31,2022,2025,1406.05,1611.89,2259.0,9283.0,1970.5233917947253,18292368.646030433
3131604,31,2022,2025,1468.5,1611.89,2259.0,7467.0,2058.044593613708,15367418.980513558
3131703,31,2022,2025,1619.03,1611.89,2259.0,118053.0,2269.0064272375907,267863015.7546793
3131802,31,2022,2025,1040.93,1611.89,2259.0,10548.0,1458.8221714881288,15387656.264856782
3131901,31,2022,2025,1629.67,1611.89,2259.0,56369.0,2283.917965866157,128742171.8179094
3132008,31,2022,2025,831.2,1611.89,2259.0,4227.0,1164.893882336884,4924006.4406380085
3132107,31,2022,2025,765.85,1611.89,2259.0,17502.0,1073.3084453653785,18785044.410784855
3132206,31,2022,2025,1429.51,1611.89,2259.0,14415.0,2003.4016527182375,28879034.823933393
3132305,31,2022,2025,757.17,1611.89,2259.0,10482.0,1061.1437691157585,11122908.98787138
3132404,31,2022,2025,1765.13,1611.89,2259.0,96855.0,2473.759791300895,239596004.58644816
3132503,31,2022,2025,1041.12,1611.89,2259.0,34210.0,1459.0884489636387,49915415.83904608
3132602,31,2022,2025,1027.88,1611.89,2259.0,3710.0,1440.5331133017762,5344377.85034959
3132701,31,2022,2025,1048.66,1611.89,2259.0,21210.0,1469.6554603601983,31171392.314239804
3132800,31,2022,2025,1014.0,1611.89,2259.0,2168.0,1421.0808429855635,3080903.2675927016
3132909,31,2022,2025,1412.13,1611.89,2259.0,11092.0,1979.0442710110492,21951559.05405456
3133006,31,2022,2025,1160.67,1611.89,2259.0,15245.0,1626.6330394753986,24798020.68680245
3133105,31,2022,2025,1483.59,1611.89,2259.0,15751.0,2079.1926310108006,32749363.13105112
3133204,31,2022,2025,1161.06,1611.89,2259.0,11264.0,1627.1796090303928,18328551.116118345
3133303,31,2022,2025,1044.53,1611.89,2259.0,19263.0,1463.8674289188468,28198478.283263747
3133402,31,2022,2025,1635.17,1611.89,2259.0,14014.0,2291.6259980519762,32114846.736700393
3133501,31,2022,2025,1320.83,1611.89,2259.0,21456.0,1851.0909367264512,39717007.13840274
3133600,31,2022,2025,1207.05,1611.89,2259.0,13561.0,1691.6327727078149,22940232.030690677
3133709,31,2022,2025,1307.86,1611.89,2259.0,13779.0,1832.9139953718925,25255721.94222931
3133758,31,2022,2025,1532.93,1611.89,2259.0,14634.0,2148.3406870195854,31438817.613844614
3133808,31,2022,2025,1859.49,1611.89,2259.0,103272.0,2606.001594401603,269126996.6570424
3133907,31,2022,2025,1084.27,1611.89,2259.0,5747.0,1519.5614651123835,8732919.740000868
3134004,31,2022,2025,685.0,1611.89,2259.0,13954.0,960.0003722338373,13395845.194150966
3134103,31,2022,2025,1287.31,1611.89,2259.0,6234.0,1804.1139842048774,11246846.577533206
3134202,31,2022,2025,1700.41,1611.89,2259.0,106775.0,2383.057274379765,254450940.47189942
3134301,31,2022,2025,1162.49,1611.89,2259.0,6876.0,1629.1836973987058,11202267.103313502
3134400,31,2022,2025,1765.14,1611.89,2259.0,40259.0,2473.7738059048693,99591659.65192413
3134509,31,2022,2025,1471.5,1611.89,2259.0,4366.0,2062.248974805973,9003779.024002878
3134608,31,2022,2025,1322.35,1611.89,2259.0,21407.0,1853.2211565305322,39671905.297849104
3134707,31,2022,2025,903.94,1611.89,2259.0,11115.0,1266.8361116453357,14080883.380937906
3134806,31,2022,2025,1127.99,1611.89,2259.0,7668.0,1580.8333136876586,12121829.849356966
3134905,31,2022,2025,1537.09,1611.89,2259.0,26888.0,2154.1707622728595,57921343.45599265
3135001,31,2022,2025,1331.52,1611.89,2259.0,3181.0,1866.072548374889,5935976.776380522
3135050,31,2022,2025,865.12,1611.89,2259.0,39639.0,1212.4314190174266,48059569.018431775
3135076,31,2022,2025,912.29,1611.89,2259.0,4266.0,1278.5383059638064,5454244.413241598
3135100,31,2022,2025,1239.96,1611.89,2259.0,73555.0,1737.7548343869619,127820556.84333298
3135209,31,2022,2025,973.95,1611.89,2259.0,67123.0,1364.952354068826,91619696.86216182
3135308,31,2022,2025,1480.3,1611.89,2259.0,4706.0,2074.5818263032834,9762982.074583251
3135357,31,2022,2025,741.5,1611.89,2259.0,8385.0,1039.182884688161,8713548.488110231
3135407,31,2022,2025,1320.57,1611.89,2259.0,6476.0,1850.7265570231218,11985305.183281736
3135456,31,2022,2025,747.96,1611.89,2259.0,6072.0,1048.236318855505,6364890.928090626
3135506,31,2022,2025,904.68,1611.89,2259.0,12636.0,1267.8731923394275,16020845.658401007
3135605,31,2022,2025,954.71,1611.89,2259.0,6379.0,1337.9882560224332,8535027.085167103
3135704,31,2022,2025,1110.23,1611.89,2259.0,6142.0,1555.94337702945,9556604.221714882
3135803,31,2022,2025,877.23,1611.89,2259.0,24516.0,1229.403104430203,30140046.508210856
3135902,31,2022,2025,1172.13,1611.89,2259.0,5320.0,1642.6937756298507,8739130.886350807
3136009,31,2022,2025,767.77,1611.89,2259.0,14035.0,1075.999249328428,15101649.464324487
3136108,31,2022,2025,1037.96,1611.89,2259.0,4246.0,1454.6598341077865,6176485.655621662
3136207,31,2022,2025,1607.09,1611.89,2259.0,83791.0,2252.272990092376,188720206.11283028
3136306,31,2022,2025,1319.21,1611.89,2259.0,48725.0,1848.8205708826285,90083782.31625608
3136405,31,2022,2025,982.06,1611.89,2259.0,3868.0,1376.3181978919154,5323598.789445928
3136504,31,2022,2025,916.01,1611.89,2259.0,10541.0,1283.751738642215,13532027.07702759
3136520,31,2022,2025,935.5,1611.89,2259.0,3963.0,1311.066201787963,5195755.357685698
3136553,31,2022,2025,839.6,1611.89,2259.0,4349.0,1176.6661496752258,5117321.084937557
3136579,31,2022,2025,729.18,1611.89,2259.0,3557.0,1021.9168925919261,3634958.386949481
3136603,31,2022,2025,1219.03,1611.89,2259.0,6107.0,1708.4222682689265,10433334.792318335
3136652,31,2022,2025,1183.0,1611.89,2259.0,33249.0,1657.9276501498239,55124436.439831495
3136702,31,2022,2025,1983.62,1611.89,2259.0,567730.0,2779.9648735335536,1578269457.6512043
3136801,31,2022,2025,885.82,1611.89,2259.0,3798.0,1241.441649244055,4714995.383828921
3136900,31,2022,2025,1433.99,1611.89,2259.0,11652.0,2009.6801952986866,23416793.635620296
3136959,31,2022,2025,678.48,1611.89,2259.0,5937.0,950.862850442648,5645272.743078001
3137007,31,2022,2025,759.02,1611.89,2259.0,14263.0,1063.7364708509886,15172073.283747649
3137106,31,2022,2025,1507.22,1611.89,2259.0,6622.0,2112.309140201875,13987711.126416815
3137205,31,2022,2025,1462.44,1611.89,2259.0,53927.0,2049.551743605333,110526176.87740478
3137304,31,2022,2025,841.04,1611.89,2259.0,3237.0,1178.684252647513,3815400.9258199995
3137403,31,2022,2025,1077.38,1611.89,2259.0,13152.0,1509.9054029741485,19858275.859916
3137502,31,2022,2025,1516.86,1611.89,2259.0,19614.0,2125.819218433019,41695818.150345236
3137536,31,2022,2025,1274.2,1611.89,2259.0,9235.0,1785.7408383946793,16491316.642574864
3137601,31,2022,2025,2311.42,1611.89,2259.0,81299.0,3239.3635918083737,263357020.65042898
3137700,31,2022,2025,1298.14,1611.89,2259.0,21502.0,1819.2918003089542,39118412.290243134
3137809,31,2022,2025,1264.21,1611.89,2259.0,21010.0,1771.740249024437,37224262.63200342
3137908,31,2022,2025,991.2,1611.89,2259.0,3213.0,1389.1275459243498,4463266.805054936
3138005,31,2022,2025,1210.39,1611.89,2259.0,6018.0,1696.3136504352035,10208415.548319055
3138104,31,2022,2025,973.84,1611.89,2259.0,7398.0,1364.7981934251097,10096777.034958962
3138203,31,2022,2025,1886.69,1611.89,2259.0,110682.0,2644.121317211472,292656635.63160014
3138302,31,2022,2025,1435.77,1611.89,2259.0,3272.0,2012.1747948060972,6583835.92860555
3138351,31,2022,2025,956.16,1611.89,2259.0,4364.0,1340.0203735986945,5847848.9103847025
3138401,31,2022,2025,1401.68,1611.89,2259.0,52739.0,1964.3990098579927,103600439.38090068
3138500,31,2022,2025,1231.78,1611.89,2259.0,4744.0,1726.2908883360524,8189523.974266233
3138609,31,2022,2025,1266.34,1611.89,2259.0,17782.0,1774.725359670945,31558166.345668744
3138625,31,2022,2025,1567.05,1611.89,2259.0,9191.0,2196.1585157796126,20184892.91853042
3138658,31,2022,2025,846.8,1611.89,2259.0,8963.0,1186.756664536662,10636899.9842421
3138674,31,2022,2025,974.3,1611.89,2259.0,7239.0,1365.4428652079234,9884440.901240157
3138682,31,2022,2025,592.92,1611.89,2259.0,6323.0,830.9538988392508,5254121.502360582
3138708,31,2022,2025,1304.11,1611.89,2259.0,5744.0,1827.6585188815611,10498070.532455686
3138807,31,2022,2025,1754.4,1611.89,2259.0,18336.0,2458.7221212365607,45083128.814993575
3138906,31,2022,2025,941.72,1611.89,2259.0,6556.0,1319.783285459926,8652499.219475275
3139003,31,2022,2025,1431.7,1611.89,2259.0,38809.0,2006.4708509885909,77869127.25601622
3139102,31,2022,2025,1570.26,1611.89,2259.0,5360.0,2200.657203655336,11795522.611592602
3139201,31,2022,2025,972.9,1611.89,2259.0,17691.0,1363.4808206515331,24121339.198146272
3139250,31,2022,2025,795.96,1611.89,2259.0,6082.0,1115.5064179317446,6784510.033860871
3139300,31,2022,2025,833.49,1611.89,2259.0,19148.0,1168.1032266469795,22366840.58383636
3139409,31,2022,2025,1343.65,1611.89,2259.0,97328.0,1883.072262995614,183275657.21283713
3139508,31,2022,2025,1249.19,1611.89,2259.0,20939.0,1750.6903138551638,36657704.481813274
3139607,31,2022,2025,1387.38,1611.89,2259.0,27350.0,1944.3581261748632,53178194.75088251
3139706,31,2022,2025,1202.04,1611.89,2259.0,7532.0,1684.6114561167324,12688493.487471228
3139805,31,2022,2025,1304.13,1611.89,2259.0,13180.0,1827.6865480895099,24088908.70381974
3139904,31,2022,2025,1275.1,1611.89,2259.0,14567.0,1787.0021527523588,26031260.35914361
3140001,31,2022,2025,1553.36,1611.89,2259.0,64506.0,2176.97252293891,140427789.56469733
3140100,31,2022,2025,976.08,1611.89,2259.0,4323.0,1367.9374647153343,5913593.65996439
3140159,31,2022,2025,1367.25,1611.89,2259.0,16705.0,1916.146728374765,32009231.097500447
3140209,31,2022,2025,1385.29,1611.89,2259.0,3567.0,1941.4290739442515,6925077.506759145
3140308,31,2022,2025,1319.11,1611.89,2259.0,4796.0,1848.680424842886,8866271.317546481
3140407,31,2022,2025,1119.38,1611.89,2259.0,3314.0,1568.7667396658583,5198892.975252654
3140506,31,2022,2025,1396.61,1611.89,2259.0,14546.0,1957.2936056430647,28470792.78768402
3140530,31,2022,2025,910.71,1611.89,2259.0,8797.0,1276.3239985358803,11227822.215120139
3140555,31,2022,2025,860.93,1611.89,2259.0,9532.0,1206.55929995223,11500923.247144656
3140605,31,2022,2025,949.39,1611.89,2259.0,3949.0,1330.53248670815,5254272.790010484
3140704,31,2022,2025,1176.11,1611.89,2259.0,40814.0,1648.2715880115886,67272556.59310497
3140803,31,2022,2025,1435.48,1611.89,2259.0,14547.0,2011.768371290845,29265194.497167923
3140852,31,2022,2025,742.96,1611.89,2259.0,8922.0,1041.2290168683967,9289845.288499836
3140902,31,2022,2025,906.79,1611.89,2259.0,19115.0,1270.830273777987,24291920.683266222
3141009,31,2022,2025,970.08,1611.89,2259.0,12210.0,1359.5287023308042,16599845.45545912
3141108,31,2022,2025,1233.49,1611.89,2259.0,39529.0,1728.6873856156435,68333283.66600077
3141207,31,2022,2025,1804.53,1611.89,2259.0,3912.0,2528.9773309593083,9893359.318712814
3141306,31,2022,2025,1685.36,1611.89,2259.0,4068.0,2361.965295398569,9608474.82168138
3141405,31,2022,2025,825.27,1611.89,2259.0,20455.0,1156.5832221801736,23657909.809695452
3141504,31,2022,2025,1068.8,1611.89,2259.0,5614.0,1497.8808727642704,8409103.219698614
3141603,31,2022,2025,1172.23,1611.89,2259.0,10615.0,1642.8339216695929,17438682.078522727
3141702,31,2022,2025,1148.49,1611.89,2259.0,4984.0,1609.5632518348025,8022063.247144655
3141801,31,2022,2025,976.97,1611.89,2259.0,23843.0,1369.1847644690395,32645472.33923531
3141900,31,2022,2025,1349.72,1611.89,2259.0,3811.0,1891.5791276079633,7208808.055313949
3142007,31,2022,2025,881.64,1611.89,2259.0,14071.0,1235.5835447828324,17385896.058639236
3142106,31,2022,2025,1079.43,1611.89,2259.0,8961.0,1512.778396788863,13556007.213625
3142205,31,2022,2025,1161.72,1611.89,2259.0,13921.0,1628.104572892691,22664843.759239152
3142254,31,2022,2025,775.27,1611.89,2259.0,3982.0,1086.5102023090906,4326483.6255947985
3142304,31,2022,2025,1551.75,1611.89,2259.0,5314.0,2174.7161716990613,11556441.736408811
3142403,31,2022,2025,1289.48,1611.89,2259.0,7812.0,1807.1551532672825,14117496.05732401
3142502,31,2022,2025,1008.05,1611.89,2259.0,2187.0,1412.7421536209047,3089667.0899689184
3142601,31,2022,2025,1350.5,1611.89,2259.0,8565.0,1892.6722667179522,16210737.96443926
3142700,31,2022,2025,803.08,1611.89,2259.0,14068.0,1125.4848159613869,15833320.39094479
3142809,31,2022,2025,1418.59,1611.89,2259.0,20708.0,1988.097705178393,41169527.278834164
3142908,31,2022,2025,951.14,1611.89,2259.0,20497.0,1332.9850424036379,27322194.414147366
3143005,31,2022,2025,1358.18,1611.89,2259.0,13347.0,1903.4354825701505,25405153.3858638
3143104,31,2022,2025,1490.73,1611.89,2259.0,49500.0,2089.1990582483913,103415353.38329537
3143153,31,2022,2025,590.22,1611.89,2259.0,4437.0,827.1699557662124,3670153.0937346844
3143203,31,2022,2025,1325.93,1611.89,2259.0,21294.0,1858.2383847533022,39569328.16493682
3143302,31,2022,2025,1517.61,1611.89,2259.0,437601.0,2126.8703137310854,930720576.1590368
3143401,31,2022,2025,1480.8,1611.89,2259.0,25107.0,2075.2825565019943,52104119.146095574
3143450,31,2022,2025,840.43,1611.89,2259.0,6951.0,1177.829361805086,8187091.893907152
3143500,31,2022,2025,1429.84,1611.89,2259.0,9414.0,2003.8641346493864,18864376.963589326
3143609,31,2022,2025,1035.11,1611.89,2259.0,2426.0,1450.6656719751345,3519314.9202116765
3143708,31,2022,2025,866.26,1611.89,2259.0,3161.0,1214.0290838704875,3837545.9341146112
3143807,31,2022,2025,1280.96,1611.89,2259.0,7930.0,1795.21471068125,14236052.655702312
3143906,31,2022,2025,1569.08,1611.89,2259.0,108447.0,2199.0034803863787,238475330.4374616
3144003,31,2022,2025,1238.2,1611.89,2259.0,28749.0,1735.2882640874998,49887802.30425153
3144102,31,2022,2025,1798.02,1611.89,2259.0,22620.0,2519.8538237720936,56999093.493724756
3144201,31,2022,2025,889.64,1611.89,2259.0,2400.0,1246.7952279622057,2992308.5471092938
3144300,31,2022,2025,1211.08,1611.89,2259.0,35263.0,1697.2806581094242,59851207.84691262
3144359,31,2022,2025,923.24,1611.89,2259.0,6443.0,1293.8842973155736,8336496.527604241
3144375,31,2022,2025,1143.35,1611.89,2259.0,3642.0,1602.3597453920552,5835794.192717865
3144409,31,2022,2025,1484.28,1611.89,2259.0,4805.0,2080.159638685022,9995167.063881531
3144508,31,2022,2025,1296.31,1611.89,2259.0,8407.0,1816.7271277816722,15273224.963260518
3144607,31,2022,2025,1284.35,1611.89,2259.0,25757.0,1799.965661428509,46361715.541414104
3144656,31,2022,2025,854.27,1611.89,2259.0,10965.0,1197.2255737054018,13127578.41567973
3144672,31,2022,2025,924.7,1611.89,2259.0,3126.0,1295.9304294958092,4051078.5226038997
3144706,31,2022,2025,1342.77,1611.89,2259.0,17813.0,1881.8389778458825,33521197.712368704
3144805,31,2022,2025,4299.91,1611.89,2259.0,120959.0,6026.15357747737,728917510.5780852
3144904,31,2022,2025,1067.6,1611.89,2259.0,3726.0,1496.1991202873642,5574837.922190719
3145000,31,2022,2025,1505.83,1611.89,2259.0,15220.0,2110.3611102494583,32119696.097996756
3145059,31,2022,2025,867.32,1611.89,2259.0,6746.0,1215.5146318917543,8199861.706741774
3145109,31,2022,2025,1312.37,1611.89,2259.0,16919.0,1839.234581764264,31118009.888869584
3145208,31,2022,2025,1430.91,1611.89,2259.0,114791.0,2005.363697274628,230197704.17385182
3145307,31,2022,2025,783.61,1611.89,2259.0,27268.0,1098.198382023587,29945673.481019173
3145356,31,2022,2025,834.08,1611.89,2259.0,10503.0,1168.9300882814584,12277272.717220157
3145372,31,2022,2025,807.48,1611.89,2259.0,4612.0,1131.6512417100423,5219175.526766716
3145406,31,2022,2025,960.76,1611.89,2259.0,1986.0,1346.4670914268343,2674083.643573693
3145455,31,2022,2025,939.63,1611.89,2259.0,5530.0,1316.8542332293148,7282203.9097581105
3145505,31,2022,2025,1089.87,1611.89,2259.0,2618.0,1527.4096433379445,3998758.4462587386
3145604,31,2022,2025,1428.74,1611.89,2259.0,40576.0,2002.3225282122228,81246238.90473916
3145703,31,2022,2025,1134.36,1611.89,2259.0,2058.0,1589.7606164192343,3271727.3485907842
3145802,31,2022,2025,1216.35,1611.89,2259.0,3024.0,1704.6663544038363,5154911.055717201
3145851,31,2022,2025,1169.9,1611.89,2259.0,5102.0,1639.5685189436006,8365078.58365025
3145877,31,2022,2025,923.59,1611.89,2259.0,8828.0,1294.3748084546712,11426740.809037838
3145901,31,2022,2025,1833.06,1611.89,2259.0,40638.0,2568.960996097748,104397436.9594203
3146008,31,2022,2025,1461.23,1611.89,2259.0,33285.0,2047.8559765244527,68162886.1786164
3146107,31,2022,2025,1611.45,1611.89,2259.0,77914.0,2258.3833574251344,175959680.9104219
3146206,31,2022,2025,835.85,1611.89,2259.0,5847.0,1171.4106731848947,6849238.206112079
3146255,31,2022,2025,707.54,1611.89,2259.0,5045.0,991.5892895917215,5002567.965990235
3146305,31,2022,2025,829.05,1611.89,2259.0,17463.0,1161.8807424824272,20289923.405970626
3146404,31,2022,2025,1322.83,1611.89,2259.0,4253.0,1853.8938575212946,7884610.576038066
3146503,31,2022,2025,1405.87,1611.89,2259.0,8353.0,1970.2711289231893,16457674.7398954
3146552,31,2022,2025,752.74,1611.89,2259.0,5616.0,1054.9352995551806,5924516.642301894
3146602,31,2022,2025,1334.26,1611.89,2259.0,1495.0,1869.9125498638243,2795519.262046417
3146701,31,2022,2025,1296.82,1611.89,2259.0,5699.0,1817.4418725843573,10357601.231858252
3146750,31,2022,2025,795.77,1611.89,2259.0,6342.0,1115.2401404562345,7072852.970773439
3146909,31,2022,2025,1141.6,1611.89,2259.0,14202.0,1599.9071896965672,22721881.908070646
3147006,31,2022,2025,1559.79,1611.89,2259.0,99005.0,2185.983913294331,216423337.33570525
3147105,31,2022,2025,1716.59,1611.89,2259.0,102844.0,2405.7329036100477,247415194.73887175
3147204,31,2022,2025,1407.18,1611.89,2259.0,22452.0,1972.1070420438118,44277747.30796766
3147303,31,2022,2025,1498.2,1611.89,2259.0,21076.0,2099.6679674171314,44252602.081283465
3147402,31,2022,2025,1220.57,1611.89,2259.0,24899.0,1710.5805172809557,42591744.29977851
3147501,31,2022,2025,1171.67,1611.89,2259.0,1609.0,1642.0491038470368,2642057.0080898823
3147600,31,2022,2025,1257.17,1611.89,2259.0,15847.0,1761.8739678265886,27920416.76814795
3147709,31,2022,2025,1242.12,1611.89,2259.0,8716.0,1740.7819888453923,15172655.81477644
3147808,31,2022,2025,1285.86,1611.89,2259.0,2311.0,1802.081866628616,4164611.1937787314
3147907,31,2022,2025,1683.36,1611.89,2259.0,116951.0,2359.1623746037258,275906398.87228036
3147956,31,2022,2025,744.88,1611.89,2259.0,4825.0,1043.9198208314463,5036913.135511728
3148004,31,2022,2025,2004.61,1611.89,2259.0,169173.0,2809.381527275434,475271501.113767
3148103,31,2022,2025,1660.45,1611.89,2259.0,94357.0,2327.0549168987955,219573920.79381964
3148202,31,2022,2025,1451.69,1611.89,2259.0,5754.0,2034.48604433305,11706432.69909237
3148301,31,2022,2025,1095.6,1611.89,2259.0,8757.0,1535.4400114151708,13445848.179962652
3148400,31,2022,2025,1000.87,1611.89,2259.0,4402.0,1402.6796679674171,6174595.89839257
3148509,31,2022,2025,804.53,1611.89,2259.0,8143.0,1127.5169335376484,9181370.389797071
3148608,31,2022,2025,982.01,1611.89,2259.0,17863.0,1376.2481248720444,24583920.25458933
3148707,31,2022,2025,900.24,1611.89,2259.0,25045.0,1261.6507081748753,31598041.98623975
3148756,31,2022,2025,802.06,1611.89,2259.0,7599.0,1124.0553263560166,8541696.42497937
3148806,31,2022,2025,1138.31,1611.89,2259.0,3366.0,1595.29638498905,5369767.631873142
3148905,31,2022,2025,1187.01,1611.89,2259.0,4247.0,1663.5475063434849,7065086.259440781
3149002,31,2022,2025,1009.99,1611.89,2259.0,2916.0,1415.4609867919025,4127484.2374851876
3149101,31,2022,2025,1200.49,1611.89,2259.0,10891.0,1682.439192500729,18323445.24552544
3149150,31,2022,2025,777.73,1611.89,2259.0,10601.0,1089.9577948867477,11554642.583594412
3149200,31,2022,2025,1741.6,1611.89,2259.0,3398.0,2440.783428149563,8293782.088852215
3149309,31,2022,2025,1581.33,1611.89,2259.0,65174.0,2216.171370254794,144436752.88498595
3149408,31,2022,2025,1111.61,1611.89,2259.0,1857.0,1557.8773923778915,2892978.3176457444
3149507,31,2022,2025,1306.63,1611.89,2259.0,3461.0,1831.190199083064,6337749.279026485
3149606,31,2022,2025,1495.68,1611.89,2259.0,4265.0,2096.1362872156287,8940021.264974657
3149705,31,2022,2025,1374.87,1611.89,2259.0,13118.0,1926.8258566031177,25276101.5869197
3149804,31,2022,2025,1572.06,1611.89,2259.0,17992.0,2203.179832370695,39639611.544013545
3149903,31,2022,2025,1430.63,1611.89,2259.0,22075.0,2004.97128836335,44259741.19062095
3149952,31,2022,2025,873.94,1611.89,2259.0,6624.0,1224.7922997226858,8113024.1933630705
3150000,31,2022,2025,965.48,1611.89,2259.0,3559.0,1353.0819845026647,4815618.782844984
3150109,31,2022,2025,1225.92,1611.89,2259.0,2854.0,1718.0783304071617,4903395.554982039
3150158,31,2022,2025,1075.94,1611.89,2259.0,8966.0,1507.8873000018611,13519717.531816687
3150208,31,2022,2025,1126.56,1611.89,2259.0,4054.0,1578.8292253193454,6400573.679444626
3150307,31,2022,2025,1286.04,1611.89,2259.0,4694.0,1802.3341295001517,8460156.403873712
3150406,31,2022,2025,1087.06,1611.89,2259.0,5199.0,1523.4715396211898,7920528.534490566
3150505,31,2022,2025,1514.49,1611.89,2259.0,8817.0,2122.4977572911303,18714062.726035897
3150539,31,2022,2025,929.14,1611.89,2259.0,4864.0,1302.1529136603615,6333671.772043998
3150570,31,2022,2025,795.88,1611.89,2259.0,7228.0,1115.394301099951,8062070.008350446
3150604,31,2022,2025,1357.43,1611.89,2259.0,6905.0,1902.3843872720843,13135964.194113743
3150703,31,2022,2025,1418.83,1611.89,2259.0,5814.0,1988.434055673774,11560755.599687323
3150802,31,2022,2025,970.68,1611.89,2259.0,17358.0,1360.369578569257,23613295.144805163
3150901,31,2022,2025,1241.17,1611.89,2259.0,6320.0,1739.450601467842,10993327.801276762
3151008,31,2022,2025,1409.41,1611.89,2259.0,9518.0,1975.2322987300622,18800261.019312732
3151107,31,2022,2025,1352.97,1611.89,2259.0,11454.0,1896.1338738995835,21718317.39164583
3151206,31,2022,2025,1339.03,1611.89,2259.0,57713.0,1876.5975159595255,108304072.4385721
3151305,31,2022,2025,1245.52,1611.89,2259.0,12006.0,1745.5469541966263,20957036.732084695
3151404,31,2022,2025,1309.25,1611.89,2259.0,27834.0,1834.8620253243084,51071549.6128768
3151503,31,2022,2025,1708.76,1611.89,2259.0,38007.0,2394.759468698236,91017623.12681386
3151602,31,2022,2025,1330.63,1611.89,2259.0,11533.0,1864.8252486211838,21507029.592348114
3151701,31,2022,2025,1458.51,1611.89,2259.0,16824.0,2044.0440042434655,34388996.327392064
3151800,31,2022,2025,1994.5,1611.89,2259.0,172339.0,2795.2127626575016,481724172.3036312
3151909,31,2022,2025,1000.98,1611.89,2259.0,8438.0,1402.8338286111334,11837111.845820744
3152006,31,2022,2025,1419.04,1611.89,2259.0,32441.0,1988.7283623572328,64516336.803230986
3152105,31,2022,2025,1524.53,1611.89,2259.0,59638.0,2136.5684196812435,127420667.41295001
3152131,31,2022,2025,788.63,1611.89,2259.0,3797.0,1105.2337132186437,4196572.40909119
3152170,31,2022,2025,685.33,1611.89,2259.0,11059.0,960.4628541649864,10621758.704210585
3152204,31,2022,2025,948.26,1611.89,2259.0,38692.0,1328.9488364590634,51419688.38027408
3152303,31,2022,2025,950.39,1611.89,2259.0,10840.0,1331.9339471055716,14438163.986624397
3152402,31,2022,2025,840.81,1611.89,2259.0,13649.0,1178.361916756106,16083461.80180409
3152501,31,2022,2025,1875.32,1611.89,2259.0,162133.0,2628.1867124927876,426115796.2565931
3152600,31,2022,2025,1248.01,1611.89,2259.0,6779.0,1749.036590586206,11856719.047583891
3152709,31,2022,2025,1246.38,1611.89,2259.0,9369.0,1746.752210138409,16365321.456786754
3152808,31,2022,2025,1557.71,1611.89,2259.0,29745.0,2183.068875667694,64935383.70673556
3152907,31,2022,2025,1441.15,1611.89,2259.0,8534.0,2019.7146517442256,17236244.83798522
3153004,31,2022,2025,1414.64,1611.89,2259.0,3691.0,1982.5619366085775,7317636.10802226
3153103,31,2022,2025,1065.38,1611.89,2259.0,4847.0,1493.0878782050886,7236996.945660064
3153202,31,2022,2025,1096.77,1611.89,2259.0,3471.0,1537.0797200801542,5335203.7083982155
3153301,31,2022,2025,842.67,1611.89,2259.0,3162.0,1180.9686330953102,3734222.817847371
3153400,31,2022,2025,1444.15,1611.89,2259.0,19192.0,2023.9190329364906,38843054.08011713
3153509,31,2022,2025,1163.6,1611.89,2259.0,8606.0,1630.7393184398438,14034142.574493296
3153608,31,2022,2025,1218.79,1611.89,2259.0,12052.0,1708.0859177735451,20585851.481006768
3153707,31,2022,2025,1266.0,1611.89,2259.0,3232.0,1774.2488631358217,5734372.325654976
3153806,31,2022,2025,1420.97,1611.89,2259.0,1796.0,1991.4331809242565,3576613.9929399644
3153905,31,2022,2025,1370.14,1611.89,2259.0,16796.0,1920.1969489233138,32251627.95411598
3154002,31,2022,2025,1124.02,1611.89,2259.0,23874.0,1575.2695159098944,37607984.42283282
3154101,31,2022,2025,1221.25,1611.89,2259.0,11383.0,1711.5335103512025,19482385.94832774
3154150,31,2022,2025,1143.36,1611.89,2259.0,8246.0,1602.373759996029,13213174.024927257
3154200,31,2022,2025,1360.95,1611.89,2259.0,11544.0,1907.3175278710085,22018073.54174292
3154309,31,2022,2025,1045.69,1611.89,2259.0,17629.0,1465.493122979856,25835178.26501188
3154408,31,2022,2025,1235.77,1611.89,2259.0,4640.0,1731.882715321765,8035935.79909299
3154457,31,2022,2025,1056.93,1611.89,2259.0,6830.0,1481.2455378468753,10116907.023494158
3154507,31,2022,2025,858.76,1611.89,2259.0,8858.0,1203.5181308898248,10660763.603422068
3154606,31,2022,2025,1126.97,1611.89,2259.0,346971.0,1579.4038240822883,548007324.2456557
3154705,31,2022,2025,1337.9,1611.89,2259.0,4217.0,1875.0138657104394,7906933.471700923
3154804,31,2022,2025,1428.13,1611.89,2259.0,10698.0,2001.4676373697957,21411700.784582075
3154903,31,2022,2025,1235.03,1611.89,2259.0,12851.0,1730.845634627673,22243097.250600226
3155009,31,2022,2025,1332.87,1611.89,2259.0,2545.0,1867.9645199114082,4753969.703174533
3155108,31,2022,2025,839.03,1611.89,2259.0,4649.0,1175.8673172486954,5466607.157889185
3155207,31,2022,2025,959.91,1611.89,2259.0,5447.0,1345.2758500890259,7327717.555434924
3155306,31,2022,2025,1284.38,1611.89,2259.0,5746.0,1800.0077052404322,10342844.274311524
3155405,31,2022,2025,1292.52,1611.89,2259.0,8683.0,1811.4155928754442,15728521.592937483
3155504,31,2022,2025,1446.33,1611.89,2259.0,15297.0,2026.9742166028695,31006624.591374096
3155603,31,2022,2025,805.02,1611.89,2259.0,29103.0,1128.2036491323847,32834110.800699793
3155702,31,2022,2025,1311.82,1611.89,2259.0,15036.0,1838.4637785456823,27643141.37421288
3155801,31,2022,2025,1509.58,1611.89,2259.0,17885.0,2115.6165867397895,37837802.65384114
3155900,31,2022,2025,1203.03,1611.89,2259.0,5235.0,1685.9989019101797,8826204.25149979
3156007,31,2022,2025,904.3,1611.89,2259.0,12770.0,1267.3406373884072,16183939.93944996
3156106,31,2022,2025,1335.21,1611.89,2259.0,5122.0,1871.243937241375,9584511.446550323
3156205,31,2022,2025,1125.9,1611.89,2259.0,2374.0,1577.9042614570474,3745944.7166990303
3156304,31,2022,2025,1186.6,1611.89,2259.0,9168.0,1662.9729075805417,15246135.616698407
3156403,31,2022,2025,1291.69,1611.89,2259.0,3430.0,1810.2523807455843,6209165.665957354
3156452,31,2022,2025,1075.93,1611.89,2259.0,4926.0,1507.873285397887,7427783.803869992
3156502,31,2022,2025,828.98,1611.89,2259.0,5460.0,1161.7826402546077,6343333.215790158
3156601,31,2022,2025,812.9,1611.89,2259.0,10602.0,1139.2471570640676,12078298.359193245
3156700,31,2022,2025,1462.1,1611.89,2259.0,134576.0,2049.075247070209,275756350.44972044
3156809,31,2022,2025,984.74,1611.89,2259.0,14309.0,1380.0741117570055,19747480.465130992
3156908,31,2022,2025,1829.52,1611.89,2259.0,28076.0,2563.9998262908757,71986859.12294263
3157005,31,2022,2025,1106.52,1611.89,2259.0,41736.0,1550.7439589550154,64721849.87094652
3157104,31,2022,2025,810.38,1611.89,2259.0,6126.0,1135.7154768625649,6957393.011260073
3157203,31,2022,2025,1324.19,1611.89,2259.0,31916.0,1855.7998436617884,59229707.81030964
3157252,31,2022,2025,1083.66,1611.89,2259.0,8785.0,1518.7065742699565,13341837.254961567
3157278,31,2022,2025,953.43,1611.89,2259.0,3218.0,1336.1943867137334,4299873.536444794
3157302,31,2022,2025,1035.66,1611.89,2259.0,4245.0,1451.4364751937167,6161347.837197327
3157336,31,2022,2025,1112.25,1611.89,2259.0,8339.0,1558.7743270322414,12998619.113121862
3157377,31,2022,2025,783.39,1611.89,2259.0,3919.0,1097.8900607361545,4302631.148024989
3157401,31,2022,2025,912.04,1611.89,2259.0,4728.0,1278.187940864451,6043272.584407125
3157500,31,2022,2025,915.08,1611.89,2259.0,4038.0,1282.4483804726128,5178526.56034841
3157609,31,2022,2025,924.03,1611.89,2259.0,3528.0,1294.9914510295366,4568729.839232205
3157658,31,2022,2025,673.3,1611.89,2259.0,6056.0,943.6032855840039,5714461.497496727
3157708,31,2022,2025,1600.94,1611.89,2259.0,16820.0,2243.654008648233,37738260.425463274
3157807,31,2022,2025,1305.74,1611.89,2259.0,230382.0,1829.9428993293586,421585905.0332963
3157906,31,2022,2025,933.07,1611.89,2259.0,16989.0,1307.6606530222284,22215846.834194638
3158003,31,2022,2025,1194.25,1611.89,2259.0,10718.0,1673.6940796208178,17938653.145375926
3158102,31,2022,2025,791.94,1611.89,2259.0,4777.0,1109.8725471341097,5301861.157659642
3158201,31,2022,2025,1032.69,1611.89,2259.0,12817.0,1447.2741378133744,18549712.62435402
3158300,31,2022,2025,1385.2,1611.89,2259.0,6756.0,1941.302942508484,13115442.679587318
3158409,31,2022,2025,1005.32,1611.89,2259.0,3548.0,1408.9161667359435,4998834.5595791275
3158508,31,2022,2025,910.44,1611.89,2259.0,7030.0,1275.9456042285765,8969897.597726893
3158607,31,2022,2025,1164.44,1611.89,2259.0,3815.0,1631.916545173678,6225761.619837582
3158706,31,2022,2025,1087.43,1611.89,2259.0,2171.0,1523.9900799682362,3308582.4636110407
3158805,31,2022,2025,1217.31,1611.89,2259.0,4246.0,1706.0117563853612,7243725.917612243
3158904,31,2022,2025,829.24,1611.89,2259.0,9264.0,1162.1470199579376,10766129.992890334
3158953,31,2022,2025,1389.43,1611.89,2259.0,49025.0,1947.2311199895776,95463005.65748905
3159001,31,2022,2025,1345.61,1611.89,2259.0,5654.0,1885.8191253745601,10662421.334867762
3159100,31,2022,2025,938.09,1611.89,2259.0,3490.0,1314.6959842172853,4588288.984918325
3159209,31,2022,2025,1494.51,1611.89,2259.0,8561.0,2094.4965785506456,17930985.208972078
3159308,31,2022,2025,1178.73,1611.89,2259.0,4826.0,1651.9434142528337,7972278.917184175
3159357,31,2022,2025,1018.16,1611.89,2259.0,6969.0,1426.9109182388374,9944142.189206459
3159407,31,2022,2025,965.3,1611.89,2259.0,3331.0,1352.8297216311285,4506275.802753289
3159506,31,2022,2025,1088.91,1611.89,2259.0,5984.0,1526.06424135642,9131968.420276817
3159605,31,2022,2025,1701.65,1611.89,2259.0,42517.0,2384.795085272568,101394332.64053378
3159704,31,2022,2025,1205.38,1611.89,2259.0,3487.0,1689.2923338441208,5890562.368114449
3159803,31,2022,2025,1529.62,1611.89,2259.0,21914.0,2143.70185310412,46977082.408923686
3159902,31,2022,2025,1176.11,1611.89,2259.0,17657.0,1648.2715880115886,29103531.429520622
3160009,31,2022,2025,1154.37,1611.89,2259.0,3896.0,1617.8038389716417,6302963.7566335155
3160108,31,2022,2025,1170.3,1611.89,2259.0,4352.0,1640.129103102569,7137841.85670238
3160207,31,2022,2025,719.21,1611.89,2259.0,3969.0,1007.9443324296323,4000531.0554132103
3160306,31,2022,2025,721.83,1611.89,2259.0,10324.0,1011.616158670877,10443925.222118134
3160405,31,2022,2025,1404.17,1611.89,2259.0,28456.0,1967.8886462475725,55998239.317620926
3160454,31,2022,2025,763.14,1611.89,2259.0,6729.0,1069.5104876883656,7196736.071655013
3160504,31,2022,2025,1420.41,1611.89,2259.0,1856.0,1990.6483631017004,3694643.361916756
3160603,31,2022,2025,1070.64,1611.89,2259.0,2692.0,1500.4595598955264,4039237.135238757
3160702,31,2022,2025,1222.91,1611.89,2259.0,43218.0,1713.8599346109227,74069598.65401486
3160801,31,2022,2025,1108.08,1611.89,2259.0,4846.0,1552.9302371749932,7525499.929350017
3160900,31,2022,2025,1526.19,1611.89,2259.0,4161.0,2138.8948439409637,8899941.44563835
3160959,31,2022,2025,1159.89,1611.89,2259.0,5793.0,1625.5399003654095,9416752.642816817
3161007,31,2022,2025,1153.05,1611.89,2259.0,17783.0,1615.9539112470452,28736508.403706204
3161056,31,2022,2025,1061.23,1611.89,2259.0,3244.0,1487.2718175557886,4824709.776150978
3161106,31,2022,2025,813.04,1611.89,2259.0,54223.0,1139.4433615197065,61784037.39168305
3161205,31,2022,2025,1205.09,1611.89,2259.0,6281.0,1688.8859103288682,10607892.402775621
3161304,31,2022,2025,1313.75,1611.89,2259.0,5858.0,1841.1685971127063,10785565.641886232
3161403,31,2022,2025,1258.54,1611.89,2259.0,4848.0,1763.7939685710562,8550873.15963248
3161502,31,2022,2025,1086.63,1611.89,2259.0,10524.0,1522.868911650299,16026672.426207745
3161601,31,2022,2025,918.91,1611.89,2259.0,3200.0,1287.8159737947376,4121011.1161431605
3161650,31,2022,2025,951.67,1611.89,2259.0,3158.0,1333.7278164142715,4211912.444236269
3161700,31,2022,2025,1212.62,1611.89,2259.0,7515.0,1699.4389071214534,12771283.387017723
3161809,31,2022,2025,1395.03,1611.89,2259.0,12275.0,1955.0792982151386,23998598.385590825
3161908,31,2022,2025,1260.15,1611.89,2259.0,12475.0,1766.0503198109052,22031477.73964104
3162005,31,2022,2025,1245.0,1611.89,2259.0,24497.0,1744.8181947899668,42742811.31776982
3162104,31,2022,2025,1594.93,1611.89,2259.0,43851.0,2235.2312316597286,98017124.73951076
3162203,31,2022,2025,1378.85,1611.89,2259.0,7959.0,1932.403668984856,15380000.801450469
3162252,31,2022,2025,949.31,1611.89,2259.0,4962.0,1330.420369876356,6601545.875326479
3162302,31,2022,2025,1052.04,1611.89,2259.0,3012.0,1474.3923965034833,4440869.898268492
3162401,31,2022,2025,816.07,1611.89,2259.0,24197.0,1143.6897865238943,27673861.76451867
3162450,31,2022,2025,657.0,1611.89,2259.0,13547.0,920.7594811060308,12473528.690543398
3162500,31,2022,2025,1691.04,1611.89,2259.0,94468.0,2369.9255904559245,223882130.67919028
3162559,31,2022,2025,930.4,1611.89,2259.0,11676.0,1303.9187537611126,15224555.368914751
3162575,31,2022,2025,1096.76,1611.89,2259.0,5479.0,1537.06570547618,8421583.000303991
3162609,31,2022,2025,1045.13,1611.89,2259.0,7099.0,1464.7083051573,10397964.258311672
3162658,31,2022,2025,772.21,1611.89,2259.0,4050.0,1082.2217334929803,4382998.02064657
3162708,31,2022,2025,807.01,1611.89,2259.0,24706.0,1130.9925553232538,27942302.071816307
3162807,31,2022,2025,1109.19,1611.89,2259.0,15613.0,1554.4858582161314,24270187.70432846
3162906,31,2022,2025,1374.08,1611.89,2259.0,26529.0,1925.7187028891547,51087391.46894638
3162922,31,2022,2025,1067.53,1611.89,2259.0,37017.0,1496.1010180595447,55381171.38551017
3162948,31,2022,2025,1391.61,1611.89,2259.0,8145.0,1950.2863036559565,15885081.943277767
3162955,31,2022,2025,1319.2,1611.89,2259.0,28087.0,1848.8065562786542,51927429.74619856
3163003,31,2022,2025,854.9,1611.89,2259.0,3849.0,1198.1084937557773,4611519.5924659865
3163102,31,2022,2025,1189.68,1611.89,2259.0,4698.0,1667.289405604601,7832925.627530416
3163201,31,2022,2025,910.86,1611.89,2259.0,4252.0,1276.5342175954934,5427823.493216038
3163300,31,2022,2025,1016.23,1611.89,2259.0,3482.0,1424.2060996718137,4959085.639057255
3163409,31,2022,2025,1115.9,1611.89,2259.0,5482.0,1563.889657482831,8573243.10232088
3163508,31,2022,2025,819.84,1611.89,2259.0,6282.0,1148.973292222174,7217850.221739697
3163607,31,2022,2025,1087.61,1611.89,2259.0,2844.0,1524.2423428397717,4334945.223036311
3163706,31,2022,2025,1781.22,1611.89,2259.0,46868.0,2496.30928909541,116997023.76132368
3163805,31,2022,2025,1126.44,1611.89,2259.0,6410.0,1578.6610500716552,10119217.330959309
3163904,31,2022,2025,1414.88,1611.89,2259.0,4973.0,1982.8982871039589,9860953.181767987
3164001,31,2022,2025,1096.96,1611.89,2259.0,7132.0,1537.3459975556643,10964351.654566998
3164100,31,2022,2025,993.57,1611.89,2259.0,5143.0,1392.449007066239,7161365.243341667
3164209,31,2022,2025,726.62,1611.89,2259.0,10562.0,1018.3291539745267,10755592.52427895
3164308,31,2022,2025,2002.71,1611.89,2259.0,7370.0,2806.7187525203335,20685517.206074856
3164407,31,2022,2025,1300.15,1611.89,2259.0,6778.0,1822.1087357077715,12350253.010627275
3164431,31,2022,2025,1261.02,1611.89,2259.0,3239.0,1767.2695903566619,5724186.203165228
3164472,31,2022,2025,921.38,1611.89,2259.0,6415.0,1291.2775809763693,8283545.681963409
3164506,31,2022,2025,756.62,1611.89,2259.0,10218.0,1060.3729658971765,10834890.96553735
3164605,31,2022,2025,1321.95,1611.89,2259.0,9527.0,1852.6605723715638,17650297.27298389
3164704,31,2022,2025,1629.1,1611.89,2259.0,75179.0,2283.1191334396262,171642613.33285767
3164803,31,2022,2025,1044.03,1611.89,2259.0,1229.0,1463.1666987201359,1798231.872727047
3164902,31,2022,2025,1208.85,1611.89,2259.0,2385.0,1694.1554014231738,4040560.6323942696
3165008,31,2022,2025,1406.52,1611.89,2259.0,11559.0,1971.1820781815136,22784893.641700115
3165107,31,2022,2025,1243.41,1611.89,2259.0,6837.0,1742.5898727580668,11914086.960046902
3165206,31,2022,2025,1341.66,1611.89,2259.0,7107.0,1880.2833568047447,13363173.816811321
3165305,31,2022,2025,1395.09,1611.89,2259.0,6928.0,1955.163385838984,13545371.937092481
3165404,31,2022,2025,1269.56,1611.89,2259.0,6469.0,1779.2380621506427,11509891.024052508
3165503,31,2022,2025,845.55,1611.89,2259.0,5140.0,1185.0048390398847,6090924.872665008
3165537,31,2022,2025,1461.78,1611.89,2259.0,39974.0,2048.6267797430346,81891806.89344807
3165552,31,2022,2025,825.56,1611.89,2259.0,9985.0,1156.9896456954257,11552541.612268826
3165560,31,2022,2025,1066.41,1611.89,2259.0,2420.0,1494.5313824144328,3616765.945442927
3165578,31,2022,2025,1195.38,1611.89,2259.0,6517.0,1675.2777298699043,10917784.965562167
3165602,31,2022,2025,1126.28,1611.89,2259.0,2335.0,1578.4368164080674,3685649.9663128373
3165701,31,2022,2025,1233.96,1611.89,2259.0,7977.0,1729.346072002432,13794993.6163634
3165800,31,2022,2025,1282.2,1611.89,2259.0,2149.0,1796.9525215740528,3861650.9688626393
3165909,31,2022,2025,935.44,1611.89,2259.0,4006.0,1310.982114164118,5251794.349341457
3166006,31,2022,2025,885.56,1611.89,2259.0,5577.0,1241.0772695407254,6921487.932228626
3166105,31,2022,2025,961.01,1611.89,2259.0,3066.0,1346.8174565261897,4129342.3217092976
3166204,31,2022,2025,990.54,1611.89,2259.0,10657.0,1388.202582062051,14794074.917035278
3166303,31,2022,2025,996.25,1611.89,2259.0,7552.0,1396.2049209313288,10544139.562873395
3166402,31,2022,2025,1450.73,1611.89,2259.0,1866.0,2033.1406423515252,3793840.438627946
3166501,31,2022,2025,738.71,1611.89,2259.0,3808.0,1035.2728101793546,3942318.861162982
3166600,31,2022,2025,1411.95,1611.89,2259.0,856.0,1978.7920081395132,1693845.9589674233
3166709,31,2022,2025,1016.56,1611.89,2259.0,6859.0,1424.6685816029628,9771801.801214723
3166808,31,2022,2025,1573.89,1611.89,2259.0,12286.0,2205.744504897977,27099776.987176545
3166907,31,2022,2025,1155.32,1611.89,2259.0,7811.0,1619.1352263491924,12647065.253013542
3166956,31,2022,2025,811.29,1611.89,2259.0,4497.0,1136.9908058242188,5113047.653791512
3167004,31,2022,2025,1182.63,1611.89,2259.0,2036.0,1657.4091098027782,3374484.9475584566
3167103,31,2022,2025,923.2,1611.89,2259.0,22624.0,1293.8282388996768,29271570.076866288
3167202,31,2022,2025,1668.6,1611.89,2259.0,238909.0,2338.476819137782,558683158.3833884
3167301,31,2022,2025,1213.4,1611.89,2259.0,2399.0,1700.5320462314426,4079576.3789092307
3167400,31,2022,2025,1597.35,1611.89,2259.0,6348.0,2238.622765821489,14210777.317434812
3167509,31,2022,2025,1350.4,1611.89,2259.0,3084.0,1892.53212067821,5836569.0601715995
3167608,31,2022,2025,1037.28,1611.89,2259.0,20431.0,1453.7068410375398,29700684.469237976
3167707,31,2022,2025,1139.19,1611.89,2259.0,5140.0,1596.529670138781,8206162.5045133345
3167806,31,2022,2025,1255.32,1611.89,2259.0,5733.0,1759.2812660913582,10085959.498501757
3167905,31,2022,2025,1166.15,1611.89,2259.0,4097.0,1634.313042453269,6695780.534931043
3168002,31,2022,2025,1079.79,1611.89,2259.0,34537.0,1513.2829225319344,52264252.29548542
3168051,31,2022,2025,949.47,1611.89,2259.0,3508.0,1330.6446035399438,4667901.269218123
3168101,31,2022,2025,1554.17,1611.89,2259.0,4215.0,2178.1077058608216,9180723.980203364
3168200,31,2022,2025,1331.31,1611.89,2259.0,1698.0,1865.7782416914304,3168091.4543920485
3168309,31,2022,2025,1209.1,1611.89,2259.0,4394.0,1694.5057665225293,7445658.338099994
3168408,31,2022,2025,993.4,1611.89,2259.0,15104.0,1392.2107587986773,21027951.30089522
3168507,31,2022,2025,1233.73,1611.89,2259.0,12691.0,1729.0237361110248,21943040.234985016
3168606,31,2022,2025,1338.49,1611.89,2259.0,142851.0,1875.840727344918,267965723.74194887
3168705,31,2022,2025,1630.44,1611.89,2259.0,84172.0,2284.9970903721714,192332775.09080642
3168804,31,2022,2025,1872.35,1611.89,2259.0,8056.0,2624.0243751124453,21139140.36590586
3168903,31,2022,2025,1633.94,1611.89,2259.0,8231.0,2289.902201763148,18848185.02271247
3169000,31,2022,2025,1244.19,1611.89,2259.0,16603.0,1743.6830118680555,28950369.046045326
3169059,31,2022,2025,1301.34,1611.89,2259.0,3894.0,1823.7764735807032,7101785.588123258
3169109,31,2022,2025,1257.12,1611.89,2259.0,7625.0,1761.8038948067174,13433754.69790122
3169208,31,2022,2025,1491.51,1611.89,2259.0,8653.0,2090.2921973583807,18087298.383742068
3169307,31,2022,2025,1370.02,1611.89,2259.0,78291.0,1920.028773675623,150320972.7198382
3169356,31,2022,2025,1333.18,1611.89,2259.0,29985.0,1868.3989726346092,56023943.194448754
3169406,31,2022,2025,1459.07,1611.89,2259.0,57209.0,2044.8288220660218,116982612.08157504
3169505,31,2022,2025,895.69,1611.89,2259.0,5955.0,1255.274063366607,7475157.047348144
3169604,31,2022,2025,1424.49,1611.89,2259.0,26583.0,1996.3663215231807,53069405.92505071
3169703,31,2022,2025,1093.34,1611.89,2259.0,20769.0,1532.2727109169978,31823771.933035128
3169802,31,2022,2025,1172.12,1611.89,2259.0,5097.0,1642.6797610258761,8372738.7419488905
3169901,31,2022,2025,1507.27,1611.89,2259.0,107423.0,2112.379213221746,226918112.2219196
3170008,31,2022,2025,803.38,1611.89,2259.0,11985.0,1125.9052540806133,13493974.47015615
3170057,31,2022,2025,1088.96,1611.89,2259.0,13485.0,1526.134314376291,20579921.229364283
3170107,31,2022,2025,1939.6,1611.89,2259.0,356781.0,2718.272586839052,969828011.8050239
3170206,31,2022,2025,2079.68,1611.89,2259.0,761835.0,2914.589159309878,2220436032.182841
3170305,31,2022,2025,927.61,1611.89,2259.0,2742.0,1300.0086792523061,3564623.7985098236
3170404,31,2022,2025,1760.5,1611.89,2259.0,91320.0,2467.2710296608325,225311190.42862722
3170438,31,2022,2025,1279.07,1611.89,2259.0,3818.0,1792.5659505301228,6844016.799124009
3170479,31,2022,2025,1091.98,1611.89,2259.0,3365.0,1530.3667247765045,5149684.028872938
3170503,31,2022,2025,1080.19,1611.89,2259.0,10899.0,1513.8435066909033,16499380.379424155
3170529,31,2022,2025,727.87,1611.89,2259.0,18515.0,1020.0809794713039,18886799.33491119
3170578,31,2022,2025,1037.57,1611.89,2259.0,5800.0,1454.1132645527919,8433856.934406193
3170602,31,2022,2025,1496.78,1611.89,2259.0,2207.0,2097.6778936527926,4629575.111291713
3170651,31,2022,2025,881.5,1611.89,2259.0,4724.0,1235.3873403271934,5835969.795705662
3170701,31,2022,2025,1874.49,1611.89,2259.0,143676.0,2627.0235003629277,377440228.438144
3170750,31,2022,2025,1349.13,1611.89,2259.0,7305.0,1890.7522659734846,13811945.302936304
3170800,31,2022,2025,1062.12,1611.89,2259.0,34555.0,1488.5191173094934,51435778.09862954
3170909,31,2022,2025,738.74,1611.89,2259.0,19210.0,1035.3148539912772,19888398.345172435
3171006,31,2022,2025,1572.32,1611.89,2259.0,20459.0,2203.544212074025,45082311.03482248
3171030,31,2022,2025,764.71,1611.89,2259.0,7737.0,1071.7107805123178,8291826.3088238025
3171071,31,2022,2025,898.68,1611.89,2259.0,5240.0,1259.4644299548975,6599593.6129636625
3171105,31,2022,2025,1352.42,1611.89,2259.0,3478.0,1895.363070681002,6592072.759828525
3171154,31,2022,2025,859.63,1611.89,2259.0,5048.0,1204.7374014355817,6081514.402446817
3171204,31,2022,2025,1291.72,1611.89,2259.0,138583.0,1810.2944245575068,250876032.23845297
3171303,31,2022,2025,1864.42,1611.89,2259.0,79517.0,2612.910794160892,207770827.61929163
3171402,31,2022,2025,1216.73,1611.89,2259.0,3781.0,1705.1989093548566,6447357.076270713
3171501,31,2022,2025,907.26,1611.89,2259.0,3053.0,1271.4889601647753,3881855.795383059
3171600,31,2022,2025,959.9,1611.89,2259.0,11774.0,1345.2618354850515,15839112.851000996
3171709,31,2022,2025,987.85,1611.89,2259.0,9164.0,1384.432653592987,12686940.837526133
3171808,31,2022,2025,1116.83,1611.89,2259.0,10511.0,1565.1930156524327,16451743.78752272
3171907,31,2022,2025,927.5,1611.89,2259.0,4471.0,1299.8545186085898,5811649.552699005
3172004,31,2022,2025,1493.02,1611.89,2259.0,40711.0,2092.408402558487,85184038.47655857
3172103,31,2022,2025,1153.24,1611.89,2259.0,4441.0,1616.2201887225553,7177633.858116868
3172202,31,2022,2025,1240.48,1611.89,2259.0,2377.0,1738.483593793621,4132375.502447437
3200102,32,2022,2025,1191.25,1650.72,2229.0,32456.0,1608.5685337307357,52207700.330764756
3200136,32,2022,2025,1242.59,1650.72,2229.0,10143.0,1677.8939553649316,17018878.389266502
3200169,32,2022,2025,965.09,1650.72,2229.0,12585.0,1303.1801940971213,16400522.742712272
3200201,32,2022,2025,1336.26,1650.72,2229.0,30702.0,1804.3784166908983,55398026.14924396
3200300,32,2022,2025,1469.82,1650.72,2229.0,14376.0,1984.7271372492,28532437.3250945
3200359,32,2022,2025,1247.98,1650.72,2229.0,7760.0,1685.17217941262,13076936.112241931
3200409,32,2022,2025,1257.88,1650.72,2229.0,33017.0,1698.540346030823,56080706.60489968
3200508,32,2022,2025,1138.77,1650.72,2229.0,7462.0,1537.7037474556555,11474345.363514101
3200607,32,2022,2025,1507.13,1650.72,2229.0,103363.0,2035.10757124164,210354823.88624963
3200706,32,2022,2025,1103.7,1650.72,2229.0,11046.0,1490.348029950567,16462384.338833963
3200805,32,2022,2025,1257.09,1650.72,2229.0,32829.0,1697.4735933410875,55726360.59579456
3200904,32,2022,2025,1262.47,1650.72,2229.0,45415.0,1704.7383141901714,77420690.53894663
3201001,32,2022,2025,1151.53,1650.72,2229.0,14054.0,1554.9338288746728,21853040.031004652
3201100,32,2022,2025,1133.04,1650.72,2229.0,10820.0,1529.966414655423,16554236.606571676
3201159,32,2022,2025,1016.25,1650.72,2229.0,13718.0,1372.262558156441,18824697.772790056
3201209,32,2022,2025,1516.3,1650.72,2229.0,198342.0,2047.490004361733,406103262.44511485
3201308,32,2022,2025,1244.17,1650.72,2229.0,376200.0,1680.0274607444026,632026330.7320442
3201407,32,2022,2025,1634.05,1650.72,2229.0,39575.0,2206.4901679267227,87321848.39570005
3201506,32,2022,2025,1603.31,1650.72,2229.0,129301.0,2164.9813354172725,279934251.6507887
3201605,32,2022,2025,1122.43,1650.72,2229.0,28923.0,1515.6395209363188,43836841.86404115
3201704,32,2022,2025,1352.34,1650.72,2229.0,12472.0,1826.091560046525,22775013.93690026
3201803,32,2022,2025,1119.67,1650.72,2229.0,5397.0,1511.912638121547,8159792.507941989
3201902,32,2022,2025,1477.15,1650.72,2229.0,38236.0,1994.6249818261124,76266480.80510323
3202009,32,2022,2025,1182.1,1650.72,2229.0,6902.0,1596.2131070078508,11017062.864568187
3202108,32,2022,2025,1062.01,1650.72,2229.0,22611.0,1434.053194969468,32425376.79145464
3202207,32,2022,2025,1406.78,1650.72,2229.0,18898.0,1899.6029732480372,35898696.98844141
3202256,32,2022,2025,1407.77,1650.72,2229.0,11484.0,1900.9397899098574,21830392.547324803
3202306,32,2022,2025,1302.02,1650.72,2229.0,31418.0,1758.1434646699622,55237351.373000875
3202405,32,2022,2025,1656.5,1650.72,2229.0,136311.0,2236.8048487932538,304901105.7438572
3202454,32,2022,2025,1074.38,1650.72,2229.0,27543.0,1450.7566516429197,39958190.456200935
3202504,32,2022,2025,1466.2,1650.72,2229.0,12304.0,1979.8389793544636,24359938.80197732
3202553,32,2022,2025,941.8,1650.72,2229.0,10015.0,1271.7312445478335,12736388.414146552
3202603,32,2022,2025,1398.56,1650.72,2229.0,12790.0,1888.5033439953472,24153957.76970049
3202652,32,2022,2025,1269.82,1650.72,2229.0,14647.0,1714.6631651642917,25114671.380161382
3202702,32,2022,2025,1255.55,1650.72,2229.0,14042.0,1695.3941007560336,23806723.962816224
3202801,32,2022,2025,1072.13,1650.72,2229.0,44020.0,1447.7184319569644,63728565.37474558
3202900,32,2022,2025,1524.8,1650.72,2229.0,10975.0,2058.9677231753417,22597170.761849374
3203007,32,2022,2025,1187.08,1650.72,2229.0,30556.0,1602.937699912765,48979364.35853445
3203056,32,2022,2025,1288.05,1650.72,2229.0,31551.0,1739.2794962198313,54876007.3852319
3203106,32,2022,2025,1357.18,1650.72,2229.0,12108.0,1832.62710817098,22189449.025734223
3203130,32,2022,2025,1585.86,1650.72,2229.0,14295.0,2141.418253852864,30611573.93882669
3203163,32,2022,2025,1256.48,1650.72,2229.0,11597.0,1696.6498982262285,19676048.86972957
3203205,32,2022,2025,1472.5,1650.72,2229.0,183797.0,1988.345994475138,365452028.7465469
3203304,32,2022,2025,1099.96,1650.72,2229.0,13131.0,1485.2978336725791,19503445.853954636
3203320,32,2022,2025,1247.27,1650.72,2229.0,45953.0,1684.2134523117186,77394660.77408041
3203346,32,2022,2025,1433.67,1650.72,2229.0,18964.0,1935.9130742948532,36712655.5409276
3203353,32,2022,2025,1480.41,1650.72,2229.0,13087.0,1999.0270245710963,26161266.670561936
3203403,32,2022,2025,1139.0,1650.72,2229.0,25088.0,1538.0143210235533,38585703.2858389
3203502,32,2022,2025,1129.12,1650.72,2229.0,19830.0,1524.6731608025589,30234268.778714743
3203601,32,2022,2025,1025.33,1650.72,2229.0,5653.0,1384.5234624890954,7826711.133450856
3203700,32,2022,2025,1075.2,1650.72,2229.0,18809.0,1451.8639139284676,27308108.357080545
3203809,32,2022,2025,1359.97,1650.72,2229.0,14185.0,1836.3945005815644,26049255.990749493
3203908,32,2022,2025,1462.06,1650.72,2229.0,52324.0,1974.2486551323059,103300586.63114278
3204005,32,2022,2025,1188.19,1650.72,2229.0,19120.0,1604.4365549578365,30676826.930793833
3204054,32,2022,2025,1091.36,1650.72,2229.0,21923.0,1473.6850828729282,32307598.071823206
3204104,32,2022,2025,1123.49,1650.72,2229.0,24843.0,1517.0708599883687,37688591.37469105
3204203,32,2022,2025,1247.95,1650.72,2229.0,23912.0,1685.1316698168073,40294868.48865949
3204252,32,2022,2025,900.2,1650.72,2229.0,6671.0,1215.5579383541726,8108987.006760686
3204302,32,2022,2025,1101.94,1650.72,2229.0,14852.0,1487.97146699622,22099352.22782786
3204351,32,2022,2025,1231.12,1650.72,2229.0,20350.0,1662.405786565862,33829957.75661529
3204401,32,2022,2025,1277.89,1650.72,2229.0,11471.0,1725.560246437918,19793901.586889356
3204500,32,2022,2025,1155.17,1650.72,2229.0,13813.0,1559.8489931666181,21546194.142610498
3204559,32,2022,2025,1374.43,1650.72,2229.0,45575.0,1855.9201257633033,84583559.73166254
3204609,32,2022,2025,1744.55,1650.72,2229.0,23872.0,2355.7005125036344,56235282.63448676
3204658,32,2022,2025,1228.15,1650.72,2229.0,9051.0,1658.3953365804014,15010136.191389212
3204708,32,2022,2025,1370.65,1650.72,2229.0,34272.0,1850.8159166908988,63431163.09683049
3204807,32,2022,2025,1293.72,1650.72,2229.0,11411.0,1746.9358098284386,19934284.525952313
3204906,32,2022,2025,1400.64,1650.72,2229.0,134423.0,1891.3120093050306,254235834.22681013
3204955,32,2022,2025,1243.74,1650.72,2229.0,11256.0,1679.4468232044198,18903853.44198895
3205002,32,2022,2025,1541.03,1650.72,2229.0,579720.0,2080.883414510032,1206329733.0597556
3205010,32,2022,2025,1154.25,1650.72,2229.0,28668.0,1558.6066988950276,44682136.84392265
3205036,32,2022,2025,1316.67,1650.72,2229.0,20390.0,1777.9256506251818,36251904.01624746
3205069,32,2022,2025,1683.88,1650.72,2229.0,25395.0,2273.776606571678,57742556.92388776
3205101,32,2022,2025,1186.66,1650.72,2229.0,79043.0,1602.370565571387,126656176.61445914
3205150,32,2022,2025,1069.92,1650.72,2229.0,9319.0,1444.734225065426,13463478.243384706
3205176,32,2022,2025,1199.07,1650.72,2229.0,14267.0,1619.1280350392553,23100099.675905056
3205200,32,2022,2025,2232.27,1650.72,2229.0,506779.0,3014.2785148298926,1527573051.466978
3205309,32,2022,2025,3351.64,1650.72,2229.0,343378.0,4525.786056993312,1554055364.6782494
3300100,33,2022,2025,1463.14,1846.5,2711.0,179142.0,2148.1573463308964,384825203.33640945
3300159,33,2022,2025,1360.14,1846.5,2711.0,11426.0,1996.9344922826972,22816973.5088221
3300209,33,2022,2025,1311.77,1846.5,2711.0,137906.0,1925.9184782020036,265595713.6549255
3300225,33,2022,2025,1352.93,1846.5,2711.0,12239.0,1986.348892499323,24310924.095299214
3300233,33,2022,2025,1619.56,1846.5,2711.0,42527.0,2377.8105388572976,101121148.7859843
3300258,33,2022,2025,1466.08,1846.5,2711.0,32822.0,2152.4738044949904,70648495.21113458
3300308,33,2022,2025,1422.6,1846.5,2711.0,98506.0,2088.637205523964,205743296.5673436
3300407,33,2022,2025,1407.8,1846.5,2711.0,181679.0,2066.908096398592,375513796.0455998
3300456,33,2022,2025,915.03,1846.5,2711.0,518384.0,1343.4315353371242,696413413.0141997
3300506,33,2022,2025,1392.13,1846.5,2711.0,29758.0,2043.9016680205798,60822425.83695641
3300605,33,2022,2025,1537.4,1846.5,2711.0,37176.0,2257.184619550501,83913095.41640942
3300704,33,2022,2025,1549.33,1846.5,2711.0,238438.0,2274.7000433252097,542374928.9303763
3300803,33,2022,2025,1212.66,1846.5,2711.0,59861.0,1780.40685621446,106576934.8198538
3300902,33,2022,2025,1315.25,1846.5,2711.0,15069.0,1931.0277552125644,29098657.243298132
3300936,33,2022,2025,1132.9,1846.5,2711.0,14329.0,1663.3045762252912,23833491.2727322
3300951,33,2022,2025,1127.61,1846.5,2711.0,9048.0,1655.5378878960194,14979306.809683183
3301009,33,2022,2025,1385.75,1846.5,2711.0,519259.0,2034.534660167885,1056450433.1041158
3301108,33,2022,2025,1207.29,1846.5,2711.0,19995.0,1772.5227132412672,35441591.65125914
3301157,33,2022,2025,1077.5,1846.5,2711.0,13407.0,1581.967235310046,21209434.723801784
3301207,33,2022,2025,1309.8,1846.5,2711.0,17741.0,1923.026157595451,34116407.0619009
3301306,33,2022,2025,1378.38,1846.5,2711.0,48636.0,2023.7141510966694,98425361.45273761
3301405,33,2022,2025,1267.02,1846.5,2711.0,21770.0,1860.2172867587328,40496930.33273762
3301504,33,2022,2025,1414.42,1846.5,2711.0,21448.0,2076.627468183049,44539505.93759004
3301603,33,2022,2025,1155.27,1846.5,2711.0,11355.0,1696.1478310316813,19259758.621364743
3301702,33,2022,2025,1100.31,1846.5,2711.0,866225.0,1615.4564906580015,1399348798.6202273
3301801,33,2022,2025,1284.42,1846.5,2711.0,12644.0,1885.7636718115355,23843595.866385054
3301850,33,2022,2025,1197.43,1846.5,2711.0,54311.0,1758.0464283780127,95481259.57163824
3301876,33,2022,2025,1526.99,1846.5,2711.0,29616.0,2241.90083401029,66396135.10004875
3301900,33,2022,2025,1101.64,1846.5,2711.0,240127.0,1617.4091741131872,388383612.7522773
3302007,33,2022,2025,1199.57,1846.5,2711.0,124021.0,1761.1883401028974,218424339.12790143
3302056,33,2022,2025,1227.13,1846.5,2711.0,14518.0,1801.6514649336584,26156375.96790685
3302106,33,2022,2025,1421.51,1846.5,2711.0,23645.0,2087.0368860005415,49347987.169482805
3302205,33,2022,2025,1520.46,1846.5,2711.0,107297.0,2232.313598700244,239520552.19974005
3302254,33,2022,2025,1527.73,1846.5,2711.0,32713.0,2242.9872894665587,73374843.20031953
3302270,33,2022,2025,786.34,1846.5,2711.0,102171.0,1154.491058759816,117955505.96454917
3302304,33,2022,2025,1145.6,1846.5,2711.0,7584.0,1681.9505009477389,12755912.599187652
3302403,33,2022,2025,1876.38,1846.5,2711.0,264439.0,2754.869309504468,728494885.3360521
3302452,33,2022,2025,1289.93,1846.5,2711.0,5602.0,1893.8533604115896,10609366.525025725
3302502,33,2022,2025,1036.31,1846.5,2711.0,244142.0,1521.4927755212566,371460289.20131063
3302601,33,2022,2025,1501.02,1846.5,2711.0,43660.0,2203.772120227457,96216690.76913077
3302700,33,2022,2025,1707.99,1846.5,2711.0,212470.0,2507.6419658813975,532798688.4908205
3302809,33,2022,2025,1399.3,1846.5,2711.0,18048.0,2054.428540481993,37078326.29861901
3302858,33,2022,2025,1115.94,1846.5,2711.0,178830.0,1638.4041917140537,292995821.6042242
3302908,33,2022,2025,1784.0,1846.5,2711.0,28142.0,2619.238559436772,73710611.53966963
3303005,33,2022,2025,1414.6,1846.5,2711.0,28416.0,2076.891741131871,59016955.716003254
3303104,33,2022,2025,1393.71,1846.5,2711.0,15551.0,2046.2213972380177,31820788.948448412
3303203,33,2022,2025,1298.9,1846.5,2711.0,155500.0,1907.0229623612242,296542070.64717036
3303302,33,2022,2025,3577.32,1846.5,2711.0,516787.0,5252.160584890334,2714248312.183721
3303401,33,2022,2025,1757.65,1846.5,2711.0,203417.0,2580.5519360953153,524928133.1847008
3303500,33,2022,2025,1102.46,1846.5,2711.0,843220.0,1618.6130842133769,1364846924.8704035
3303609,33,2022,2025,1349.13,1846.5,2711.0,43627.0,1980.7697969130788,86415043.92992689
3303708,33,2022,2025,1216.57,1846.5,2711.0,44479.0,1786.1474519360952,79446052.51466557
3303807,33,2022,2025,1639.12,1846.5,2711.0,47668.0,2406.5281992959654,114714386.20404008
3303856,33,2022,2025,1210.31,1846.5,2711.0,31370.0,1776.9566260492825,55743129.35916599
3303906,33,2022,2025,1822.76,1846.5,2711.0,294926.0,2676.145334416464,789264838.89811
3303955,33,2022,2025,1366.9,1846.5,2711.0,25096.0,2006.8594096940158,50364143.74568102
3304003,33,2022,2025,1462.21,1846.5,2711.0,29066.0,2146.7919360953156,62398654.414546445
3304102,33,2022,2025,1404.53,1846.5,2711.0,17832.0,2062.1071378283236,36771494.48175467
3304110,33,2022,2025,1237.94,1846.5,2711.0,21089.0,1817.522523693474,38329732.50217167
3304128,33,2022,2025,1274.65,1846.5,2711.0,14165.0,1871.4195234226916,26508657.549282424
3304144,33,2022,2025,958.95,1846.5,2711.0,149135.0,1407.914134849716,209969274.50081238
3304151,33,2022,2025,1108.09,1846.5,2711.0,23142.0,1626.8789547793122,37649232.771502845
3304201,33,2022,2025,1881.11,1846.5,2711.0,137697.0,2761.813815326293,380293476.9289846
3304300,33,2022,2025,1407.84,1846.5,2711.0,59126.0,2066.9668237205524,122211480.41930138
3304409,33,2022,2025,1232.33,1846.5,2711.0,17951.0,1809.2860167885187,32478493.2873707
3304508,33,2022,2025,1181.25,1846.5,2711.0,9267.0,1734.2912266450041,16071676.797319254
3304524,33,2022,2025,1840.11,1846.5,2711.0,168455.0,2701.6183103168155,455101112.4644191
3304557,33,2022,2025,2515.32,1846.5,2711.0,6730729.0,3692.9501868399675,24856246918.119186
3304607,33,2022,2025,1337.53,1846.5,2711.0,10580.0,1963.7388735445436,20776357.28210127
3304706,33,2022,2025,1308.22,1846.5,2711.0,43697.0,1920.7064283780126,83929108.80083402
3304755,33,2022,2025,939.48,1846.5,2711.0,47397.0,1379.3286108854588,65376038.17013809
3304805,33,2022,2025,1296.11,1846.5,2711.0,41212.0,1902.9267316544813,78423416.46494448
3304904,33,2022,2025,1209.5,1846.5,2711.0,960196.0,1775.7673977795832,1705084752.2783647
3305000,33,2022,2025,985.72,1846.5,2711.0,38740.0,1447.2173950717574,56065201.88507988
3305109,33,2022,2025,1042.94,1846.5,2711.0,466503.0,1531.2268291362038,714321909.4725266
3305133,33,2022,2025,1150.71,1846.5,2711.0,7318.0,1689.4529163281884,12363416.441689683
3305158,33,2022,2025,1203.03,1846.5,2711.0,22813.0,1766.2682534524774,40293877.66601137
3305208,33,2022,2025,1462.39,1846.5,2711.0,110677.0,2147.0562090441376,237629740.04837802
3305307,33,2022,2025,1123.79,1846.5,2711.0,7993.0,1649.9294286487948,13187885.923189817
3305406,33,2022,2025,1246.5,1846.5,2711.0,18291.0,1830.090170593014,33474179.310316816
3305505,33,2022,2025,1491.0,1846.5,2711.0,95315.0,2189.060926076361,208650342.16896832
3305554,33,2022,2025,1181.47,1846.5,2711.0,84794.0,1734.6142269157867,147084878.7570972
3305604,33,2022,2025,1042.66,1846.5,2711.0,22028.0,1530.8157378824806,33720809.07407528
3305703,33,2022,2025,1223.03,1846.5,2711.0,15693.0,1795.6319144327103,28178851.633192524
3305752,33,2022,2025,959.96,1846.5,2711.0,32865.0,1409.3969997292174,46319832.39610073
3305802,33,2022,2025,1860.47,1846.5,2711.0,176735.0,2731.510517194693,482753511.25640404
3305901,33,2022,2025,1120.83,1846.5,2711.0,10654.0,1645.5836068237204,17532047.747099917
3306008,33,2022,2025,1438.62,1846.5,2711.0,82319.0,2112.157497969131,173870693.07532087
3306107,33,2022,2025,1443.99,1846.5,2711.0,71449.0,2120.0416409423233,151474855.20368806
3306156,33,2022,2025,1108.62,1846.5,2711.0,10563.0,1627.6570917952881,17192941.86063363
3306206,33,2022,2025,1519.05,1846.5,2711.0,35907.0,2230.243460601137,80081351.93980503
3306305,33,2022,2025,1787.91,1846.5,2711.0,279971.0,2624.979155158408,734918039.0488547
3500105,35,2022,2025,1868.26,2093.44,2917.0,35673.0,2603.234112274534,92865170.48716944
3500204,35,2022,2025,1514.8,2093.44,2917.0,4505.0,2110.7228294099664,9508806.3464919
3500303,35,2022,2025,1321.67,2093.44,2917.0,32886.0,1841.6154224625498,60563364.783103414
3500402,35,2022,2025,1684.99,2093.44,2917.0,7463.0,2347.8656326429227,17522121.21641413
3500501,35,2022,2025,1742.52,2093.44,2917.0,18257.0,2428.0279539896055,44328506.35598823
3500550,35,2022,2025,1946.69,2093.44,2917.0,7460.0,2712.5185006496486,20235388.014846377
3500600,35,2022,2025,2932.68,2093.44,2917.0,2928.0,4086.3972982268415,11964971.289208192
3500709,35,2022,2025,1590.76,2093.44,2917.0,38988.0,2216.565518954448,86419456.45299603
3500758,35,2022,2025,1317.23,2093.44,2917.0,6373.0,1835.4287249694282,11697187.264230166
3500808,35,2022,2025,1485.42,2093.44,2917.0,4574.0,2069.7847275298072,9467195.343721338
3500907,35,2022,2025,1313.69,2093.44,2917.0,3467.0,1830.4960877789665,6346329.936329677
3501004,35,2022,2025,1391.26,2093.44,2917.0,17197.0,1938.582151864873,33337797.26562022
3501103,35,2022,2025,1349.61,2093.44,2917.0,3874.0,1880.5470278584528,7285239.185923646
3501152,35,2022,2025,1523.42,2093.44,2917.0,17607.0,2122.7339403087744,37374976.48701659
3501202,35,2022,2025,1429.27,2093.44,2917.0,3979.0,1991.5452986472026,7924358.743317219
3501301,35,2022,2025,1462.07,2093.44,2917.0,28386.0,2037.2488296774686,57829345.27922463
3501400,35,2022,2025,1137.02,2093.44,2917.0,4901.0,1584.3240503668603,7764772.170847982
3501509,35,2022,2025,1203.52,2093.44,2917.0,2919.0,1676.9851727300518,4895119.719199021
3501608,35,2022,2025,2358.27,2093.44,2917.0,247571.0,3286.014211059309,813521824.2461642
3501707,35,2022,2025,1233.06,2093.44,2917.0,33708.0,1718.146218664017,57915272.73872668
3501806,35,2022,2025,1580.65,2093.44,2917.0,5981.0,2202.4782415545706,13173022.362737887
3501905,35,2022,2025,1986.75,2093.44,2917.0,69792.0,2768.3381181213695,193207853.93992662
3502002,35,2022,2025,1677.47,2093.44,2917.0,4694.0,2337.387262114032,10971695.808363266
3502101,35,2022,2025,1774.02,2093.44,2917.0,61625.0,2471.9200645826963,152332073.97990867
3502200,35,2022,2025,1526.22,2093.44,2917.0,24573.0,2126.635461250382,52257813.18930563
3502309,35,2022,2025,1188.66,2093.44,2917.0,5766.0,1656.2792437328035,9550106.119363345
3502408,35,2022,2025,1409.42,2093.44,2917.0,4118.0,1963.886301971874,8087283.791520177
3502507,35,2022,2025,1468.76,2093.44,2917.0,33141.0,2046.5706779272393,67825398.83718663
3502606,35,2022,2025,1418.94,2093.44,2917.0,4112.0,1977.1514731733416,8130046.857688781
3502705,35,2022,2025,1148.15,2093.44,2917.0,24857.0,1599.8325961097526,39767038.84150012
3502754,35,2022,2025,1464.76,2093.44,2917.0,22314.0,2040.997076582085,45542808.76685264
3502804,35,2022,2025,2088.68,2093.44,2917.0,208415.0,2910.3674143992657,606564224.6720229
3502903,35,2022,2025,1993.37,2093.44,2917.0,33832.0,2777.5624283476,93970492.075856
3503000,35,2022,2025,1628.68,2093.44,2917.0,5535.0,2269.403259706512,12561147.042475544
3503109,35,2022,2025,1251.83,2093.44,2917.0,7076.0,1744.3003429761538,12342669.226899264
3503158,35,2022,2025,1149.76,2093.44,2917.0,2355.0,1602.0759706511772,3772888.910883522
3503208,35,2022,2025,2128.11,2093.44,2917.0,253474.0,2965.309189659126,751628781.5396572
3503307,35,2022,2025,1910.5,2093.44,2917.0,135744.0,2662.091342479364,361362927.19351876
3503356,35,2022,2025,1178.32,2093.44,2917.0,2089.0,1641.8714842555792,3429869.530609905
3503406,35,2022,2025,1731.53,2093.44,2917.0,8290.0,2412.7144842937937,20001403.07479555
3503505,35,2022,2025,1093.27,2093.44,2917.0,3617.0,1523.3627856542341,5510003.195711365
3503604,35,2022,2025,1345.98,2093.44,2917.0,10242.0,1875.4889846377253,19208758.18065958
3503703,35,2022,2025,1546.55,2093.44,2917.0,7621.0,2154.9632900871293,16422975.233754013
3503802,35,2022,2025,1649.8,2093.44,2917.0,53467.0,2298.831874808927,122911643.8504089
3503901,35,2022,2025,1982.83,2093.44,2917.0,90273.0,2762.875988803118,249413104.1372239
3503950,35,2022,2025,1361.65,2093.44,2917.0,1875.0,1897.323567907368,3557481.689826315
3504008,35,2022,2025,1997.74,2093.44,2917.0,104858.0,2783.6515878171813,291888138.195334
3504107,35,2022,2025,2283.78,2093.44,2917.0,167161.0,3182.2198200091716,531943047.33255315
3504206,35,2022,2025,1494.63,2093.44,2917.0,13856.0,2082.6179446270253,28856754.240752064
3504305,35,2022,2025,1349.49,2093.44,2917.0,4503.0,1880.3798198180982,8467350.328640897
3504404,35,2022,2025,1246.92,2093.44,2917.0,11436.0,1737.4587473249771,19869578.23440844
3504503,35,2022,2025,1769.85,2093.44,2917.0,96450.0,2466.109585180373,237856269.49064696
3504602,35,2022,2025,1808.97,2093.44,2917.0,29346.0,2520.6194063359826,73970097.09833574
3504701,35,2022,2025,1703.84,2093.44,2917.0,3969.0,2374.1312289819625,9422926.847829409
3504800,35,2022,2025,1568.8,2093.44,2917.0,9902.0,2185.9664475695504,21645439.763833687
3504909,35,2022,2025,1340.96,2093.44,2917.0,10097.0,1868.4941149495567,18866185.078645673
3505005,35,2022,2025,1066.93,2093.44,2917.0,3632.0,1486.6606207963925,5399551.374732498
3505104,35,2022,2025,1080.41,2093.44,2917.0,5627.0,1505.443657329563,8471131.45979345
3505203,35,2022,2025,1755.66,2093.44,2917.0,32406.0,2446.337234408438,79276004.41823983
3505302,35,2022,2025,1853.96,2093.44,2917.0,35129.0,2583.3084874656065,90749043.8561793
3505351,35,2022,2025,888.5,2093.44,2917.0,5254.0,1238.0361987924182,6504642.188455366
3505401,35,2022,2025,1094.16,2093.44,2917.0,6894.0,1524.602911953531,10510612.475007642
3505500,35,2022,2025,1844.44,2093.44,2917.0,126957.0,2570.0433162641393,326284989.3029463
3505609,35,2022,2025,1385.51,2093.44,2917.0,33304.0,1930.5700999312137,64295706.60810914
3505708,35,2022,2025,2412.35,2093.44,2917.0,333737.0,3361.3693012457966,1121813306.4898684
3505807,35,2022,2025,1449.37,2093.44,2917.0,21936.0,2019.5526454066032,44300906.82963925
3505906,35,2022,2025,1826.35,2093.44,2917.0,59939.0,2544.8367041806787,152534967.2118857
3506003,35,2022,2025,2210.1,2093.44,2917.0,392947.0,3079.5540832314273,1210101538.3435397
3506102,35,2022,2025,1734.11,2093.44,2917.0,78257.0,2416.3094571614183,189093129.1890811
3506201,35,2022,2025,1550.41,2093.44,2917.0,2640.0,2160.3418153852035,5703302.392616937
3506300,35,2022,2025,1515.11,2093.44,2917.0,11881.0,2111.1547835142155,25082629.982932396
3506359,35,2022,2025,1511.97,2093.44,2917.0,67436.0,2106.7795064582697,142072782.79751986
3506409,35,2022,2025,1639.46,2093.44,2917.0,7464.0,2284.424115331703,17050941.59683583
3506508,35,2022,2025,1732.98,2093.44,2917.0,123340.0,2414.7349147814125,297833404.3891394
3506607,35,2022,2025,1243.58,2093.44,2917.0,30564.0,1732.804790201773,52961445.607726984
3506706,35,2022,2025,1261.94,2093.44,2917.0,13113.0,1758.3876203760317,23057736.865990903
3506805,35,2022,2025,1595.83,2093.44,2917.0,11480.0,2223.630058659431,25527273.07341027
3506904,35,2022,2025,1480.67,2093.44,2917.0,10710.0,2063.166075932437,22096508.6732364
3507001,35,2022,2025,1819.01,2093.44,2917.0,63850.0,2534.6091457123202,161834793.95373166
3507100,35,2022,2025,1604.07,2093.44,2917.0,22579.0,2235.111677430449,50466586.56470211
3507159,35,2022,2025,1141.43,2093.44,2917.0,3609.0,1590.4689458498929,5740002.425572263
3507209,35,2022,2025,1323.39,2093.44,2917.0,932.0,1844.0120710409662,1718619.2502101806
3507308,35,2022,2025,1269.35,2093.44,2917.0,4838.0,1768.7127168679303,8557032.124207048
3507407,35,2022,2025,1614.88,2093.44,2917.0,14405.0,2250.1743350657293,32413761.29662183
3507456,35,2022,2025,1282.36,2093.44,2917.0,2801.0,1786.8408552430446,5004941.235535768
3507506,35,2022,2025,1991.29,2093.44,2917.0,151053.0,2774.6641556481195,419121344.7031154
3507605,35,2022,2025,1941.5,2093.44,2917.0,185688.0,2705.2867529043106,502339286.5732956
3507704,35,2022,2025,1369.89,2093.44,2917.0,5477.0,1908.805186678386,10454526.00743752
3507753,35,2022,2025,1329.38,2093.44,2917.0,2605.0,1852.3585390553349,4825393.994239148
3507803,35,2022,2025,1711.42,2093.44,2917.0,26314.0,2384.69320353103,62750816.957715526
3507902,35,2022,2025,1482.87,2093.44,2917.0,24501.0,2066.2315566722714,50624739.37002732
3508009,35,2022,2025,996.87,2093.44,2917.0,20731.0,1389.0389932360133,28796167.368775792
3508108,35,2022,2025,1627.85,2093.44,2917.0,17658.0,2268.246737427392,40052700.889492884
3508207,35,2022,2025,1763.97,2093.44,2917.0,4458.0,2457.9163912029962,10957391.271982957
3508306,35,2022,2025,1242.79,2093.44,2917.0,4360.0,1731.704003936105,7550229.457161418
3508405,35,2022,2025,1480.46,2093.44,2917.0,48654.0,2062.873461861816,100367045.41342479
3508504,35,2022,2025,1632.59,2093.44,2917.0,100071.0,2274.8514550214,227646659.9554465
3508603,35,2022,2025,1383.47,2093.44,2917.0,32534.0,1927.727563245185,62716688.54261885
3508702,35,2022,2025,1386.07,2093.44,2917.0,17228.0,1931.3504041195351,33273304.76217135
3508801,35,2022,2025,1524.12,2093.44,2917.0,16907.0,2123.7093205441756,35905553.482440375
3508900,35,2022,2025,1359.73,2093.44,2917.0,3726.0,1894.6482392616936,7059459.33948907
3509007,35,2022,2025,1668.47,2093.44,2917.0,98549.0,2324.846659087435,229111313.40640762
3509106,35,2022,2025,1214.27,2093.44,2917.0,5599.0,1691.9642263451542,9473307.703306518
3509205,35,2022,2025,1728.39,2093.44,2917.0,98365.0,2408.339207237848,236896286.1199509
3509254,35,2022,2025,1206.25,2093.44,2917.0,29262.0,1680.7891556481197,49183252.27257528
3509304,35,2022,2025,1564.43,2093.44,2917.0,9210.0,2179.8772880999695,20076669.82340072
3509403,35,2022,2025,1447.0,2093.44,2917.0,24233.0,2016.2502866095992,48859793.195410416
3509452,35,2022,2025,1336.83,2093.44,2917.0,6090.0,1862.7393715606845,11344082.77280457
3509502,35,2022,2025,2678.6,2093.44,2917.0,1187974.0,3732.3621407826354,4433949181.83411
3509601,35,2022,2025,1564.93,2093.44,2917.0,79781.0,2180.5739882681137,173968373.35801837
3509700,35,2022,2025,1626.97,2093.44,2917.0,47956.0,2267.020545131458,108717237.26232421
3509809,35,2022,2025,1334.45,2093.44,2917.0,5003.0,1859.423078760318,9302693.663037872
3509908,35,2022,2025,1281.29,2093.44,2917.0,12491.0,1785.349916883216,22300805.811788253
3509957,35,2022,2025,1174.28,2093.44,2917.0,5068.0,1636.2421468969733,8292475.200473861
3510005,35,2022,2025,1531.52,2093.44,2917.0,30157.0,2134.0204830327116,64355655.706817485
3510104,35,2022,2025,1528.06,2093.44,2917.0,2959.0,2129.199317869153,6300300.781574825
3510153,35,2022,2025,1266.24,2093.44,2917.0,6589.0,1764.3792418220728,11625494.824365638
3510203,35,2022,2025,1240.46,2093.44,2917.0,47409.0,1728.457381152553,81944435.98306137
3510302,35,2022,2025,1062.65,2093.44,2917.0,23777.0,1480.6968673570775,35206529.415149234
3510401,35,2022,2025,1570.15,2093.44,2917.0,51369.0,2187.84753802354,112387540.18073122
3510500,35,2022,2025,1578.4,2093.44,2917.0,142248.0,2199.343090797921,312852155.97982264
3510609,35,2022,2025,1432.95,2093.44,2917.0,398236.0,1996.6730118847447,795147073.5609332
3510708,35,2022,2025,1515.63,2093.44,2917.0,11476.0,2111.879351689086,24235927.43998395
3510807,35,2022,2025,1545.95,2093.44,2917.0,28779.0,2154.1272498853564,61993628.12445067
3510906,35,2022,2025,1539.7,2093.44,2917.0,2861.0,2145.4184977835525,6138042.322158744
3511003,35,2022,2025,1419.26,2093.44,2917.0,20485.0,1977.597361280954,40511081.945840344
3511102,35,2022,2025,1898.84,2093.44,2917.0,119275.0,2645.8442945582387,315583078.2334339
3511201,35,2022,2025,1398.86,2093.44,2917.0,7101.0,1949.1719944206661,13841070.33238115
3511300,35,2022,2025,1810.97,2093.44,2917.0,13314.0,2523.40620700856,33596630.24011197
3511409,35,2022,2025,1459.9,2093.44,2917.0,22210.0,2034.2251509477226,45180140.60254892
3511508,35,2022,2025,1839.05,2093.44,2917.0,46391.0,2562.532888451544,118878463.22815557
3511607,35,2022,2025,1256.04,2093.44,2917.0,19707.0,1750.166558391929,34490532.36622974
3511706,35,2022,2025,1454.08,2093.44,2917.0,15814.0,2026.1155609905225,32040991.481504124
3511904,35,2022,2025,1390.17,2093.44,2917.0,7084.0,1937.0633454983185,13722156.73951009
3512001,35,2022,2025,1572.33,2093.44,2917.0,18880.0,2190.885150756649,41363911.646285534
3512100,35,2022,2025,1282.7,2093.44,2917.0,6802.0,1787.314611357383,12157313.986452918
3512209,35,2022,2025,1349.53,2093.44,2917.0,29132.0,1880.43555583155,54780848.61248471
3512308,35,2022,2025,1601.09,2093.44,2917.0,15345.0,2230.959344428309,34234071.140252404
3512407,35,2022,2025,1684.38,2093.44,2917.0,25286.0,2347.0156584377864,59346637.93925787
3512506,35,2022,2025,1464.68,2093.44,2917.0,5504.0,2040.885604555182,11233034.367471721
3512605,35,2022,2025,1281.73,2093.44,2917.0,4271.0,1785.9630130311832,7627848.028656184
3512704,35,2022,2025,1543.11,2093.44,2917.0,4296.0,2150.1699929302963,9237130.289628552
3512803,35,2022,2025,1614.71,2093.44,2917.0,61167.0,2249.93745700856,137621924.4328426
3512902,35,2022,2025,1404.7,2093.44,2917.0,9019.0,1957.3094523845919,17652973.951056633
3513009,35,2022,2025,2275.73,2093.44,2917.0,289493.0,3171.0029473020486,917983156.2233119
3513108,35,2022,2025,1576.75,2093.44,2917.0,34307.0,2197.0439802430446,75373987.83019814
3513207,35,2022,2025,1581.65,2093.44,2917.0,9600.0,2203.8716418908593,21157167.76215225
3513306,35,2022,2025,1505.41,2093.44,2917.0,2123.0,2097.6388002522167,4453287.172935456
3513405,35,2022,2025,1498.46,2093.44,2917.0,76444.0,2087.9546679150108,159611606.63409507
3513504,35,2022,2025,1246.76,2093.44,2917.0,114870.0,1737.2358032711709,199556276.7217594
3513603,35,2022,2025,1243.82,2093.44,2917.0,22460.0,1733.1392062824823,38926306.57310455
3513702,35,2022,2025,1726.15,2093.44,2917.0,32663.0,2405.217990484561,78561635.22319722
3513801,35,2022,2025,1522.03,2093.44,2917.0,403579.0,2120.7971138413327,855909178.4069712
3513850,35,2022,2025,1358.16,2093.44,2917.0,1639.0,1892.4606007337209,3101742.9246025686
3513900,35,2022,2025,1682.61,2093.44,2917.0,11305.0,2344.5493398425556,26505130.28692009
3514007,35,2022,2025,1361.96,2093.44,2917.0,8986.0,1897.7555220116174,17053231.120796394
3514106,35,2022,2025,1357.54,2093.44,2917.0,24847.0,1891.5966925252214,47000503.01917417
3514205,35,2022,2025,1359.18,2093.44,2917.0,2254.0,1893.8818690767348,4268809.73289896
3514304,35,2022,2025,1694.59,2093.44,2917.0,8169.0,2361.242275871293,19288988.15159259
3514403,35,2022,2025,1886.73,2093.44,2917.0,46735.0,2628.970216485784,122864923.06746311
3514502,35,2022,2025,1624.7,2093.44,2917.0,12532.0,2263.857526368083,28370662.520444818
3514601,35,2022,2025,1673.48,2093.44,2917.0,9764.0,2331.827594772241,22767964.63535616
3514700,35,2022,2025,1387.75,2093.44,2917.0,6291.0,1933.6913166845,12164852.073262189
3514809,35,2022,2025,1096.71,2093.44,2917.0,13109.0,1528.1560828110669,20032598.089570276
3514908,35,2022,2025,1295.02,2093.44,2917.0,18168.0,1804.4813035004584,32783816.321996327
3514924,35,2022,2025,1535.69,2093.44,2917.0,3190.0,2139.8309624350354,6826060.770167763
3514957,35,2022,2025,1354.87,2093.44,2917.0,2349.0,1887.876313627331,4434621.460710601
3515004,35,2022,2025,1249.69,2093.44,2917.0,259788.0,1741.3184662564965,452373641.7118427
3515103,35,2022,2025,1386.48,2093.44,2917.0,68913.0,1931.9216982574137,133134519.99201316
3515129,35,2022,2025,1334.16,2093.44,2917.0,3061.0,1859.0189926627943,5690457.136540813
3515152,35,2022,2025,1609.27,2093.44,2917.0,20261.0,2242.35735917915,45432402.45432876
3515186,35,2022,2025,1838.17,2093.44,2917.0,40610.0,2561.3066961556096,104014664.93087931
3515194,35,2022,2025,1193.58,2093.44,2917.0,4214.0,1663.1347733873433,7008449.935054265
3515202,35,2022,2025,1667.09,2093.44,2917.0,9696.0,2322.9237666233566,22523068.841180068
3515301,35,2022,2025,1405.87,2093.44,2917.0,2751.0,1958.9397307780494,5389043.199370414
3515350,35,2022,2025,1077.55,2093.44,2917.0,7883.0,1501.4585323677775,11835997.61065519
3515400,35,2022,2025,1482.13,2093.44,2917.0,17029.0,2065.200440423418,35168298.29997039
3515509,35,2022,2025,1853.8,2093.44,2917.0,73508.0,2583.0855434118007,189877452.12511465
3515608,35,2022,2025,1600.05,2093.44,2917.0,6080.0,2229.510208078569,13555422.0651177
3515657,35,2022,2025,1270.67,2093.44,2917.0,1692.0,1770.5520053118314,2995773.992987619
3515707,35,2022,2025,1201.71,2093.44,2917.0,186479.0,1674.4631181213697,312252207.8041549
3515806,35,2022,2025,1376.01,2093.44,2917.0,1483.0,1917.332796736472,2843404.5375601877
3515905,35,2022,2025,1699.56,2093.44,2917.0,2747.0,2368.167475542647,6505356.055315651
3516002,35,2022,2025,1313.48,2093.44,2917.0,13175.0,1830.203473708346,24112930.76610746
3516101,35,2022,2025,1361.28,2093.44,2917.0,4022.0,1896.8080097829409,7628961.815346988
3516200,35,2022,2025,1734.79,2093.44,2917.0,365494.0,2417.2569693900946,883492918.7702632
3516309,35,2022,2025,1035.25,2093.44,2917.0,171476.0,1442.5176981427696,247357164.80672956
3516408,35,2022,2025,1397.55,2093.44,2917.0,150241.0,1947.3466399801282,292571306.53725445
3516507,35,2022,2025,1710.43,2093.44,2917.0,2813.0,2383.3137371981047,6704261.542738268
3516606,35,2022,2025,1433.66,2093.44,2917.0,6413.0,1997.6623261235097,12811008.497430068
3516705,35,2022,2025,1612.63,2093.44,2917.0,43081.0,2247.0391843090797,96804695.09921946
3516804,35,2022,2025,1377.87,2093.44,2917.0,3203.0,1919.9245213619686,6149518.241922385
3516853,35,2022,2025,1489.75,2093.44,2917.0,4806.0,2075.818150985937,9976382.033638412
3516903,35,2022,2025,1735.05,2093.44,2917.0,10437.0,2417.6192534775296,25232692.148544975
3517000,35,2022,2025,1290.17,2093.44,2917.0,10337.0,1797.7233118694587,18583065.874794595
3517109,35,2022,2025,1412.75,2093.44,2917.0,4158.0,1968.526325091715,8185132.459731352
3517208,35,2022,2025,1305.59,2093.44,2917.0,11478.0,1819.209545055029,20880887.15814162
3517307,35,2022,2025,1235.95,2093.44,2917.0,5609.0,1722.1731456358912,9659669.173871713
3517406,35,2022,2025,1685.85,2093.44,2917.0,40489.0,2349.0639569321306,95111250.55222504
3517505,35,2022,2025,1671.55,2093.44,2917.0,22445.0,2329.138332123204,52277509.864505306
3517604,35,2022,2025,1032.99,2093.44,2917.0,17225.0,1439.3686133827575,24793124.365518
3517703,35,2022,2025,1332.26,2093.44,2917.0,18748.0,1856.3715320238457,34803253.48238306
3517802,35,2022,2025,1542.83,2093.44,2917.0,7453.0,2149.7798408361355,16022309.153751718
3517901,35,2022,2025,1492.66,2093.44,2917.0,10554.0,2079.872945964537,21950979.071709722
3518008,35,2022,2025,1226.38,2093.44,2917.0,1999.0,1708.8383044176094,3415967.7705308013
3518107,35,2022,2025,1310.94,2093.44,2917.0,6532.0,1826.6642368541732,11931770.79513146
3518206,35,2022,2025,1575.63,2093.44,2917.0,31888.0,2195.4833718664017,70009573.76207581
3518305,35,2022,2025,1601.96,2093.44,2917.0,32620.0,2232.1716027208804,72813437.68075512
3518404,35,2022,2025,1872.42,2093.44,2917.0,121916.0,2609.0306576734943,318082581.66092175
3518503,35,2022,2025,1385.89,2093.44,2917.0,15285.0,1931.0995920590035,29516857.26462187
3518602,35,2022,2025,1320.05,2093.44,2917.0,38678.0,1839.358113917762,71142693.1301112
3518701,35,2022,2025,1416.67,2093.44,2917.0,294871.0,1973.9884544099666,582071949.5403212
3518800,35,2022,2025,1643.73,2093.44,2917.0,1349100.0,2290.373934767655,3089943475.3950434
3518859,35,2022,2025,1428.08,2093.44,2917.0,7474.0,1989.887152247019,14872416.57589422
3518909,35,2022,2025,1208.8,2093.44,2917.0,4259.0,1684.3423265056556,7173613.968587588
3519006,35,2022,2025,1172.66,2093.44,2917.0,9316.0,1633.984838352186,15222202.754088964
3519055,35,2022,2025,2545.63,2093.44,2917.0,15718.0,3547.081698066341,55753030.13020674
3519071,35,2022,2025,1619.28,2093.44,2917.0,248842.0,2256.305296545399,561463522.6029502
3519105,35,2022,2025,1415.72,2093.44,2917.0,10648.0,1972.6647240904922,21004933.98211556
3519204,35,2022,2025,1368.52,2093.44,2917.0,6197.0,1906.8962282176703,11817035.926264903
3519253,35,2022,2025,1284.97,2093.44,2917.0,8313.0,1790.477630120758,14884240.539193861
3519303,35,2022,2025,1285.02,2093.44,2917.0,33160.0,1790.5473001375726,59374548.47256191
3519402,35,2022,2025,1717.95,2093.44,2917.0,11952.0,2393.792107726995,28610603.271553043
3519501,35,2022,2025,1429.78,2093.44,2917.0,6450.0,1992.2559328187099,12850050.766680678
3519600,35,2022,2025,1437.98,2093.44,2917.0,62143.0,2003.6818155762764,124514799.06535655
3519709,35,2022,2025,1324.95,2093.44,2917.0,77801.0,1846.1857755655765,143635099.5247774
3519808,35,2022,2025,1574.21,2093.44,2917.0,7982.0,2193.5047433888717,17508554.861729976
3519907,35,2022,2025,1401.72,2093.44,2917.0,7739.0,1953.1571193824518,15115482.946900794
3520004,35,2022,2025,1348.69,2093.44,2917.0,23421.0,1879.2650995490676,44014267.89653871
3520103,35,2022,2025,1501.48,2093.44,2917.0,26696.0,2092.162736930602,55852376.42509935
3520202,35,2022,2025,1478.86,2093.44,2917.0,10984.0,2060.644021323754,22634113.930220112
3520301,35,2022,2025,1336.34,2093.44,2917.0,29891.0,1862.0566053959033,55658733.99188895
3520400,35,2022,2025,1970.57,2093.44,2917.0,36559.0,2745.79290068022,100383442.65596816
3520426,35,2022,2025,1392.2,2093.44,2917.0,14104.0,1939.8919481809844,27360236.037144605
3520442,35,2022,2025,2147.45,2093.44,2917.0,26257.0,2992.2575521629465,78567706.54714249
3520509,35,2022,2025,2601.91,2093.44,2917.0,269657.0,3625.5022689926627,977642065.3497545
3520608,35,2022,2025,1627.06,2093.44,2917.0,5200.0,2267.145951161724,11789158.946040966
3520707,35,2022,2025,1550.8,2093.44,2917.0,4113.0,2160.8852415163556,8887720.99835677
3520806,35,2022,2025,1419.58,2093.44,2917.0,3671.0,1978.0432493885662,7261396.768505426
3520905,35,2022,2025,1441.01,2093.44,2917.0,13935.0,2007.9038185952306,27980139.712124538
3521002,35,2022,2025,1304.0,2093.44,2917.0,38277.0,1816.9940385203304,69549080.81244269
3521101,35,2022,2025,1722.53,2093.44,2917.0,7027.0,2400.1738812671965,16866021.86366459
3521150,35,2022,2025,1353.73,2093.44,2917.0,7115.0,1886.287837243962,13420937.96199079
3521200,35,2022,2025,1124.95,2093.44,2917.0,4083.0,1567.505708307857,6400125.80702098
3521309,35,2022,2025,1452.66,2093.44,2917.0,14701.0,2024.1369325129929,29756837.04487351
3521408,35,2022,2025,1866.43,2093.44,2917.0,22500.0,2600.684189659126,58515394.26733033
3521507,35,2022,2025,1334.09,2093.44,2917.0,6932.0,1858.9214546392539,12886043.523559308
3521606,35,2022,2025,1356.24,2093.44,2917.0,7120.0,1889.7852720880464,13455271.137266891
3521705,35,2022,2025,1205.06,2093.44,2917.0,18263.0,1679.1310092479364,30665969.621895064
3521804,35,2022,2025,1400.91,2093.44,2917.0,25979.0,1952.028465110058,50711747.495094195
3521903,35,2022,2025,1572.71,2093.44,2917.0,17502.0,2191.414642884439,38354139.07976346
3522000,35,2022,2025,1371.85,2093.44,2917.0,3715.0,1911.5362513375112,7101357.173718854
3522109,35,2022,2025,1374.2,2093.44,2917.0,118495.0,1914.8107421277898,226895498.88843244
3522158,35,2022,2025,1008.01,2093.44,2917.0,3497.0,1404.5614729822682,4911751.471018992
3522208,35,2022,2025,1248.65,2093.44,2917.0,163003.0,1739.8693299067563,283603920.382791
3522307,35,2022,2025,1671.4,2093.44,2917.0,164256.0,2328.9293220727604,382540614.7263833
3522406,35,2022,2025,1443.07,2093.44,2917.0,92393.0,2010.7742232879853,185781462.81224683
3522505,35,2022,2025,1138.47,2093.44,2917.0,242995.0,1586.344480854479,385473777.1252341
3522604,35,2022,2025,1823.28,2093.44,2917.0,74038.0,2540.5589651482724,188097904.6616478
3522653,35,2022,2025,1084.01,2093.44,2917.0,4420.0,1510.4598985402017,6676232.751547691
3522703,35,2022,2025,1675.41,2093.44,2917.0,40445.0,2334.516857421278,94419534.29840359
3522802,35,2022,2025,1283.91,2093.44,2917.0,14245.0,1789.0006257642922,25484313.914012343
3522901,35,2022,2025,1421.09,2093.44,2917.0,14035.0,1980.1472838963616,27791367.129485436
3523008,35,2022,2025,1299.95,2093.44,2917.0,4002.0,1811.3507671583614,7249025.770167762
3523107,35,2022,2025,1101.16,2093.44,2917.0,382983.0,1534.3567143075513,587632537.515649
3523206,35,2022,2025,1297.43,2093.44,2917.0,45213.0,1807.839398310914,81737842.71583135
3523305,35,2022,2025,1027.49,2093.44,2917.0,15916.0,1431.7049115331702,22787015.371961936
3523404,35,2022,2025,2282.1,2093.44,2917.0,127112.0,3179.8789074442066,404200767.683048
3523503,35,2022,2025,1388.79,2093.44,2917.0,19462.0,1935.1404530342402,37661703.496952385
3523602,35,2022,2025,1659.02,2093.44,2917.0,16454.0,2311.679025909508,38036366.69231504
3523701,35,2022,2025,1202.12,2093.44,2917.0,5857.0,1675.0344122592478,9810676.552602414
3523800,35,2022,2025,1439.31,2093.44,2917.0,8227.0,2005.5350380235402,16499536.757819666
3523909,35,2022,2025,1874.09,2093.44,2917.0,175047.0,2611.357636235096,457110320.15004486
3524006,35,2022,2025,2035.47,2093.44,2917.0,74994.0,2836.22458250535,212699826.34040624
3524105,35,2022,2025,1788.4,2093.44,2917.0,38413.0,2491.9571614185265,95723550.44156986
3524204,35,2022,2025,1584.97,2093.44,2917.0,6280.0,2208.4977310073373,13869365.750726078
3524303,35,2022,2025,1948.36,2093.44,2917.0,73473.0,2714.84547921125,199467841.89408818
3524402,35,2022,2025,1799.5,2093.44,2917.0,250952.0,2507.42390515133,629243043.8455366
3524501,35,2022,2025,1443.85,2093.44,2917.0,7944.0,2011.8610755502903,15982224.384171506
3524600,35,2022,2025,1256.95,2093.44,2917.0,16216.0,1751.4345526979519,28401262.706549987
3524709,35,2022,2025,2045.01,2093.44,2917.0,62309.0,2849.517621713543,177550593.49134916
3524808,35,2022,2025,2077.24,2093.44,2917.0,50078.0,2894.4269145521243,144947111.02694127
3524907,35,2022,2025,1751.77,2093.44,2917.0,6611.0,2440.9169071002752,16136901.67283992
3525003,35,2022,2025,1628.78,2093.44,2917.0,121550.0,2269.5425997401403,275862902.99841404
3525102,35,2022,2025,1536.17,2093.44,2917.0,47125.0,2140.4997945964537,100871052.82035789
3525201,35,2022,2025,1368.78,2093.44,2917.0,40007.0,1907.2585123051053,76303691.30179036
3525300,35,2022,2025,1751.62,2093.44,2917.0,137409.0,2440.707897049832,335375231.42572033
3525409,35,2022,2025,1491.08,2093.44,2917.0,4000.0,2077.6713734332006,8310685.493732803
3525508,35,2022,2025,1780.73,2093.44,2917.0,13131.0,2481.269780839193,32581553.492199443
3525607,35,2022,2025,1261.53,2093.44,2917.0,4464.0,1757.8163262381536,7846892.080327118
3525706,35,2022,2025,1697.31,2093.44,2917.0,37992.0,2365.032324785998,89852308.08326963
3525805,35,2022,2025,1240.61,2093.44,2917.0,4302.0,1728.6663912029958,7436722.814955288
3525854,35,2022,2025,1366.75,2093.44,2917.0,3132.0,1904.4299096224395,5964674.47693748
3525904,35,2022,2025,2774.36,2093.44,2917.0,463039.0,3865.7941569856316,1790013460.6564698
3526001,35,2022,2025,1638.65,2093.44,2917.0,20939.0,2283.295461059309,47809923.65912087
3526100,35,2022,2025,1160.51,2093.44,2917.0,17184.0,1617.0550242662791,27787473.53699174
3526209,35,2022,2025,1076.35,2093.44,2917.0,27969.0,1499.786451964231,41947527.27498758
3526308,35,2022,2025,1368.11,2093.44,2917.0,5183.0,1906.324934079792,9880482.133335562
3526407,35,2022,2025,1556.49,2093.44,2917.0,27044.0,2168.813689429838,58653397.41694054
3526506,35,2022,2025,1527.78,2093.44,2917.0,9940.0,2128.8091657749924,21160363.107803423
3526605,35,2022,2025,1164.45,2093.44,2917.0,7348.0,1622.5450215912567,11922460.818652555
3526704,35,2022,2025,1577.91,2093.44,2917.0,101537.0,2198.6603246331397,223245373.3822751
3526803,35,2022,2025,1795.57,2093.44,2917.0,68568.0,2501.9478418297153,171553559.61857992
3526902,35,2022,2025,1932.42,2093.44,2917.0,301292.0,2692.63467785081,811269287.3590262
3527009,35,2022,2025,1690.27,2093.44,2917.0,7158.0,2355.2227864185265,16858684.70518381
3527108,35,2022,2025,1864.07,2093.44,2917.0,76844.0,2597.3957648654846,199594280.1553233
3527207,35,2022,2025,1673.5,2093.44,2917.0,87468.0,2331.8554627789667,203962733.61835065
3527256,35,2022,2025,1400.55,2093.44,2917.0,1962.0,1951.526840988994,3828895.662020406
3527306,35,2022,2025,2025.97,2093.44,2917.0,54865.0,2822.9872793106083,154883197.07937652
3527405,35,2022,2025,1571.18,2093.44,2917.0,20378.0,2189.2827403699175,44613203.683258176
3527504,35,2022,2025,1464.02,2093.44,2917.0,2423.0,2039.9659603332314,4942837.52188742
3527603,35,2022,2025,1381.42,2093.44,2917.0,12564.0,1924.8710925557932,24184080.406870987
3527702,35,2022,2025,1314.88,2093.44,2917.0,4740.0,1832.1542341791503,8684411.070009172
3527801,35,2022,2025,1073.89,2093.44,2917.0,4004.0,1496.3586871369612,5991420.183296393
3527900,35,2022,2025,1451.06,2093.44,2917.0,2697.0,2021.907491974931,5453084.505856389
3528007,35,2022,2025,1555.42,2093.44,2917.0,17140.0,2167.322751070009,37147911.95333996
3528106,35,2022,2025,1516.91,2093.44,2917.0,7581.0,2113.662904119535,16023678.476130197
3528205,35,2022,2025,1428.56,2093.44,2917.0,4058.0,1990.5559844084378,8077676.18472944
3528304,35,2022,2025,1547.56,2093.44,2917.0,3211.0,2156.3706244267805,6924106.075034392
3528403,35,2022,2025,1607.36,2093.44,2917.0,51888.0,2239.695964536839,116213344.20788749
3528502,35,2022,2025,1825.67,2093.44,2917.0,97835.0,2543.8891919520024,248881399.09462416
3528601,35,2022,2025,1661.83,2093.44,2917.0,10122.0,2315.5944808544787,23438447.335209034
3528700,35,2022,2025,1197.87,2093.44,2917.0,4619.0,1669.112460830021,7709630.456573867
3528809,35,2022,2025,1465.29,2093.44,2917.0,12804.0,2041.735578760318,26142382.35044711
3528858,35,2022,2025,1526.46,2093.44,2917.0,3415.0,2126.9698773310915,7263602.131085678
3528908,35,2022,2025,1361.35,2093.44,2917.0,3526.0,1896.905547806481,6688488.961565652
3529005,35,2022,2025,2024.26,2093.44,2917.0,247348.0,2820.604564735555,697670897.8782101
3529104,35,2022,2025,1441.96,2093.44,2917.0,1862.0,2009.227548914705,3741181.6960791806
3529203,35,2022,2025,1439.59,2093.44,2917.0,25240.0,2005.9251901177008,50629551.79857077
3529302,35,2022,2025,1700.46,2093.44,2917.0,81075.0,2369.4215358453075,192100851.0186583
3529401,35,2022,2025,1478.74,2093.44,2917.0,429014.0,2060.4768132833997,883973399.5739645
3529500,35,2022,2025,1756.32,2093.44,2917.0,6420.0,2447.256878630388,15711389.160807092
3529609,35,2022,2025,1579.55,2093.44,2917.0,4721.0,2200.945501184653,10390663.711092748
3529658,35,2022,2025,1278.93,2093.44,2917.0,1990.0,1782.061492089575,3546302.3692582543
3529708,35,2022,2025,1416.73,2093.44,2917.0,19621.0,1974.0720584301437,38733267.85845785
3529807,35,2022,2025,1304.7,2093.44,2917.0,11322.0,1817.969418755732,20583049.759152398
3529906,35,2022,2025,1125.4,2093.44,2917.0,18610.0,1568.132738459187,29182950.262725472
3530003,35,2022,2025,1291.65,2093.44,2917.0,3209.0,1799.7855443671663,5775511.811874237
3530102,35,2022,2025,1683.93,2093.44,2917.0,28754.0,2346.388628286457,67468058.61774878
3530201,35,2022,2025,1182.36,2093.44,2917.0,16031.0,1647.5008216141853,26411085.671297003
3530300,35,2022,2025,2049.55,2093.44,2917.0,65811.0,2855.8436592402936,187945927.05826297
3530409,35,2022,2025,1322.05,2093.44,2917.0,4783.0,1842.144914590339,8810979.126485592
3530508,35,2022,2025,1693.15,2093.44,2917.0,69372.0,2359.235779387038,163664904.48763758
3530607,35,2022,2025,1851.39,2093.44,2917.0,470302.0,2579.7274486013453,1213250978.53211
3530706,35,2022,2025,1747.34,2093.44,2917.0,160318.0,2434.7441436105164,390333311.6153508
3530805,35,2022,2025,2026.17,2093.44,2917.0,95742.0,2823.2659593778662,270305129.48275566
3530904,35,2022,2025,1274.03,2093.44,2917.0,3830.0,1775.233830441761,6799145.570591945
3531001,35,2022,2025,1338.77,2093.44,2917.0,1947.0,1865.4425682130845,3632016.6803108756
3531100,35,2022,2025,1287.82,2093.44,2917.0,64845.0,1794.4488210791806,116361033.80287947
3531209,35,2022,2025,1992.61,2093.44,2917.0,8923.0,2776.5034440920203,24774740.231633097
3531308,35,2022,2025,1861.15,2093.44,2917.0,48758.0,2593.327035883522,126445439.61560877
3531407,35,2022,2025,1691.5,2093.44,2917.0,22668.0,2356.936668832161,53427040.40908743
3531506,35,2022,2025,1799.99,2093.44,2917.0,18337.0,2508.1066713161113,45991152.03192353
3531605,35,2022,2025,1402.16,2093.44,2917.0,4306.0,1953.770215530419,8412934.548073985
3531704,35,2022,2025,1471.13,2093.44,2917.0,4205.0,2049.8730367242433,8619716.119425444
3531803,35,2022,2025,1367.63,2093.44,2917.0,67832.0,1905.6561019183737,129264464.70532712
3531902,35,2022,2025,1397.0,2093.44,2917.0,28521.0,1946.5802697951697,55518415.87482803
3532009,35,2022,2025,1680.58,2093.44,2917.0,14147.0,2341.7207371598897,33128323.26860096
3532058,35,2022,2025,1479.74,2093.44,2917.0,4071.0,2061.870213619688,8393873.63964575
3532108,35,2022,2025,1502.97,2093.44,2917.0,3748.0,2094.238903431672,7849207.410061907
3532157,35,2022,2025,1361.26,2093.44,2917.0,2697.0,1896.7801417762153,5115616.042370453
3532207,35,2022,2025,1397.19,2093.44,2917.0,5956.0,1946.8450158590645,11595408.914456587
3532306,35,2022,2025,1183.61,2093.44,2917.0,7155.0,1649.242572034546,11800330.602907175
3532405,35,2022,2025,1356.62,2093.44,2917.0,18675.0,1890.314764215836,35301628.22173074
3532504,35,2022,2025,1828.88,2093.44,2917.0,9953.0,2548.362007031489,25363847.05598441
3532603,35,2022,2025,1668.97,2093.44,2917.0,9915.0,2325.543359255579,23057762.407019068
3532702,35,2022,2025,1346.36,2093.44,2917.0,4876.0,1876.0184767655148,9147466.092708651
3532801,35,2022,2025,1565.88,2093.44,2917.0,6885.0,2181.897718587588,15022365.792475542
3532827,35,2022,2025,926.06,2093.44,2917.0,8630.0,1290.3723154234178,11135913.082104096
3532843,35,2022,2025,1499.45,2093.44,2917.0,2055.0,2089.334134247936,4293581.645879509
3532868,35,2022,2025,1681.27,2093.44,2917.0,1072.0,2342.682183391929,2511355.300596148
3532900,35,2022,2025,1301.87,2093.44,2917.0,9459.0,1814.0260958040353,17158872.84021037
3533007,35,2022,2025,1455.77,2093.44,2917.0,19733.0,2028.4704075588504,40027806.5523588
3533106,35,2022,2025,1356.94,2093.44,2917.0,2188.0,1890.7606523234485,4136984.3072837056
3533205,35,2022,2025,1422.32,2093.44,2917.0,4847.0,1981.8611663099969,9606081.073104555
3533254,35,2022,2025,1145.17,2093.44,2917.0,4463.0,1595.6802631076123,7121521.014249274
3533304,35,2022,2025,1254.56,2093.44,2917.0,2817.0,1748.1043258942218,4924409.886044023
3533403,35,2022,2025,1934.32,2093.44,2917.0,64596.0,2695.2821384897584,174104445.01788443
3533502,35,2022,2025,1693.96,2093.44,2917.0,39494.0,2360.364433659431,93220232.94294557
3533601,35,2022,2025,1765.43,2093.44,2917.0,7570.0,2459.9507556939775,18621827.22060341
3533700,35,2022,2025,1349.57,2093.44,2917.0,4418.0,1880.4912918450013,8308010.527371216
3533809,35,2022,2025,1376.51,2093.44,2917.0,2535.0,1918.0294969046163,4862204.774653202
3533908,35,2022,2025,1674.78,2093.44,2917.0,56874.0,2333.639015209416,132723385.35102032
3534005,35,2022,2025,1480.85,2093.44,2917.0,4942.0,2063.4168879929684,10197406.26046125
3534104,35,2022,2025,1590.53,2093.44,2917.0,6180.0,2216.245036877102,13696394.32790049
3534203,35,2022,2025,1567.59,2093.44,2917.0,6157.0,2184.280433162641,13448614.626982382
3534302,35,2022,2025,1737.14,2093.44,2917.0,39144.0,2420.531460180373,94749283.47730052
3534401,35,2022,2025,1951.14,2093.44,2917.0,759524.0,2718.719132146133,2064932430.1241593
3534500,35,2022,2025,1469.93,2093.44,2917.0,2502.0,2048.200956320697,5124598.792714384
3534609,35,2022,2025,1773.28,2093.44,2917.0,32112.0,2470.8889483338426,79345185.90889636
3534708,35,2022,2025,1834.77,2093.44,2917.0,106911.0,2556.5691350122283,273325362.79329234
3534757,35,2022,2025,1715.52,2093.44,2917.0,10660.0,2390.4061449098135,25481729.504738614
3534807,35,2022,2025,1167.79,2093.44,2917.0,7900.0,1627.1989787144603,12854871.931844236
3534906,35,2022,2025,1561.57,2093.44,2917.0,15273.0,2175.8921631381836,33232401.00760948
3535002,35,2022,2025,1569.56,2093.44,2917.0,11704.0,2187.02543182513,25596945.654081322
3535101,35,2022,2025,1390.3,2093.44,2917.0,9666.0,1937.244487542036,18725405.21658132
3535200,35,2022,2025,1515.31,2093.44,2917.0,8971.0,2111.4334635814735,18941669.6017894
3535309,35,2022,2025,1582.67,2093.44,2917.0,19714.0,2205.2929102338735,43475144.43235058
3535408,35,2022,2025,1347.66,2093.44,2917.0,15227.0,1877.8298972026905,28593715.84470537
3535507,35,2022,2025,1546.02,2093.44,2917.0,42049.0,2154.2247879088964,90582998.10678118
3535606,35,2022,2025,1390.47,2093.44,2917.0,17959.0,1937.4813655992052,34795227.84479613
3535705,35,2022,2025,1744.46,2093.44,2917.0,6218.0,2430.7311506420056,15114286.294691991
3535804,35,2022,2025,1579.99,2093.44,2917.0,19853.0,2201.55859733262,43707542.83284451
3535903,35,2022,2025,1515.68,2093.44,2917.0,4118.0,2111.9490217059006,8697006.0713849
3536000,35,2022,2025,1490.2,2093.44,2917.0,10720.0,2076.445181137267,22259492.3417915
3536109,35,2022,2025,1633.36,2093.44,2917.0,7435.0,2275.9243732803425,16921497.715339348
3536208,35,2022,2025,1435.07,2093.44,2917.0,19603.0,1999.6270205976764,39198688.48477625
3536257,35,2022,2025,1359.26,2093.44,2917.0,3030.0,1893.993341103638,5738799.823544023
3536307,35,2022,2025,1342.63,2093.44,2917.0,14888.0,1870.8210935111588,27852784.440194134
3536406,35,2022,2025,1196.6,2093.44,2917.0,8255.0,1667.3428424029348,13763915.164036227
3536505,35,2022,2025,2680.07,2093.44,2917.0,116674.0,3734.4104392769796,435708603.5922023
3536570,35,2022,2025,1337.04,2093.44,2917.0,2156.0,1863.0319856313054,4016696.9610210946
3536604,35,2022,2025,1373.91,2093.44,2917.0,7390.0,1914.4066560302663,14147465.188063668
3536703,35,2022,2025,1528.3,2093.44,2917.0,46337.0,2129.5337339498624,98676204.63003477
3536802,35,2022,2025,1372.0,2093.44,2917.0,6745.0,1911.7452613879545,12894721.788061753
3536901,35,2022,2025,1530.81,2093.44,2917.0,2856.0,2133.031168793947,6091937.018075513
3537008,35,2022,2025,1428.33,2093.44,2917.0,15737.0,1990.2355023310913,31320336.100184385
3537107,35,2022,2025,1769.5,2093.44,2917.0,44385.0,2465.6218950626717,109436627.81235668
3537156,35,2022,2025,1839.31,2093.44,2917.0,2833.0,2562.895172538979,7260682.023802927
3537206,35,2022,2025,1125.29,2093.44,2917.0,11617.0,1567.9794644221952,18215217.438192643
3537305,35,2022,2025,1737.74,2093.44,2917.0,63426.0,2421.3675003821463,153577655.079238
3537404,35,2022,2025,1619.12,2093.44,2917.0,24360.0,2256.0823524915927,54958166.1066952
3537503,35,2022,2025,1397.46,2093.44,2917.0,9013.0,1947.2212339498624,17550304.98159011
3537602,35,2022,2025,1407.11,2093.44,2917.0,70629.0,1960.6675471950473,138479988.190839
3537701,35,2022,2025,1450.85,2093.44,2917.0,5631.0,2021.6148779043106,11383713.377479173
3537800,35,2022,2025,1446.28,2093.44,2917.0,54266.0,2015.2470383674715,109359395.78404921
3537909,35,2022,2025,1571.17,2093.44,2917.0,28459.0,2189.2688063665546,62304400.96038578
3538006,35,2022,2025,1610.98,2093.44,2917.0,172681.0,2244.7400737542034,387623960.6759496
3538105,35,2022,2025,1694.67,2093.44,2917.0,14704.0,2361.3537478981966,34721345.50909508
3538204,35,2022,2025,1382.52,2093.44,2917.0,15676.0,1926.4038329257105,30198306.48494344
3538303,35,2022,2025,1304.25,2093.44,2917.0,3287.0,1817.3423886044022,5973604.43134267
3538501,35,2022,2025,1321.99,2093.44,2917.0,12516.0,1842.061310570162,23055239.363096148
3538600,35,2022,2025,1603.66,2093.44,2917.0,26795.0,2234.5403832925713,59874509.57032445
3538709,35,2022,2025,2145.67,2093.44,2917.0,440835.0,2989.7772995643536,1317998475.8534517
3538808,35,2022,2025,1659.91,2093.44,2917.0,30294.0,2312.9191522088045,70067572.79701352
3538907,35,2022,2025,1707.81,2093.44,2917.0,22734.0,2379.663028317028,54099259.285759315
3539004,35,2022,2025,1696.01,2093.44,2917.0,11085.0,2363.220904348823,26196303.724706702
3539103,35,2022,2025,1199.19,2093.44,2917.0,18925.0,1670.9517492739226,31622761.855008986
3539202,35,2022,2025,1546.97,2093.44,2917.0,26097.0,2155.5485182283705,56253349.680205785
3539301,35,2022,2025,2014.47,2093.44,2917.0,75594.0,2806.9631754432894,212189574.28446
3539400,35,2022,2025,2157.6,2093.44,2917.0,15657.0,3006.400565576276,47071213.65522776
3539509,35,2022,2025,1363.54,2093.44,2917.0,34361.0,1899.9570945429532,65284425.725590415
3539608,35,2022,2025,1363.79,2093.44,2917.0,4451.0,1900.3054446270253,8458259.53403489
3539707,35,2022,2025,1317.54,2093.44,2917.0,3055.0,1835.8606790736778,5608554.374570086
3539806,35,2022,2025,1476.59,2093.44,2917.0,106355.0,2057.481002560379,218823392.0273091
3539905,35,2022,2025,1589.47,2093.44,2917.0,5702.0,2214.768032520636,12628607.321432667
3540002,35,2022,2025,1904.12,2093.44,2917.0,20520.0,2653.2014483338426,54443693.71981045
3540101,35,2022,2025,1724.87,2093.44,2917.0,3440.0,2403.4344380541115,8267814.466906143
3540200,35,2022,2025,1384.14,2093.44,2917.0,38286.0,1928.6611414704983,73840720.46233949
3540259,35,2022,2025,1217.5,2093.44,2917.0,4198.0,1696.4649094313666,7121759.689792877
3540309,35,2022,2025,1493.44,2093.44,2917.0,2411.0,2080.959798226842,5017194.073524916
3540408,35,2022,2025,1340.0,2093.44,2917.0,4182.0,1867.1564506267198,7808448.276520942
3540507,35,2022,2025,1451.19,2093.44,2917.0,10850.0,2022.0886340186487,21939661.67910234
3540606,35,2022,2025,1626.03,2093.44,2917.0,58605.0,2265.710748815347,132781978.43432342
3540705,35,2022,2025,1719.41,2093.44,2917.0,53966.0,2395.826472217976,129293171.39971529
3540754,35,2022,2025,1092.82,2093.44,2917.0,20801.0,1522.7357555029043,31674426.450215913
3540804,35,2022,2025,1696.31,2093.44,2917.0,19097.0,2363.6389244497095,45138412.5402161
3540853,35,2022,2025,1252.86,2093.44,2917.0,2589.0,1745.735545322531,4519709.326840033
3540903,35,2022,2025,1538.35,2093.44,2917.0,17299.0,2143.5374073295625,37081053.6093941
3541000,35,2022,2025,1795.56,2093.44,2917.0,368539.0,2501.933907826353,922060220.4564162
3541059,35,2022,2025,1368.51,2093.44,2917.0,5264.0,1906.8822942143074,10037828.396744113
3541109,35,2022,2025,1520.64,2093.44,2917.0,3830.0,2118.860287373892,8115234.900642006
3541208,35,2022,2025,1619.0,2093.44,2917.0,14803.0,2255.915144451238,33394311.883311678
3541307,35,2022,2025,1428.42,2093.44,2917.0,40322.0,1990.3609083613574,80255332.54694664
3541406,35,2022,2025,2104.17,2093.44,2917.0,234706.0,2931.951185608377,688146534.9693997
3541505,35,2022,2025,1954.88,2093.44,2917.0,35810.0,2723.930449403852,97543949.39315194
3541604,35,2022,2025,1506.74,2093.44,2917.0,35973.0,2099.4920226994805,75525026.53256841
3541653,35,2022,2025,1517.01,2093.44,2917.0,3477.0,2113.802244153164,7349690.402920551
3541703,35,2022,2025,1377.34,2093.44,2917.0,13412.0,1919.1860191837357,25740122.889292262
3541802,35,2022,2025,1374.71,2093.44,2917.0,3366.0,1915.521376299297,6447644.952623433
3541901,35,2022,2025,1157.07,2093.44,2917.0,9074.0,1612.2617271094464,14629662.911791116
3542008,35,2022,2025,1452.52,2093.44,2917.0,7260.0,2023.9418564659125,14693817.877942525
3542107,35,2022,2025,1616.59,2093.44,2917.0,9145.0,2252.557049640782,20599634.218964953
3542206,35,2022,2025,1424.04,2093.44,2917.0,29387.0,1984.2578148884133,58311384.406125806
3542305,35,2022,2025,1108.67,2093.44,2917.0,4637.0,1544.8211508330785,7163335.676412985
3542404,35,2022,2025,1607.09,2093.44,2917.0,20620.0,2239.319746446041,46174773.17171736
3542503,35,2022,2025,1654.56,2093.44,2917.0,7820.0,2305.4644604096607,18028732.080403548
3542602,35,2022,2025,1533.08,2093.44,2917.0,61927.0,2136.194187557322,132288097.45286228
3542701,35,2022,2025,1215.0,2093.44,2917.0,6486.0,1692.981408590645,10980677.416118924
3542800,35,2022,2025,1092.39,2093.44,2917.0,3158.0,1522.1365933583004,4806907.361825513
3542909,35,2022,2025,1436.29,2093.44,2917.0,11040.0,2001.3269690079485,22094649.737847753
3543006,35,2022,2025,1023.29,2093.44,2917.0,18942.0,1425.852630120758,27008500.5197474
3543105,35,2022,2025,1222.84,2093.44,2917.0,4717.0,1703.9056672271474,8037323.032310454
3543204,35,2022,2025,1402.27,2093.44,2917.0,4776.0,1953.9234895674106,9331938.586173953
3543238,35,2022,2025,1309.36,2093.44,2917.0,2040.0,1824.4626643228369,3721903.8352185874
3543253,35,2022,2025,1110.8,2093.44,2917.0,7571.0,1547.7890935493733,11718311.227262305
3543303,35,2022,2025,1660.3,2093.44,2917.0,118954.0,2313.462578339957,275195627.54385126
3543402,35,2022,2025,2507.29,2093.44,2917.0,731639.0,3493.6587291730357,2556096978.9534307
3543501,35,2022,2025,1032.65,2093.44,2917.0,5628.0,1438.8948572684196,8098100.256706665
3543600,35,2022,2025,1599.06,2093.44,2917.0,4179.0,2228.1307417456433,9311358.369755043
3543709,35,2022,2025,1396.8,2093.44,2917.0,9101.0,1946.301589727912,17713290.768113725
3543808,35,2022,2025,1359.86,2093.44,2917.0,9334.0,1894.8293813054108,17686337.445104703
3543907,35,2022,2025,2056.67,2093.44,2917.0,210323.0,2865.7646696346683,602736222.6115724
3544004,35,2022,2025,1563.69,2093.44,2917.0,32329.0,2178.8461718511157,70439917.88977472
3544103,35,2022,2025,1233.69,2093.44,2917.0,45324.0,1719.0240608758788,77913046.53513834
3544202,35,2022,2025,1152.39,2093.44,2917.0,10444.0,1605.7406135356161,16770354.967765976
3544251,35,2022,2025,1598.65,2093.44,2917.0,17434.0,2227.559447607765,38835271.409593776
3544301,35,2022,2025,1393.07,2093.44,2917.0,11137.0,1941.1042064735552,21618077.547495984
3544400,35,2022,2025,1214.43,2093.44,2917.0,2740.0,1692.1871703989605,4636592.846893151
3544509,35,2022,2025,1417.38,2093.44,2917.0,3998.0,1974.9777686487314,7895961.119057628
3544608,35,2022,2025,1431.47,2093.44,2917.0,5182.0,1994.6107793870376,10336073.058783628
3544707,35,2022,2025,1184.76,2093.44,2917.0,2522.0,1650.8449824212778,4163431.0456664627
3544806,35,2022,2025,1449.56,2093.44,2917.0,6645.0,2019.8173914704983,13421686.56632146
3544905,35,2022,2025,1668.02,2093.44,2917.0,11683.0,2324.219628936105,27153857.924860515
3545001,35,2022,2025,1326.05,2093.44,2917.0,15381.0,1847.7185159354938,28419758.49360383
3545100,35,2022,2025,1280.67,2093.44,2917.0,4883.0,1784.4860086747171,8713645.180358645
3545159,35,2022,2025,1814.85,2093.44,2917.0,8407.0,2528.8126003133593,21259727.53083441
3545209,35,2022,2025,1902.87,2093.44,2917.0,141111.0,2651.459697913482,374150129.4322694
3545308,35,2022,2025,1536.7,2093.44,2917.0,45262.0,2141.2382967746867,96916727.78861587
3545407,35,2022,2025,1320.5,2093.44,2917.0,9221.0,1839.9851440690918,16966503.013461094
3545506,35,2022,2025,1322.62,2093.44,2917.0,3697.0,1842.9391527820237,6813346.047835141
3545605,35,2022,2025,1450.23,2093.44,2917.0,14193.0,2020.7509696958116,28680518.512892652
3545704,35,2022,2025,1489.31,2093.44,2917.0,6566.0,2075.2050548379702,13625796.390066113
3545803,35,2022,2025,1877.28,2093.44,2917.0,189456.0,2615.802583307857,495579494.2231733
3546009,35,2022,2025,1448.84,2093.44,2917.0,14219.0,2018.8141432283705,28705518.3025642
3546108,35,2022,2025,1467.76,2093.44,2917.0,2694.0,2045.1772775909508,5509707.585830022
3546207,35,2022,2025,1761.73,2093.44,2917.0,4375.0,2454.7951744497095,10739728.888217479
3546256,35,2022,2025,1486.5,2093.44,2917.0,2168.0,2071.289599892999,4490555.852568022
3546306,35,2022,2025,1607.04,2093.44,2917.0,29489.0,2239.2500764292263,66033245.503821455
3546405,35,2022,2025,1738.78,2093.44,2917.0,47759.0,2422.8166367318863,115711299.75367816
3546504,35,2022,2025,1533.31,2093.44,2917.0,6274.0,2136.5146696346683,13404493.03728791
3546603,35,2022,2025,1938.25,2093.44,2917.0,36288.0,2700.7582018113726,98005113.6273311
3546702,35,2022,2025,1593.01,2093.44,2917.0,23192.0,2219.7006697110974,51479297.93193977
3546801,35,2022,2025,1412.6,2093.44,2917.0,54691.0,1968.3173150412715,107649242.27692218
3546900,35,2022,2025,1388.3,2093.44,2917.0,7144.0,1934.4576868694587,13819765.714995412
3547007,35,2022,2025,1491.6,2093.44,2917.0,5308.0,2078.3959416080706,11032125.658055639
3547106,35,2022,2025,1549.88,2093.44,2917.0,3017.0,2159.6033132069706,6515523.195945431
3547205,35,2022,2025,1574.52,2093.44,2917.0,1699.0,2193.9366974931213,3727498.449040813
3547304,35,2022,2025,3465.07,2093.44,2917.0,163787.0,4828.229703263528,790801258.4084234
3547403,35,2022,2025,1350.25,2093.44,2917.0,2796.0,1881.4388040736778,5260502.8961900035
3547502,35,2022,2025,1753.02,2093.44,2917.0,24996.0,2442.658657520636,61056695.80338582
3547601,35,2022,2025,1588.13,2093.44,2917.0,23710.0,2212.900876070009,52467879.771619916
3547650,35,2022,2025,1589.31,2093.44,2917.0,1692.0,2214.5450884668294,3747010.289685875
3547700,35,2022,2025,1557.89,2093.44,2917.0,17960.0,2170.7644499006424,38986929.52021553
3547809,35,2022,2025,2460.93,2093.44,2917.0,782048.0,3429.060689582696,2681690054.166768
3547908,35,2022,2025,1366.48,2093.44,2917.0,6933.0,1904.0536915316416,13200804.24338887
3548005,35,2022,2025,1423.41,2093.44,2917.0,23867.0,1983.3799726765515,47337329.80787125
3548054,35,2022,2025,1499.77,2093.44,2917.0,8593.0,2089.7800223555487,17957479.732101228
3548104,35,2022,2025,1487.79,2093.44,2917.0,6243.0,2073.0870863268115,12942282.679938285
3548203,35,2022,2025,1728.57,2093.44,2917.0,7314.0,2408.5900192983795,17616427.40114835
3548302,35,2022,2025,1258.52,2093.44,2917.0,3069.0,1753.6221912259246,5381866.504872362
3548401,35,2022,2025,1254.45,2093.44,2917.0,3921.0,1747.9510518572304,6853716.0743322
3548500,35,2022,2025,3237.52,2093.44,2917.0,429547.0,4511.161456741058,1937755870.2587512
3548609,35,2022,2025,1710.26,2093.44,2917.0,11989.0,2383.0768591409355,28570708.464240678
3548708,35,2022,2025,2229.41,2093.44,2917.0,841154.0,3106.46064372516,2613011796.311993
3548807,35,2022,2025,3884.58,2093.44,2917.0,172693.0,5412.775078339957,934748366.6037621
3548906,35,2022,2025,2281.26,2093.44,2917.0,266427.0,3178.7084511617245,846893756.5176648
3549003,35,2022,2025,1574.4,2093.44,2917.0,2623.0,2193.7694894527667,5754257.370834607
3549102,35,2022,2025,1961.78,2093.44,2917.0,96080.0,2733.5449117242433,262638995.1184653
3549201,35,2022,2025,1560.38,2093.44,2917.0,2623.0,2174.2340167380007,5703015.825903776
3549250,35,2022,2025,1454.39,2093.44,2917.0,1882.0,2026.5475150947723,3813962.4234083616
3549300,35,2022,2025,1578.37,2093.44,2917.0,2293.0,2199.3012887878326,5042997.855190501
3549409,35,2022,2025,1577.23,2093.44,2917.0,49885.0,2197.7128124044634,109632903.64679666
3549508,35,2022,2025,1171.92,2093.44,2917.0,7664.0,1632.9537221033324,12514957.32619994
3549607,35,2022,2025,1251.77,2093.44,2917.0,3888.0,1744.2167389559768,6781514.681060838
3549706,35,2022,2025,1547.43,2093.44,2917.0,53427.0,2156.1894823830635,115198735.47527993
3549805,35,2022,2025,2410.09,2093.44,2917.0,504166.0,3358.2202164857845,1693100453.664772
3549904,35,2022,2025,2276.81,2093.44,2917.0,727078.0,3172.5078196652403,2306660640.5065637
3549953,35,2022,2025,1374.59,2093.44,2917.0,16479.0,1915.3541682589419,31563121.338739105
3550001,35,2022,2025,1465.87,2093.44,2917.0,10487.0,2042.543750955365,21420156.316268913
3550100,35,2022,2025,1448.66,2093.44,2917.0,38131.0,2018.5633311678387,76969838.38076086
3550209,35,2022,2025,1302.75,2093.44,2917.0,32924.0,1815.2522880999693,59765366.333403386
3550308,35,2022,2025,2713.36,2093.44,2917.0,11904961.0,3780.7967364720266,45010237696.626755
3550407,35,2022,2025,1747.04,2093.44,2917.0,39855.0,2434.3261235096297,97020067.6524763
3550506,35,2022,2025,1416.03,2093.44,2917.0,7333.0,1973.0966781947416,14468717.94120204
3550605,35,2022,2025,2014.74,2093.44,2917.0,81366.0,2807.3393935340873,228421977.09429455
3550704,35,2022,2025,1607.55,2093.44,2917.0,84280.0,2239.9607106007334,188783888.68942982
3550803,35,2022,2025,1428.62,2093.44,2917.0,10428.0,1990.6395884286148,20758389.628133595
3550902,35,2022,2025,1642.69,2093.44,2917.0,13560.0,2288.924798417915,31037820.266546927
3551009,35,2022,2025,1451.91,2093.44,2917.0,338326.0,2023.0918822607766,684464584.1577595
3551108,35,2022,2025,1495.18,2093.44,2917.0,10677.0,2083.384314811984,22244294.329247553
3551207,35,2022,2025,1165.06,2093.44,2917.0,3772.0,1623.3949957963923,6123445.924143991
3551306,35,2022,2025,1667.35,2093.44,2917.0,3191.0,2323.2860507107916,7413605.787818136
3551405,35,2022,2025,1340.01,2093.44,2917.0,13108.0,1867.1703846300825,24474869.401731122
3551504,35,2022,2025,1283.46,2093.44,2917.0,45580.0,1788.3735956129624,81514068.48803882
3551603,35,2022,2025,1836.39,2093.44,2917.0,31047.0,2558.8264435570163,79443884.59311469
3551702,35,2022,2025,1797.64,2093.44,2917.0,132176.0,2504.832180525833,331078698.2931825
3551801,35,2022,2025,1004.06,2093.44,2917.0,12903.0,1399.0575416539284,18052039.45996064
3551900,35,2022,2025,1360.31,2093.44,2917.0,14693.0,1895.4564114567409,27849941.053533893
3552007,35,2022,2025,1153.4,2093.44,2917.0,6329.0,1607.1479478752676,10171639.362102568
3552106,35,2022,2025,1787.74,2093.44,2917.0,41527.0,2491.037517196576,103445314.97662222
3552205,35,2022,2025,2165.31,2093.44,2917.0,762172.0,3017.1436821690613,2299582434.526158
3552304,35,2022,2025,1361.7,2093.44,2917.0,7464.0,1897.3932379241824,14162143.127866097
3552403,35,2022,2025,1586.3,2093.44,2917.0,291116.0,2210.350953454601,643468528.1658896
3552502,35,2022,2025,1407.5,2093.44,2917.0,320261.0,1961.2109733262,628099387.5284221
3552551,35,2022,2025,1343.1,2093.44,2917.0,3465.0,1871.4759916692142,6484664.311133827
3552601,35,2022,2025,1674.01,2093.44,2917.0,11498.0,2332.566096950474,26819844.982736547
3552700,35,2022,2025,1493.36,2093.44,2917.0,14997.0,2080.8483261999386,31206482.34802048
3552809,35,2022,2025,1740.2,2093.44,2917.0,285307.0,2424.7952652094164,691811062.731103
3552908,35,2022,2025,1391.05,2093.44,2917.0,6418.0,1938.2895377942525,12439942.253563512
3553005,35,2022,2025,1290.18,2093.44,2917.0,13068.0,1797.7372458728219,23492830.329066034
3553104,35,2022,2025,1340.52,2093.44,2917.0,5744.0,1867.8810188015898,10729108.571996331
3553203,35,2022,2025,1644.9,2093.44,2917.0,6770.0,2292.004213161113,15516868.523100736
3553302,35,2022,2025,1702.58,2093.44,2917.0,21650.0,2372.3755445582387,51361930.53968587
3553401,35,2022,2025,1480.38,2093.44,2917.0,26071.0,2062.761989834913,53778267.83698602
3553500,35,2022,2025,1156.39,2093.44,2917.0,8122.0,1611.3142148807704,13087094.053261617
3553609,35,2022,2025,1422.36,2093.44,2917.0,11903.0,1981.9169023234483,23590756.888356004
3553658,35,2022,2025,1606.61,2093.44,2917.0,2649.0,2238.650914284622,5930186.271939964
3553708,35,2022,2025,1620.23,2093.44,2917.0,53264.0,2257.629026864873,120250352.48693061
3553807,35,2022,2025,1515.25,2093.44,2917.0,24932.0,2111.349859561296,52640174.69858223
3553856,35,2022,2025,1253.48,2093.44,2917.0,7170.0,1746.5994535310303,12523118.081817487
3553906,35,2022,2025,1266.7,2093.44,2917.0,6633.0,1765.0202059767655,11707379.026243886
3553955,35,2022,2025,1307.96,2093.44,2917.0,15315.0,1822.5119038520331,27911769.807493888
3554003,35,2022,2025,1558.09,2093.44,2917.0,129130.0,2171.0431299679,280346799.37275493
3554102,35,2022,2025,1941.51,2093.44,2917.0,322397.0,2705.3006869076735,872180825.5569732
3554201,35,2022,2025,1042.07,2093.44,2917.0,4119.0,1452.0206884362578,5980873.2156689465
3554300,35,2022,2025,1337.3,2093.44,2917.0,22598.0,1863.3942697187406,42108983.7071041
3554409,35,2022,2025,1605.47,2093.44,2917.0,7965.0,2237.0624379012534,17818202.317883484
3554508,35,2022,2025,2011.6,2093.44,2917.0,38723.0,2802.964116478141,108539179.48238306
3554607,35,2022,2025,1241.59,2093.44,2917.0,2484.0,1730.0319235325587,4297399.298054876
3554656,35,2022,2025,1344.68,2093.44,2917.0,2056.0,1873.6775642005503,3852281.071996331
3554706,35,2022,2025,1525.18,2093.44,2917.0,9484.0,2125.186324900642,20155267.105357688
3554755,35,2022,2025,1217.77,2093.44,2917.0,1724.0,1696.8411275221645,2925354.1038482115
3554805,35,2022,2025,1946.41,2093.44,2917.0,53426.0,2712.1283485554877,144898169.1499255
3554904,35,2022,2025,1569.16,2093.44,2917.0,7060.0,2186.4680716906146,15436464.58613574
3554953,35,2022,2025,1438.03,2093.44,2917.0,6976.0,2003.7514855930908,13978170.3634974
3555000,35,2022,2025,1848.89,2093.44,2917.0,65433.0,2576.2439477606235,168571370.2338209
3555109,35,2022,2025,1947.45,2093.44,2917.0,16259.0,2713.5774849052277,44120056.327074096
3555208,35,2022,2025,1691.07,2093.44,2917.0,1835.0,2356.337506687557,4323879.324771667
3555307,35,2022,2025,1793.09,2093.44,2917.0,1662.0,2498.49220899572,4152494.0513508865
3555356,35,2022,2025,1156.09,2093.44,2917.0,5458.0,1610.896194779884,8792271.431108607
3555406,35,2022,2025,1615.62,2093.44,2917.0,97096.0,2251.205451314582,218583044.50084066
3555505,35,2022,2025,1339.15,2093.44,2917.0,5289.0,1865.9720603408744,9869126.227142885
3555604,35,2022,2025,1575.95,2093.44,2917.0,10670.0,2195.9292599740143,23430565.203922734
3555703,35,2022,2025,1330.0,2093.44,2917.0,1628.0,1853.2224472638338,3017046.1441455213
3555802,35,2022,2025,1502.78,2093.44,2917.0,8973.0,2093.9741573677775,18789230.11406107
3555901,35,2022,2025,1489.99,2093.44,2917.0,1424.0,2076.152567066646,2956441.255502904
3556008,35,2022,2025,1630.42,2093.44,2917.0,14073.0,2271.8277762916537,31971432.295752443
3556107,35,2022,2025,1475.19,2093.44,2917.0,14634.0,2055.530242089575,30080629.56273884
3556206,35,2022,2025,3127.28,2093.44,2917.0,132258.0,4357.553003668603,576321245.1592021
3556305,35,2022,2025,1439.26,2093.44,2917.0,24779.0,2005.4653680067256,49693426.35383865
3556354,35,2022,2025,1452.82,2093.44,2917.0,10863.0,2024.359876566799,21990621.339145135
3556404,35,2022,2025,1350.12,2093.44,2917.0,41256.0,1881.25766202996,77613166.10470803
3556453,35,2022,2025,1929.62,2093.44,2917.0,52352.0,2688.7331569092016,140760558.23051053
3556503,35,2022,2025,1446.57,2093.44,2917.0,119655.0,2015.6511244649955,241182735.29785904
3556602,35,2022,2025,1513.7,2093.44,2917.0,10274.0,2109.190089040049,21669818.97479746
3556701,35,2022,2025,3247.77,2093.44,2917.0,79089.0,4525.443810188016,357912825.50396
3556800,35,2022,2025,1399.34,2093.44,2917.0,17685.0,1949.840826582085,34482935.01810417
3556909,35,2022,2025,1473.26,2093.44,2917.0,8368.0,2052.840979440538,17178173.31595842
3556958,35,2022,2025,1415.49,2093.44,2917.0,1828.0,1972.3442420131457,3605445.2744000303
3557006,35,2022,2025,1837.4,2093.44,2917.0,133510.0,2560.2337778966676,341816811.68698406
3557105,35,2022,2025,1789.36,2093.44,2917.0,100568.0,2493.294825741363,250745674.0351574
3557154,35,2022,2025,1437.75,2093.44,2917.0,2773.0,2003.36133349893,5555320.977792533
3557204,35,2022,2025,1348.48,2093.44,2917.0,12415.0,1878.9724854784467,23327443.407214917
3557303,35,2022,2025,1645.48,2093.44,2917.0,11609.0,2292.81238535616,26617258.981599662
4100103,41,2022,2025,1096.83,1965.12,2710.0,7233.0,1512.5841170004885,10940520.918264532
4100202,41,2022,2025,1182.06,1965.12,2710.0,6319.0,1630.1206033219346,10300732.092391305
4100301,41,2022,2025,1296.35,1965.12,2710.0,10770.0,1787.7323013352875,19253876.885381047
4100400,41,2022,2025,1352.58,1965.12,2710.0,125861.0,1865.2763190034195,234765542.7860894
4100459,41,2022,2025,1382.24,1965.12,2710.0,3496.0,1906.1789610812573,6664001.647940075
4100509,41,2022,2025,1362.99,1965.12,2710.0,18634.0,1879.6322361993164,35025067.089338064
4100608,41,2022,2025,1448.91,1965.12,2710.0,14183.0,1998.1202674645824,28339339.753450174
4100707,41,2022,2025,1180.6,1965.12,2710.0,9771.0,1628.1071893828364,15908235.347459694
4100806,41,2022,2025,1538.57,1965.12,2710.0,10481.0,2121.765948135483,22238228.902408
4100905,41,2022,2025,1067.49,1965.12,2710.0,4688.0,1472.1227711284807,6901311.5510503175
4101002,41,2022,2025,1815.06,1965.12,2710.0,20337.0,2503.0596604787493,50904724.315156326
4101051,41,2022,2025,1370.33,1965.12,2710.0,2971.0,1889.7544679205341,5614460.524191907
4101101,41,2022,2025,1578.21,1965.12,2710.0,19989.0,2176.4315156326334,43504689.56598071
4101150,41,2022,2025,1394.7,1965.12,2710.0,3357.0,1923.36193209575,6456726.006045433
4101200,41,2022,2025,1211.84,1965.12,2710.0,18140.0,1671.1887314769583,30315363.588992022
4101309,41,2022,2025,1190.28,1965.12,2710.0,7048.0,1641.4563996091842,11568984.70444553
4101408,41,2022,2025,1770.29,1965.12,2710.0,134910.0,2441.3195631818926,329358422.2688691
4101507,41,2022,2025,1778.09,1965.12,2710.0,124838.0,2452.0761581989905,306112283.43724555
4101606,41,2022,2025,1526.02,1965.12,2710.0,26325.0,2104.4588625631004,55399879.55697362
4101655,41,2022,2025,1226.76,1965.12,2710.0,3573.0,1691.7641670737667,6044673.368954568
4101705,41,2022,2025,1513.63,1965.12,2710.0,14894.0,2087.372425093633,31089324.89934457
4101804,41,2022,2025,1600.99,1965.12,2710.0,162247.0,2207.846289285133,358216436.897645
4101853,41,2022,2025,1383.07,1965.12,2710.0,2351.0,1907.3235731151278,4484117.720393665
4101903,41,2022,2025,1275.36,1965.12,2710.0,13477.0,1758.7860283341474,23703159.303859305
4102000,41,2022,2025,1672.22,1965.12,2710.0,38357.0,2306.076066601531,88454159.68663491
4102109,41,2022,2025,1554.91,1965.12,2710.0,26203.0,2144.2996356456606,56187083.35282324
4102208,41,2022,2025,1709.41,1965.12,2710.0,4046.0,2357.362960022798,9537890.53625224
4102307,41,2022,2025,1606.33,1965.12,2710.0,13867.0,2215.2104197199155,30718322.89025607
4102406,41,2022,2025,1502.12,1965.12,2710.0,31747.0,2071.499552190197,65763896.283382185
4102505,41,2022,2025,1309.84,1965.12,2710.0,10580.0,1806.3356945122944,19111031.647940073
4102604,41,2022,2025,1469.89,1965.12,2710.0,9903.0,2027.0527499592904,20073903.382846855
4102703,41,2022,2025,1473.07,1965.12,2710.0,2872.0,2031.4381310047224,5834290.312245563
4102752,41,2022,2025,1750.4,1965.12,2710.0,4122.0,2413.890245888292,9950055.59355154
4102802,41,2022,2025,1399.26,1965.12,2710.0,14982.0,1929.650403028823,28910022.338177826
4102901,41,2022,2025,1382.61,1965.12,2710.0,15650.0,1906.6892098192477,29839686.133671228
4103008,41,2022,2025,1556.08,1965.12,2710.0,4595.0,2145.913124898225,9860470.808907343
4103024,41,2022,2025,2185.28,1965.12,2710.0,2421.0,3013.6117896108126,7295954.142647778
4103040,41,2022,2025,1567.86,1965.12,2710.0,6241.0,2162.1583414753295,13494030.209147532
4103057,41,2022,2025,1272.15,1965.12,2710.0,8023.0,1754.359275769419,14075224.469498048
4103107,41,2022,2025,1328.2,1965.12,2710.0,13405.0,1831.655064321772,24553336.137233354
4103156,41,2022,2025,1545.13,1965.12,2710.0,4072.0,2130.812520354991,8676668.582885524
4103206,41,2022,2025,1387.3,1965.12,2710.0,6674.0,1913.1569573359388,12768409.533260057
4103222,41,2022,2025,1788.27,1965.12,2710.0,3244.0,2466.1148937469466,8000076.715315094
4103305,41,2022,2025,1549.47,1965.12,2710.0,7818.0,2136.797600146556,16705483.637945773
4103354,41,2022,2025,1317.26,1965.12,2710.0,4745.0,1816.5682502849697,8619616.347602181
4103370,41,2022,2025,1443.73,1965.12,2710.0,3861.0,1990.976785132715,7687161.367397413
4103404,41,2022,2025,1490.03,1965.12,2710.0,2648.0,2054.826829913695,5441181.445611464
4103453,41,2022,2025,1712.31,1965.12,2710.0,20145.0,2361.362206888129,47569641.65776136
4103479,41,2022,2025,1393.28,1965.12,2710.0,4580.0,1921.4036801823806,8800028.855235303
4103503,41,2022,2025,1415.61,1965.12,2710.0,8963.0,1952.1978810454325,17497549.60781021
4103602,41,2022,2025,1436.07,1965.12,2710.0,23393.0,1980.4132572056667,46327807.32581216
4103701,41,2022,2025,1753.93,1965.12,2710.0,110923.0,2418.7582946588504,268295926.31844366
4103800,41,2022,2025,1624.96,1965.12,2710.0,10045.0,2240.9021332030616,22509861.928024754
4103909,41,2022,2025,1619.88,1965.12,2710.0,16014.0,2233.8965559355156,35773619.44675135
4103958,41,2022,2025,1316.21,1965.12,2710.0,3954.0,1815.1202471095912,7176985.457071324
4104006,41,2022,2025,1514.06,1965.12,2710.0,50600.0,2087.965416870217,105651050.09363297
4104055,41,2022,2025,1444.58,1965.12,2710.0,3997.0,1992.1489781794494,7962619.465783259
4104105,41,2022,2025,1119.38,1965.12,2710.0,7693.0,1543.681709005048,11875543.387375835
4104204,41,2022,2025,1755.14,1965.12,2710.0,144504.0,2420.426945937144,349761375.39570105
4104253,41,2022,2025,1402.36,1965.12,2710.0,31888.0,1933.9254600227976,61669015.06920697
4104303,41,2022,2025,2064.25,1965.12,2710.0,104122.0,2846.705290262172,296404648.2326779
4104402,41,2022,2025,1245.36,1965.12,2710.0,15081.0,1717.414509037616,25900328.210796285
4104428,41,2022,2025,1389.16,1965.12,2710.0,15174.0,1915.721991532324,29069165.499511484
4104451,41,2022,2025,1380.05,1965.12,2710.0,10672.0,1903.1588401726106,20310511.1423221
4104501,41,2022,2025,1827.28,1965.12,2710.0,21088.0,2519.91165933887,53139897.072138086
4104600,41,2022,2025,1698.36,1965.12,2710.0,14776.0,2342.124450415242,34607230.87933561
4104659,41,2022,2025,1600.57,1965.12,2710.0,24469.0,2207.2670880149813,54009618.37663858
4104709,41,2022,2025,1441.28,1965.12,2710.0,17788.0,1987.5981110568314,35355395.19947892
4104808,41,2022,2025,2217.32,1965.12,2710.0,368195.0,3057.796572219509,1125865408.9083622
4104907,41,2022,2025,1568.37,1965.12,2710.0,75644.0,2162.861657303371,163607507.2050562
4105003,41,2022,2025,1376.45,1965.12,2710.0,10621.0,1898.1942578570267,20160721.21269948
4105102,41,2022,2025,1244.49,1965.12,2710.0,10903.0,1716.2147349780168,18711889.255465318
4105201,41,2022,2025,935.0,1965.12,2710.0,16287.0,1289.4123514085654,21000658.967391305
4105300,41,2022,2025,1771.19,1965.12,2710.0,11255.0,2442.560708760788,27491020.77710267
4105409,41,2022,2025,1839.01,1965.12,2710.0,21604.0,2536.087923383814,54789643.49678392
4105508,41,2022,2025,1868.11,1965.12,2710.0,82988.0,2576.2182971014495,213795204.0398551
4105607,41,2022,2025,1589.25,1965.12,2710.0,11705.0,2191.6562347337567,25653336.227558624
4105706,41,2022,2025,1590.88,1965.12,2710.0,14833.0,2193.9040872822015,32542179.326656897
4105805,41,2022,2025,1526.6,1965.12,2710.0,241672.0,2105.258711936167,508782083.43103737
4105904,41,2022,2025,1845.18,1965.12,2710.0,23313.0,2544.5966658524676,59322182.07101858
4106001,41,2022,2025,1207.32,1965.12,2710.0,8445.0,1664.9554225696143,14060548.543600392
4106100,41,2022,2025,1357.56,1965.12,2710.0,3474.0,1872.143991206644,6503828.225451881
4106209,41,2022,2025,1234.23,1965.12,2710.0,20006.0,1702.065675378603,34051525.90162433
4106308,41,2022,2025,1707.15,1965.12,2710.0,17933.0,2354.246305569126,42218698.99777114
4106407,41,2022,2025,1919.99,1965.12,2710.0,45720.0,2647.7634444715845,121055744.68124084
4106456,41,2022,2025,1162.7,1965.12,2710.0,5427.0,1603.4221828692396,8701772.186431363
4106506,41,2022,2025,1923.36,1965.12,2710.0,24010.0,2652.410845139228,63684384.39179286
4106555,41,2022,2025,1219.96,1965.12,2710.0,3770.0,1682.386622699886,6342597.56757857
4106571,41,2022,2025,1665.75,1965.12,2710.0,4129.0,2297.153608939912,9484947.251312897
4106605,41,2022,2025,1571.31,1965.12,2710.0,24859.0,2166.916066194431,53867366.48952736
4106704,41,2022,2025,1407.88,1965.12,2710.0,4543.0,1941.5378195733597,8820406.314321773
4106803,41,2022,2025,1245.38,1965.12,2710.0,15759.0,1717.4420900504806,27065169.897105522
4106852,41,2022,2025,1308.84,1965.12,2710.0,2870.0,1804.9566438690767,5180225.567904251
4106902,41,2022,2025,3137.92,1965.12,2710.0,1830795.0,4327.350594365738,7922491831.411821
4107009,41,2022,2025,1174.71,1965.12,2710.0,13784.0,1619.9845810942845,22329867.46580362
4107108,41,2022,2025,1508.14,1965.12,2710.0,5139.0,2079.801437062368,10688099.58506351
4107124,41,2022,2025,1190.65,1965.12,2710.0,3147.0,1641.966648347175,5167269.042348559
4107157,41,2022,2025,1469.26,1965.12,2710.0,4513.0,2026.183948054063,9144168.157567985
4107207,41,2022,2025,2032.62,1965.12,2710.0,47589.0,2803.085918417196,133396055.77155593
4107256,41,2022,2025,1609.13,1965.12,2710.0,9631.0,2219.071761520925,21371880.13520803
4107306,41,2022,2025,1607.28,1965.12,2710.0,6517.0,2216.520517830972,14445064.214704445
4107405,41,2022,2025,2211.98,1965.12,2710.0,6146.0,3050.4324417847256,18747957.787208922
4107504,41,2022,2025,1697.37,1965.12,2710.0,12347.0,2340.759190278456,28901353.7223681
4107520,41,2022,2025,1417.1,1965.12,2710.0,1852.0,1954.2526665038267,3619275.938365087
4107538,41,2022,2025,2240.05,1965.12,2710.0,4770.0,3089.142393339848,14735209.216231074
4107546,41,2022,2025,1363.45,1965.12,2710.0,4880.0,1880.2665994951965,9175701.005536558
4107553,41,2022,2025,1519.69,1965.12,2710.0,2994.0,2095.7294719915326,6274614.039142649
4107603,41,2022,2025,1452.98,1965.12,2710.0,16596.0,2003.7330035824787,33253952.927454814
4107652,41,2022,2025,1448.37,1965.12,2710.0,165943.0,1997.3755801172447,331450495.8913959
4107702,41,2022,2025,1434.14,1965.12,2710.0,4488.0,1977.7516894642567,8876149.582315585
4107736,41,2022,2025,1162.7,1965.12,2710.0,6400.0,1603.4221828692396,10261901.970363133
4107751,41,2022,2025,1371.25,1965.12,2710.0,8129.0,1891.0231945122946,15372127.548190443
4107801,41,2022,2025,1468.8,1965.12,2710.0,4805.0,2025.5495847581828,9732765.754763069
4107850,41,2022,2025,1957.58,1965.12,2710.0,4342.0,2699.601958150138,11721671.7022879
4107900,41,2022,2025,1457.38,1965.12,2710.0,11522.0,2009.8008264126368,23156925.1219264
4108007,41,2022,2025,1226.32,1965.12,2710.0,11653.0,1691.157384790751,19707057.00496662
4108106,41,2022,2025,903.94,1965.12,2710.0,2711.0,1246.5790384302231,3379475.773184335
4108205,41,2022,2025,1600.27,1965.12,2710.0,7763.0,2206.853372822016,17131802.73321731
4108304,41,2022,2025,1910.76,1965.12,2710.0,297352.0,2635.034807034685,783532869.9413776
4108320,41,2022,2025,1363.92,1965.12,2710.0,8573.0,1880.9147532975087,16125082.180019543
4108403,41,2022,2025,2277.74,1965.12,2710.0,102312.0,3141.118812082723,321374147.90180755
4108452,41,2022,2025,1270.58,1965.12,2710.0,4893.0,1752.1941662595668,8573486.05550806
4108502,41,2022,2025,1246.29,1965.12,2710.0,10691.0,1718.6970261358085,18374589.90641793
4108551,41,2022,2025,1320.61,1965.12,2710.0,2911.0,1821.1880699397493,5301478.47159461
4108601,41,2022,2025,1577.15,1965.12,2710.0,28931.0,2174.9697219508225,62924049.02575925
4108650,41,2022,2025,1183.13,1965.12,2710.0,6469.0,1631.5961875101777,10554795.73700334
4108700,41,2022,2025,1258.21,1965.12,2710.0,5527.0,1735.1353098029638,9590092.85728098
4108809,41,2022,2025,1631.65,1965.12,2710.0,33058.0,2250.127982006188,74384730.82916057
4108908,41,2022,2025,1274.78,1965.12,2710.0,6762.0,1757.9861789610811,11887502.54213483
4108957,41,2022,2025,1305.12,1965.12,2710.0,7916.0,1799.8265754763067,14247427.171470445
4109005,41,2022,2025,1337.57,1965.12,2710.0,4857.0,1844.576768848722,8959109.366298242
4109104,41,2022,2025,1850.26,1965.12,2710.0,2210.0,2551.602243120013,5639040.957295229
4109203,41,2022,2025,1709.29,1965.12,2710.0,4743.0,2357.197473945612,11180187.618924037
4109302,41,2022,2025,1490.34,1965.12,2710.0,13770.0,2055.2543356130923,28300852.20139228
4109401,41,2022,2025,1703.75,1965.12,2710.0,189630.0,2349.5575333821853,445546595.0552638
4109500,41,2022,2025,974.13,1965.12,2710.0,7446.0,1343.3746030776747,10002767.294516366
4109609,41,2022,2025,1685.43,1965.12,2710.0,44913.0,2324.293325598437,104390986.1326026
4109658,41,2022,2025,1708.91,1965.12,2710.0,4803.0,2356.673434701189,11319102.50686981
4109708,41,2022,2025,1437.92,1965.12,2710.0,29464.0,1982.9645008956197,58426066.05438854
4109757,41,2022,2025,1329.26,1965.12,2710.0,6343.0,1833.1168580035826,11627460.230316725
4109807,41,2022,2025,1651.74,1965.12,2710.0,53276.0,2277.833109428432,121353836.73790915
4109906,41,2022,2025,1338.6,1965.12,2710.0,9149.0,1845.997191011236,16889028.300561797
4110003,41,2022,2025,1388.72,1965.12,2710.0,5693.0,1915.115209249308,10902750.886256311
4110052,41,2022,2025,1480.17,1965.12,2710.0,2156.0,2041.2293905715683,4400890.566072301
4110078,41,2022,2025,1176.57,1965.12,2710.0,15068.0,1622.5496152906694,24448577.603199806
4110102,41,2022,2025,1254.07,1965.12,2710.0,30849.0,1729.4260401400425,53351063.91228017
4110201,41,2022,2025,1124.11,1965.12,2710.0,9555.0,1550.2046185474678,14812205.130221056
4110300,41,2022,2025,1139.89,1965.12,2710.0,2481.0,1571.9660376974437,3900047.7395273577
4110409,41,2022,2025,1380.22,1965.12,2710.0,4544.0,1903.3932787819574,8649019.058785215
4110508,41,2022,2025,1507.37,1965.12,2710.0,14317.0,2078.73956806709,29761314.39601653
4110607,41,2022,2025,1543.14,1965.12,2710.0,16102.0,2128.068209574988,34266154.310576454
4110656,41,2022,2025,1353.34,1965.12,2710.0,2328.0,1866.3243974922652,4344803.197361994
4110706,41,2022,2025,1765.52,1965.12,2710.0,61004.0,2434.7414916137436,148528969.9544048
4110805,41,2022,2025,1310.73,1965.12,2710.0,10832.0,1807.5630495847583,19579522.9531021
4110904,41,2022,2025,1391.9,1965.12,2710.0,4530.0,1919.5005902947403,8695337.674035173
4110953,41,2022,2025,1555.62,1965.12,2710.0,12116.0,2145.2787616023447,25992197.47557401
4111001,41,2022,2025,1287.62,1965.12,2710.0,5819.0,1775.6931892199966,10332758.66807116
4111100,41,2022,2025,1536.99,1965.12,2710.0,6228.0,2119.587048119199,13200788.135686371
4111209,41,2022,2025,1613.14,1965.12,2710.0,12869.0,2224.601754600228,28628399.979950335
4111258,41,2022,2025,1035.18,1965.12,2710.0,33310.0,1427.5656448461164,47552211.62982414
4111308,41,2022,2025,1251.41,1965.12,2710.0,3607.0,1725.7577654290835,6224808.2599027045
4111407,41,2022,2025,1289.23,1965.12,2710.0,13476.0,1777.9134607555773,23959161.79714216
4111506,41,2022,2025,1764.64,1965.12,2710.0,33566.0,2433.5279270477126,81683798.39928353
4111555,41,2022,2025,1318.3,1965.12,2710.0,6788.0,1818.0024629539164,12340600.718531184
4111605,41,2022,2025,1780.15,1965.12,2710.0,2685.0,2454.917002524019,6591452.151776992
4111704,41,2022,2025,1482.44,1965.12,2710.0,5655.0,2044.3598355316726,11560854.869931608
4111803,41,2022,2025,1591.93,1965.12,2710.0,41493.0,2195.3520904575803,91091744.28935638
4111902,41,2022,2025,1517.31,1965.12,2710.0,15908.0,2092.447331460674,33286652.148876403
4112009,41,2022,2025,1418.37,1965.12,2710.0,36384.0,1956.004060820713,71167251.74890082
4112108,41,2022,2025,1763.44,1965.12,2710.0,21930.0,2431.873066275851,53330976.34342942
4112207,41,2022,2025,1208.61,1965.12,2710.0,5807.0,1666.734397899365,9678726.648601612
4112306,41,2022,2025,1339.86,1965.12,2710.0,5054.0,1847.7347948216902,9338451.653028822
4112405,41,2022,2025,1684.55,1965.12,2710.0,9393.0,2323.0797610324053,21820688.195377383
4112504,41,2022,2025,1312.61,1965.12,2710.0,12138.0,1810.1556647940074,21971669.45926966
4112603,41,2022,2025,1120.71,1965.12,2710.0,1349.0,1545.5158463605276,2084900.8767403518
4112702,41,2022,2025,1263.41,1965.12,2710.0,11996.0,1742.3063731476961,20900707.252279762
4112751,41,2022,2025,1610.56,1965.12,2710.0,10954.0,2221.0438039407263,24329313.828366715
4112801,41,2022,2025,1481.83,1965.12,2710.0,12341.0,2043.5186146393096,25219063.22326372
4112900,41,2022,2025,1278.67,1965.12,2710.0,3372.0,1763.3506859631984,5946018.513067905
4112959,41,2022,2025,1524.76,1965.12,2710.0,7899.0,2102.7212587526465,16609395.222887155
4113007,41,2022,2025,1489.41,1965.12,2710.0,6786.0,2053.9718185149,13938252.760442112
4113106,41,2022,2025,1400.13,1965.12,2710.0,4666.0,1930.8501770884225,9009346.92629458
4113205,41,2022,2025,1508.11,1965.12,2710.0,45878.0,2079.760065543071,95415232.28698501
4113254,41,2022,2025,1001.65,1965.12,2710.0,5525.0,1381.3260767790262,7631826.57420412
4113304,41,2022,2025,1801.68,1965.12,2710.0,33179.0,2484.6079628724965,82436807.60014656
4113403,41,2022,2025,1313.79,1965.12,2710.0,3725.0,1811.7829445530042,6748891.4684599405
4113429,41,2022,2025,1256.59,1965.12,2710.0,3987.0,1732.9012477609508,6909077.274822911
4113452,41,2022,2025,1258.41,1965.12,2710.0,5217.0,1735.4111199316076,9053639.812683197
4113502,41,2022,2025,1760.13,1965.12,2710.0,23966.0,2427.3084086468007,58172873.321629226
4113601,41,2022,2025,1604.37,1965.12,2710.0,4707.0,2212.5074804592086,10414272.710521495
4113700,41,2022,2025,2332.51,1965.12,2710.0,581382.0,3216.6494158117575,1870102070.6634712
4113734,41,2022,2025,1271.33,1965.12,2710.0,6659.0,1753.22845424198,11674748.276797345
4113759,41,2022,2025,1265.28,1965.12,2710.0,4864.0,1744.8851978505131,8487121.602344897
4113809,41,2022,2025,1332.01,1965.12,2710.0,4929.0,1836.9092472724312,9054125.679805813
4113908,41,2022,2025,1481.24,1965.12,2710.0,13681.0,2042.7049747598112,27946246.759688977
4114005,41,2022,2025,1688.63,1965.12,2710.0,13551.0,2328.706287656734,31556298.9040364
4114104,41,2022,2025,1651.0,1965.12,2710.0,34521.0,2276.812611952451,78597848.17721055
4114203,41,2022,2025,1604.93,1965.12,2710.0,38313.0,2213.279748819411,84797387.01651809
4114302,41,2022,2025,1269.58,1965.12,2710.0,29104.0,1750.8151156163492,50955723.124898225
4114351,41,2022,2025,1680.04,1965.12,2710.0,2790.0,2316.8602426314933,6464040.076941866
4114401,41,2022,2025,1500.51,1965.12,2710.0,16737.0,2069.2792806546167,34633527.32031632
4114500,41,2022,2025,1828.41,1965.12,2710.0,14675.0,2521.469986565706,37002572.05285174
4114609,41,2022,2025,2069.05,1965.12,2710.0,58734.0,2853.3247333496174,167587174.88855642
4114708,41,2022,2025,1434.22,1965.12,2710.0,5926.0,1977.8620135157141,11720810.292094123
4114807,41,2022,2025,1696.15,1965.12,2710.0,44749.0,2339.076748493731,104671345.41834597
4114906,41,2022,2025,1533.15,1965.12,2710.0,8761.0,2114.291493649243,18523307.775861017
4115002,41,2022,2025,1287.26,1965.12,2710.0,7450.0,1775.1967309884385,13225215.645863866
4115101,41,2022,2025,1300.28,1965.12,2710.0,9910.0,1793.1519703631332,17770136.02629865
4115200,41,2022,2025,2646.96,1965.12,2710.0,429660.0,3650.2918905715683,1568384413.70298
4115309,41,2022,2025,2076.62,1965.12,2710.0,6506.0,2863.764146718776,18631649.538552355
4115358,41,2022,2025,1580.45,1965.12,2710.0,6824.0,2179.520589073441,14873048.499837162
4115408,41,2022,2025,2013.84,1965.12,2710.0,16605.0,2777.187347337567,46115195.902540304
4115457,41,2022,2025,1563.73,1965.12,2710.0,4491.0,2156.462862318841,9684674.714673914
4115507,41,2022,2025,1424.62,1965.12,2710.0,4780.0,1964.6231273408239,9390898.548689138
4115606,41,2022,2025,1633.1,1965.12,2710.0,19223.0,2252.1276054388536,43292648.959351085
4115705,41,2022,2025,1729.34,1965.12,2710.0,42063.0,2384.847439342127,100313837.84104788
4115739,41,2022,2025,1179.56,1965.12,2710.0,3249.0,1626.6729767138902,5285060.501343429
4115754,41,2022,2025,1055.56,1965.12,2710.0,9689.0,1455.6706969548934,14103993.382795962
4115804,41,2022,2025,2049.11,1965.12,2710.0,57910.0,2825.826463523856,163643610.5026665
4115853,41,2022,2025,1778.11,1965.12,2710.0,6194.0,2452.1037392118546,15188330.560678227
4115903,41,2022,2025,1213.96,1965.12,2710.0,2248.0,1674.11231884058,3763404.492753624
4116000,41,2022,2025,1212.39,1965.12,2710.0,2017.0,1671.9472093307281,3372317.5212200787
4116059,41,2022,2025,1858.61,1965.12,2710.0,11423.0,2563.117315990881,29278489.10056383
4116109,41,2022,2025,1204.28,1965.12,2710.0,11043.0,1660.7631086142324,18339807.008426968
4116208,41,2022,2025,1394.05,1965.12,2710.0,19089.0,1922.4655491776582,36697944.868252315
4116307,41,2022,2025,1704.22,1965.12,2710.0,4057.0,2350.205687184498,9534784.472907508
4116406,41,2022,2025,1612.61,1965.12,2710.0,3669.0,2223.8708577593225,8159382.177118954
4116505,41,2022,2025,1455.89,1965.12,2710.0,1322.0,2007.7460409542423,2654240.2661415082
4116604,41,2022,2025,1149.02,1965.12,2710.0,3286.0,1584.5567700700215,5206853.546450091
4116703,41,2022,2025,1730.42,1965.12,2710.0,14331.0,2386.336814036802,34198592.88196141
4116802,41,2022,2025,1355.91,1965.12,2710.0,6739.0,1869.868557645335,12601044.209971912
4116901,41,2022,2025,1663.04,1965.12,2710.0,27142.0,2293.416381696792,62247907.43201433
4116950,41,2022,2025,2953.34,1965.12,2710.0,5783.0,4072.8054266406125,23553033.78226266
4117008,41,2022,2025,1230.27,1965.12,2710.0,7140.0,1696.6046348314608,12113757.09269663
4117057,41,2022,2025,1149.47,1965.12,2710.0,12298.0,1585.1773428594693,19494510.962485753
4117107,41,2022,2025,1559.23,1965.12,2710.0,13074.0,2150.257134424361,28112461.775464095
4117206,41,2022,2025,1373.96,1965.12,2710.0,5982.0,1894.7604217554144,11334456.84294089
4117214,41,2022,2025,1183.28,1965.12,2710.0,4308.0,1631.80304510666,7029807.518319491
4117222,41,2022,2025,1713.57,1965.12,2710.0,8581.0,2363.0998106985835,20277759.475604545
4117255,41,2022,2025,2106.68,1965.12,2710.0,13340.0,2905.2184090539,38755613.57677902
4117271,41,2022,2025,1473.55,1965.12,2710.0,6852.0,2032.100075313467,13923949.716047876
4117297,41,2022,2025,1568.06,1965.12,2710.0,3227.0,2162.4341516039735,6978175.007226023
4117305,41,2022,2025,1156.6,1965.12,2710.0,24706.0,1595.0099739456114,39406316.416300274
4117404,41,2022,2025,1624.55,1965.12,2710.0,3193.0,2240.336722439342,7153395.154748819
4117453,41,2022,2025,1323.87,1965.12,2710.0,7102.0,1825.683775036639,12966006.17031021
4117503,41,2022,2025,1423.93,1965.12,2710.0,48695.0,1963.6715823970042,95620987.70482212
4117602,41,2022,2025,1515.41,1965.12,2710.0,50238.0,2089.827135238561,104988735.62011482
4117701,41,2022,2025,1563.68,1965.12,2710.0,34948.0,2156.39390978668,75361654.3592249
4117800,41,2022,2025,1265.43,1965.12,2710.0,12879.0,1745.0920554469958,22475040.58210186
4117909,41,2022,2025,2272.86,1965.12,2710.0,37039.0,3134.389044943821,116094635.83567418
4118006,41,2022,2025,1575.83,1965.12,2710.0,13728.0,2173.149375101775,29832994.621397167
4118105,41,2022,2025,1362.04,1965.12,2710.0,9549.0,1878.3221380882592,17936098.096604787
4118204,41,2022,2025,1570.84,1965.12,2710.0,150104.0,2166.2679123921184,325165478.72170657
4118303,41,2022,2025,1089.81,1965.12,2710.0,2352.0,1502.9031814851003,3534828.2828529556
4118402,41,2022,2025,1810.85,1965.12,2710.0,96209.0,2497.2538572708027,240258296.35416666
4118451,41,2022,2025,1801.41,1965.12,2710.0,6004.0,2484.235619198828,14915350.657669762
4118501,41,2022,2025,2309.92,1965.12,2710.0,97821.0,3185.496661781469,311608468.9521251
4118600,41,2022,2025,1665.15,1965.12,2710.0,5706.0,2296.3261785539817,13102837.17482902
4118709,41,2022,2025,1462.14,1965.12,2710.0,6414.0,2016.365107474353,12932965.7993405
4118808,41,2022,2025,1549.52,1965.12,2710.0,13494.0,2136.8665526787167,28834877.261846602
4118857,41,2022,2025,1393.26,1965.12,2710.0,7599.0,1921.3760991695165,14600536.977589156
4118907,41,2022,2025,1485.86,1965.12,2710.0,12389.0,2049.076188731477,25386004.90219427
4119004,41,2022,2025,2376.5,1965.12,2710.0,6218.0,3277.3138536069046,20378337.541727733
4119103,41,2022,2025,1421.44,1965.12,2710.0,14409.0,1960.2377462953918,28245065.686370302
4119152,41,2022,2025,2122.76,1965.12,2710.0,131255.0,2927.3935433968413,384235039.5385524
4119202,41,2022,2025,1351.43,1965.12,2710.0,6676.0,1863.6904107637195,12441997.182258591
4119251,41,2022,2025,1639.07,1965.12,2710.0,2805.0,2260.3605377788635,6340311.308469712
4119301,41,2022,2025,1121.81,1965.12,2710.0,30451.0,1547.032802068067,47108695.85577471
4119400,41,2022,2025,1409.0,1965.12,2710.0,23977.0,1943.0823562937633,46589285.65685556
4119509,41,2022,2025,1420.03,1965.12,2710.0,127433.0,1958.2932848884548,249551188.17319044
4119608,41,2022,2025,1584.1,1965.12,2710.0,34527.0,2184.5541239211857,75426100.23662677
4119657,41,2022,2025,1609.52,1965.12,2710.0,3141.0,2219.60959127178,6971793.7261846615
4119707,41,2022,2025,1178.56,1965.12,2710.0,4125.0,1625.2939260706726,6704337.445041524
4119806,41,2022,2025,2090.83,1965.12,2710.0,14722.0,2883.360456358899,42448832.63851571
4119905,41,2022,2025,1891.65,1965.12,2710.0,375632.0,2608.6811492427946,979904117.4523695
4119954,41,2022,2025,1644.82,1965.12,2710.0,33131.0,2268.2900789773653,75150718.60659909
4120002,41,2022,2025,1614.47,1965.12,2710.0,11271.0,2226.4358919557076,25094158.93823278
4120101,41,2022,2025,1567.66,1965.12,2710.0,4072.0,2161.8825313466864,8803185.667643707
4120150,41,2022,2025,1915.74,1965.12,2710.0,3057.0,2641.9024792379096,8076295.879030289
4120200,41,2022,2025,2008.51,1965.12,2710.0,3370.0,2769.8370074092168,9334350.714969061
4120309,41,2022,2025,1212.67,1965.12,2710.0,3515.0,1672.333343510829,5878251.7024405645
4120333,41,2022,2025,1321.84,1965.12,2710.0,3816.0,1822.884302230907,6956126.497313141
4120358,41,2022,2025,2502.72,1965.12,2710.0,5831.0,3451.377625793845,20124982.93600391
4120408,41,2022,2025,1492.24,1965.12,2710.0,4304.0,2057.874531835206,8857091.985018728
4120507,41,2022,2025,1561.86,1965.12,2710.0,10064.0,2153.8840376160233,21676688.95456766
4120606,41,2022,2025,1411.17,1965.12,2710.0,50946.0,1946.0748961895458,99144731.6612726
4120655,41,2022,2025,1287.55,1965.12,2710.0,4127.0,1775.5966556749718,7327887.397970608
4120705,41,2022,2025,1506.45,1965.12,2710.0,8426.0,2077.47084147533,17504769.31027113
4120804,41,2022,2025,2002.85,1965.12,2710.0,25397.0,2762.0315807686047,70147316.05678025
4120853,41,2022,2025,2437.06,1965.12,2710.0,4672.0,3360.82916056017,15701793.838137113
4120903,41,2022,2025,1425.0,1965.12,2710.0,31423.0,1965.1471665852469,61750819.41560821
4121000,41,2022,2025,1373.66,1965.12,2710.0,10625.0,1894.3467065624495,20127433.757226028
4121109,41,2022,2025,1463.1,1965.12,2710.0,5052.0,2017.6889960918415,10193364.808255984
4121208,41,2022,2025,1211.25,1965.12,2710.0,18882.0,1670.37509159746,31540022.47954324
4121257,41,2022,2025,1122.96,1965.12,2710.0,4279.0,1548.6187103077675,6626539.461406937
4121307,41,2022,2025,1381.13,1965.12,2710.0,3472.0,1904.6482148672858,6612938.602019216
4121356,41,2022,2025,1077.07,1965.12,2710.0,2623.0,1485.3340762905066,3896031.2821099986
4121406,41,2022,2025,2238.89,1965.12,2710.0,20097.0,3087.5426945937147,62050345.533249885
4121505,41,2022,2025,1322.81,1965.12,2710.0,14825.0,1824.2219813548284,27044090.873585332
4121604,41,2022,2025,1626.85,1965.12,2710.0,6945.0,2243.508538918743,15581166.80279067
4121703,41,2022,2025,1228.72,1965.12,2710.0,24878.0,1694.4671063344736,42154952.671389036
4121752,41,2022,2025,1098.19,1965.12,2710.0,6493.0,1514.459625875265,9833386.350808095
4121802,41,2022,2025,1565.81,1965.12,2710.0,12856.0,2159.3312876567334,27760363.034114964
4121901,41,2022,2025,1275.58,1965.12,2710.0,13158.0,1759.0894194756554,23146098.581460673
4122008,41,2022,2025,1310.29,1965.12,2710.0,14174.0,1806.9562673017426,25611798.1327349
4122107,41,2022,2025,1418.24,1965.12,2710.0,3214.0,1955.8247842370952,6286020.856538024
4122156,41,2022,2025,1218.66,1965.12,2710.0,14297.0,1680.5938568637032,24027450.371580366
4122172,41,2022,2025,1163.27,1965.12,2710.0,3841.0,1604.2082417358736,6161763.85650749
4122206,41,2022,2025,1030.48,1965.12,2710.0,40308.0,1421.0841068229931,57281058.177821204
4122305,41,2022,2025,1799.19,1965.12,2710.0,31951.0,2481.1741267708844,79275994.52445653
4122404,41,2022,2025,1663.39,1965.12,2710.0,75818.0,2293.8990494219183,173918838.129071
4122503,41,2022,2025,1349.95,1965.12,2710.0,11339.0,1861.649415811757,21109242.725889515
4122602,41,2022,2025,1514.88,1965.12,2710.0,9255.0,2089.0962383976557,19334585.686370302
4122651,41,2022,2025,1324.47,1965.12,2710.0,5484.0,1826.51120542257,10016587.450537374
4122701,41,2022,2025,1580.46,1965.12,2710.0,9511.0,2179.534379579873,20729551.484184172
4122800,41,2022,2025,1865.95,1965.12,2710.0,4090.0,2573.2395477120995,10524549.750142487
4122909,41,2022,2025,1385.52,1965.12,2710.0,5214.0,1910.7022471910113,9962401.516853932
4123006,41,2022,2025,1937.98,1965.12,2710.0,15706.0,2672.5725655430715,41975424.714419484
4123105,41,2022,2025,1219.36,1965.12,2710.0,3358.0,1681.5591923139555,5646675.767790263
4123204,41,2022,2025,1194.03,1965.12,2710.0,3357.0,1646.6278395212505,5527729.657272838
4123303,41,2022,2025,1566.91,1965.12,2710.0,8840.0,2160.848243364273,19101898.471340172
4123402,41,2022,2025,1458.51,1965.12,2710.0,11730.0,2011.3591536394724,23593242.872191012
4123501,41,2022,2025,2128.29,1965.12,2710.0,26461.0,2935.019693453835,77663556.10848193
4123600,41,2022,2025,1333.84,1965.12,2710.0,1745.0,1839.4329099495194,3209810.4278619112
4123709,41,2022,2025,1425.9,1965.12,2710.0,9043.0,1966.3883121641427,17782049.506900344
4123808,41,2022,2025,1908.59,1965.12,2710.0,14462.0,2632.0422671389024,38064595.2673628
4123824,41,2022,2025,1305.23,1965.12,2710.0,3638.0,1799.9782710470606,6548320.950069207
4123857,41,2022,2025,1045.38,1965.12,2710.0,9869.0,1441.631961406937,14227465.827125061
4123907,41,2022,2025,1464.31,1965.12,2710.0,10941.0,2019.3576473701353,22093792.01987665
4123956,41,2022,2025,1158.56,1965.12,2710.0,3361.0,1597.7129132063183,5369913.1012864355
4124004,41,2022,2025,1360.85,1965.12,2710.0,5646.0,1876.68106782283,10595741.308927698
4124020,41,2022,2025,1489.9,1965.12,2710.0,13938.0,2054.647553330077,28637677.59831461
4124053,41,2022,2025,1690.18,1965.12,2710.0,25300.0,2330.843816153721,58970348.54868914
4124103,41,2022,2025,1439.66,1965.12,2710.0,45628.0,1985.3640490148186,90588190.82844815
4124202,41,2022,2025,1309.09,1965.12,2710.0,2474.0,1805.3014065298812,4466315.679754926
4124301,41,2022,2025,1340.41,1965.12,2710.0,2088.0,1848.4932726754603,3859653.953346361
4124400,41,2022,2025,1734.86,1965.12,2710.0,24980.0,2392.4597988926885,59763645.77633936
4124509,41,2022,2025,1660.45,1965.12,2710.0,6463.0,2289.844640530858,14799265.911750937
4124608,41,2022,2025,1514.76,1965.12,2710.0,6727.0,2088.930752320469,14052237.170859793
4124707,41,2022,2025,1168.93,1965.12,2710.0,10884.0,1612.013668376486,17545156.766609676
4124806,41,2022,2025,1693.11,1965.12,2710.0,12297.0,2334.8844345383486,28712073.89151807
4124905,41,2022,2025,1220.35,1965.12,2710.0,5607.0,1682.924452450741,9436157.404891305
4125001,41,2022,2025,1435.26,1965.12,2710.0,10639.0,1979.2962261846606,21057732.550378602
4125100,41,2022,2025,1474.27,1965.12,2710.0,13899.0,2033.0929917765836,28257959.492702737
4125209,41,2022,2025,1829.04,1965.12,2710.0,9587.0,2522.338788470933,24181661.965070836
4125308,41,2022,2025,1785.31,1965.12,2710.0,5170.0,2462.0329038430223,12728710.112868425
4125357,41,2022,2025,1373.72,1965.12,2710.0,6690.0,1894.4294496010423,12673733.017830973
4125407,41,2022,2025,1395.21,1965.12,2710.0,6023.0,1924.065247923791,11588644.988244994
4125456,41,2022,2025,1557.1,1965.12,2710.0,4031.0,2147.3197565543073,8655845.938670414
4125506,41,2022,2025,1823.68,1965.12,2710.0,349880.0,2514.9470770232865,879929683.3089075
4125555,41,2022,2025,1301.92,1965.12,2710.0,2176.0,1795.4136134180103,3906820.0227975906
4125605,41,2022,2025,1568.37,1965.12,2710.0,43490.0,2162.861657303371,94062853.4761236
4125704,41,2022,2025,1733.78,1965.12,2710.0,30416.0,2390.9704241980135,72723756.42240678
4125753,41,2022,2025,1478.95,1965.12,2710.0,5730.0,2039.5469487868427,11686604.01654861
4125803,41,2022,2025,1588.58,1965.12,2710.0,8514.0,2190.732270802801,18651894.55361505
4125902,41,2022,2025,1682.34,1965.12,2710.0,2726.0,2320.032059110894,6324407.393136296
4126009,41,2022,2025,1305.25,1965.12,2710.0,8063.0,1800.005852059925,14513447.185159175
4126108,41,2022,2025,1352.04,1965.12,2710.0,5282.0,1864.531631656082,9848456.078407425
4126207,41,2022,2025,1074.17,1965.12,2710.0,6778.0,1481.334829425175,10040487.473843837
4126256,41,2022,2025,1461.61,1965.12,2710.0,128106.0,2015.6342106334473,258214836.1874084
4126272,41,2022,2025,1875.4,1965.12,2710.0,6413.0,2586.271576290507,16585759.61875102
4126306,41,2022,2025,1315.97,1965.12,2710.0,17256.0,1814.789274955219,31316003.72862726
4126355,41,2022,2025,1990.96,1965.12,2710.0,5161.0,2745.634668620746,14170220.52475167
4126405,41,2022,2025,1730.01,1965.12,2710.0,5654.0,2385.771403273083,13489151.514106011
4126504,41,2022,2025,1843.32,1965.12,2710.0,16210.0,2542.031631656082,41206332.74914509
4126603,41,2022,2025,1562.88,1965.12,2710.0,24031.0,2155.290669272106,51793790.07327797
4126652,41,2022,2025,2593.96,1965.12,2710.0,3498.0,3577.2022064810294,12513053.31827064
4126678,41,2022,2025,1129.05,1965.12,2710.0,10540.0,1557.0171287249634,16410960.536761114
4126702,41,2022,2025,1407.37,1965.12,2710.0,4986.0,1940.8345037453184,9677000.835674157
4126801,41,2022,2025,1355.43,1965.12,2710.0,16326.0,1869.2066133365904,30516667.169333175
4126900,41,2022,2025,1376.12,1965.12,2710.0,5807.0,1897.7391711447644,11020171.366837647
4127007,41,2022,2025,1413.01,1965.12,2710.0,9540.0,1948.6123493730663,18589761.813019052
4127106,41,2022,2025,1683.23,1965.12,2710.0,77479.0,2321.259414183358,179848858.15151238
4127205,41,2022,2025,1465.38,1965.12,2710.0,18168.0,2020.8332315583784,36714498.15095262
4127304,41,2022,2025,1486.82,1965.12,2710.0,14961.0,2050.400077348966,30676035.55721788
4127403,41,2022,2025,1587.77,1965.12,2710.0,18636.0,2189.6152397817946,40805669.608573526
4127502,41,2022,2025,1248.88,1965.12,2710.0,20374.0,1722.2687673017426,35089503.8650057
4127601,41,2022,2025,1318.51,1965.12,2710.0,18458.0,1818.292063588992,33562034.909725614
4127700,41,2022,2025,2165.17,1965.12,2710.0,160701.0,2985.879081175705,479833754.22401696
4127809,41,2022,2025,1530.72,1965.12,2710.0,8523.0,2110.940400586224,17991545.034196384
4127858,41,2022,2025,1602.6,1965.12,2710.0,11157.0,2210.066560820713,24657712.6190767
4127882,41,2022,2025,1119.88,1965.12,2710.0,6304.0,1544.3712343266573,9735716.261195248
4127908,41,2022,2025,1190.36,1965.12,2710.0,8067.0,1641.5667236606416,13242518.759770395
4127957,41,2022,2025,1663.51,1965.12,2710.0,8208.0,2294.0645354991047,18829681.70737665
4127965,41,2022,2025,1317.98,1965.12,2710.0,14101.0,1817.5611667480869,25629430.012314774
4128005,41,2022,2025,1637.48,1965.12,2710.0,25732.0,2258.1678472561475,58107175.04559519
4128104,41,2022,2025,1959.13,1965.12,2710.0,123059.0,2701.739486647126,332473359.4873087
4128203,41,2022,2025,1628.91,1965.12,2710.0,56560.0,2246.3493832437716,127053521.11626773
4128302,41,2022,2025,1318.4,1965.12,2710.0,2106.0,1818.1403680182382,3829003.6150464094
4128401,41,2022,2025,1578.68,1965.12,2710.0,10308.0,2177.0796694349456,22441337.232535418
4128500,41,2022,2025,1431.15,1965.12,2710.0,19398.0,1973.628328041036,38284442.30734002
4128534,41,2022,2025,1263.37,1965.12,2710.0,9760.0,1742.2512111219671,17004371.8205504
4128559,41,2022,2025,1368.31,1965.12,2710.0,8178.0,1886.9687856212345,15431630.728810456
4128609,41,2022,2025,1887.7,1965.12,2710.0,8077.0,2603.2338992020846,21026320.203855235
4128625,41,2022,2025,1217.29,1965.12,2710.0,3067.0,1678.7045574824947,5148586.8777988115
4128633,41,2022,2025,893.21,1965.12,2710.0,5744.0,1231.781825028497,7075354.802963687
4128658,41,2022,2025,1641.92,1965.12,2710.0,3828.0,2264.2908321120344,8667705.305324867
4128708,41,2022,2025,1800.07,1965.12,2710.0,10549.0,2482.387691336916,26186707.755913123
4128807,41,2022,2025,1278.58,1965.12,2710.0,5835.0,1763.2265714053085,10288427.044149974
4200051,42,2022,2025,2127.38,2220.4,2807.0,2629.0,2689.4053593947037,7070446.689848676
4200101,42,2022,2025,1685.84,2220.4,2807.0,17767.0,2131.2163934426226,37865321.66229507
4200200,42,2022,2025,1683.01,2220.4,2807.0,11646.0,2127.6387452711224,24778480.82742749
4200309,42,2022,2025,2206.89,2220.4,2807.0,6511.0,2789.920838587642,18165174.580044135
4200408,42,2022,2025,2200.72,2220.4,2807.0,6587.0,2782.1208070617904,18325829.756116014
4200507,42,2022,2025,1626.84,2220.4,2807.0,6123.0,2056.6293820933165,12592741.706557376
4200556,42,2022,2025,2175.45,2220.4,2807.0,3000.0,2750.1748108448924,8250524.432534677
4200606,42,2022,2025,1876.74,2220.4,2807.0,7193.0,2372.5496216897855,17065749.428814627
4200705,42,2022,2025,1625.18,2220.4,2807.0,10963.0,2054.5308322824717,22523821.514312737
4200754,42,2022,2025,2513.02,2220.4,2807.0,1847.0,3176.9262925598987,5867782.862358133
4200804,42,2022,2025,2515.03,2220.4,2807.0,5955.0,3179.4673076923077,18933727.817307692
4200903,42,2022,2025,1380.1,2220.4,2807.0,5484.0,1744.7039722572506,9567956.583858762
4201000,42,2022,2025,1468.32,2220.4,2807.0,8339.0,1856.2305170239595,15479106.281462798
4201109,42,2022,2025,1642.76,2220.4,2807.0,3761.0,2076.7552332912987,7810676.432408575
4201208,42,2022,2025,1801.02,2220.4,2807.0,12464.0,2276.825409836066,28378351.908196725
4201257,42,2022,2025,1835.23,2220.4,2807.0,10041.0,2320.073234552333,23295855.348139975
4201273,42,2022,2025,2056.91,2220.4,2807.0,4505.0,2600.3181273644386,11714433.163776796
4201307,42,2022,2025,1494.49,2220.4,2807.0,52079.0,1889.3142812105925,98393598.45116645
4201406,42,2022,2025,1922.77,2220.4,2807.0,76611.0,2430.740132408575,186221432.28395334
4201505,42,2022,2025,2061.11,2220.4,2807.0,9289.0,2605.627711223203,24203675.80955233
4201604,42,2022,2025,2168.63,2220.4,2807.0,3634.0,2741.5530580075665,9962803.812799497
4201653,42,2022,2025,2237.43,2220.4,2807.0,2623.0,2828.5290983606556,7419231.824999999
4201703,42,2022,2025,1713.62,2220.4,2807.0,8720.0,2166.3354981084485,18890445.543505672
4201802,42,2022,2025,2095.5,2220.4,2807.0,3265.0,2649.1030895334175,8649321.587326609
4201901,42,2022,2025,2233.37,2220.4,2807.0,7241.0,2823.3965006305166,20444214.06106557
4201950,42,2022,2025,1530.6,2220.4,2807.0,17786.0,1934.9640605296343,34415270.78058007
4202008,42,2022,2025,3583.85,2220.4,2807.0,151674.0,4530.65526481715,687182606.6358764
4202057,42,2022,2025,1709.56,2220.4,2807.0,16953.0,2161.20290037831,36638872.77011349
4202073,42,2022,2025,1743.57,2220.4,2807.0,17986.0,2204.1978877679694,39644703.2093947
4202081,42,2022,2025,1849.34,2220.4,2807.0,3265.0,2337.9109079445143,7633279.114438839
4202099,42,2022,2025,2909.71,2220.4,2807.0,1642.0,3678.4164880201765,6039959.87332913
4202107,42,2022,2025,1670.39,2220.4,2807.0,52860.0,2111.684709962169,111623653.76860026
4202131,42,2022,2025,1195.56,2220.4,2807.0,5939.0,1511.4109709962167,8976269.75674653
4202156,42,2022,2025,1798.71,2220.4,2807.0,2712.0,2273.905138713745,6166830.736191677
4202206,42,2022,2025,1654.16,2220.4,2807.0,10757.0,2091.1669609079445,22494682.998486757
4202305,42,2022,2025,1899.63,2220.4,2807.0,83756.0,2401.4868537200505,201138932.92017654
4202404,42,2022,2025,2633.68,2220.4,2807.0,385558.0,3329.463051702395,1283701115.2882721
4202438,42,2022,2025,1561.31,2220.4,2807.0,3639.0,1973.7872320302647,7182611.737358133
4202453,42,2022,2025,1964.03,2220.4,2807.0,28738.0,2482.900472887768,71353593.78984869
4202503,42,2022,2025,1591.86,2220.4,2807.0,3995.0,2012.408133669609,8039570.494010088
4202537,42,2022,2025,1602.98,2220.4,2807.0,2896.0,2026.4658890290038,5868645.214627995
4202578,42,2022,2025,2347.75,2220.4,2807.0,2240.0,2967.994167717528,6648306.935687263
4202602,42,2022,2025,1710.21,2220.4,2807.0,8422.0,2162.0246216897854,18208571.363871373
4202701,42,2022,2025,1804.04,2220.4,2807.0,5705.0,2280.6432534678434,13011069.761034047
4202800,42,2022,2025,1873.21,2220.4,2807.0,35985.0,2368.0870428751573,85215612.23786254
4202859,42,2022,2025,1932.61,2220.4,2807.0,4256.0,2443.1797288776793,10398172.926103404
4202875,42,2022,2025,1449.82,2220.4,2807.0,2433.0,1832.8430643127363,4459307.175472887
4202909,42,2022,2025,2235.17,2220.4,2807.0,155307.0,2825.6720365699875,438846646.98357505
4203006,42,2022,2025,1873.8,2220.4,2807.0,76298.0,2368.8329129886506,180737213.59520808
4203105,42,2022,2025,2564.39,2220.4,2807.0,6441.0,3241.8675598991167,20880868.95331021
4203154,42,2022,2025,1031.92,2220.4,2807.0,3519.0,1304.5394703657,4590674.396216898
4203204,42,2022,2025,1838.18,2220.4,2807.0,117324.0,2323.802585119798,272637814.4965952
4203253,42,2022,2025,1338.98,2220.4,2807.0,2636.0,1692.7206179066834,4462011.548802017
4203303,42,2022,2025,1633.87,2220.4,2807.0,12886.0,2065.5166141235813,26616247.08959647
4203402,42,2022,2025,1293.18,2220.4,2807.0,7324.0,1634.8208701134931,11973428.052711224
4203501,42,2022,2025,1921.14,2220.4,2807.0,9864.0,2428.679508196721,23956494.668852456
4203600,42,2022,2025,1809.2,2220.4,2807.0,39049.0,2287.1664564943253,89311562.95964691
4203709,42,2022,2025,1639.81,2220.4,2807.0,13618.0,2073.025882723833,28230466.470933158
4203808,42,2022,2025,1821.76,2220.4,2807.0,56948.0,2303.044640605296,131153786.1931904
4203907,42,2022,2025,1812.66,2220.4,2807.0,24414.0,2291.5405422446406,55945670.79836065
4203956,42,2022,2025,1711.32,2220.4,2807.0,25015.0,2163.4278688524587,54118148.13934425
4204004,42,2022,2025,1900.84,2220.4,2807.0,11033.0,2403.0165195460277,26512481.260151323
4204103,42,2022,2025,2494.4,2220.4,2807.0,4752.0,3153.3871374527116,14984895.677175285
4204152,42,2022,2025,1552.72,2220.4,2807.0,2864.0,1962.927868852459,5621825.416393442
4204178,42,2022,2025,1203.24,2220.4,2807.0,3303.0,1521.119924337957,5024259.110088272
4204194,42,2022,2025,1770.31,2220.4,2807.0,3053.0,2238.002238335435,6832620.833638082
4204202,42,2022,2025,2385.86,2220.4,2807.0,282648.0,3016.172320302648,852515073.9889029
4204251,42,2022,2025,2094.01,2220.4,2807.0,18106.0,2647.2194514501894,47930555.387957126
4204301,42,2022,2025,2277.94,2220.4,2807.0,87206.0,2879.7412988650694,251130719.70882726
4204350,42,2022,2025,2130.12,2220.4,2807.0,5192.0,2692.8692307692304,13981377.046153843
4204400,42,2022,2025,2249.78,2220.4,2807.0,10604.0,2844.1418032786887,30159279.681967214
4204459,42,2022,2025,2083.12,2220.4,2807.0,1993.0,2633.4524590163933,5248470.750819672
4204509,42,2022,2025,1989.39,2220.4,2807.0,15912.0,2514.9602459016396,40018047.43278689
4204558,42,2022,2025,1531.4,2220.4,2807.0,16253.0,1935.9754098360656,31465408.336065575
4204608,42,2022,2025,2235.77,2220.4,2807.0,227438.0,2826.4305485498103,642837711.1010717
4204707,42,2022,2025,2191.07,2220.4,2807.0,11242.0,2769.9214060529634,31139456.446847416
4204756,42,2022,2025,2169.22,2220.4,2807.0,2026.0,2742.298928121059,5555897.628373265
4204806,42,2022,2025,1806.18,2220.4,2807.0,41741.0,2283.3486128625473,95309254.44949558
4204905,42,2022,2025,2412.49,2220.4,2807.0,8652.0,3049.837610340479,26387195.004665826
4205001,42,2022,2025,2292.36,2220.4,2807.0,15316.0,2897.970870113493,44385321.84665826
4205100,42,2022,2025,1899.35,2220.4,2807.0,4435.0,2401.132881462799,10649024.329287514
4205159,42,2022,2025,1771.6,2220.4,2807.0,3729.0,2239.6330390920552,8351591.602774274
4205175,42,2022,2025,1241.72,2220.4,2807.0,3561.0,1569.7658259773013,5589936.10630517
4205191,42,2022,2025,1847.57,2220.4,2807.0,2354.0,2335.6732976040353,5498174.942559899
4205209,42,2022,2025,1649.61,2220.4,2807.0,5137.0,2085.4149117276165,10712776.401544767
4205308,42,2022,2025,1884.75,2220.4,2807.0,11537.0,2382.6757566204287,27488930.204129886
4205357,42,2022,2025,2168.65,2220.4,2807.0,1868.0,2741.578341740227,5121268.342370745
4205407,42,2022,2025,3636.13,2220.4,2807.0,587486.0,4596.746941992434,2700524473.963367
4205431,42,2022,2025,2102.36,2220.4,2807.0,2752.0,2657.7754098360656,7314197.927868852
4205456,42,2022,2025,1664.12,2220.4,2807.0,34771.0,2103.758259773014,73149778.45056747
4205506,42,2022,2025,1714.52,2220.4,2807.0,34065.0,2167.473266078184,73834976.80895334
4205555,42,2022,2025,1788.63,2220.4,2807.0,2437.0,2261.1621374527112,5510452.1289722575
4205605,42,2022,2025,2170.52,2220.4,2807.0,3168.0,2743.94237074401,8692809.430517023
4205704,42,2022,2025,2120.74,2220.4,2807.0,34070.0,2681.0111601513236,91342050.2263556
4205803,42,2022,2025,1603.44,2220.4,2807.0,19970.0,2027.0474148802018,40480136.87515763
4205902,42,2022,2025,2016.67,2220.4,2807.0,78344.0,2549.4472572509458,199733895.9220681
4206009,42,2022,2025,1823.64,2220.4,2807.0,18280.0,2305.4213114754098,42143101.57377049
4206108,42,2022,2025,2306.62,2220.4,2807.0,6403.0,2915.9981715006306,18671136.29211854
4206207,42,2022,2025,1841.83,2220.4,2807.0,13158.0,2328.416866330391,30637309.127175283
4206306,42,2022,2025,1933.97,2220.4,2807.0,26645.0,2444.899022698613,65144334.45980454
4206405,42,2022,2025,2834.02,2220.4,2807.0,11071.0,3582.7302017654474,39664406.06374527
4206504,42,2022,2025,1850.72,2220.4,2807.0,51009.0,2339.6554854981086,119343486.65977302
4206603,42,2022,2025,2492.22,2220.4,2807.0,4893.0,3150.6312105926854,15416038.51343001
4206652,42,2022,2025,1858.24,2220.4,2807.0,9611.0,2349.162168978562,22577797.60605296
4206702,42,2022,2025,1922.35,2220.4,2807.0,22222.0,2430.2091740226983,54004108.265132405
4206751,42,2022,2025,2299.32,2220.4,2807.0,2061.0,2906.769609079445,5990852.164312736
4206801,42,2022,2025,1917.72,2220.4,2807.0,3295.0,2424.3559899117276,7988252.986759143
4206900,42,2022,2025,2075.03,2220.4,2807.0,20900.0,2623.2251891551073,54825406.453341745
4207007,42,2022,2025,1976.0,2220.4,2807.0,63489.0,2498.032786885246,158597603.60655737
4207106,42,2022,2025,1724.1,2220.4,2807.0,18627.0,2179.5841740226983,40599114.409520805
4207205,42,2022,2025,1397.34,2220.4,2807.0,12150.0,1766.498549810845,21462957.380201764
4207304,42,2022,2025,1867.08,2220.4,2807.0,57256.0,2360.3375788146277,135143488.41261032
4207403,42,2022,2025,1900.55,2220.4,2807.0,6166.0,2402.649905422446,14814739.316834802
4207502,42,2022,2025,1941.73,2220.4,2807.0,77888.0,2454.7091109709963,191192383.23530897
4207577,42,2022,2025,2700.4,2220.4,2807.0,2967.0,3413.809583858764,10128773.035308953
4207601,42,2022,2025,2074.85,2220.4,2807.0,4622.0,2622.99763556116,12123495.071563683
4207650,42,2022,2025,2584.82,2220.4,2807.0,9759.0,3267.694892812106,31889434.458953343
4207684,42,2022,2025,1290.53,2220.4,2807.0,8133.0,1631.4707755359395,13268751.817433797
4207700,42,2022,2025,2372.79,2220.4,2807.0,8121.0,2999.6494010088268,24360152.785592683
4207759,42,2022,2025,2149.25,2220.4,2807.0,3981.0,2717.0531210592685,10816588.474936947
4207809,42,2022,2025,1801.71,2220.4,2807.0,10560.0,2277.6976986128625,24052487.69735183
4207858,42,2022,2025,2193.15,2220.4,2807.0,2098.0,2772.550914249685,5816811.818095839
4207908,42,2022,2025,1443.53,2220.4,2807.0,10427.0,1824.8913303909205,19028141.90198613
4208005,42,2022,2025,2845.16,2220.4,2807.0,7370.0,3596.813240857503,26508513.585119795
4208104,42,2022,2025,1585.77,2220.4,2807.0,22906.0,2004.7092370744008,45919869.78442623
4208203,42,2022,2025,2365.7,2220.4,2807.0,294850.0,2990.68631778058,881803860.797604
4208302,42,2022,2025,2579.53,2220.4,2807.0,86116.0,3261.007345523329,280824908.567087
4208401,42,2022,2025,2634.98,2220.4,2807.0,17268.0,3331.106494325347,57521546.94401009
4208450,42,2022,2025,1795.93,2220.4,2807.0,36033.0,2270.3906998738967,81808988.08855613
4208500,42,2022,2025,2112.88,2220.4,2807.0,28461.0,2671.0746532156368,76021455.70517024
4208609,42,2022,2025,2085.55,2220.4,2807.0,4461.0,2636.5244325346785,11761535.4935372
4208708,42,2022,2025,1613.26,2220.4,2807.0,10818.0,2039.4617276166455,22062896.969356872
4208807,42,2022,2025,1851.84,2220.4,2807.0,21570.0,2341.071374527112,50496909.5485498
4208906,42,2022,2025,2341.61,2220.4,2807.0,199519.0,2960.2320617906685,590622540.7364124
4208955,42,2022,2025,2584.16,2220.4,2807.0,1810.0,3266.8605296342994,5913017.558638082
4209003,42,2022,2025,2837.07,2220.4,2807.0,31809.0,3586.5859709962174,114085713.15141869
4209102,42,2022,2025,2260.92,2220.4,2807.0,664541.0,2858.2248423707438,1899407594.9738965
4209151,42,2022,2025,1488.38,2220.4,2807.0,6415.0,1881.590100882724,12070400.497162675
4209177,42,2022,2025,2527.58,2220.4,2807.0,2713.0,3195.332849936948,8668938.021878941
4209201,42,2022,2025,2588.1,2220.4,2807.0,2302.0,3271.8414249684743,7531778.960277428
4209300,42,2022,2025,2029.41,2220.4,2807.0,172458.0,2565.552994955864,442450138.4040984
4209409,42,2022,2025,1700.15,2220.4,2807.0,44060.0,2149.306904161412,94698462.19735181
4209458,42,2022,2025,2948.12,2220.4,2807.0,1791.0,3726.973896595208,6675010.248802017
4209508,42,2022,2025,2054.57,2220.4,2807.0,8605.0,2597.3599306431274,22350282.203184113
4209607,42,2022,2025,1957.24,2220.4,2807.0,14628.0,2474.3166456494328,36194303.8925599
4209706,42,2022,2025,1252.95,2220.4,2807.0,11575.0,1583.9626418663304,18334367.579602774
4209805,42,2022,2025,1675.05,2220.4,2807.0,3379.0,2117.5758196721313,7155288.694672132
4209854,42,2022,2025,1702.86,2220.4,2807.0,4604.0,2152.7328499369482,9911182.04110971
4209904,42,2022,2025,1799.95,2220.4,2807.0,13829.0,2275.472730138714,31467512.385088272
4210001,42,2022,2025,1830.61,2220.4,2807.0,12246.0,2314.232692307692,28340093.549999997
4210035,42,2022,2025,2502.26,2220.4,2807.0,5951.0,3163.3236443883984,18824939.007755358
4210050,42,2022,2025,1809.53,2220.4,2807.0,1796.0,2287.583638083228,4108500.213997477
4210100,42,2022,2025,1806.38,2220.4,2807.0,57262.0,2283.601450189155,130763586.24073139
4210209,42,2022,2025,1622.58,2220.4,2807.0,3253.0,2051.24394703657,6672696.5597099615
4210308,42,2022,2025,1244.76,2220.4,2807.0,7543.0,1573.60895334174,11869732.335056745
4210407,42,2022,2025,1861.57,2220.4,2807.0,8344.0,2353.3719104665824,19636535.220933165
4210506,42,2022,2025,2146.03,2220.4,2807.0,30743.0,2712.9824401008827,83405219.15602143
4210555,42,2022,2025,3440.45,2220.4,2807.0,2218.0,4349.370901639344,9646904.659836065
4210605,42,2022,2025,1903.58,2220.4,2807.0,18122.0,2406.480390920555,43610237.64426229
4210704,42,2022,2025,1198.14,2220.4,2807.0,2789.0,1514.672572509458,4224421.804728879
4210803,42,2022,2025,1822.0,2220.4,2807.0,7128.0,2303.3480453972256,16418264.867591424
4210852,42,2022,2025,1380.51,2220.4,2807.0,2554.0,1745.2222887767969,4457297.725535939
4210902,42,2022,2025,2525.48,2220.4,2807.0,4159.0,3192.678058007566,13278348.043253466
4211009,42,2022,2025,2163.03,2220.4,2807.0,10206.0,2734.4736128625473,27908037.692875158
4211058,42,2022,2025,1157.98,2220.4,2807.0,9218.0,1463.9028373266076,13494256.354476668
4211108,42,2022,2025,1235.91,2220.4,2807.0,7747.0,1562.4209016393445,12104074.725000001
4211207,42,2022,2025,1720.72,2220.4,2807.0,19490.0,2175.311223203026,42396815.740226984
4211256,42,2022,2025,1647.35,2220.4,2807.0,3097.0,2082.557849936948,6449681.661254728
4211306,42,2022,2025,1738.92,2220.4,2807.0,96046.0,2198.319419924338,211139787.00605297
4211405,42,2022,2025,2798.97,2220.4,2807.0,5490.0,3538.4204602774275,19425928.326923076
4211454,42,2022,2025,2406.86,2220.4,2807.0,4672.0,3042.720239596469,14215588.959394705
4211504,42,2022,2025,2047.66,2220.4,2807.0,14395.0,2588.624401008827,37263248.252522066
4211603,42,2022,2025,1877.88,2220.4,2807.0,14004.0,2373.9907944514503,33245367.08549811
4211652,42,2022,2025,2185.28,2220.4,2807.0,2661.0,2762.6017654476673,7351283.297856242
4211702,42,2022,2025,2065.31,2220.4,2807.0,24686.0,2610.937295081967,64453598.066393435
4211751,42,2022,2025,1792.79,2220.4,2807.0,17873.0,2266.4211538461536,40507745.282692306
4211801,42,2022,2025,2446.42,2220.4,2807.0,7062.0,3092.731462799496,21840869.59029004
4211850,42,2022,2025,1508.02,2220.4,2807.0,2195.0,1906.4187263556116,4184589.1043505673
4211876,42,2022,2025,1673.43,2220.4,2807.0,2007.0,2115.527837326608,4245864.369514502
4211892,42,2022,2025,1156.41,2220.4,2807.0,2216.0,1461.9180643127365,3239610.4305170244
4211900,42,2022,2025,2029.43,2220.4,2807.0,253469.0,2565.5782786885243,650294560.7209016
4212007,42,2022,2025,2139.93,2220.4,2807.0,7696.0,2705.2709016393437,20819764.85901639
4212056,42,2022,2025,1501.95,2220.4,2807.0,2658.0,1898.7451134930643,5046864.511664565
4212106,42,2022,2025,1913.03,2220.4,2807.0,15781.0,2418.4269546027745,38165195.77058639
4212205,42,2022,2025,1568.58,2220.4,2807.0,19769.0,1982.9778688524589,39201489.48934426
4212239,42,2022,2025,2750.48,2220.4,2807.0,4394.0,3477.120050441362,15278465.501639344
4212254,42,2022,2025,1750.71,2220.4,2807.0,14859.0,2213.224180327869,32886298.095491804
4212270,42,2022,2025,1587.67,2220.4,2807.0,3997.0,2007.1111916771754,8022423.43313367
4212304,42,2022,2025,1513.69,2220.4,2807.0,9879.0,1913.5866645649432,18904322.659237076
4212403,42,2022,2025,1875.23,2220.4,2807.0,4355.0,2370.6406998738967,10324140.24795082
4212502,42,2022,2025,1753.22,2220.4,2807.0,36995.0,2216.3972887767973,81995617.69829762
4212601,42,2022,2025,2454.13,2220.4,2807.0,3040.0,3102.478341740227,9431534.15889029
4212650,42,2022,2025,1490.29,2220.4,2807.0,10615.0,1884.0046973518286,19998709.86238966
4212700,42,2022,2025,3308.39,2220.4,2807.0,6996.0,4182.422414880201,29260227.214501888
4212809,42,2022,2025,2255.06,2220.4,2807.0,30593.0,2850.8167087011348,87215035.56929381
4212908,42,2022,2025,2285.95,2220.4,2807.0,23897.0,2889.8674337957123,69059162.06541614
4213005,42,2022,2025,2022.36,2220.4,2807.0,3631.0,2556.640479192938,9283161.579949558
4213104,42,2022,2025,1775.54,2220.4,2807.0,6144.0,2244.613934426229,13790908.013114752
4213153,42,2022,2025,1901.26,2220.4,2807.0,3081.0,2403.5474779319043,7405329.779508197
4213203,42,2022,2025,2135.56,2220.4,2807.0,37003.0,2699.7464060529633,99898716.2631778
4213302,42,2022,2025,1329.52,2220.4,2807.0,4390.0,1680.7614123581336,7378542.600252206
4213351,42,2022,2025,1197.09,2220.4,2807.0,3241.0,1513.3451765447664,4904751.717181588
4213401,42,2022,2025,1564.49,2220.4,2807.0,10732.0,1977.8073455233289,21225828.432156365
4213500,42,2022,2025,2069.1,2220.4,2807.0,31557.0,2615.728562421185,82544546.24432534
4213609,42,2022,2025,1898.25,2220.4,2807.0,33694.0,2399.7422761664566,80856916.2531526
4213708,42,2022,2025,1720.92,2220.4,2807.0,18051.0,2175.5640605296344,39271106.85662043
4213807,42,2022,2025,1478.65,2220.4,2807.0,8696.0,1869.2895649432535,16255342.056746533
4213906,42,2022,2025,1871.95,2220.4,2807.0,1707.0,2366.4941677175284,4039605.544293821
4214003,42,2022,2025,1966.13,2220.4,2807.0,21764.0,2485.55526481715,54095624.78348046
4214102,42,2022,2025,1951.22,2220.4,2807.0,2347.0,2466.706242118537,5789359.550252206
4214151,42,2022,2025,2349.85,2220.4,2807.0,3073.0,2970.64895964691,9128804.252994955
4214201,42,2022,2025,1806.72,2220.4,2807.0,11433.0,2284.0312736443884,26113329.551576294
4214300,42,2022,2025,2011.61,2220.4,2807.0,3484.0,2543.0504728877677,8859987.847540982
4214409,42,2022,2025,1809.13,2220.4,2807.0,6399.0,2287.0779634300125,14635011.88798865
4214508,42,2022,2025,2058.98,2220.4,2807.0,6638.0,2602.9349936948297,17278282.48814628
4214607,42,2022,2025,2489.7,2220.4,2807.0,8071.0,3147.4454602774267,25403032.30989911
4214706,42,2022,2025,1654.22,2220.4,2807.0,11218.0,2091.2428121059265,23459561.866204284
4214805,42,2022,2025,2416.85,2220.4,2807.0,77451.0,3055.3494640605295,236639871.34095207
4214904,42,2022,2025,1801.19,2220.4,2807.0,5044.0,2277.0403215636825,11485391.381967215
4215000,42,2022,2025,1592.73,2220.4,2807.0,40132.0,2013.5079760403532,80806102.09445146
4215059,42,2022,2025,1770.92,2220.4,2807.0,2429.0,2238.773392181589,5437980.5696090795
4215075,42,2022,2025,1853.54,2220.4,2807.0,4828.0,2343.2204918032785,11313068.53442623
4215109,42,2022,2025,1885.06,2220.4,2807.0,13491.0,2383.0676544766707,32149965.726544764
4215208,42,2022,2025,2356.31,2220.4,2807.0,4684.0,2978.8156052963427,13952772.295208069
4215307,42,2022,2025,1842.19,2220.4,2807.0,7656.0,2328.871973518285,17829843.82925599
4215356,42,2022,2025,1583.41,2220.4,2807.0,3604.0,2001.725756620429,7214219.626860025
4215406,42,2022,2025,1953.74,2220.4,2807.0,4495.0,2469.8919924337956,11102164.505989911
4215455,42,2022,2025,1365.46,2220.4,2807.0,13797.0,1726.1962799495586,23816330.07446406
4215505,42,2022,2025,1544.14,2220.4,2807.0,15749.0,1952.0811475409837,30743325.992622953
4215554,42,2022,2025,2133.42,2220.4,2807.0,2476.0,2697.04104665826,6677873.631525851
4215604,42,2022,2025,1903.24,2220.4,2807.0,2131.0,2406.0505674653214,5127293.7592686
4215653,42,2022,2025,1531.38,2220.4,2807.0,10450.0,1935.9501261034047,20230678.81778058
4215679,42,2022,2025,1685.25,2220.4,2807.0,8015.0,2130.4705233291297,17075721.244482975
4215687,42,2022,2025,1861.87,2220.4,2807.0,2534.0,2353.751166456494,5964405.455800756
4215695,42,2022,2025,1422.63,2220.4,2807.0,1732.0,1798.4698297604036,3114949.745145019
4215703,42,2022,2025,1906.51,2220.4,2807.0,30099.0,2410.1844577553593,72544141.99397856
4215752,42,2022,2025,2364.31,2220.4,2807.0,2715.0,2988.9290983606556,8114942.50204918
4215802,42,2022,2025,1941.74,2220.4,2807.0,87661.0,2454.7217528373267,215183363.5754729
4215901,42,2022,2025,1564.53,2220.4,2807.0,2982.0,1977.8579129886507,5897972.296532156
4216008,42,2022,2025,2123.6,2220.4,2807.0,10462.0,2684.6267339218157,28086564.890290037
4216057,42,2022,2025,1488.6,2220.4,2807.0,6489.0,1881.8682219419925,12211442.892181588
4216107,42,2022,2025,2247.77,2220.4,2807.0,9343.0,2841.6007881462797,26549076.16365069
4216206,42,2022,2025,1869.82,2220.4,2807.0,56726.0,2363.801450189155,134089001.06343
4216255,42,2022,2025,3215.69,2220.4,2807.0,6467.0,4065.232313997478,26289857.37462169
4216305,42,2022,2025,1715.92,2220.4,2807.0,35336.0,2169.243127364439,76652375.14854981
4216354,42,2022,2025,1695.69,2220.4,2807.0,4827.0,2143.668631778058,10347488.485592688
4216404,42,2022,2025,1534.99,2220.4,2807.0,9278.0,1940.5138398486756,18004087.406116012
4216503,42,2022,2025,1604.93,2220.4,2807.0,26982.0,2028.93105296343,54744617.671059266
4216602,42,2022,2025,2396.69,2220.4,2807.0,295658.0,3029.8634615384613,895803371.3115383
4216701,42,2022,2025,2548.44,2220.4,2807.0,14538.0,3221.703783102144,46837129.59873897
4216800,42,2022,2025,1223.88,2220.4,2807.0,8706.0,1547.2127364438838,13470034.083480453
4216909,42,2022,2025,2140.03,2220.4,2807.0,26056.0,2705.397320302648,70491832.5778058
4217006,42,2022,2025,2064.29,2220.4,2807.0,14444.0,2609.647824716267,37693753.18020176
4217105,42,2022,2025,2224.39,2220.4,2807.0,3520.0,2812.044104665826,9898395.248423709
4217154,42,2022,2025,2281.1,2220.4,2807.0,1777.0,2883.7361286254727,5124399.100567465
4217204,42,2022,2025,2515.12,2220.4,2807.0,47724.0,3179.581084489281,151742327.67616645
4217253,42,2022,2025,2167.98,2220.4,2807.0,6175.0,2740.7313366960907,16924016.00409836
4217303,42,2022,2025,2154.73,2220.4,2807.0,10799.0,2723.9808638083227,29416269.348266076
4217402,42,2022,2025,1978.64,2220.4,2807.0,21710.0,2501.370239596469,54304747.90163935
4217501,42,2022,2025,2097.28,2220.4,2807.0,19399.0,2651.3533417402273,51433603.47641867
4217550,42,2022,2025,1823.32,2220.4,2807.0,3370.0,2305.0167717528375,7767906.520807062
4217600,42,2022,2025,1838.15,2220.4,2807.0,14156.0,2323.764659520807,32895212.520176545
4217709,42,2022,2025,1687.98,2220.4,2807.0,31722.0,2133.9217528373265,67692265.84350567
4217758,42,2022,2025,3151.9,2220.4,2807.0,2900.0,3984.5898486759147,11555310.561160153
4217808,42,2022,2025,2065.3,2220.4,2807.0,18909.0,2610.9246532156367,49369974.26765447
4217907,42,2022,2025,1861.19,2220.4,2807.0,8144.0,2352.8915195460277,19161948.53518285
4217956,42,2022,2025,1442.85,2220.4,2807.0,2535.0,1824.031683480454,4623920.31762295
4218004,42,2022,2025,1989.06,2220.4,2807.0,58695.0,2514.543064312736,147591105.15983605
4218103,42,2022,2025,1777.55,2220.4,2807.0,5503.0,2247.154949558638,12366093.687421184
4218202,42,2022,2025,2129.74,2220.4,2807.0,49768.0,2692.3888398486756,133994807.78158888
4218251,42,2022,2025,1221.89,2220.4,2807.0,7521.0,1544.6970050441362,11617666.174936948
4218301,42,2022,2025,1287.6,2220.4,2807.0,20525.0,1627.7667087011348,33409911.69609079
4218350,42,2022,2025,1977.65,2220.4,2807.0,3920.0,2500.1186948297604,9800465.28373266
4218400,42,2022,2025,1556.82,2220.4,2807.0,7633.0,1968.111034047919,15022591.522887766
4218509,42,2022,2025,2521.03,2220.4,2807.0,9531.0,3187.0524274905424,30375796.68641236
4218608,42,2022,2025,2025.72,2220.4,2807.0,7599.0,2560.8881462799495,19460189.023581337
4218707,42,2022,2025,2160.06,2220.4,2807.0,116725.0,2730.718978562421,318743172.7726986
4218756,42,2022,2025,3288.15,2220.4,2807.0,5081.0,4156.835277427491,21120880.04460908
4218806,42,2022,2025,2009.39,2220.4,2807.0,13604.0,2540.2439785624215,34557479.084363185
4218855,42,2022,2025,2224.06,2220.4,2807.0,2791.0,2811.626923076923,7847250.742307692
4218905,42,2022,2025,2017.81,2220.4,2807.0,11064.0,2550.88843001261,28223029.58965952
4218954,42,2022,2025,1649.66,2220.4,2807.0,2751.0,2085.4781210592687,5737150.311034048
4219002,42,2022,2025,1838.88,2220.4,2807.0,21464.0,2324.6875157629256,49897092.83833543
4219101,42,2022,2025,2062.19,2220.4,2807.0,3726.0,2606.993032786885,9713656.040163934
4219150,42,2022,2025,1330.09,2220.4,2807.0,2613.0,1681.4819987389658,4393712.462704917
4219176,42,2022,2025,1899.82,2220.4,2807.0,4597.0,2401.727049180328,11040739.245081967
4219200,42,2022,2025,1633.53,2220.4,2807.0,6266.0,2065.086790668348,12939833.830327868
4219309,42,2022,2025,2199.25,2220.4,2807.0,59074.0,2780.262452711223,164241224.13146278
4219358,42,2022,2025,1613.42,2220.4,2807.0,5507.0,2039.6639974779318,11232429.63411097
4219408,42,2022,2025,2324.29,2220.4,2807.0,4513.0,2938.336349306431,13260711.944419924
4219507,42,2022,2025,2120.34,2220.4,2807.0,54891.0,2680.5054854981086,147135626.6044767
4219606,42,2022,2025,2639.27,2220.4,2807.0,3583.0,3336.529854981084,11954786.470397225
4219705,42,2022,2025,1900.05,2220.4,2807.0,34485.0,2402.0178121059266,82833584.25047287
4219853,42,2022,2025,1456.33,2220.4,2807.0,4257.0,1841.0729192938209,7837447.4174337955
4220000,42,2022,2025,1651.68,2220.4,2807.0,17697.0,2088.0317780580076,36951898.376292564
4300034,43,2022,2025,1644.79,2042.12,2782.0,4251.0,2240.7134644389166,9525272.937329834
4300059,43,2022,2025,2262.1,2042.12,2782.0,4003.0,3081.6809002409263,12335968.643664429
4300109,43,2022,2025,1720.07,2042.12,2782.0,16341.0,2343.268142910309,38291344.72329736
4300208,43,2022,2025,2357.63,2042.12,2782.0,6843.0,3211.8223512820014,21978500.349822734
4300307,43,2022,2025,1732.26,2042.12,2782.0,6219.0,2359.8746988423795,14676060.752100758
4300406,43,2022,2025,1653.21,2042.12,2782.0,74285.0,2252.184112588878,167303496.8036648
4300455,43,2022,2025,2205.9,2042.12,2782.0,3705.0,3005.1190919240794,11133966.235578714
4300471,43,2022,2025,2128.82,2042.12,2782.0,2007.0,2900.1122558909374,5820525.297573111
4300505,43,2022,2025,2094.44,2042.12,2782.0,7235.0,2853.2760464615208,20643452.196149103
4300554,43,2022,2025,1652.45,2042.12,2782.0,1837.0,2251.1487571739176,4135360.2669284865
4300570,43,2022,2025,1814.97,2042.12,2782.0,3145.0,2472.5513388047716,7776173.960541007
4300604,43,2022,2025,1332.84,2042.12,2782.0,194062.0,1815.7409358901534,352366317.50071496
4300638,43,2022,2025,1018.29,2042.12,2782.0,5384.0,1387.2264019744186,7468826.94823027
4300646,43,2022,2025,1500.41,2042.12,2782.0,7826.0,2044.0231817914719,15996525.420700058
4300661,43,2022,2025,1705.55,2042.12,2782.0,1156.0,2323.4874052455293,2685951.440463832
4300703,43,2022,2025,2682.97,2042.12,2782.0,6080.0,3655.0362074706673,22222620.141421657
4300802,43,2022,2025,2153.43,2042.12,2782.0,13332.0,2933.638698999079,39111271.13505572
4300851,43,2022,2025,1556.44,2042.12,2782.0,4215.0,2120.3533974497095,8937289.570250526
4300877,43,2022,2025,1362.38,2042.12,2782.0,8831.0,1855.983566097977,16390190.872211235
4300901,43,2022,2025,2353.81,2042.12,2782.0,6618.0,3206.6183280120663,21221400.094783854
4301008,43,2022,2025,2120.87,2042.12,2782.0,22523.0,2889.281893326543,65075296.08339373
4301057,43,2022,2025,1638.58,2042.12,2782.0,11418.0,2232.2535208508807,25487870.701075356
4301073,43,2022,2025,1613.45,2042.12,2782.0,2650.0,2198.0186766693437,5824749.49317376
4301107,43,2022,2025,1504.33,2042.12,2782.0,14934.0,2049.3634360370593,30605193.55377744
4301206,43,2022,2025,1519.14,2042.12,2782.0,12291.0,2069.5392435312324,25436706.84224238
4301305,43,2022,2025,1360.17,2042.12,2782.0,17879.0,1852.972861536051,33129301.791403055
4301404,43,2022,2025,1561.86,2042.12,2782.0,10547.0,2127.737116330088,22441243.36593344
4301503,43,2022,2025,2387.12,2042.12,2782.0,7303.0,3251.9968660019977,23749333.11241259
4301552,43,2022,2025,1517.58,2042.12,2782.0,3458.0,2067.414040311049,7149117.751395608
4301602,43,2022,2025,1662.21,2042.12,2782.0,121928.0,2264.444900397626,276099237.81568176
4301636,43,2022,2025,1475.9,2042.12,2782.0,15413.0,2010.632969658982,30989885.961353887
4301651,43,2022,2025,2268.93,2042.12,2782.0,6496.0,3090.985475878009,20079041.651303545
4301701,43,2022,2025,2068.99,2042.12,2782.0,7320.0,2818.6052631578946,20632190.52631579
4301750,43,2022,2025,1185.44,2042.12,2782.0,5972.0,1614.9364777779956,9644400.64529019
4301800,43,2022,2025,1797.57,2042.12,2782.0,4915.0,2448.8471490411926,12036083.737537462
4301859,43,2022,2025,1418.41,2042.12,2782.0,3231.0,1932.3137817562144,6243305.828854329
4301875,43,2022,2025,1229.26,2042.12,2782.0,4340.0,1674.632891309032,7267906.748281199
4301909,43,2022,2025,1523.42,2042.12,2782.0,12473.0,2075.36992928917,25886089.128023818
4301925,43,2022,2025,2481.84,2042.12,2782.0,1721.0,3381.034846140286,5818760.970207432
4301958,43,2022,2025,1991.52,2042.12,2782.0,2557.0,2713.0671263197073,6937312.6419994915
4302006,43,2022,2025,1364.7,2042.12,2782.0,9425.0,1859.1441247331206,17522433.375609662
4302055,43,2022,2025,1631.91,2042.12,2782.0,2118.0,2223.166914774842,4708667.525493115
4302105,43,2022,2025,2516.92,2042.12,2782.0,127977.0,3428.824672399272,438810695.0996416
4302154,43,2022,2025,1653.55,2042.12,2782.0,1968.0,2252.6472979060977,4433209.8822792005
4302204,43,2022,2025,1976.81,2042.12,2782.0,7129.0,2693.027549801187,19198593.402532663
4302220,43,2022,2025,2133.19,2042.12,2782.0,2269.0,2906.065549526962,6593862.731876677
4302238,43,2022,2025,1302.75,2042.12,2782.0,2314.0,1774.74903531624,4106769.267721779
4302253,43,2022,2025,2314.5,2042.12,2782.0,2815.0,3153.065931482969,8875880.597124558
4302303,43,2022,2025,1183.2,2042.12,2782.0,11429.0,1611.8849039233737,18422232.566940237
4302352,43,2022,2025,2002.51,2042.12,2782.0,13665.0,2728.0389105439444,37278651.712583
4302378,43,2022,2025,1621.07,2042.12,2782.0,2132.0,2208.3994770140835,4708307.684994026
4302402,43,2022,2025,1774.79,2042.12,2782.0,12587.0,2417.8137327874956,30433021.454596207
4302451,43,2022,2025,1647.73,2042.12,2782.0,6202.0,2244.7186551231075,13921745.099073512
4302501,43,2022,2025,1390.7,2042.12,2782.0,5978.0,1894.5641784028364,11325704.658492155
4302584,43,2022,2025,1638.05,2042.12,2782.0,2195.0,2231.531496679921,4898211.635212427
4302600,43,2022,2025,1343.57,2042.12,2782.0,3322.0,1830.3585195776939,6080451.002037099
4302659,43,2022,2025,1992.92,2042.12,2782.0,5083.0,2714.9743599788458,13800214.671772473
4302709,43,2022,2025,1374.61,2042.12,2782.0,19421.0,1872.6446144203082,36368631.05665681
4302808,43,2022,2025,1519.48,2042.12,2782.0,33501.0,2070.002428848452,69347151.36885199
4302907,43,2022,2025,1367.34,2042.12,2782.0,11300.0,1862.740622490353,21048969.03414099
4303004,43,2022,2025,1757.97,2042.12,2782.0,82222.0,2394.8996826827024,196913441.70953715
4303103,43,2022,2025,1884.12,2042.12,2782.0,141503.0,2566.75505846865,363203541.0384894
4303202,43,2022,2025,1246.35,2042.12,2782.0,4692.0,1697.9147650480872,7966616.077605626
4303301,43,2022,2025,1856.95,2042.12,2782.0,4795.0,2529.7411023837976,12130108.58593031
4303400,43,2022,2025,2241.76,2042.12,2782.0,4931.0,3053.9715197931564,15059133.564100055
4303509,43,2022,2025,1605.16,2042.12,2782.0,63961.0,2186.7251287877307,139865125.96239203
4303558,43,2022,2025,2309.51,2042.12,2782.0,3060.0,3146.2680057978964,9627580.097741563
4303608,43,2022,2025,1511.6,2042.12,2782.0,6490.0,2059.2674279670146,13364645.607505925
4303673,43,2022,2025,1371.16,2042.12,2782.0,3311.0,1867.9446457602885,6184764.722112315
4303707,43,2022,2025,2384.95,2042.12,2782.0,5999.0,3249.0406538303328,19490994.882328168
4303806,43,2022,2025,1877.21,2042.12,2782.0,5388.0,2557.341498051045,13778955.991499031
4303905,43,2022,2025,1991.18,2042.12,2782.0,64719.0,2712.6039410024878,175557014.45774
4304002,43,2022,2025,1441.24,2042.12,2782.0,5063.0,1963.4153134977378,9940771.732239047
4304101,43,2022,2025,1859.44,2042.12,2782.0,3695.0,2533.133253677551,9359927.37233855
4304200,43,2022,2025,1375.38,2042.12,2782.0,29775.0,1873.693592932835,55789226.72957516
4304309,43,2022,2025,2260.55,2042.12,2782.0,6419.0,3079.5693201183085,19767755.465839423
4304358,43,2022,2025,1372.47,2042.12,2782.0,11012.0,1869.7292715413396,20589458.73821323
4304408,43,2022,2025,2181.94,2042.12,2782.0,50715.0,2972.4781501576795,150749229.38524672
4304507,43,2022,2025,1501.9,2042.12,2782.0,50968.0,2046.0530233286977,104283230.49301706
4304606,43,2022,2025,2066.82,2042.12,2782.0,359840.0,2815.64905098623,1013183154.506885
4304614,43,2022,2025,1812.7,2042.12,2782.0,1686.0,2469.458895657454,4163507.6980784675
4304622,43,2022,2025,1683.27,2042.12,2782.0,1769.0,2293.135143870096,4056556.0695061996
4304630,43,2022,2025,1932.27,2042.12,2782.0,66234.0,2632.350273245451,174351087.9981392
4304655,43,2022,2025,1746.81,2042.12,2782.0,3187.0,2379.696305799855,7584092.126584138
4304663,43,2022,2025,1171.22,2042.12,2782.0,27416.0,1595.564433040174,43743994.49622941
4304671,43,2022,2025,1622.38,2042.12,2782.0,4080.0,2210.1841027951345,9017551.13940415
4304689,43,2022,2025,1406.12,2042.12,2782.0,11424.0,1915.5709948484907,21883483.04514916
4304697,43,2022,2025,1761.46,2042.12,2782.0,2994.0,2399.654143732984,7184564.506336554
4304705,43,2022,2025,2049.08,2042.12,2782.0,63670.0,2791.481675905432,177733638.30489886
4304713,43,2022,2025,1436.47,2042.12,2782.0,7555.0,1956.9170959591015,14784508.659971012
4304804,43,2022,2025,2626.72,2042.12,2782.0,31585.0,3578.406283665994,113023962.46959043
4304853,43,2022,2025,1475.2,2042.12,2782.0,1384.0,2009.6793528294127,2781396.2243159073
4304903,43,2022,2025,2626.19,2042.12,2782.0,9698.0,3577.6842594950344,34696381.94858284
4304952,43,2022,2025,1774.11,2042.12,2782.0,3064.0,2416.8873621530565,7405342.877636965
4305009,43,2022,2025,1787.11,2042.12,2782.0,8834.0,2434.5973889879147,21507233.334319238
4305108,43,2022,2025,2330.62,2042.12,2782.0,479599.0,3175.0263647581924,1522739469.5116644
4305116,43,2022,2025,1378.3,2042.12,2782.0,2777.0,1877.671537421895,5214293.859420602
4305124,43,2022,2025,1229.98,2042.12,2782.0,5910.0,1675.6137543337315,9902877.288112354
4305132,43,2022,2025,1507.25,2042.12,2782.0,3859.0,2053.34138052612,7923844.387450296
4305157,43,2022,2025,1824.62,2042.12,2782.0,2428.0,2485.6976279552623,6035273.840675377
4305173,43,2022,2025,1300.87,2042.12,2782.0,9333.0,1772.1878929739682,16539829.605126046
4305207,43,2022,2025,1996.14,2042.12,2782.0,14014.0,2719.360997394864,38109125.017491624
4305306,43,2022,2025,1849.22,2042.12,2782.0,9751.0,2519.2104479658396,24564821.0781149
4305355,43,2022,2025,1785.15,2042.12,2782.0,36110.0,2431.9272618651207,87816893.42594951
4305371,43,2022,2025,1739.81,2042.12,2782.0,2800.0,2370.1601375041623,6636448.385011654
4305405,43,2022,2025,1954.81,2042.12,2782.0,3991.0,2663.0567351575814,10628259.430013908
4305439,43,2022,2025,1448.23,2042.12,2782.0,6409.0,1972.9378586958653,12644558.7363818
4305447,43,2022,2025,1608.16,2042.12,2782.0,4682.0,2190.812058057313,10257382.05582434
4305454,43,2022,2025,1526.55,2042.12,2782.0,17583.0,2079.633958827101,36566203.89805692
4305504,43,2022,2025,1730.43,2042.12,2782.0,4208.0,2357.381671987934,9919862.075725228
4305587,43,2022,2025,2243.77,2042.12,2782.0,2474.0,3056.7097624037765,7562299.952186943
4305603,43,2022,2025,2130.43,2042.12,2782.0,3316.0,2902.3055745989464,9624045.285370106
4305702,43,2022,2025,1895.81,2042.12,2782.0,6538.0,2582.680459522457,16885564.844357826
4305801,43,2022,2025,2063.36,2042.12,2782.0,10631.0,2810.935459228645,29883054.867059726
4305835,43,2022,2025,2430.83,2042.12,2782.0,1308.0,3311.5434254598163,4331498.80050144
4305850,43,2022,2025,2555.61,2042.12,2782.0,2248.0,3481.5324368793217,7826484.918104716
4305871,43,2022,2025,2178.56,2042.12,2782.0,2896.0,2967.8735431806163,8594961.781051064
4305900,43,2022,2025,1313.41,2042.12,2782.0,6214.0,1789.2712573208235,11118531.592991596
4305934,43,2022,2025,2882.39,2042.12,2782.0,1637.0,3926.7080191173877,6428021.027295164
4305959,43,2022,2025,2003.46,2042.12,2782.0,3926.0,2729.3331048126456,10715361.769494446
4305975,43,2022,2025,1655.79,2042.12,2782.0,2718.0,2255.698871760719,6130989.533445635
4306007,43,2022,2025,1902.99,2042.12,2782.0,13116.0,2592.461843574325,34002729.54032084
4306056,43,2022,2025,1456.88,2042.12,2782.0,7455.0,1984.7218380898285,14796101.302959671
4306072,43,2022,2025,1402.3,2042.12,2782.0,2745.0,1910.3669715785556,5243957.336983135
4306106,43,2022,2025,1995.66,2042.12,2782.0,60454.0,2718.707088711731,164356718.34097898
4306130,43,2022,2025,1965.07,2042.12,2782.0,1650.0,2677.034033259554,4417106.154878263
4306205,43,2022,2025,1693.59,2042.12,2782.0,12574.0,2307.1941805574597,29010659.6263295
4306304,43,2022,2025,1785.56,2042.12,2782.0,4400.0,2432.4858088652973,10702937.559007308
4306320,43,2022,2025,1783.0,2042.12,2782.0,2793.0,2428.998295888586,6784192.240416821
4306353,43,2022,2025,1659.75,2042.12,2782.0,2540.0,2261.093618396568,5743177.790727283
4306379,43,2022,2025,1705.85,2042.12,2782.0,2856.0,2323.8960981724877,6637047.256380625
4306403,43,2022,2025,2188.04,2042.12,2782.0,31804.0,2980.7882396724976,94800989.17454411
4306429,43,2022,2025,1288.19,2042.12,2782.0,2132.0,1754.9138052611993,3741476.232816877
4306452,43,2022,2025,1823.9,2042.12,2782.0,3156.0,2484.7167649305625,7841766.110120855
4306502,43,2022,2025,1327.63,2042.12,2782.0,13280.0,1808.643302058645,24018783.051338807
4306551,43,2022,2025,1374.7,2042.12,2782.0,2617.0,1872.7672222983958,4901031.8207549015
4306601,43,2022,2025,1515.04,2042.12,2782.0,38080.0,2063.9537735294693,78595359.69600219
4306700,43,2022,2025,1460.43,2042.12,2782.0,3133.0,1989.558037725501,6233285.332193995
4306734,43,2022,2025,2041.23,2042.12,2782.0,4534.0,2780.7875443166904,12608090.725931874
4306759,43,2022,2025,2045.38,2042.12,2782.0,1924.0,2786.44112980628,5361112.733747283
4306767,43,2022,2025,1573.59,2042.12,2782.0,41012.0,2143.7170097741564,87918122.0048577
4306809,43,2022,2025,2213.18,2042.12,2782.0,23520.0,3015.036706951599,70913663.3475016
4306908,43,2022,2025,1425.04,2042.12,2782.0,24275.0,1941.3458954419916,47126171.611854345
4306924,43,2022,2025,1746.89,2042.12,2782.0,1315.0,2379.8052905803775,3129443.957113196
4306932,43,2022,2025,1554.23,2042.12,2782.0,9367.0,2117.3426928877834,19833149.004279867
4306957,43,2022,2025,1596.55,2042.12,2782.0,2727.0,2174.9956417840285,5931213.115145045
4306973,43,2022,2025,1452.05,2042.12,2782.0,3122.0,1978.1418819658004,6175758.955497229
4307005,43,2022,2025,2385.71,2042.12,2782.0,109609.0,3250.0760092452947,356237581.2973675
4307054,43,2022,2025,1833.01,2042.12,2782.0,3097.0,2497.127406812528,7733603.578898399
4307104,43,2022,2025,1225.78,2042.12,2782.0,6302.0,1669.892053356316,10523659.720251502
4307203,43,2022,2025,1448.46,2042.12,2782.0,5027.0,1973.2511899398664,9919533.731827708
4307302,43,2022,2025,1414.36,2042.12,2782.0,6892.0,1926.7964272422776,13279480.976553777
4307401,43,2022,2025,1412.83,2042.12,2782.0,3264.0,1924.7120933147905,6282260.272579476
4307450,43,2022,2025,1449.92,2042.12,2782.0,3293.0,1975.240162184397,6504465.854073219
4307500,43,2022,2025,1984.0,2042.12,2782.0,15478.0,2702.82255695062,41834287.53648169
4307559,43,2022,2025,1792.35,2042.12,2782.0,5685.0,2441.735892112119,13881268.546657396
4307609,43,2022,2025,1975.46,2042.12,2782.0,49499.0,2691.188431629875,133211136.1772472
4307708,43,2022,2025,1899.78,2042.12,2782.0,78144.0,2588.0888292558716,202243613.47337082
4307807,43,2022,2025,2031.92,2042.12,2782.0,33263.0,2768.1044404834192,92075458.00379997
4307815,43,2022,2025,1666.27,2042.12,2782.0,3115.0,2269.975878009128,7070974.859998433
4307831,43,2022,2025,1771.7,2042.12,2782.0,2683.0,2413.604195639826,6475700.056901652
4307864,43,2022,2025,2086.7,2042.12,2782.0,2620.0,2842.7317689459974,7447957.234638513
4307906,43,2022,2025,2099.9,2042.12,2782.0,72552.0,2860.7142577321606,207550540.82698372
4308003,43,2022,2025,1987.81,2042.12,2782.0,6846.0,2708.01295712299,18539056.70446399
4308052,43,2022,2025,1922.21,2042.12,2782.0,2572.0,2618.645437094784,6735156.064207785
4308078,43,2022,2025,1500.24,2042.12,2782.0,4405.0,2043.791589132862,9002901.950130258
4308102,43,2022,2025,2300.06,2042.12,2782.0,13994.0,3133.3941785987113,43848718.13531037
4308201,43,2022,2025,2303.59,2042.12,2782.0,32015.0,3138.2031320392534,100469573.2722367
4308250,43,2022,2025,1586.03,2042.12,2782.0,1690.0,2160.6641431453586,3651522.401915656
4308300,43,2022,2025,1460.29,2042.12,2782.0,9710.0,1989.3673143595872,19316756.62243159
4308409,43,2022,2025,1436.99,2042.12,2782.0,6527.0,1957.6254970324956,12777421.6191311
4308433,43,2022,2025,1608.56,2042.12,2782.0,2441.0,2191.3569819599243,5349102.392964175
4308458,43,2022,2025,2095.83,2042.12,2782.0,4569.0,2855.1696570230934,13045270.162938513
4308508,43,2022,2025,2257.68,2042.12,2782.0,33726.0,3075.6594911170746,103729691.99741445
4308607,43,2022,2025,2487.48,2042.12,2782.0,35563.0,3388.718273167101,120512987.94864161
4308656,43,2022,2025,1367.69,2042.12,2782.0,2724.0,1863.217430905138,5075404.281785595
4308706,43,2022,2025,2655.63,2042.12,2782.0,5779.0,3617.7906587272055,20907212.216784522
4308805,43,2022,2025,1484.84,2042.12,2782.0,7743.0,2022.8120188823382,15662633.462205945
4308854,43,2022,2025,2888.72,2042.12,2782.0,1784.0,3935.3314398762072,7020631.288739154
4308904,43,2022,2025,2249.9,2042.12,2782.0,16955.0,3065.0607212112905,51968104.52813743
4309001,43,2022,2025,1632.65,2042.12,2782.0,16273.0,2224.1750239946728,36194000.16546531
4309050,43,2022,2025,1564.64,2042.12,2782.0,7851.0,2131.524337453235,16734597.573345348
4309100,43,2022,2025,2622.73,2042.12,2782.0,41705.0,3572.9706677374493,149010741.69799033
4309126,43,2022,2025,1252.53,2042.12,2782.0,2047.0,1706.3338393434276,3492865.3691359963
4309159,43,2022,2025,1202.09,2042.12,2782.0,3350.0,1637.6189352241786,5486023.433000999
4309209,43,2022,2025,1696.73,2042.12,2782.0,275430.0,2311.4718331929566,636648687.0163361
4309258,43,2022,2025,1705.26,2042.12,2782.0,1441.0,2323.0923354161364,3347576.055334653
4309308,43,2022,2025,1668.25,2042.12,2782.0,95946.0,2272.6732513270526,218053907.7718254
4309407,43,2022,2025,2065.92,2042.12,2782.0,26168.0,2814.422972205355,73647820.33666973
4309506,43,2022,2025,1956.16,2042.12,2782.0,7547.0,2664.8958533288937,20111969.00507316
4309555,43,2022,2025,2119.47,2042.12,2782.0,5535.0,2887.3746596674046,15981618.741259085
4309571,43,2022,2025,1484.1,2042.12,2782.0,2604.0,2021.8039096625077,5264777.38076117
4309605,43,2022,2025,2203.71,2042.12,2782.0,19252.0,3002.1356335572837,57797115.217244826
4309654,43,2022,2025,1219.72,2042.12,2782.0,6102.0,1661.6364562317592,10139305.655926194
4309704,43,2022,2025,1799.56,2042.12,2782.0,4772.0,2451.5581454566823,11698835.470119288
4309753,43,2022,2025,1515.91,2042.12,2782.0,3787.0,2065.1389830176486,7820681.3286878355
4309803,43,2022,2025,1840.85,2042.12,2782.0,4617.0,2507.8079153037042,11578549.144957203
4309902,43,2022,2025,2287.25,2042.12,2782.0,6827.0,3115.9429906175938,21272542.796946313
4309951,43,2022,2025,1762.16,2042.12,2782.0,3789.0,2400.607760562553,9095902.804771513
4310009,43,2022,2025,2923.72,2042.12,2782.0,22106.0,3983.0122813546704,88048469.49162635
4310108,43,2022,2025,1769.21,2042.12,2782.0,34776.0,2410.2120443460717,83817534.05417898
4310207,43,2022,2025,2280.37,2042.12,2782.0,87848.0,3106.570299492684,272905987.6698333
4310306,43,2022,2025,2139.37,2042.12,2782.0,4245.0,2914.484623822302,12371987.228125673
4310330,43,2022,2025,1774.31,2042.12,2782.0,28027.0,2417.159824104362,67745738.39017296
4310363,43,2022,2025,2396.68,2042.12,2782.0,3149.0,3265.020547274401,10281549.703367088
4310405,43,2022,2025,1910.25,2042.12,2782.0,6557.0,2602.3522124067144,17063623.456750825
4310413,43,2022,2025,1245.23,2042.12,2782.0,2047.0,1696.3889781207765,3472508.2382132295
4310439,43,2022,2025,1802.03,2042.12,2782.0,5490.0,2454.9230505553055,13477527.547548627
4310462,43,2022,2025,2773.2,2042.12,2782.0,1748.0,3777.957416802147,6603869.564570152
4310504,43,2022,2025,1572.85,2042.12,2782.0,7619.0,2142.7089005543257,16325299.113323407
4310538,43,2022,2025,2136.25,2042.12,2782.0,5712.0,2910.234217381937,16623257.849685624
4310553,43,2022,2025,1298.07,2042.12,2782.0,3038.0,1768.3734256556913,5372318.467141991
4310579,43,2022,2025,2035.46,2042.12,2782.0,1963.0,2772.927017021527,5443255.734413257
4310603,43,2022,2025,1442.82,2042.12,2782.0,36811.0,1965.5677629130512,72354514.92059232
4310652,43,2022,2025,1327.12,2042.12,2782.0,2696.0,1807.948524082816,4874229.220927272
4310702,43,2022,2025,1459.71,2042.12,2782.0,3240.0,1988.5771747008014,6442990.046030597
4310751,43,2022,2025,1960.11,2042.12,2782.0,1962.0,2670.276976867177,5239083.428613401
4310801,43,2022,2025,2380.0,2042.12,2782.0,23566.0,3242.2972205355222,76407976.29914011
4310850,43,2022,2025,1329.75,2042.12,2782.0,3847.0,1811.5313987424836,6968961.290962335
4310876,43,2022,2025,1148.0,2042.12,2782.0,2066.0,1563.931600493605,3231082.686619788
4310900,43,2022,2025,1979.26,2042.12,2782.0,3398.0,2696.3652087046794,9162248.979178501
4311007,43,2022,2025,1581.33,2042.12,2782.0,27396.0,2154.2612872896793,59018142.226588055
4311106,43,2022,2025,1871.31,2042.12,2782.0,10771.0,2549.3038704875325,27458551.98902121
4311122,43,2022,2025,1058.77,2042.12,2782.0,3751.0,1442.3727009186532,5410340.001145869
4311130,43,2022,2025,1331.59,2042.12,2782.0,3412.0,1814.038048694494,6189497.822145613
4311155,43,2022,2025,1881.4,2042.12,2782.0,7294.0,2563.0495759308956,18694883.60683995
4311205,43,2022,2025,1699.46,2042.12,2782.0,18545.0,2315.190938828277,42935215.960570395
4311239,43,2022,2025,1502.05,2042.12,2782.0,2283.0,2046.2573697921769,4671605.57523554
4311254,43,2022,2025,1280.03,2042.12,2782.0,5421.0,1743.7973576479346,9453125.475809453
4311270,43,2022,2025,2326.25,2042.12,2782.0,1781.0,3169.073071122167,5644119.13966858
4311304,43,2022,2025,1855.38,2042.12,2782.0,28622.0,2527.6022760660494,72345032.34556247
4311403,43,2022,2025,2490.87,2042.12,2782.0,96879.0,3393.3365032417296,328743047.0975555
4311429,43,2022,2025,1182.61,2042.12,2782.0,2661.0,1611.0811411670225,4287086.916645447
4311502,43,2022,2025,1521.74,2042.12,2782.0,7290.0,2073.081248898204,15112762.304467909
4311601,43,2022,2025,1705.05,2042.12,2782.0,4845.0,2322.8062503672654,11253996.283029402
4311627,43,2022,2025,1516.47,2042.12,2782.0,6420.0,2065.9018764813036,13263090.04700997
4311643,43,2022,2025,1864.49,2042.12,2782.0,1721.0,2540.012917948015,4371362.231788534
4311700,43,2022,2025,1501.06,2042.12,2782.0,5867.0,2044.9086831332145,11997479.24394257
4311718,43,2022,2025,1297.03,2042.12,2782.0,4485.0,1766.9566235089026,7924800.456437428
4311734,43,2022,2025,1297.67,2042.12,2782.0,3203.0,1767.8285017530804,5662354.691115117
4311759,43,2022,2025,1491.49,2042.12,2782.0,6915.0,2031.8713787632462,14050390.584147848
4311775,43,2022,2025,1494.9,2042.12,2782.0,7593.0,2036.5168550330052,15463272.480265608
4311791,43,2022,2025,2028.04,2042.12,2782.0,2521.0,2762.8186786280926,6965065.888821421
4311809,43,2022,2025,2256.96,2042.12,2782.0,46748.0,3074.6786280923748,143735076.50606233
4311908,43,2022,2025,2070.86,2042.12,2782.0,4382.0,2821.152782402601,12362291.492488198
4311981,43,2022,2025,1441.03,2042.12,2782.0,4005.0,1963.129228448867,7862332.559937713
4312005,43,2022,2025,2243.73,2042.12,2782.0,1884.0,3056.6552700135157,5758738.528705464
4312054,43,2022,2025,1825.9,2042.12,2782.0,4050.0,2487.4413844436176,10074137.606996652
4312104,43,2022,2025,1543.63,2042.12,2782.0,4782.0,2102.902209468592,10056078.365678808
4312138,43,2022,2025,1605.58,2042.12,2782.0,2611.0,2187.297298885472,5711033.247389968
4312153,43,2022,2025,1637.84,2042.12,2782.0,5001.0,2231.24541163105,11158458.30356688
4312179,43,2022,2025,1352.71,2042.12,2782.0,1833.0,1842.8100307523557,3377870.786369068
4312203,43,2022,2025,1564.17,2042.12,2782.0,4251.0,2130.884051867667,9058388.104489453
4312252,43,2022,2025,1237.25,2042.12,2782.0,7661.0,1685.5177462636868,12912751.454126105
4312302,43,2022,2025,1413.56,2042.12,2782.0,4501.0,1925.7065794370556,8667605.314046187
4312351,43,2022,2025,2821.46,2042.12,2782.0,1530.0,3843.7024856521657,5880864.8030478135
4312377,43,2022,2025,1166.56,2042.12,2782.0,3251.0,1589.2160695747557,5166541.442187531
4312385,43,2022,2025,1921.88,2042.12,2782.0,2608.0,2618.19587487513,6828254.841674339
4312401,43,2022,2025,1897.77,2042.12,2782.0,66352.0,2585.350586645251,171543182.1250857
4312427,43,2022,2025,1549.13,2042.12,2782.0,2815.0,2110.394913129493,5940761.680459523
4312443,43,2022,2025,1608.45,2042.12,2782.0,3133.0,2191.207127886706,6865051.93166905
4312450,43,2022,2025,1503.22,2042.12,2782.0,6168.0,2047.851272207314,12631146.646974713
4312476,43,2022,2025,1806.64,2042.12,2782.0,6167.0,2461.2032985328974,15178240.742052378
4312500,43,2022,2025,1246.83,2042.12,2782.0,12347.0,1698.5686737312205,20972227.41455938
4312609,43,2022,2025,2114.86,2042.12,2782.0,4692.0,2881.0944116898127,13518094.979648601
4312617,43,2022,2025,1418.99,2042.12,2782.0,2937.0,1933.1039214150003,5677526.217195855
4312625,43,2022,2025,2360.89,2042.12,2782.0,1754.0,3216.263481088281,5641326.145828845
4312658,43,2022,2025,2175.25,2042.12,2782.0,18335.0,2963.3642978865105,54333284.40174917
4312674,43,2022,2025,2530.73,2042.12,2782.0,1982.0,3447.638170136917,6833218.853211369
4312708,43,2022,2025,1582.13,2042.12,2782.0,14074.0,2155.3511350949016,30334411.875325646
4312757,43,2022,2025,2575.7,2042.12,2782.0,3229.0,3508.9012398879595,11330242.10359822
4312807,43,2022,2025,2136.64,2042.12,2782.0,5098.0,2910.7655181869823,14839082.611717235
4312906,43,2022,2025,2046.8,2042.12,2782.0,9867.0,2788.375609660549,27512902.140520636
4312955,43,2022,2025,2487.62,2042.12,2782.0,2089.0,3388.908996533015,7079430.893757468
4313003,43,2022,2025,2582.36,2042.12,2782.0,3104.0,3517.974222866433,10919791.987777408
4313011,43,2022,2025,2547.55,2042.12,2782.0,3138.0,3470.5522202417105,10890592.867118487
4313037,43,2022,2025,1628.39,2042.12,2782.0,4976.0,2218.3715844318654,11038617.004132962
4313060,43,2022,2025,1487.48,2042.12,2782.0,20558.0,2026.4085166395707,41658906.2850763
4313086,43,2022,2025,2241.7,2042.12,2782.0,2389.0,3053.8897812077644,7295742.687305349
4313102,43,2022,2025,1829.37,2042.12,2782.0,5676.0,2492.1685992987677,14145548.969619805
4313201,43,2022,2025,2219.28,2042.12,2782.0,23934.0,3023.3467964664173,72360782.22662723
4313300,43,2022,2025,2089.33,2042.12,2782.0,26637.0,2846.3146436056645,75817283.16172409
4313334,43,2022,2025,3024.38,2042.12,2782.0,2198.0,4120.142381446732,9056072.954419916
4313359,43,2022,2025,2294.79,2042.12,2782.0,3545.0,3126.2148061818107,11082431.48791452
4313375,43,2022,2025,1533.62,2042.12,2782.0,30189.0,2089.265488805751,63072835.84155682
4313391,43,2022,2025,1644.07,2042.12,2782.0,3633.0,2239.732601414217,8136948.540937849
4313409,43,2022,2025,2138.48,2042.12,2782.0,235802.0,2913.272168138993,686955403.7915108
4313425,43,2022,2025,1276.42,2042.12,2782.0,3239.0,1738.8794194268703,5632230.439523633
4313441,43,2022,2025,1617.01,2042.12,2782.0,2187.0,2202.8684994025816,4817673.408193446
4313466,43,2022,2025,2118.7,2042.12,2782.0,1677.0,2886.325681154878,4840368.167296731
4313490,43,2022,2025,1322.87,2042.12,2782.0,4375.0,1802.1587076175738,7884444.345826886
4313508,43,2022,2025,2065.29,2042.12,2782.0,48999.0,2813.564717058743,137861857.57116136
4313607,43,2022,2025,1670.92,2042.12,2782.0,3685.0,2276.310618376981,8388204.628719175
4313656,43,2022,2025,1325.77,2042.12,2782.0,13189.0,1806.109405911504,23820776.954566825
4313706,43,2022,2025,1578.86,2042.12,2782.0,34227.0,2150.8963821910565,73618730.4732533
4313805,43,2022,2025,1562.57,2042.12,2782.0,8042.0,2128.704356257223,17119040.433020588
4313904,43,2022,2025,2086.21,2042.12,2782.0,45102.0,2842.064237165299,128182781.22462931
4313953,43,2022,2025,1438.55,2042.12,2782.0,10443.0,1959.7507002526786,20465676.562738724
4314001,43,2022,2025,2303.16,2042.12,2782.0,7362.0,3137.6173388439465,23099138.848569136
4314027,43,2022,2025,1115.75,2042.12,2782.0,6627.0,1519.997110845592,10073020.853573738
4314035,43,2022,2025,1816.63,2042.12,2782.0,4441.0,2474.8127730006076,10990643.524895698
4314050,43,2022,2025,1535.37,2042.12,2782.0,53569.0,2091.649530879674,112047573.71969324
4314068,43,2022,2025,1266.84,2042.12,2782.0,4024.0,1725.8284919593361,6944733.851644369
4314076,43,2022,2025,1493.09,2042.12,2782.0,6155.0,2034.05107437369,12519584.362770062
4314100,43,2022,2025,2343.36,2042.12,2782.0,214811.0,3192.3821910563533,685758810.8430064
4314134,43,2022,2025,2959.51,2042.12,2782.0,2188.0,4031.769347540791,8821511.33241925
4314159,43,2022,2025,1447.12,2042.12,2782.0,8146.0,1971.4256948661196,16059233.71037941
4314175,43,2022,2025,1529.35,2042.12,2782.0,2099.0,2083.4484261453786,4373158.24647915
4314209,43,2022,2025,1254.09,2042.12,2782.0,7631.0,1708.4590425636104,13037250.953802912
4314308,43,2022,2025,1691.27,2042.12,2782.0,3817.0,2304.0336219223163,8794496.334877482
4314407,43,2022,2025,1959.93,2042.12,2782.0,336150.0,2670.0317611110027,897531176.4974636
4314423,43,2022,2025,2056.94,2042.12,2782.0,5473.0,2802.189430591738,15336382.753628582
4314456,43,2022,2025,1426.23,2042.12,2782.0,3039.0,1942.9670440522596,5904676.846874816
4314464,43,2022,2025,1382.28,2042.12,2782.0,2300.0,1883.0935302528746,4331115.119581612
4314472,43,2022,2025,2173.71,2042.12,2782.0,3861.0,2961.266340861458,11433449.342066089
4314498,43,2022,2025,1757.29,2042.12,2782.0,4638.0,2393.9733120482633,11103248.221279845
4314506,43,2022,2025,1416.97,2042.12,2782.0,11395.0,1930.3520557068148,21996361.674779154
4314548,43,2022,2025,2510.66,2042.12,2782.0,2785.0,3420.296613323409,9525526.068105694
4314555,43,2022,2025,1342.02,2042.12,2782.0,2255.0,1828.2469394550762,4122696.848471197
4314605,43,2022,2025,1240.96,2042.12,2782.0,17770.0,1690.571915460404,30041462.937731378
4314704,43,2022,2025,1342.22,2042.12,2782.0,10624.0,1828.5194014063818,19426190.1205414
4314753,43,2022,2025,1915.28,2042.12,2782.0,2224.0,2609.2046304820483,5802871.098192075
4314779,43,2022,2025,1695.82,2042.12,2782.0,3345.0,2310.232131314516,7727726.479247057
4314787,43,2022,2025,2431.26,2042.12,2782.0,1602.0,3312.1292186551236,5306031.0082855085
4314803,43,2022,2025,1627.56,2042.12,2782.0,35273.0,2217.2408673339473,78208737.11347033
4314902,43,2022,2025,3203.31,2042.12,2782.0,1388794.0,4363.900466182203,6060558784.031046
4315008,43,2022,2025,1673.28,2042.12,2782.0,4414.0,2279.5256694023856,10061826.30474213
4315057,43,2022,2025,1373.97,2042.12,2782.0,2173.0,1871.772736176131,4067362.1557107326
4315073,43,2022,2025,1544.81,2042.12,2782.0,1582.0,2104.509734981294,3329334.4007404074
4315107,43,2022,2025,1572.31,2042.12,2782.0,10127.0,2141.973253285801,21691763.136025306
4315131,43,2022,2025,1783.78,2042.12,2782.0,1771.0,2430.060897498678,4303637.849470159
4315149,43,2022,2025,1581.99,2042.12,2782.0,3166.0,2155.1604117289876,6823237.863533975
4315156,43,2022,2025,1524.47,2042.12,2782.0,5423.0,2076.800354533524,11262488.3226353
4315172,43,2022,2025,2219.02,2042.12,2782.0,2070.0,3022.99259592972,6257594.673574521
4315206,43,2022,2025,1838.13,2042.12,2782.0,3809.0,2504.1024327659493,9538126.1664055
4315305,43,2022,2025,1391.76,2042.12,2782.0,23995.0,1896.0082267447556,45494717.40074041
4315313,43,2022,2025,1947.15,2042.12,2782.0,1577.0,2652.6214424225805,4183184.0147004095
4315321,43,2022,2025,1417.51,2042.12,2782.0,2553.0,1931.0877029753394,4930066.905696042
4315354,43,2022,2025,2866.59,2042.12,2782.0,4003.0,3905.183524964253,15632449.650431905
4315404,43,2022,2025,851.69,2042.12,2782.0,9931.0,1160.2655965369324,11522597.639208276
4315453,43,2022,2025,1810.47,2042.12,2782.0,1826.0,2466.420944900398,4503684.645388126
4315503,43,2022,2025,1470.95,2042.12,2782.0,15205.0,2003.8895363641707,30469140.400417216
4315552,43,2022,2025,1646.66,2042.12,2782.0,2866.0,2243.260983683623,6429185.979237264
4315602,43,2022,2025,1671.01,2042.12,2782.0,198935.0,2276.4332262550683,452862243.86505204
4315701,43,2022,2025,1477.03,2042.12,2782.0,35641.0,2012.172379683858,71715835.78431238
4315750,43,2022,2025,1519.68,2042.12,2782.0,4574.0,2070.274890799757,9469437.350518089
4315800,43,2022,2025,1866.11,2042.12,2782.0,10646.0,2542.2198597535894,27064472.62693671
4315909,43,2022,2025,1960.07,2042.12,2782.0,6831.0,2670.222484476916,18240289.791461814
4315958,43,2022,2025,1225.08,2042.12,2782.0,2330.0,1668.9384365267465,3888626.557107319
4316006,43,2022,2025,1643.72,2042.12,2782.0,21752.0,2239.2557929994323,48708292.00932365
4316105,43,2022,2025,2330.21,2042.12,2782.0,9969.0,3174.4678177580163,31646269.675229665
4316204,43,2022,2025,2559.5,2042.12,2782.0,5078.0,3486.831821832214,17706131.991263982
4316303,43,2022,2025,1796.07,2042.12,2782.0,6693.0,2446.8036844064013,16376457.059732044
4316402,43,2022,2025,1627.08,2042.12,2782.0,37674.0,2216.586958650814,83507697.08021076
4316428,43,2022,2025,1376.32,2042.12,2782.0,2528.0,1874.9741641039705,4739934.686854837
4316436,43,2022,2025,1873.11,2042.12,2782.0,2619.0,2551.756028049282,6683049.037461069
4316451,43,2022,2025,1561.65,2042.12,2782.0,10357.0,2127.451031281218,22034010.330979574
4316477,43,2022,2025,1696.82,2042.12,2782.0,2955.0,2311.5944410710435,6830761.573364934
4316501,43,2022,2025,1967.63,2042.12,2782.0,7184.0,2680.5215462362644,19256866.788161322
4316600,43,2022,2025,1943.31,2042.12,2782.0,16770.0,2647.3901729575146,44396733.200497515
4316709,43,2022,2025,1887.18,2042.12,2782.0,8269.0,2570.9237263236246,21258968.29297005
4316733,43,2022,2025,2248.46,2042.12,2782.0,1710.0,3063.098995161891,5237899.281726833
4316758,43,2022,2025,1832.22,2042.12,2782.0,7079.0,2496.0511821048717,17669546.318120386
4316808,43,2022,2025,2192.33,2042.12,2782.0,138270.0,2986.6325485280004,412961682.48496664
4316907,43,2022,2025,2365.64,2042.12,2782.0,282395.0,3222.7344524317864,910084095.6944743
4316956,43,2022,2025,1764.69,2042.12,2782.0,6486.0,2404.0544042465676,15592696.865943238
4316972,43,2022,2025,1610.73,2042.12,2782.0,2661.0,2194.313194131589,5839067.409584159
4317004,43,2022,2025,1182.47,2042.12,2782.0,7128.0,1610.890417801109,11482426.898086304
4317103,43,2022,2025,1600.16,2042.12,2782.0,87329.0,2179.913580005093,190369673.02826476
4317202,43,2022,2025,2122.58,2042.12,2782.0,79488.0,2891.611443010205,229848410.3819952
4317251,43,2022,2025,2366.65,2042.12,2782.0,1529.0,3224.1103852858796,4929664.77910211
4317301,43,2022,2025,1518.77,2042.12,2782.0,31965.0,2069.035188921317,66136709.8138699
4317400,43,2022,2025,2097.02,2042.12,2782.0,50336.0,2856.7908056333613,143799421.99236086
4317509,43,2022,2025,2046.8,2042.12,2782.0,79146.0,2788.375609660549,220688776.0021938
4317558,43,2022,2025,2000.81,2042.12,2782.0,2134.0,2725.7229839578476,5816692.847766046
4317608,43,2022,2025,1614.13,2042.12,2782.0,44431.0,2198.9450473037823,97701327.39675435
4317707,43,2022,2025,1526.41,2042.12,2782.0,10485.0,2079.4432354611877,21802962.32381055
4317756,43,2022,2025,1912.78,2042.12,2782.0,2138.0,2605.7988560907293,5571197.95432198
4317806,43,2022,2025,1895.92,2042.12,2782.0,14196.0,2582.8303135956753,36665859.131804205
4317905,43,2022,2025,2116.06,2042.12,2782.0,15667.0,2882.729183397646,45163718.11629092
4317954,43,2022,2025,2108.68,2042.12,2782.0,2395.0,2872.6753373944725,6880057.433059761
4318002,43,2022,2025,1568.58,2042.12,2782.0,61311.0,2136.8918378939534,131014975.47311617
4318051,43,2022,2025,2785.62,2042.12,2782.0,2806.0,3794.877303978219,10648425.714962883
4318101,43,2022,2025,1663.89,2042.12,2782.0,17934.0,2266.7335807885925,40651600.037862614
4318200,43,2022,2025,1572.34,2042.12,2782.0,22388.0,2142.014122578497,47955412.17628739
4318309,43,2022,2025,1526.68,2042.12,2782.0,60090.0,2079.81105909545,124975846.5410456
4318408,43,2022,2025,1635.38,2042.12,2782.0,21412.0,2227.8941296299927,47703669.103637405
4318424,43,2022,2025,2185.87,2042.12,2782.0,4547.0,2977.8320275008327,13540202.229046287
4318432,43,2022,2025,2028.21,2042.12,2782.0,2708.0,2763.0502712867024,7482340.13464439
4318440,43,2022,2025,1677.22,2042.12,2782.0,2976.0,2284.8931698431043,6799842.073453078
4318457,43,2022,2025,1309.27,2042.12,2782.0,2399.0,1783.6312949287997,4278931.476534191
4318465,43,2022,2025,1379.43,2042.12,2782.0,1931.0,1879.2109474467711,3628756.339519715
4318481,43,2022,2025,1834.47,2042.12,2782.0,4555.0,2499.1163790570586,11383475.106604902
4318499,43,2022,2025,1809.63,2042.12,2782.0,2466.0,2465.276604704915,6079372.10720232
4318507,43,2022,2025,1183.51,2042.12,2782.0,26248.0,1612.3072199478975,42319839.90919241
4318606,43,2022,2025,2185.37,2042.12,2782.0,6978.0,2977.150872622569,20774558.789160285
4318614,43,2022,2025,1684.96,2042.12,2782.0,2443.0,2295.4374473586277,5607753.683897127
4318622,43,2022,2025,1066.14,2042.12,2782.0,4295.0,1452.4129238242613,6238113.507825202
4318705,43,2022,2025,1922.89,2042.12,2782.0,225737.0,2619.571807729223,591334281.1613716
4318804,43,2022,2025,1750.71,2042.12,2782.0,43278.0,2385.0093138503125,103218433.08481383
4318903,43,2022,2025,1901.46,2042.12,2782.0,35865.0,2590.377509646838,92903889.38348384
4319000,43,2022,2025,1695.7,2042.12,2782.0,21549.0,2310.068654143733,49779669.4281433
4319109,43,2022,2025,1810.54,2042.12,2782.0,5587.0,2466.516306583355,13780426.604881205
4319125,43,2022,2025,1776.57,2042.12,2782.0,2908.0,2420.2386441541144,7038053.977200164
4319158,43,2022,2025,1484.86,2042.12,2782.0,7193.0,2022.8392650774686,14550282.83370223
4319208,43,2022,2025,1350.34,2042.12,2782.0,5243.0,1839.581356629385,9644925.052807866
4319307,43,2022,2025,1792.43,2042.12,2782.0,5943.0,2441.8448768926414,14511884.103372969
4319356,43,2022,2025,1942.46,2042.12,2782.0,3618.0,2646.2322096644666,9574068.13456604
4319364,43,2022,2025,1178.39,2042.12,2782.0,1790.0,1605.3321939944765,2873544.627250113
4319372,43,2022,2025,2153.13,2042.12,2782.0,3142.0,2933.230006072122,9216208.679078607
4319406,43,2022,2025,1606.44,2042.12,2782.0,15863.0,2188.4688852760855,34715681.92713454
4319505,43,2022,2025,1718.35,2042.12,2782.0,24898.0,2340.9249701290814,58284349.90627387
4319604,43,2022,2025,1613.74,2042.12,2782.0,21551.0,2198.4137464987366,47378014.650794275
4319703,43,2022,2025,1963.67,2042.12,2782.0,3320.0,2675.1267996004153,8881420.97467338
4319711,43,2022,2025,1652.84,2042.12,2782.0,2255.0,2251.680057978963,5077538.530742561
4319737,43,2022,2025,1050.48,2042.12,2782.0,2593.0,1431.07915303704,3710788.2438250445
4319752,43,2022,2025,2313.19,2042.12,2782.0,2309.0,3151.281305701918,7276308.534865729
4319802,43,2022,2025,1507.1,2042.12,2782.0,8257.0,2053.137034062641,16952752.490255225
4319901,43,2022,2025,1641.28,2042.12,2782.0,77935.0,2235.931757193505,174257341.4968758
4320008,43,2022,2025,1571.59,2042.12,2782.0,136572.0,2140.9923902611013,292399612.7227391
4320107,43,2022,2025,1850.64,2042.12,2782.0,23374.0,2521.1449278201085,58929241.54286721
4320206,43,2022,2025,1567.87,2042.12,2782.0,12325.0,2135.924597966819,26325270.669941045
4320230,43,2022,2025,1991.34,2042.12,2782.0,2750.0,2712.821910563532,7460260.254049714
4320263,43,2022,2025,1663.32,2042.12,2782.0,6098.0,2265.9570642273716,13817806.177658511
4320305,43,2022,2025,2458.17,2042.12,2782.0,5222.0,3348.788974203279,17487376.023289524
4320321,43,2022,2025,1464.59,2042.12,2782.0,2725.0,1995.2252463126554,5436988.796201986
4320354,43,2022,2025,1250.16,2042.12,2782.0,5424.0,1703.1051652204574,9237642.416155761
4320404,43,2022,2025,2126.45,2042.12,2782.0,17407.0,2896.8835817679665,50426052.50783499
4320453,43,2022,2025,1799.08,2042.12,2782.0,2089.0,2450.904236773549,5119938.950619944
4320503,43,2022,2025,1226.99,2042.12,2782.0,5630.0,1671.5404481617145,9410772.723150453
4320552,43,2022,2025,1517.5,2042.12,2782.0,5989.0,2067.305055530527,12381089.977572327
4320578,43,2022,2025,1435.27,2042.12,2782.0,1881.0,1955.2823242512684,3677886.051916636
4320602,43,2022,2025,2745.42,2042.12,2782.0,3463.0,3740.1124517658122,12952009.420465007
4320651,43,2022,2025,2041.91,2042.12,2782.0,2056.0,2781.7139149511295,5719203.809139522
4320677,43,2022,2025,1313.34,2042.12,2782.0,8685.0,1789.1758956378667,15538992.653614873
4320701,43,2022,2025,1838.82,2042.12,2782.0,14512.0,2505.0424264979533,36353175.6933383
4320800,43,2022,2025,1773.11,2042.12,2782.0,30939.0,2415.525052396529,74733929.59609622
4320859,43,2022,2025,1576.83,2042.12,2782.0,4569.0,2148.1308933853056,9814810.051877461
4320909,43,2022,2025,1867.41,2042.12,2782.0,25256.0,2543.9908624370755,64251033.22171078
4321006,43,2022,2025,2018.36,2042.12,2782.0,10824.0,2749.6315201849056,29762011.57448142
4321105,43,2022,2025,1449.76,2042.12,2782.0,14920.0,1975.0221926233523,29467331.113940418
4321204,43,2022,2025,1711.54,2042.12,2782.0,54353.0,2331.647640687129,126732044.2142675
4321303,43,2022,2025,1630.78,2042.12,2782.0,25963.0,2221.6275047499657,57680114.90582336
4321329,43,2022,2025,2332.95,2042.12,2782.0,3192.0,3178.200546490901,10144816.144398956
4321352,43,2022,2025,1361.72,2042.12,2782.0,5319.0,1855.0844416586685,9867194.145182459
4321402,43,2022,2025,1735.1,2042.12,2782.0,14820.0,2363.7436585509176,35030681.0197246
4321436,43,2022,2025,1502.13,2042.12,2782.0,10575.0,2046.3663545726993,21640324.199606296
4321451,43,2022,2025,1891.48,2042.12,2782.0,34023.0,2576.7816582766927,87669842.35954791
4321469,43,2022,2025,1671.9,2042.12,2782.0,3358.0,2277.645681938378,7648334.199949074
4321477,43,2022,2025,2310.17,2042.12,2782.0,5188.0,3147.1671302372047,16327503.071670618
4321493,43,2022,2025,1452.65,2042.12,2782.0,2594.0,1978.959267819717,5133420.340724346
4321501,43,2022,2025,2080.13,2042.12,2782.0,43344.0,2833.7813938456115,122827420.7348442
4321600,43,2022,2025,1871.57,2042.12,2782.0,56430.0,2549.6580710242297,143877204.9478973
4321626,43,2022,2025,1637.11,2042.12,2782.0,2192.0,2230.250925508785,4888710.028715257
4321634,43,2022,2025,2492.19,2042.12,2782.0,2636.0,3395.134752120346,8949575.206589233
4321667,43,2022,2025,1632.48,2042.12,2782.0,11224.0,2223.9434313360625,24961541.073315967
4321709,43,2022,2025,1619.03,2042.12,2782.0,24428.0,2205.620365110767,53878894.27892582
4321808,43,2022,2025,2038.2,2042.12,2782.0,25466.0,2776.6597457544126,70710417.08538187
4321832,43,2022,2025,1413.66,2042.12,2782.0,2813.0,1925.8428104127086,5417395.825690949
4321857,43,2022,2025,1177.01,2042.12,2782.0,4829.0,1603.4522065304684,7743070.705335632
4321907,43,2022,2025,1970.49,2042.12,2782.0,26304.0,2684.4177521399333,70610924.5522888
4321956,43,2022,2025,2079.23,2042.12,2782.0,7785.0,2832.555315064737,22051443.127778977
4322004,43,2022,2025,1481.51,2042.12,2782.0,28435.0,2018.2755273931016,57389664.62142284
4322103,43,2022,2025,1823.72,2042.12,2782.0,5646.0,2484.4715491743877,14027326.366638593
4322152,43,2022,2025,1340.45,2042.12,2782.0,3732.0,1826.108113137328,6815035.4782285085
4322186,43,2022,2025,1414.83,2042.12,2782.0,1396.0,1927.4367128278457,2690701.6511076726
4322202,43,2022,2025,1606.74,2042.12,2782.0,20324.0,2188.8775782030443,44486747.89939867
4322251,43,2022,2025,1897.87,2042.12,2782.0,5172.0,2585.486817620904,13372137.820735315
4322301,43,2022,2025,2155.38,2042.12,2782.0,8535.0,2936.2952030243086,25061279.557812475
4322327,43,2022,2025,1599.23,2042.12,2782.0,3488.0,2178.6466319315223,7599119.45217715
4322343,43,2022,2025,1986.68,2042.12,2782.0,2025.0,2706.473547098114,5480608.932873681
4322350,43,2022,2025,2893.51,2042.12,2782.0,1183.0,3941.8569036099743,4663216.716970599
4322376,43,2022,2025,1306.67,2042.12,2782.0,2047.0,1780.0892895618283,3643842.7757330625
4322400,43,2022,2025,1566.17,2042.12,2782.0,120819.0,2133.608671380722,257780466.06754747
4322509,43,2022,2025,1790.15,2042.12,2782.0,66146.0,2438.7388106477583,161312817.36910662
4322525,43,2022,2025,1263.82,2042.12,2782.0,3213.0,1721.7143164946233,5531868.098897224
4322533,43,2022,2025,1538.7,2042.12,2782.0,10069.0,2096.186022368911,21106497.059232563
4322541,43,2022,2025,1927.06,2042.12,2782.0,6223.0,2625.2526394139422,16336947.175072962
4322558,43,2022,2025,1773.91,2042.12,2782.0,2047.0,2416.6149002017514,4946810.700712985
4322608,43,2022,2025,1739.54,2042.12,2782.0,70842.0,2369.7923138699,167880827.09917146
4322707,43,2022,2025,1596.06,2042.12,2782.0,27670.0,2174.32811000333,60163658.80379214
4322806,43,2022,2025,2257.23,2042.12,2782.0,24554.0,3075.0464517266373,75504690.57569586
4322855,43,2022,2025,3279.07,2042.12,2782.0,1851.0,4467.109053336729,8268618.857726285
4322905,43,2022,2025,1777.55,2042.12,2782.0,4847.0,2421.5737077155113,11737367.761297083
4323002,43,2022,2025,1489.82,2042.12,2782.0,231996.0,2029.5963214698452,470858228.1957182
4323101,43,2022,2025,1497.7,2042.12,2782.0,4741.0,2040.331322351282,9673210.799267428
4323200,43,2022,2025,2384.33,2042.12,2782.0,2829.0,3248.196021781286,9189146.545619259
4323309,43,2022,2025,1903.28,2042.12,2782.0,3741.0,2592.856913403718,9699877.71304331
4323358,43,2022,2025,1454.41,2042.12,2782.0,2121.0,1981.3569329912054,4202458.054874347
4323408,43,2022,2025,2679.6,2042.12,2782.0,4515.0,3650.44522359117,16481760.184514131
4323457,43,2022,2025,1344.1,2042.12,2782.0,3932.0,1831.080543748653,7199808.698019704
4323507,43,2022,2025,2168.24,2042.12,2782.0,2710.0,2953.814506493252,8004837.312596712
4323606,43,2022,2025,2249.69,2042.12,2782.0,1624.0,3064.7746361624195,4977194.00912777
4323705,43,2022,2025,2018.17,2042.12,2782.0,2843.0,2749.372681331166,7816466.533024505
4323754,43,2022,2025,1414.14,2042.12,2782.0,3316.0,1926.4967190958419,6388263.120521812
4323770,43,2022,2025,2321.97,2042.12,2782.0,3223.0,3163.2423853642294,10195130.20802891
4323804,43,2022,2025,2134.14,2042.12,2782.0,16949.0,2907.3597437956632,49276840.2975927
5000203,50,2022,2025,1627.25,1710.13,2304.0,17901.0,2192.3385941419656,39245053.17373533
5000252,50,2022,2025,1395.32,1710.13,2304.0,4649.0,1879.8671913831108,8739502.572740082
5000609,50,2022,2025,1281.38,1710.13,2304.0,41751.0,1726.3597036482608,72077243.98701854
5000708,50,2022,2025,1196.18,1710.13,2304.0,24781.0,1611.57264067644,39936381.60860286
5000807,50,2022,2025,1265.5,1710.13,2304.0,7688.0,1704.9651196107898,13107771.839567753
5000856,50,2022,2025,1272.49,1710.13,2304.0,11308.0,1714.3825089320694,19386237.41100384
5000906,50,2022,2025,980.8,1710.13,2304.0,9717.0,1321.3984901732615,12840029.129013581
5001003,50,2022,2025,1465.45,1710.13,2304.0,29826.0,1974.3509557752918,58886991.60695385
5001102,50,2022,2025,1307.08,1710.13,2304.0,48689.0,1760.9844397794318,85740571.38842076
5001243,50,2022,2025,1083.72,1710.13,2304.0,11125.0,1460.0591066176255,16243157.561121084
5001508,50,2022,2025,1797.07,1710.13,2304.0,8342.0,2421.1313058071605,20197077.353043333
5001904,50,2022,2025,1453.7,1710.13,2304.0,24222.0,1958.5205803067604,47439285.49619035
5002001,50,2022,2025,1366.25,1710.13,2304.0,10947.0,1840.7021688409652,20150166.642302047
5002100,50,2022,2025,1166.61,1710.13,2304.0,21881.0,1571.7339851356328,34391111.32875278
5002159,50,2022,2025,1334.74,1710.13,2304.0,8887.0,1798.249817265354,15981046.1260372
5002209,50,2022,2025,1796.79,1710.13,2304.0,25034.0,2420.754071327911,60601157.421622925
5002308,50,2022,2025,1328.35,1710.13,2304.0,11833.0,1789.6407875424673,21176819.438990016
5002407,50,2022,2025,1227.87,1710.13,2304.0,32748.0,1654.2675001315686,54173952.09430861
5002605,50,2022,2025,1710.09,1710.13,2304.0,13928.0,2303.9461093601067,32089361.411167566
5002704,50,2022,2025,2088.31,1710.13,2304.0,962883.0,2813.5090548671733,2709080039.2776685
5002803,50,2022,2025,1175.54,1710.13,2304.0,5096.0,1583.7650704917169,8070866.7992257895
5002902,50,2022,2025,1522.15,1710.13,2304.0,21565.0,2050.74093782344,44224228.32416249
5002951,50,2022,2025,2090.92,1710.13,2304.0,34606.0,2817.025419120184,97485981.65407309
5003108,50,2022,2025,1190.38,1710.13,2304.0,4892.0,1603.758497891973,7845586.571687533
5003157,50,2022,2025,699.98,1710.13,2304.0,14685.0,943.0592528053422,13848825.12744645
5003207,50,2022,2025,1432.56,1710.13,2304.0,98751.0,1930.0393771233764,190593318.53031054
5003256,50,2022,2025,1508.09,1710.13,2304.0,28740.0,2031.7983779010951,58393885.38087747
5003306,50,2022,2025,1501.32,1710.13,2304.0,33440.0,2022.6773870992263,67638331.82459813
5003454,50,2022,2025,1317.66,1710.13,2304.0,14317.0,1775.2385140310969,25416089.805383213
5003488,50,2022,2025,1232.92,1710.13,2304.0,11521.0,1661.0711934180442,19137201.21936929
5003504,50,2022,2025,1196.02,1710.13,2304.0,5768.0,1611.3570781168683,9294307.626578096
5003702,50,2022,2025,2015.16,1710.13,2304.0,264017.0,2714.956547163081,716794682.7123551
5003751,50,2022,2025,1275.12,1710.13,2304.0,11622.0,1717.9258185050257,19965733.862665407
5003801,50,2022,2025,1514.57,1710.13,2304.0,21504.0,2040.5286615637406,43879528.33826668
5003900,50,2022,2025,1711.92,1710.13,2304.0,3751.0,2306.411606135206,8651349.934613157
5004007,50,2022,2025,1559.86,1710.13,2304.0,10817.0,2101.546338582447,22732426.744446326
5004106,50,2022,2025,1147.34,1710.13,2304.0,10116.0,1545.7721693672408,15637031.265319008
5004304,50,2022,2025,1475.2,1710.13,2304.0,13960.0,1987.4867992491797,27745315.71751855
5004403,50,2022,2025,1686.73,1710.13,2304.0,8764.0,2272.4739756626686,19915961.92270763
5004502,50,2022,2025,1257.96,1710.13,2304.0,25263.0,1694.8067339909833,42815902.52081421
5004601,50,2022,2025,1255.34,1710.13,2304.0,20060.0,1691.2768970779996,33927014.55538467
5004700,50,2022,2025,1420.01,1710.13,2304.0,30001.0,1913.1311888569874,57395848.79689848
5004809,50,2022,2025,757.4,1710.13,2304.0,8441.0,1020.4192663715623,8613359.027442358
5004908,50,2022,2025,1392.46,1710.13,2304.0,7480.0,1876.0140106307708,14032584.799518166
5005004,50,2022,2025,1572.74,1710.13,2304.0,24504.0,2118.899124627952,51921504.14988334
5005103,50,2022,2025,1424.47,1710.13,2304.0,3596.0,1919.1399952050429,6901227.422757334
5005152,50,2022,2025,1202.34,1710.13,2304.0,7067.0,1619.871799219942,11447634.00508733
5005202,50,2022,2025,1172.23,1710.13,2304.0,22425.0,1579.3056200405817,35415928.52941005
5005251,50,2022,2025,1295.64,1710.13,2304.0,7037.0,1745.5717167700702,12283588.170910984
5005400,50,2022,2025,1785.78,1710.13,2304.0,48073.0,2405.920672697397,115659824.49858198
5005608,50,2022,2025,924.13,1710.13,2304.0,26512.0,1245.048926105033,33008737.12889663
5005681,50,2022,2025,1531.14,1710.13,2304.0,20087.0,2062.8528591393638,41436525.3815324
5005707,50,2022,2025,1743.97,1710.13,2304.0,53014.0,2349.591481349371,124561242.79225555
5005806,50,2022,2025,1269.36,1710.13,2304.0,13354.0,1710.165566360452,22837550.973177474
5006002,50,2022,2025,1245.03,1710.13,2304.0,23409.0,1677.3865846456117,39265942.55996913
5006200,50,2022,2025,1656.18,1710.13,2304.0,50848.0,2231.3149994444866,113457905.09175326
5006259,50,2022,2025,1347.22,1710.13,2304.0,4801.0,1815.0636969119305,8714120.808874179
5006275,50,2022,2025,1692.38,1710.13,2304.0,5842.0,2280.0860285475374,13320262.578774713
5006309,50,2022,2025,1719.67,1710.13,2304.0,42638.0,2316.8529176144502,98785974.70124494
5006358,50,2022,2025,763.99,1710.13,2304.0,13368.0,1029.2977492939133,13759652.312561033
5006408,50,2022,2025,1271.33,1710.13,2304.0,6910.0,1712.819680375176,11835583.991392465
5006606,50,2022,2025,1484.68,1710.13,2304.0,98598.0,2000.258880903791,197221525.13935196
5006903,50,2022,2025,1166.44,1710.13,2304.0,12721.0,1571.5049499160882,19991114.46788256
5007109,50,2022,2025,1580.75,1710.13,2304.0,24152.0,2129.6907252665,51436290.39663651
5007208,50,2022,2025,1528.88,1710.13,2304.0,40419.0,2059.8080379854164,83255381.08733255
5007307,50,2022,2025,1501.79,1710.13,2304.0,4921.0,2023.3106021179674,9956711.473022517
5007406,50,2022,2025,1598.28,1710.13,2304.0,20454.0,2153.308298199552,44043767.93137364
5007505,50,2022,2025,1211.98,1710.13,2304.0,5451.0,1632.8594434341248,8900716.826159414
5007554,50,2022,2025,1223.61,1710.13,2304.0,7165.0,1648.5281469829777,11811704.173133034
5007695,50,2022,2025,2084.65,1710.13,2304.0,32207.0,2808.5780613169754,90455873.62083583
5007703,50,2022,2025,1282.59,1710.13,2304.0,11322.0,1727.9898955050198,19564301.596907835
5007802,50,2022,2025,1247.44,1710.13,2304.0,8716.0,1680.6334956991573,14648401.548513854
5007901,50,2022,2025,1236.58,1710.13,2304.0,49735.0,1666.0021869682419,82858618.76886551
5007935,50,2022,2025,1487.62,1710.13,2304.0,14813.0,2004.2198429359169,29688508.533409737
5007950,50,2022,2025,727.9,1710.13,2304.0,11205.0,980.674919450568,10988462.472443614
5007976,50,2022,2025,1326.37,1710.13,2304.0,3740.0,1786.97320086777,6683279.77124546
5008008,50,2022,2025,1302.89,1710.13,2304.0,18182.0,1755.3393952506535,31915580.88444738
5008305,50,2022,2025,1674.66,1710.13,2304.0,143523.0,2256.212475074994,323818383.06018835
5008404,50,2022,2025,1429.37,1710.13,2304.0,6505.0,1925.7415985919197,12526949.098840438
5100102,51,2022,2025,1231.13,1825.26,2381.0,4948.0,1605.9742338077863,7946360.508880926
5100201,51,2022,2025,2215.9,1825.26,2381.0,32099.0,2890.5788216473275,92784689.59605756
5100250,51,2022,2025,1840.57,1825.26,2381.0,62158.0,2400.971461599991,149239584.11013225
5100300,51,2022,2025,1828.79,1825.26,2381.0,17751.0,2385.604785071716,42346870.53980803
5100359,51,2022,2025,1237.65,1825.26,2381.0,5920.0,1614.479389237698,9557717.98428717
5100409,51,2022,2025,1517.96,1825.26,2381.0,13956.0,1980.1358491393007,27634775.910588082
5100508,51,2022,2025,1030.35,1825.26,2381.0,7525.0,1344.0624075474177,10114069.616794318
5100607,51,2022,2025,1946.75,1825.26,2381.0,11877.0,2539.480265825143,30161407.11720522
5100805,51,2022,2025,1635.19,1825.26,2381.0,8693.0,2133.0590655577835,18542682.456893813
5101001,51,2022,2025,1425.49,1825.26,2381.0,4005.0,1859.5113518074136,7447342.963988692
5101209,51,2022,2025,1663.95,1825.26,2381.0,997.0,2170.5756714111963,2164063.944396963
5101258,51,2022,2025,1379.75,1825.26,2381.0,14805.0,1799.8448166288638,26646702.510190327
5101308,51,2022,2025,1649.73,1825.26,2381.0,10769.0,2152.0260839551624,23175168.898113143
5101407,51,2022,2025,1863.42,1825.26,2381.0,26558.0,2430.778639755432,64556619.11462476
5101605,51,2022,2025,985.39,1825.26,2381.0,7137.0,1285.4133602883974,9173995.152378293
5101704,51,2022,2025,1466.38,1825.26,2381.0,29406.0,1912.8511992811984,56249302.366062924
5101803,51,2022,2025,1778.99,1825.26,2381.0,73878.0,2320.642094824847,171444396.68147004
5101837,51,2022,2025,,1825.26,2381.0,5877.0,,
5101852,51,2022,2025,1533.79,1825.26,2381.0,7912.0,2000.785636018978,15830215.952182155
5101902,51,2022,2025,1603.19,1825.26,2381.0,17645.0,2091.3159714232493,36901270.315763235
5102504,51,2022,2025,1459.05,1825.26,2381.0,91767.0,1903.2894217810065,174659160.36857763
5102603,51,2022,2025,861.15,1825.26,2381.0,15808.0,1123.345797311068,17757850.363893364
5102637,51,2022,2025,1827.46,1825.26,2381.0,51722.0,2383.8698377217493,123298515.74664432
5102678,51,2022,2025,1712.11,1825.26,2381.0,49053.0,2233.39902808367,109554922.52458827
5102686,51,2022,2025,1850.44,1825.26,2381.0,9946.0,2413.846597197112,24008118.255722474
5102694,51,2022,2025,1615.55,1825.26,2381.0,4451.0,2107.439241532713,9380212.064062105
5102702,51,2022,2025,2136.38,1825.26,2381.0,28324.0,2786.8472327230097,78934661.01964653
5102793,51,2022,2025,1460.34,1825.26,2381.0,10260.0,1904.9721902633048,19545014.67210151
5102850,51,2022,2025,1335.04,1825.26,2381.0,7392.0,1741.5218872927694,12873329.790868152
5103007,51,2022,2025,1863.33,1825.26,2381.0,19458.0,2430.6612373031785,47295806.35544525
5103056,51,2022,2025,1473.42,1825.26,2381.0,9301.0,1922.034679990796,17876844.55859439
5103106,51,2022,2025,1466.11,1825.26,2381.0,6495.0,1912.4989919244379,12421680.952549225
5103205,51,2022,2025,1796.83,1825.26,2381.0,32054.0,2343.9138698048496,75131815.18272465
5103254,51,2022,2025,1262.59,1825.26,2381.0,26026.0,1647.0129132288002,42865158.07969276
5103304,51,2022,2025,1444.11,1825.26,2381.0,18469.0,1883.8006147069457,34791913.55302258
5103353,51,2022,2025,1500.84,1825.26,2381.0,38460.0,1957.8032937773248,75297114.67867592
5103361,51,2022,2025,1523.36,1825.26,2381.0,3908.0,1987.179996274503,7765899.4254407585
5103379,51,2022,2025,1520.4,1825.26,2381.0,10030.0,1983.3187600670592,19892687.163472604
5103403,51,2022,2025,2428.24,1825.26,2381.0,691875.0,3167.5703406637954,2191562729.4467635
5103437,51,2022,2025,1300.68,1825.26,2381.0,4970.0,1696.7002399658131,8432600.192630092
5103452,51,2022,2025,1436.49,1825.26,2381.0,6675.0,1873.8605404161601,12508019.107277868
5103502,51,2022,2025,1634.49,1825.26,2381.0,22623.0,2132.1459353735904,48235537.495956734
5103601,51,2022,2025,1456.31,1825.26,2381.0,7890.0,1899.7151693457367,14988752.686137863
5103700,51,2022,2025,1520.23,1825.26,2381.0,10523.0,1983.0969998794692,20868129.729731653
5103809,51,2022,2025,1457.44,1825.26,2381.0,3056.0,1901.1892223573627,5810034.2635241
5103858,51,2022,2025,1347.27,1825.26,2381.0,9397.0,1757.4755760823116,16514997.988445481
5103908,51,2022,2025,1051.79,1825.26,2381.0,6319.0,1372.0302806175557,8669859.343222335
5103957,51,2022,2025,1190.16,1825.26,2381.0,2878.0,1552.5300285986657,4468181.4223069595
5104104,51,2022,2025,1740.16,1825.26,2381.0,31209.0,2269.989459035973,70844101.02705368
5104203,51,2022,2025,1502.94,1825.26,2381.0,10252.0,1960.5426843299038,20099483.599750172
5104500,51,2022,2025,1281.65,1825.26,2381.0,2172.0,1671.8761436726825,3631314.9840570665
5104526,51,2022,2025,1872.14,1825.26,2381.0,8658.0,2442.153632907093,21144166.153709613
5104542,51,2022,2025,1587.37,1825.26,2381.0,8257.0,2070.6792292604887,17097598.396003854
5104559,51,2022,2025,1489.28,1825.26,2381.0,5201.0,1942.7236010212243,10104105.448911387
5104609,51,2022,2025,1638.65,1825.26,2381.0,12587.0,2137.57253761108,26905625.530910663
5104807,51,2022,2025,1638.82,1825.26,2381.0,29803.0,2137.79429779867,63712683.457293764
5104906,51,2022,2025,1095.63,1825.26,2381.0,7413.0,1429.218319581868,10594795.403060388
5105002,51,2022,2025,1721.24,1825.26,2381.0,7881.0,2245.3088546289296,17695279.083330594
5105101,51,2022,2025,1605.6,1825.26,2381.0,36089.0,2094.4597482002564,75586957.85279906
5105150,51,2022,2025,1597.67,1825.26,2381.0,48396.0,2084.1152876850424,100862843.46280532
5105176,51,2022,2025,1627.82,1825.26,2381.0,10057.0,2123.4451091899236,21355487.46312306
5105200,51,2022,2025,1222.76,1825.26,2381.0,11622.0,1595.0558057482222,18537738.574405838
5105234,51,2022,2025,1165.12,1825.26,2381.0,4662.0,1519.8660574383923,7085615.559777785
5105259,51,2022,2025,2202.82,1825.26,2381.0,95792.0,2873.516331919836,275259876.46726495
5105309,51,2022,2025,1051.57,1825.26,2381.0,2616.0,1371.7432968453809,3588480.4645475163
5105507,51,2022,2025,1260.1,1825.26,2381.0,17592.0,1643.764778716457,28917109.98717991
5105580,51,2022,2025,1570.67,1825.26,2381.0,11355.0,2048.8945520090288,23265197.63806252
5105606,51,2022,2025,1880.9,1825.26,2381.0,21959.0,2453.5808049264215,53878180.89537929
5105622,51,2022,2025,1480.3,1825.26,2381.0,27637.0,1931.0094452297208,53367308.03781379
5105903,51,2022,2025,1484.25,1825.26,2381.0,15796.0,1936.1621084119522,30583616.6644752
5106000,51,2022,2025,1454.13,1825.26,2381.0,5890.0,1896.871421057822,11172572.670030572
5106109,51,2022,2025,1107.38,1825.26,2381.0,11658.0,1444.5458619593921,16840515.658722594
5106158,51,2022,2025,1419.8,1825.26,2381.0,14340.0,1852.088907881617,26558954.93902239
5106174,51,2022,2025,1290.57,1825.26,2381.0,4575.0,1683.5120311626836,7702067.542569277
5106182,51,2022,2025,1411.77,1825.26,2381.0,7072.0,1841.6140001972324,13023894.209394827
5106190,51,2022,2025,1673.59,1825.26,2381.0,4502.0,2183.1507785192243,9828544.804893548
5106208,51,2022,2025,1187.78,1825.26,2381.0,3791.0,1549.4253859724092,5873871.638221404
5106216,51,2022,2025,1532.5,1825.26,2381.0,11734.0,1999.1028675366797,23457473.0476754
5106224,51,2022,2025,2222.75,1825.26,2381.0,63455.0,2899.514452735501,183988689.5983312
5106232,51,2022,2025,1378.26,1825.26,2381.0,16204.0,1797.9011538082245,29133190.29630847
5106240,51,2022,2025,1588.72,1825.26,2381.0,9760.0,2072.4402660442897,20227016.99659227
5106257,51,2022,2025,1674.32,1825.26,2381.0,25915.0,2184.1030428541685,56601030.35556578
5106265,51,2022,2025,1395.5,1825.26,2381.0,6368.0,1820.390245773205,11592245.08508377
5106273,51,2022,2025,1535.86,1825.26,2381.0,3267.0,2003.4858924208056,6545388.410538772
5106281,51,2022,2025,1521.54,1825.26,2381.0,7239.0,1984.8058577956017,14368009.60458236
5106299,51,2022,2025,1616.67,1825.26,2381.0,12079.0,2108.900249827422,25473406.117665432
5106307,51,2022,2025,1493.0,1825.26,2381.0,28870.0,1947.576235714364,56226525.92507369
5106315,51,2022,2025,1343.52,1825.26,2381.0,2041.0,1752.5838072384206,3577023.5505736163
5106372,51,2022,2025,1510.72,1825.26,2381.0,18946.0,1970.6914740913624,37336720.66813495
5106422,51,2022,2025,1089.88,1825.26,2381.0,33754.0,1421.7176073545688,47988656.118646115
5106455,51,2022,2025,1477.03,1825.26,2381.0,3328.0,1926.743822797848,6412203.442271238
5106505,51,2022,2025,1066.69,1825.26,2381.0,31203.0,1391.4669088239484,43417941.95603366
5106653,51,2022,2025,1748.56,1825.26,2381.0,7441.0,2280.9470212462884,16972526.78509363
5106703,51,2022,2025,1511.48,1825.26,2381.0,2098.0,1971.6828725770574,4136590.6666666665
5106752,51,2022,2025,1576.59,1825.26,2381.0,55762.0,2056.617024423918,114681078.51592651
5106778,51,2022,2025,1438.58,1825.26,2381.0,12649.0,1876.5868862518214,23736947.52419929
5106802,51,2022,2025,1773.87,1825.26,2381.0,5705.0,2313.9631997633214,13201160.054649748
5106828,51,2022,2025,1172.74,1825.26,2381.0,10088.0,1529.8061317291783,15432684.25688395
5106851,51,2022,2025,1006.14,1825.26,2381.0,3141.0,1312.4811478912593,4122503.2855264456
5107008,51,2022,2025,1126.25,1825.26,2381.0,25103.0,1469.1612427818502,36880354.67755278
5107040,51,2022,2025,2064.23,1825.26,2381.0,96006.0,2692.729600166552,258518197.99358997
5107065,51,2022,2025,1861.74,1825.26,2381.0,31100.0,2428.5871273133694,75529059.65944579
5107107,51,2022,2025,1355.35,1825.26,2381.0,17721.0,1768.0157073512812,31331006.349972054
5107156,51,2022,2025,1328.48,1825.26,2381.0,2020.0,1732.9645529951897,3500588.3970502834
5107180,51,2022,2025,1455.45,1825.26,2381.0,10541.0,1898.5933236908713,20013072.225025475
5107198,51,2022,2025,1593.37,1825.26,2381.0,2733.0,2078.506059410714,5680557.060369481
5107206,51,2022,2025,1472.23,1825.26,2381.0,4440.0,1920.482358677668,8526941.672528846
5107248,51,2022,2025,1739.4,1825.26,2381.0,5795.0,2268.998060550278,13148843.76088886
5107263,51,2022,2025,1498.51,1825.26,2381.0,2416.0,1954.763874735654,4722709.52136134
5107297,51,2022,2025,1417.51,1825.26,2381.0,2716.0,1849.1016677076143,5022160.12949388
5107305,51,2022,2025,1335.67,1825.26,2381.0,14455.0,1742.3437044585428,25185578.247948237
5107354,51,2022,2025,1336.91,1825.26,2381.0,6234.0,1743.9612493562563,10871854.428486902
5107404,51,2022,2025,1339.52,1825.26,2381.0,4250.0,1747.365920471604,7426305.162004317
5107578,51,2022,2025,920.06,1825.26,2381.0,3518.0,1200.192224669362,4222276.246386816
5107602,51,2022,2025,1960.35,1825.26,2381.0,263708.0,2557.2210808323193,674359656.7841293
5107701,51,2022,2025,1249.99,1825.26,2381.0,15041.0,1630.5765699133274,24525502.188066356
5107743,51,2022,2025,2108.12,1825.26,2381.0,2904.0,2749.9828627154484,7985950.233325662
5107750,51,2022,2025,1383.61,1825.26,2381.0,3657.0,1804.8800773588418,6600446.442901284
5107768,51,2022,2025,1598.18,1825.26,2381.0,3536.0,2084.7805682478115,7371784.089324261
5107776,51,2022,2025,1002.97,1825.26,2381.0,7737.0,1308.345972628557,10122672.790227147
5107792,51,2022,2025,1168.53,1825.26,2381.0,4244.0,1524.3143059071037,6469189.914269748
5107800,51,2022,2025,1214.99,1825.26,2381.0,16839.0,1584.9200607036805,26688468.902189277
5107859,51,2022,2025,1502.25,1825.26,2381.0,14604.0,1959.642598862628,28618620.513789818
5107875,51,2022,2025,1957.35,1825.26,2381.0,32514.0,2553.307665757207,83018245.44442983
5107883,51,2022,2025,1552.08,1825.26,2381.0,1941.0,2024.6444232602478,3929834.825548141
5107909,51,2022,2025,2146.78,1825.26,2381.0,223780.0,2800.4137383167335,626676586.3605186
5107925,51,2022,2025,2175.07,1825.26,2381.0,124665.0,2837.317242475045,353714154.0331515
5107941,51,2022,2025,1631.67,1825.26,2381.0,9895.0,2128.4673252029847,21061184.182883535
5107958,51,2022,2025,1846.11,1825.26,2381.0,114603.0,2408.1982347720323,275986742.2995792
5108006,51,2022,2025,1743.62,1825.26,2381.0,15638.0,2274.5029310892696,35568676.836374
5108055,51,2022,2025,1545.61,1825.26,2381.0,10591.0,2016.2044914149214,21353621.768575434
5108105,51,2022,2025,1370.11,1825.26,2381.0,2935.0,1787.2697095208352,5245636.597443651
5108204,51,2022,2025,1390.27,1825.26,2381.0,4238.0,1813.5678588255919,7685900.585702859
5108303,51,2022,2025,1589.3,1825.26,2381.0,3904.0,2073.196859625478,8093760.539977865
5108352,51,2022,2025,1348.22,1825.26,2381.0,2892.0,1758.7148241894306,5086203.2715558335
5108402,51,2022,2025,1453.88,1825.26,2381.0,318922.0,1896.5453031348961,604850021.1663873
5108501,51,2022,2025,1618.26,1825.26,2381.0,10758.0,2110.9743598172313,22709862.162913773
5108600,51,2022,2025,1632.85,1825.26,2381.0,19686.0,2130.006601799196,41931309.96301897
5108808,51,2022,2025,1130.89,1825.26,2381.0,4546.0,1475.2139914313577,6706322.805046952
5108857,51,2022,2025,1504.51,1825.26,2381.0,3731.0,1962.5907048858792,7322425.919929215
5108907,51,2022,2025,1721.46,1825.26,2381.0,5705.0,2245.5958384011046,12811124.258078301
5108956,51,2022,2025,1604.84,1825.26,2381.0,8470.0,2093.468349714561,17731676.92208233
5200050,52,2022,2025,1180.2,1697.17,2378.0,22052.0,1653.644360906686,36466165.44671424
5200100,52,2022,2025,1120.29,1697.17,2378.0,17738.0,1569.7011024234462,27843358.15478709
5200134,52,2022,2025,1489.52,1697.17,2378.0,22079.0,2087.0499478543693,46079975.79867662
5200159,52,2022,2025,1490.18,1697.17,2378.0,2282.0,2087.9747108421666,4764758.290141824
5200175,52,2022,2025,1067.37,1697.17,2378.0,4979.0,1495.5519246746053,7446353.03295486
5200209,52,2022,2025,1517.07,1697.17,2378.0,1843.0,2125.6517968146973,3917576.261529487
5200258,52,2022,2025,1027.34,1697.17,2378.0,245352.0,1439.463648308655,353175285.0398251
5200308,52,2022,2025,1299.21,1697.17,2378.0,28244.0,1820.3959414790504,51415262.9711343
5200506,52,2022,2025,1654.76,1697.17,2378.0,1977.0,2318.5769722538107,4583826.674145784
5200555,52,2022,2025,1527.35,1697.17,2378.0,6487.0,2140.055680927662,13882541.202177742
5200605,52,2022,2025,1767.85,1697.17,2378.0,11182.0,2477.0337090568414,27698190.9346736
5200803,52,2022,2025,1143.51,1697.17,2378.0,8619.0,1602.2359457214066,13809671.616172804
5200829,52,2022,2025,1184.95,1697.17,2378.0,3267.0,1660.2998521067425,5424199.616832728
5200852,52,2022,2025,914.55,1697.17,2378.0,5260.0,1281.4272583182592,6740307.378754043
5200902,52,2022,2025,1484.2,1697.17,2378.0,2906.0,2079.5957977103058,6043305.388146149
5201108,52,2022,2025,1723.02,1697.17,2378.0,420300.0,2414.2198836887287,1014696617.1143727
5201207,52,2022,2025,1518.8,1697.17,2378.0,913.0,2128.07579676756,1942933.2024487823
5201306,52,2022,2025,1473.21,1697.17,2378.0,18306.0,2064.197092807438,37787191.98093296
5201405,52,2022,2025,1417.33,1697.17,2378.0,556021.0,1985.9004931739305,1104202378.115062
5201454,52,2022,2025,1436.79,1697.17,2378.0,3045.0,2013.1669897535307,6130093.483799501
5201504,52,2022,2025,1507.57,1697.17,2378.0,4488.0,2112.340814414584,9480185.575092655
5201603,52,2022,2025,1368.99,1697.17,2378.0,3840.0,1918.1686100979864,7365767.462776268
5201702,52,2022,2025,1333.37,1697.17,2378.0,18601.0,1868.2594318777728,34751493.69235845
5201801,52,2022,2025,1165.08,1697.17,2378.0,12806.0,1632.4588815498741,20905268.437127687
5202155,52,2022,2025,1306.11,1697.17,2378.0,7152.0,1830.0639181696586,13088617.142749399
5202353,52,2022,2025,1335.2,1697.17,2378.0,2904.0,1870.8235474348473,5432871.581750797
5202502,52,2022,2025,1469.3,1697.17,2378.0,8570.0,2058.7185726827597,17643218.16789125
5202601,52,2022,2025,1491.47,1697.17,2378.0,3237.0,2089.7822021364977,6764624.988315843
5202809,52,2022,2025,1395.39,1697.17,2378.0,2993.0,1955.15912960988,5851791.274922371
5203104,52,2022,2025,1183.7,1697.17,2378.0,3306.0,1658.548407054096,5483161.033720842
5203203,52,2022,2025,1311.55,1697.17,2378.0,10853.0,1837.686207038776,19944408.404991835
5203302,52,2022,2025,1637.71,1697.17,2378.0,37305.0,2294.687261735713,85603308.29905078
5203401,52,2022,2025,1367.26,1697.17,2378.0,7775.0,1915.7446101451237,14894914.343878336
5203500,52,2022,2025,1447.48,1697.17,2378.0,24925.0,2028.1453478437634,50551522.795005806
5203559,52,2022,2025,1337.45,1697.17,2378.0,11025.0,1873.976148529611,20660587.03753896
5203575,52,2022,2025,1200.67,1697.17,2378.0,3289.0,1682.3260250888245,5533170.296517144
5203609,52,2022,2025,1266.06,1697.17,2378.0,4201.0,1773.947618682866,7452353.946086721
5203807,52,2022,2025,1469.56,1697.17,2378.0,5798.0,2059.0828732537107,11938562.499125015
5203906,52,2022,2025,1463.96,1697.17,2378.0,10930.0,2051.2363994178545,22420013.84563715
5203939,52,2022,2025,1419.51,1697.17,2378.0,2800.0,1988.9550133457462,5569074.03736809
5203962,52,2022,2025,883.67,1697.17,2378.0,3140.0,1238.1595597376809,3887821.017576318
5204003,52,2022,2025,1170.16,1697.17,2378.0,7689.0,1639.5767542438296,12606705.663380805
5204102,52,2022,2025,1562.18,1697.17,2378.0,11854.0,2188.857945874603,25946722.090397544
5204201,52,2022,2025,1196.62,1697.17,2378.0,1417.0,1676.6513431182495,2375814.9531985596
5204250,52,2022,2025,1531.74,1697.17,2378.0,7762.0,2146.2067559525563,16658856.839703742
5204300,52,2022,2025,1796.75,1697.17,2378.0,14034.0,2517.527118674028,35330975.583471306
5204409,52,2022,2025,1652.4,1697.17,2378.0,16628.0,2315.270243994414,38498313.617139116
5204508,52,2022,2025,1596.14,1697.17,2378.0,106820.0,2236.441205064902,238896649.52503285
5204557,52,2022,2025,1384.25,1697.17,2378.0,4819.0,1939.5502513006945,9346692.661018047
5204607,52,2022,2025,1348.84,1697.17,2378.0,3879.0,1889.9353158493254,7331059.090179534
5204656,52,2022,2025,1225.94,1697.17,2378.0,3760.0,1717.7332382731254,6458676.975906951
5204706,52,2022,2025,1364.05,1697.17,2378.0,12983.0,1911.2468992499275,24813718.49296181
5204805,52,2022,2025,1503.15,1697.17,2378.0,7807.0,2106.1477047084263,16442695.130658684
5204854,52,2022,2025,1141.62,1697.17,2378.0,8579.0,1599.5877608018052,13722863.399918687
5204904,52,2022,2025,1105.23,1697.17,2378.0,18227.0,1548.5996924291615,28226326.593906324
5204953,52,2022,2025,1092.31,1697.17,2378.0,3822.0,1530.4967563650075,5849558.602827059
5205000,52,2022,2025,1138.24,1697.17,2378.0,9988.0,1594.8518533794493,15929380.31155394
5205059,52,2022,2025,1362.98,1697.17,2378.0,2871.0,1909.7476622848626,5482885.538419841
5205109,52,2022,2025,1978.99,1697.17,2378.0,122760.0,2772.873795789461,340397987.1711142
5205208,52,2022,2025,1173.84,1697.17,2378.0,5352.0,1644.7330084788205,8802611.061378647
5205307,52,2022,2025,992.49,1697.17,2378.0,9730.0,1390.6333602408715,13530862.59514368
5205406,52,2022,2025,1905.87,1697.17,2378.0,22570.0,2670.4212659898535,60271407.973391
5205455,52,2022,2025,1470.53,1697.17,2378.0,8301.0,2060.441994614564,17103728.997295495
5205471,52,2022,2025,2014.5,1697.17,2378.0,14321.0,2822.6288468450416,40422867.715667844
5205497,52,2022,2025,1257.39,1697.17,2378.0,101570.0,1761.7995957977105,178945984.94517344
5205513,52,2022,2025,1124.98,1697.17,2378.0,27196.0,1576.2725242609756,42868307.569801494
5205521,52,2022,2025,1094.18,1697.17,2378.0,4188.0,1533.1169181637667,6420693.653269855
5205703,52,2022,2025,1696.12,1697.17,2378.0,2441.0,2376.5287861557767,5801106.767006251
5205802,52,2022,2025,1266.95,1697.17,2378.0,10724.0,1775.1946475603504,19037187.4004372
5205901,52,2022,2025,1501.21,1697.17,2378.0,9484.0,2103.4294619867187,19948925.01748204
5206206,52,2022,2025,1347.24,1697.17,2378.0,66827.0,1887.6934661819382,126148891.26454039
5206305,52,2022,2025,1545.25,1697.17,2378.0,3670.0,2165.136374081559,7946050.492879322
5206404,52,2022,2025,1438.23,1697.17,2378.0,17532.0,2015.1846544541795,35330217.36189067
5206503,52,2022,2025,1625.46,1697.17,2378.0,3999.0,2277.5231002197775,9107814.87777889
5206602,52,2022,2025,1392.56,1697.17,2378.0,2951.0,1951.1938580106882,5757973.074989541
5206701,52,2022,2025,914.23,1697.17,2378.0,3917.0,1280.9788883847816,5017594.30580319
5206800,52,2022,2025,1029.48,1697.17,2378.0,2753.0,1442.462122238786,3971098.2225233777
5206909,52,2022,2025,1201.26,1697.17,2378.0,1889.0,1683.1527071536734,3179475.463813289
5207105,52,2022,2025,1362.3,1697.17,2378.0,1991.0,1908.7948761762227,3800410.598466859
5207253,52,2022,2025,1501.93,1697.17,2378.0,6823.0,2104.4382943370433,14358582.482261647
5207352,52,2022,2025,1467.35,1697.17,2378.0,4104.0,2055.9863184006313,8437767.85071619
5207402,52,2022,2025,1592.09,1697.17,2378.0,11982.0,2230.7665230943276,26729044.479716234
5207501,52,2022,2025,1317.6,1697.17,2378.0,3214.0,1846.1632010935848,5933568.528314781
5207535,52,2022,2025,1212.29,1697.17,2378.0,7167.0,1698.6074582982258,12173919.653623383
5207600,52,2022,2025,1503.77,1697.17,2378.0,5842.0,2107.016421454539,12309189.934137417
5207808,52,2022,2025,1777.07,1697.17,2378.0,10274.0,2489.952367765162,25581770.626419272
5207907,52,2022,2025,911.08,1697.17,2378.0,14273.0,1276.5652468521128,18220415.768320207
5208004,52,2022,2025,1553.54,1697.17,2378.0,121559.0,2176.7519576707105,264603791.2224939
5208103,52,2022,2025,1442.82,1697.17,2378.0,4662.0,2021.6159606874974,9424773.608725112
5208152,52,2022,2025,1420.81,1697.17,2378.0,3563.0,1990.7765162004985,7093136.727222376
5208301,52,2022,2025,988.81,1697.17,2378.0,4405.0,1385.4771060058802,6103026.651955902
5208400,52,2022,2025,1280.32,1697.17,2378.0,14758.0,1793.928103843457,26474790.95652174
5208509,52,2022,2025,1519.4,1697.17,2378.0,4962.0,2128.9164903928304,10563683.625329224
5208608,52,2022,2025,1539.47,1697.17,2378.0,78009.0,2157.037692158122,168268353.32756293
5208707,52,2022,2025,2668.8,1697.17,2378.0,1503256.0,3739.4052452023075,5621283371.28184
5208806,52,2022,2025,1135.58,1697.17,2378.0,81495.0,1591.1247783074175,129668713.80816299
5208905,52,2022,2025,1718.77,1697.17,2378.0,24172.0,2408.264970509731,58212580.86716122
5209101,52,2022,2025,1689.55,1697.17,2378.0,36984.0,2367.323190959067,87553080.89443013
5209150,52,2022,2025,1288.3,1697.17,2378.0,4313.0,1805.1093290595518,7785436.536233847
5209200,52,2022,2025,1227.07,1697.17,2378.0,20985.0,1719.3165446007176,36079857.68844606
5209291,52,2022,2025,1292.35,1697.17,2378.0,2170.0,1810.7840110301263,3929401.303935374
5209408,52,2022,2025,916.72,1697.17,2378.0,4091.0,1284.4677669296534,5254757.634509212
5209457,52,2022,2025,1100.76,1697.17,2378.0,2154.0,1542.3365249208978,3322192.874679614
5209606,52,2022,2025,1315.65,1697.17,2378.0,3342.0,1843.4309468114566,6160746.224243888
5209705,52,2022,2025,1626.34,1697.17,2378.0,30587.0,2278.7561175368405,69700313.36709934
5209804,52,2022,2025,1353.29,1697.17,2378.0,3477.0,1896.170460236747,6592984.69024317
5209903,52,2022,2025,919.34,1697.17,2378.0,10289.0,1288.1387957600004,13253660.069574645
5209937,52,2022,2025,1249.96,1697.17,2378.0,6076.0,1751.3890064047798,10641439.602915442
5209952,52,2022,2025,1441.09,1697.17,2378.0,17985.0,2019.1919607346347,36315167.41381241
5210000,52,2022,2025,1498.36,1697.17,2378.0,53884.0,2099.4361672666846,113126018.43699804
5210109,52,2022,2025,1527.05,1697.17,2378.0,26223.0,2139.6353341150266,56107657.36649834
5210158,52,2022,2025,1315.82,1697.17,2378.0,2968.0,1843.6691433386163,5472010.017429013
5210208,52,2022,2025,1748.63,1697.17,2378.0,37283.0,2450.1034899273495,91347208.41496137
5210307,52,2022,2025,1254.54,1697.17,2378.0,2515.0,1757.8063010776764,4420882.847210356
5210406,52,2022,2025,1421.51,1697.17,2378.0,47603.0,1991.7573254299805,94813623.96244337
5210562,52,2022,2025,1331.54,1697.17,2378.0,5120.0,1865.6953163206986,9552360.019561976
5210604,52,2022,2025,1127.42,1697.17,2378.0,4837.0,1579.6913450037416,7640967.035783098
5210802,52,2022,2025,1582.01,1697.17,2378.0,4276.0,2216.642870189786,9478364.912931526
5210901,52,2022,2025,1335.74,1697.17,2378.0,21891.0,1871.5801716975907,40970761.53863196
5211008,52,2022,2025,1503.44,1697.17,2378.0,8133.0,2106.5540399606402,17132604.006999888
5211206,52,2022,2025,1371.33,1697.17,2378.0,26553.0,1921.4473152365408,51020190.561475866
5211305,52,2022,2025,1776.07,1697.17,2378.0,6124.0,2488.5512117230446,15239887.620591925
5211404,52,2022,2025,1451.46,1697.17,2378.0,7636.0,2033.7219488913897,15529500.801734652
5211503,52,2022,2025,1838.9,1697.17,2378.0,113322.0,2576.5858458492667,291983861.2233306
5211602,52,2022,2025,1548.54,1697.17,2378.0,2731.0,2169.7461774601247,5925576.8106436
5211701,52,2022,2025,1620.89,1697.17,2378.0,6365.0,2271.1198171073024,14455677.63588798
5211800,52,2022,2025,1313.47,1697.17,2378.0,46633.0,1840.3764266396413,85822273.90348639
5211909,52,2022,2025,1818.86,1697.17,2378.0,111634.0,2548.5066787652386,284499994.5772786
5212006,52,2022,2025,994.09,1697.17,2378.0,2939.0,1392.8752099082592,4093660.241920374
5212055,52,2022,2025,1290.01,1697.17,2378.0,2112.0,1807.5053058915726,3817451.2060430013
5212105,52,2022,2025,1785.45,1697.17,2378.0,7247.0,2501.6940553981035,18129776.819470055
5212204,52,2022,2025,1661.84,1697.17,2378.0,19926.0,2328.497157032,46397634.35101963
5212253,52,2022,2025,1385.97,1697.17,2378.0,1435.0,1941.9602396931361,2786712.9439596506
5212303,52,2022,2025,1248.93,1697.17,2378.0,9123.0,1749.945815681399,15964755.676461402
5212501,52,2022,2025,1154.28,1697.17,2378.0,221262.0,1617.3263962950086,357852873.0970262
5212600,52,2022,2025,1624.03,1697.17,2378.0,2631.0,2275.51944707955,5986891.665266296
5212709,52,2022,2025,1009.52,1697.17,2378.0,8493.0,1414.4950476381268,12013306.43959061
5212808,52,2022,2025,1531.62,1697.17,2378.0,10806.0,2146.038617227502,23190093.297760386
5212907,52,2022,2025,1499.44,1697.17,2378.0,2942.0,2100.9494157921717,6180993.181260569
5212956,52,2022,2025,1160.03,1697.17,2378.0,4004.0,1625.3830435371824,6508033.706322879
5213004,52,2022,2025,1294.83,1697.17,2378.0,10145.0,1814.258878014577,18405656.317457885
5213053,52,2022,2025,1104.6,1697.17,2378.0,2626.0,1547.7169641226274,4064304.7477860195
5213087,52,2022,2025,1290.17,1697.17,2378.0,26616.0,1807.7294908583112,48114528.12868481
5213103,52,2022,2025,1576.3,1697.17,2378.0,74999.0,2208.642269189297,165645961.5469281
5213400,52,2022,2025,1576.61,1697.17,2378.0,1687.0,2209.0766275623537,3726712.2706976905
5213509,52,2022,2025,817.02,1697.17,2378.0,6534.0,1144.7725095305714,7479943.577272753
5213707,52,2022,2025,1724.65,1697.17,2378.0,9024.0,2416.50376803738,21806530.002769314
5213756,52,2022,2025,1765.18,1697.17,2378.0,13094.0,2473.292622424389,32385293.598024946
5213772,52,2022,2025,1049.67,1697.17,2378.0,3743.0,1470.7514627291314,5505022.724995139
5213806,52,2022,2025,1637.6,1697.17,2378.0,54326.0,2294.5331345710797,124652807.06870848
5213855,52,2022,2025,1081.81,1697.17,2378.0,2505.0,1515.7846179227772,3797040.467896557
5213905,52,2022,2025,1488.19,1697.17,2378.0,4626.0,2085.1864103183534,9646072.334132703
5214002,52,2022,2025,1506.16,1697.17,2378.0,15199.0,2110.3651843951993,32075440.437622633
5214051,52,2022,2025,1347.87,1697.17,2378.0,6202.0,1888.5761944884716,11712949.558217501
5214101,52,2022,2025,1101.7,1697.17,2378.0,3540.0,1543.653611600488,5464533.785065727
5214408,52,2022,2025,1255.13,1697.17,2378.0,8349.0,1758.6329831425257,14682826.776256947
5214507,52,2022,2025,1390.6,1697.17,2378.0,34273.0,1948.4475921681385,66779144.32637861
5214606,52,2022,2025,1385.45,1697.17,2378.0,33890.0,1941.2316385512354,65788340.23050137
5214705,52,2022,2025,1100.11,1697.17,2378.0,2380.0,1541.4257734935213,3668593.340914581
5214804,52,2022,2025,1465.6,1697.17,2378.0,2132.0,2053.5342953269264,4378135.1176370075
5214838,52,2022,2025,1606.5,1697.17,2378.0,13153.0,2250.957181661236,29606839.810390238
5214861,52,2022,2025,1215.39,1697.17,2378.0,8356.0,1702.9510420287893,14229858.907192564
5214879,52,2022,2025,1397.76,1697.17,2378.0,3084.0,1958.4798694296976,6039951.917321187
5214903,52,2022,2025,1060.47,1697.17,2378.0,3022.0,1485.883947983997,4490341.290807638
5215009,52,2022,2025,1427.24,1697.17,2378.0,9883.0,1999.7859495513117,19763884.539415613
5215207,52,2022,2025,1369.21,1697.17,2378.0,3567.0,1918.4768644272526,6843206.97541201
5215231,52,2022,2025,1000.39,1697.17,2378.0,107663.0,1401.7024929735971,150911495.50101638
5215256,52,2022,2025,1129.16,1697.17,2378.0,3703.0,1582.1293565170254,5858625.007182545
5215306,52,2022,2025,1855.19,1697.17,2378.0,17035.0,2599.4106777753555,44280960.89590318
5215405,52,2022,2025,1332.08,1697.17,2378.0,4109.0,1866.4519405834415,7669251.023857361
5215504,52,2022,2025,1528.14,1697.17,2378.0,7665.0,2141.1625942009346,16412011.284550164
5215603,52,2022,2025,984.91,1697.17,2378.0,37207.0,1380.0125974416233,51346128.713010475
5215652,52,2022,2025,1405.74,1697.17,2378.0,3113.0,1969.6610946457927,6131554.987632353
5215702,52,2022,2025,1337.68,1697.17,2378.0,34375.0,1874.298414419298,64429007.995663375
5215801,52,2022,2025,1688.91,1697.17,2378.0,2266.0,2366.426451092112,5362322.338174726
5215900,52,2022,2025,1410.92,1697.17,2378.0,3959.0,1976.9190829439594,7826622.649375135
5216007,52,2022,2025,1380.71,1697.17,2378.0,2432.0,1934.5901589116,4704923.266473011
5216304,52,2022,2025,1222.1,1697.17,2378.0,7356.0,1712.352799071395,12596067.189969182
5216403,52,2022,2025,1539.7,1697.17,2378.0,10727.0,2157.359958047809,23142000.269978847
5216452,52,2022,2025,1469.08,1697.17,2378.0,2999.0,2058.4103183534944,6173172.54474213
5216809,52,2022,2025,1336.02,1697.17,2378.0,9519.0,1871.9724953893833,17819306.18361154
5216908,52,2022,2025,1090.5,1697.17,2378.0,2254.0,1527.9606639287756,3444023.33649546
5217104,52,2022,2025,1876.46,1697.17,2378.0,25373.0,2629.213266791188,66711028.21829281
5217203,52,2022,2025,1598.1,1697.17,2378.0,11940.0,2239.187470907452,26735898.402634975
5217302,52,2022,2025,1492.76,1697.17,2378.0,28028.0,2091.589693430829,58623075.927479275
5217401,52,2022,2025,1745.69,1697.17,2378.0,33736.0,2445.984091163525,82517719.29949269
5217609,52,2022,2025,996.1,1697.17,2378.0,112304.0,1395.6915335529145,156741741.9841265
5217708,52,2022,2025,1692.99,1697.17,2378.0,18763.0,2372.14316774395,44508522.25637973
5218003,52,2022,2025,1524.5,1697.17,2378.0,45512.0,2136.062386207628,97216471.32108158
5218052,52,2022,2025,1696.91,1697.17,2378.0,4276.0,2377.6356994290495,10166770.250758616
5218102,52,2022,2025,1368.96,1697.17,2378.0,3191.0,1918.1265754167232,6120741.902154764
5218300,52,2022,2025,1333.77,1697.17,2378.0,36291.0,1868.8198942946199,67821342.78384605
5218391,52,2022,2025,1453.05,1697.17,2378.0,3750.0,2035.9497869983559,7634811.701243835
5218508,52,2022,2025,1722.78,1697.17,2378.0,50329.0,2413.883606238621,121488348.01838355
5218607,52,2022,2025,1469.23,1697.17,2378.0,12665.0,2058.6204917598116,26072428.52813801
5218706,52,2022,2025,1482.64,1697.17,2378.0,3893.0,2077.4099942846033,8087357.10774996
5218789,52,2022,2025,1613.63,1697.17,2378.0,4033.0,2260.9474242415313,9118400.961966095
5218805,52,2022,2025,1822.67,1697.17,2378.0,241494.0,2553.8450832857047,616738264.542998
5218904,52,2022,2025,1478.55,1697.17,2378.0,20186.0,2071.6792660723436,41818917.66493633
5219001,52,2022,2025,1561.85,1697.17,2378.0,8085.0,2188.395564380704,17693178.13801799
5219100,52,2022,2025,1408.78,1697.17,2378.0,6306.0,1973.9206090138287,12447543.360441204
5219209,52,2022,2025,1776.3,1697.17,2378.0,3004.0,2488.873477612731,7476575.926748645
5219258,52,2022,2025,1530.95,1697.17,2378.0,5047.0,2145.099842679284,10826318.906002346
5219308,52,2022,2025,1538.33,1697.17,2378.0,39601.0,2155.4403742701084,85357594.26147056
5219357,52,2022,2025,1333.06,1697.17,2378.0,3543.0,1867.8250735047166,6617704.235427211
5219407,52,2022,2025,1156.18,1697.17,2378.0,5765.0,1619.9885927750315,9339234.237348057
5219456,52,2022,2025,961.7,1697.17,2378.0,2611.0,1347.4917657040837,3518301.0002533626
5219506,52,2022,2025,1247.28,1697.17,2378.0,2828.0,1747.6339082119057,4942308.692423269
5219605,52,2022,2025,1239.43,1697.17,2378.0,3172.0,1736.6348332812859,5508605.691168238
5219704,52,2022,2025,1239.58,1697.17,2378.0,10837.0,1736.8450066876035,18822189.33747356
5219712,52,2022,2025,1279.99,1697.17,2378.0,4279.0,1793.4657223495585,7674239.825933761
5219738,52,2022,2025,1735.6,1697.17,2378.0,8066.0,2431.8464266985625,19615273.277750604
5219753,52,2022,2025,1046.54,1697.17,2378.0,75221.0,1466.3658443173047,110301505.17539197
5219803,52,2022,2025,952.58,1697.17,2378.0,9457.0,1334.713222599975,12622382.946127964
5219902,52,2022,2025,1112.78,1697.17,2378.0,6507.0,1559.178420547146,10145573.98250028
5220009,52,2022,2025,915.03,1697.17,2378.0,15026.0,1282.0998132184754,19264831.79342081
5220058,52,2022,2025,1629.3,1697.17,2378.0,1812.0,2282.9035394215075,4136621.2134317714
5220108,52,2022,2025,1873.64,1697.17,2378.0,35288.0,2625.262006752417,92640245.6942793
5220157,52,2022,2025,1233.48,1697.17,2378.0,4939.0,1728.2979548306887,8536063.59890877
5220207,52,2022,2025,1608.32,1697.17,2378.0,22040.0,2253.507285657889,49667300.57589988
5220264,52,2022,2025,1824.82,1697.17,2378.0,4671.0,2556.857568776257,11943081.703753896
5220280,52,2022,2025,1242.99,1697.17,2378.0,2200.0,1741.6229487912228,3831570.48734069
5220405,52,2022,2025,1403.26,1697.17,2378.0,17181.0,1966.1862276613422,33781045.57744952
5220454,52,2022,2025,1346.08,1697.17,2378.0,175042.0,1886.068125173082,330141136.7665466
5220504,52,2022,2025,1440.72,1697.17,2378.0,8237.0,2018.6735329990513,16627813.891313186
5220603,52,2022,2025,1585.22,1697.17,2378.0,23150.0,2221.1405810849824,51419404.45211734
5220686,52,2022,2025,955.32,1697.17,2378.0,5634.0,1338.5523901553763,7541404.16613539
5220702,52,2022,2025,1224.18,1697.17,2378.0,2978.0,1715.267203638999,5108065.732436939
5221007,52,2022,2025,1406.18,1697.17,2378.0,4180.0,1970.2776033043242,8235760.381812075
5221080,52,2022,2025,1007.11,1697.17,2378.0,2660.0,1411.1182615766245,3753574.5757938214
5221197,52,2022,2025,1205.2,1697.17,2378.0,8340.0,1688.673261959615,14083535.004743189
5221304,52,2022,2025,1577.47,1697.17,2378.0,2976.0,2210.2816217585746,6577798.106353518
5221403,52,2022,2025,1355.44,1697.17,2378.0,153560.0,1899.182945727299,291638533.14588404
5221452,52,2022,2025,1118.1,1697.17,2378.0,3080.0,1566.6325706912094,4825228.317728925
5221502,52,2022,2025,1413.92,1697.17,2378.0,4449.0,1981.1225510703111,8814014.229711814
5221551,52,2022,2025,1307.37,1697.17,2378.0,5171.0,1831.8293747827263,9472389.697001478
5221577,52,2022,2025,1187.62,1697.17,2378.0,2798.0,1664.040938739195,4655986.546592268
5221601,52,2022,2025,1578.46,1697.17,2378.0,44533.0,2211.6687662402705,98492245.16697797
5221700,52,2022,2025,1422.2,1697.17,2378.0,13857.0,1992.7241230990412,27613178.173783414
5221809,52,2022,2025,1587.02,1697.17,2378.0,3700.0,2223.6626619607937,8227551.849254937
5221858,52,2022,2025,1444.85,1697.17,2378.0,218416.0,2024.460307452995,442174522.51265335
5221908,52,2022,2025,1544.18,1697.17,2378.0,3770.0,2163.6371371164937,8156912.0069291815
5222005,52,2022,2025,1763.05,1697.17,2378.0,15644.0,2470.308160054679,38645500.85589539
5222054,52,2022,2025,1340.26,1697.17,2378.0,9175.0,1877.9133970079604,17229855.417548038
5222203,52,2022,2025,884.85,1697.17,2378.0,4145.0,1239.8129238673791,5139024.569430287
5222302,52,2022,2025,1212.43,1697.17,2378.0,6028.0,1698.8036201441225,10240388.222228771
5300108,53,2022,2025,2999.18,2999.18,4286.0,2996899.0,4286.0,12844709114.0
