aeroporto_id,oaci,ciad,nome,municipio_atendido,uf,pais,latitude,longitude,tipo_cadastro,tipo_infraestrutura,situacao_cadastral,validade,cadastro_pos_corte,data_efetiva_cadastro,eligibilidade_operacional,decisao_cadastral_temporal,meses_com_servico,meses_lista,decolagens,destinos_distintos,elegivel,motivo_exclusao,acesso_publico_status,operadores_observados,rotas_observadas,evidencia_servico_comercial,score_exploratorio_frequencia_diversidade,metrica_status,periodo_inicio,periodo_fim,fonte_movimentos,fonte_cadastro,arquivo_movimentos,arquivo_cadastro,versao_movimentos,versao_cadastro,flag_qualidade
SBAE,SBAE,SP0010,Bauru/Arealva,Bauru,SP,BRASIL,-22.157778,-49.068333,publico,AERODROMO,Cadastrado,13/05/2031,True,2026-08-15,True,validade_historica_nao_bloqueante_resolucao_736,12,2025-07;2025-08;2025-09;2025-10;2025-11;2025-12;2026-01;2026-02;2026-03;2026-04;2026-05;2026-06,449,4,True,,servico_regular_comercial_observado,AZUL LINHAS AÉREAS BRASILEIRAS S/A,SBAE-SBKP;SBAE-SBMO;SBAE-SBPS;SBAE-SBRF,Dados Estatísticos ANAC: grupo REGULAR com assentos/passageiros e decolagens positivos,42.37924020083418,exploratoria_nao_congelada,2025-07-01,2026-06-30,ANAC Dados Estatísticos,ANAC cadastros público e privativo,data/raw/anac/Dados_Estatisticos.csv,data/raw/anac/cadastro-aerodromos-publicos.csv,Atualizado em: 2026-08-09,Atualizado em: 2026-08-15,catalogo_anac_e_siros
SBAQ,SBAQ,SP0012,Bartolomeu de Gusmão,Araraquara,SP,BRASIL,-21.811944,-48.133056,publico,AERODROMO,Cadastrado,,True,2026-08-15,True,crosswalk_pos_corte_sem_evidencia_adversa,12,2025-07;2025-08;2025-09;2025-10;2025-11;2025-12;2026-01;2026-02;2026-03;2026-04;2026-05;2026-06,255,1,True,,servico_regular_comercial_observado,AZUL CONECTA LTDA. (EX TWO TAXI AEREO LTDA),SBAQ-SBKP,Dados Estatísticos ANAC: grupo REGULAR com assentos/passageiros e decolagens positivos,15.968719422671311,exploratoria_nao_congelada,2025-07-01,2026-06-30,ANAC Dados Estatísticos,ANAC cadastros público e privativo,data/raw/anac/Dados_Estatisticos.csv,data/raw/anac/cadastro-aerodromos-publicos.csv,Atualizado em: 2026-08-09,Atualizado em: 2026-08-15,catalogo_anac_e_siros
SBAR,SBAR,SE0001,Santa Maria,Aracaju,SE,BRASIL,-10.985278,-37.073333,publico,AERODROMO,Cadastrado,,True,2026-08-15,True,crosswalk_pos_corte_sem_evidencia_adversa,12,2025-07;2025-08;2025-09;2025-10;2025-11;2025-12;2026-01;2026-02;2026-03;2026-04;2026-05;2026-06,5056,13,True,,servico_regular_comercial_observado,AZUL CONECTA LTDA. (EX TWO TAXI AEREO LTDA);AZUL LINHAS AÉREAS BRASILEIRAS S/A;GOL LINHAS AÉREAS S.A. (EX- VRG LINHAS AÉREAS S.A.);TAM LINHAS AÉREAS S.A.,SBAR-SBBR;SBAR-SBCF;SBAR-SBGL;SBAR-SBGR;SBAR-SBIL;SBAR-SBKP;SBAR-SBMO;SBAR-SBPS;SBAR-SBRF;SBAR-SBRP;SBAR-SBSP;SBAR-SBSV;SBAR-SBVT,Dados Estatísticos ANAC: grupo REGULAR com assentos/passageiros e decolagens positivos,256.37472574339307,exploratoria_nao_congelada,2025-07-01,2026-06-30,ANAC Dados Estatísticos,ANAC cadastros público e privativo,data/raw/anac/Dados_Estatisticos.csv,data/raw/anac/cadastro-aerodromos-publicos.csv,Atualizado em: 2026-08-09,Atualizado em: 2026-08-15,catalogo_anac_e_siros
SBAT,SBAT,MT0003,PILOTO OSVALDO MARQUES DIAS,Alta Floresta,MT,BRASIL,-9.8663889,-56.105,publico,AERODROMO,Cadastrado,,True,2026-08-15,True,crosswalk_pos_corte_sem_evidencia_adversa,12,2025-07;2025-08;2025-09;2025-10;2025-11;2025-12;2026-01;2026-02;2026-03;2026-04;2026-05;2026-06,186,2,True,,servico_regular_comercial_observado,AZUL LINHAS AÉREAS BRASILEIRAS S/A,SBAT-SBCY;SBAT-SBKP,Dados Estatísticos ANAC: grupo REGULAR com assentos/passageiros e decolagens positivos,19.28730152198591,exploratoria_nao_congelada,2025-07-01,2026-06-30,ANAC Dados Estatísticos,ANAC cadastros público e privativo,data/raw/anac/Dados_Estatisticos.csv,data/raw/anac/cadastro-aerodromos-publicos.csv,Atualizado em: 2026-08-09,Atualizado em: 2026-08-15,catalogo_anac_e_siros
SBAU,SBAU,SP0009,Araçatuba,Araçatuba,SP,BRASIL,-21.144167,-50.426389,publico,AERODROMO,Cadastrado,,True,2026-08-15,True,crosswalk_pos_corte_sem_evidencia_adversa,12,2025-07;2025-08;2025-09;2025-10;2025-11;2025-12;2026-01;2026-02;2026-03;2026-04;2026-05;2026-06,586,4,True,,servico_regular_comercial_observado,AZUL LINHAS AÉREAS BRASILEIRAS S/A;GOL LINHAS AÉREAS S.A. (EX- VRG LINHAS AÉREAS S.A.),SBAU-SBGR;SBAU-SBKP;SBAU-SBPS;SBAU-SBSP,Dados Estatísticos ANAC: grupo REGULAR com assentos/passageiros e decolagens positivos,48.41487374764082,exploratoria_nao_congelada,2025-07-01,2026-06-30,ANAC Dados Estatísticos,ANAC cadastros público e privativo,data/raw/anac/Dados_Estatisticos.csv,data/raw/anac/cadastro-aerodromos-publicos.csv,Atualizado em: 2026-08-09,Atualizado em: 2026-08-15,catalogo_anac_e_siros
SBAX,SBAX,MG0008,Romeu Zema,Araxá,MG,BRASIL,-19.563056,-46.960556,publico,AERODROMO,Cadastrado,,True,2026-08-15,True,crosswalk_pos_corte_sem_evidencia_adversa,12,2025-07;2025-08;2025-09;2025-10;2025-11;2025-12;2026-01;2026-02;2026-03;2026-04;2026-05;2026-06,139,2,True,,servico_regular_comercial_observado,AZUL CONECTA LTDA. (EX TWO TAXI AEREO LTDA);AZUL LINHAS AÉREAS BRASILEIRAS S/A,SBAX-SBCF;SBAX-SNPD,Dados Estatísticos ANAC: grupo REGULAR com assentos/passageiros e decolagens positivos,16.673332000533065,exploratoria_nao_congelada,2025-07-01,2026-06-30,ANAC Dados Estatísticos,ANAC cadastros público e privativo,data/raw/anac/Dados_Estatisticos.csv,data/raw/anac/cadastro-aerodromos-publicos.csv,Atualizado em: 2026-08-09,Atualizado em: 2026-08-15,catalogo_anac_e_siros
SBBE,SBBE,PA0001,INTERNACIONAL DE BELÉM/VAL DE CANS/JÚLIO CEZAR RIBEIRO,Belém,PA,BRASIL,-1.3847222,-48.478889,publico,AERODROMO,Cadastrado,,True,2026-08-15,True,crosswalk_pos_corte_sem_evidencia_adversa,12,2025-07;2025-08;2025-09;2025-10;2025-11;2025-12;2026-01;2026-02;2026-03;2026-04;2026-05;2026-06,14720,36,True,,servico_regular_comercial_observado,AEROVIAS DEL CONTINENTE AMERICANO S.A. AVIANCA;AIRES - AEROVÍAS DE INTEGRACÍON REGIONAL S.A.;AZUL CONECTA LTDA. (EX TWO TAXI AEREO LTDA);AZUL LINHAS AÉREAS BRASILEIRAS S/A;COMPAÑIA PANAMEÑA DE AVIACION S.A. (COPA AIRLINES);GOL LINHAS AÉREAS S.A. (EX- VRG LINHAS AÉREAS S.A.);SOCIÉTÉ AIR FRANCE;SURINAM AIRWAYS LTD;TAM LINHAS AÉREAS S.A.;TAP - TRANSPORTES AÉREOS PORTUGUESES S/A,SBBE-EXT:GVAC;SBBE-EXT:KFLL;SBBE-EXT:KMIA;SBBE-EXT:LPPT;SBBE-EXT:SKBO;SBBE-EXT:SMJP;SBBE-EXT:SOCA;SBBE-SBAR;SBBE-SBBR;SBBE-SBCF;SBBE-SBCJ;SBBE-SBCY;SBBE-SBEG;SBBE-SBFZ;SBBE-SBGL;SBBE-SBGR;SBBE-SBHT;SBBE-SBKP;SBBE-SBMA;SBBE-SBMD;SBBE-SBMO;SBBE-SBMQ;SBBE-SBPJ;SBBE-SBPV;SBBE-SBRF;SBBE-SBRP;SBBE-SBSG;SBBE-SBSL;SBBE-SBSN;SBBE-SBTU;SBBE-SBVT;SBBE-SDOW;SBBE-SNEB;SBBE-SNMZ;SBBE-SNSM;SBBE-SNVS,Dados Estatísticos ANAC: grupo REGULAR com assentos/passageiros e decolagens positivos,727.9560426289488,exploratoria_nao_congelada,2025-07-01,2026-06-30,ANAC Dados Estatísticos,ANAC cadastros público e privativo,data/raw/anac/Dados_Estatisticos.csv,data/raw/anac/cadastro-aerodromos-publicos.csv,Atualizado em: 2026-08-09,Atualizado em: 2026-08-15,catalogo_anac_e_siros
SBBR,SBBR,DF0001,Presidente Juscelino Kubitschek,Brasília,DF,BRASIL,-15.871111,-47.918611,publico,AERODROMO,Cadastrado,,True,2026-08-15,True,crosswalk_pos_corte_sem_evidencia_adversa,12,2025-07;2025-08;2025-09;2025-10;2025-11;2025-12;2026-01;2026-02;2026-03;2026-04;2026-05;2026-06,58110,53,True,,servico_regular_comercial_observado,"AMERICAN AIRLINES, INC.;AZUL LINHAS AÉREAS BRASILEIRAS S/A;COMPAÑIA PANAMEÑA DE AVIACION S.A. (COPA AIRLINES);GOL LINHAS AÉREAS S.A. (EX- VRG LINHAS AÉREAS S.A.);LATAM AIRLINES GROUP (EX - LAN AIRLINES S/A);LATAM AIRLINES PERU (EX-LAN PERU S.A.);TAM LINHAS AÉREAS S.A.;TAP - TRANSPORTES AÉREOS PORTUGUESES S/A",SBBR-EXT:KDFW;SBBR-EXT:KMCO;SBBR-EXT:KMIA;SBBR-EXT:KTPA;SBBR-EXT:LPPT;SBBR-EXT:MDPC;SBBR-EXT:MMUN;SBBR-EXT:MPTO;SBBR-EXT:SABE;SBBR-EXT:SAEZ;SBBR-EXT:SCEL;SBBR-EXT:SKBO;SBBR-EXT:SLVR;SBBR-EXT:SPJC;SBBR-SBAE;SBBR-SBAR;SBBR-SBBE;SBBR-SBBV;SBBR-SBCF;SBBR-SBCG;SBBR-SBCT;SBBR-SBCY;SBBR-SBEG;SBBR-SBFI;SBBR-SBFL;SBBR-SBFZ;SBBR-SBGL;SBBR-SBGO;SBBR-SBGR;SBBR-SBIZ;SBBR-SBJP;SBBR-SBKG;SBBR-SBKP;SBBR-SBMA;SBBR-SBMO;SBBR-SBMQ;SBBR-SBPA;SBBR-SBPJ;SBBR-SBPS;SBBR-SBPV;SBBR-SBRB;SBBR-SBRF;SBBR-SBRJ;SBBR-SBRP;SBBR-SBSG;SBBR-SBSI;SBBR-SBSL;SBBR-SBSN;SBBR-SBSP;SBBR-SBSV;SBBR-SBTE;SBBR-SBUL;SBBR-SBVT,Dados Estatísticos ANAC: grupo REGULAR com assentos/passageiros e decolagens positivos,1754.9444435650948,exploratoria_nao_congelada,2025-07-01,2026-06-30,ANAC Dados Estatísticos,ANAC cadastros público e privativo,data/raw/anac/Dados_Estatisticos.csv,data/raw/anac/cadastro-aerodromos-publicos.csv,Atualizado em: 2026-08-09,Atualizado em: 2026-08-15,catalogo_anac_e_siros
SBBV,SBBV,RR0001,Atlas Brasil Cantanhede,Boa Vista,RR,BRASIL,2.84138889,-60.692222,publico,AERODROMO,Cadastrado,,True,2026-08-15,True,crosswalk_pos_corte_sem_evidencia_adversa,12,2025-07;2025-08;2025-09;2025-10;2025-11;2025-12;2026-01;2026-02;2026-03;2026-04;2026-05;2026-06,1150,5,True,,servico_regular_comercial_observado,AEROVIAS DEL CONTINENTE AMERICANO S.A. AVIANCA;AZUL LINHAS AÉREAS BRASILEIRAS S/A;GOL LINHAS AÉREAS S.A. (EX- VRG LINHAS AÉREAS S.A.);TAM LINHAS AÉREAS S.A.,SBBV-SBBR;SBBV-SBCY;SBBV-SBEG;SBBV-SBGR;SBBV-SBPJ,Dados Estatísticos ANAC: grupo REGULAR com assentos/passageiros e decolagens positivos,75.82875444051551,exploratoria_nao_congelada,2025-07-01,2026-06-30,ANAC Dados Estatísticos,ANAC cadastros público e privativo,data/raw/anac/Dados_Estatisticos.csv,data/raw/anac/cadastro-aerodromos-publicos.csv,Atualizado em: 2026-08-09,Atualizado em: 2026-08-15,catalogo_anac_e_siros
SBBW,SBBW,MT0008,Barra do Garças,Barra do Garças,MT,BRASIL,-15.861389,-52.388889,publico,AERODROMO,Cadastrado,27/03/2033,True,2026-08-15,True,validade_historica_nao_bloqueante_resolucao_736,12,2025-07;2025-08;2025-09;2025-10;2025-11;2025-12;2026-01;2026-02;2026-03;2026-04;2026-05;2026-06,168,1,True,,servico_regular_comercial_observado,AZUL CONECTA LTDA. (EX TWO TAXI AEREO LTDA),SBBW-SBCY,Dados Estatísticos ANAC: grupo REGULAR com assentos/passageiros e decolagens positivos,12.96148139681572,exploratoria_nao_congelada,2025-07-01,2026-06-30,ANAC Dados Estatísticos,ANAC cadastros público e privativo,data/raw/anac/Dados_Estatisticos.csv,data/raw/anac/cadastro-aerodromos-publicos.csv,Atualizado em: 2026-08-09,Atualizado em: 2026-08-15,catalogo_anac_e_siros
SBCA,SBCA,PR0005,Aeroporto Regional do Oeste - Cel. Adalberto Mendes da Silva - Cascavel - Paraná,Cascavel,PR,BRASIL,-25.002222,-53.501944,publico,AERODROMO,Cadastrado,20/11/2025,True,2026-08-15,True,validade_historica_nao_bloqueante_resolucao_736,12,2025-07;2025-08;2025-09;2025-10;2025-11;2025-12;2026-01;2026-02;2026-03;2026-04;2026-05;2026-06,1951,6,True,,servico_regular_comercial_observado,AZUL LINHAS AÉREAS BRASILEIRAS S/A;GOL LINHAS AÉREAS S.A. (EX- VRG LINHAS AÉREAS S.A.);TAM LINHAS AÉREAS S.A.,SBCA-SBCT;SBCA-SBGR;SBCA-SBJP;SBCA-SBKP;SBCA-SBMO;SBCA-SBPS,Dados Estatísticos ANAC: grupo REGULAR com assentos/passageiros e decolagens positivos,108.1942697188719,exploratoria_nao_congelada,2025-07-01,2026-06-30,ANAC Dados Estatísticos,ANAC cadastros público e privativo,data/raw/anac/Dados_Estatisticos.csv,data/raw/anac/cadastro-aerodromos-publicos.csv,Atualizado em: 2026-08-09,Atualizado em: 2026-08-15,catalogo_anac_e_siros
SBCF,SBCF,MG0001,Tancredo Neves,Confins,MG,BRASIL,-19.624444,-43.971944,publico,AERODROMO,Cadastrado,13/08/2028,True,2026-08-15,True,validade_historica_nao_bloqueante_resolucao_736,12,2025-07;2025-08;2025-09;2025-10;2025-11;2025-12;2026-01;2026-02;2026-03;2026-04;2026-05;2026-06,53960,77,True,,servico_regular_comercial_observado,AEROLINEAS ARGENTINAS S/A;AZUL CONECTA LTDA. (EX TWO TAXI AEREO LTDA);AZUL LINHAS AÉREAS BRASILEIRAS S/A;BRITISH AIRWAYS PLC;COMPAÑIA PANAMEÑA DE AVIACION S.A. (COPA AIRLINES);DEUTSCHE LUFTHANSA A.G.;GOL LINHAS AÉREAS S.A. (EX- VRG LINHAS AÉREAS S.A.);JETSMART AIRLINES SPA - CHILE;LATAM AIRLINES GROUP (EX - LAN AIRLINES S/A);LATAM AIRLINES PERU (EX-LAN PERU S.A.);SKY AIRLINE S.A.;SOCIÉTÉ AIR FRANCE;TAM LINHAS AÉREAS S.A.;TAP - TRANSPORTES AÉREOS PORTUGUESES S/A,SBCF-EXT:KFLL;SBCF-EXT:KMCO;SBCF-EXT:KMIA;SBCF-EXT:LPPT;SBCF-EXT:MPTO;SBCF-EXT:SABE;SBCF-EXT:SAEZ;SBCF-EXT:SAZS;SBCF-EXT:SCEL;SBCF-EXT:SUMU;SBCF-EXT:TNCC;SBCF-SBAR;SBCF-SBAX;SBCF-SBBE;SBCF-SBBR;SBCF-SBCG;SBCF-SBCJ;SBCF-SBCN;SBCF-SBCT;SBCF-SBCY;SBCF-SBEG;SBCF-SBFI;SBCF-SBFL;SBCF-SBFZ;SBCF-SBGL;SBCF-SBGO;SBCF-SBGR;SBCF-SBGV;SBCF-SBIL;SBCF-SBIP;SBCF-SBIZ;SBCF-SBJD;SBCF-SBJE;SBCF-SBJP;SBCF-SBJR;SBCF-SBJU;SBCF-SBKG;SBCF-SBKP;SBCF-SBLE;SBCF-SBLO;SBCF-SBMA;SBCF-SBMK;SBCF-SBMO;SBCF-SBMQ;SBCF-SBNF;SBCF-SBPA;SBCF-SBPJ;SBCF-SBPL;SBCF-SBPS;SBCF-SBPV;SBCF-SBRB;SBCF-SBRF;SBCF-SBRJ;SBCF-SBRP;SBCF-SBSG;SBCF-SBSJ;SBCF-SBSL;SBCF-SBSO;SBCF-SBSP;SBCF-SBSR;SBCF-SBSV;SBCF-SBTC;SBCF-SBTE;SBCF-SBUL;SBCF-SBUR;SBCF-SBVC;SBCF-SBVG;SBCF-SBVT;SBCF-SNBR;SBCF-SNDV;SBCF-SNGI;SBCF-SNJM;SBCF-SNLN;SBCF-SNPD;SBCF-SNSS;SBCF-SNTO;SBCF-SNZR,Dados Estatísticos ANAC: grupo REGULAR com assentos/passageiros e decolagens positivos,2038.3620875595188,exploratoria_nao_congelada,2025-07-01,2026-06-30,ANAC Dados Estatísticos,ANAC cadastros público e privativo,data/raw/anac/Dados_Estatisticos.csv,data/raw/anac/cadastro-aerodromos-publicos.csv,Atualizado em: 2026-08-09,Atualizado em: 2026-08-15,catalogo_anac_e_siros
SBCG,SBCG,MS0001,Aeroporto Internacional de Campo Grande - Ueze Elias Zahran,Campo Grande,MS,BRASIL,-20.469444,-54.670278,publico,AERODROMO,Cadastrado,,True,2026-08-15,True,crosswalk_pos_corte_sem_evidencia_adversa,12,2025-07;2025-08;2025-09;2025-10;2025-11;2025-12;2026-01;2026-02;2026-03;2026-04;2026-05;2026-06,4838,15,True,,servico_regular_comercial_observado,AZUL LINHAS AÉREAS BRASILEIRAS S/A;GOL LINHAS AÉREAS S.A. (EX- VRG LINHAS AÉREAS S.A.);TAM LINHAS AÉREAS S.A.;TRANSPORTE AÉREOS DEL MERCOSUR S.A. (TAM MERCOSUR),SBCG-EXT:SGAS;SBCG-EXT:SPJC;SBCG-SBBR;SBCG-SBCF;SBCG-SBCR;SBCG-SBCT;SBCG-SBCY;SBCG-SBDN;SBCG-SBDO;SBCG-SBGL;SBCG-SBGR;SBCG-SBKP;SBCG-SBPP;SBCG-SBRP;SBCG-SBSP,Dados Estatísticos ANAC: grupo REGULAR com assentos/passageiros e decolagens positivos,269.3881957324782,exploratoria_nao_congelada,2025-07-01,2026-06-30,ANAC Dados Estatísticos,ANAC cadastros público e privativo,data/raw/anac/Dados_Estatisticos.csv,data/raw/anac/cadastro-aerodromos-publicos.csv,Atualizado em: 2026-08-09,Atualizado em: 2026-08-15,catalogo_anac_e_siros
SBCH,SBCH,SC0003,Serafin Enoss Bertaso,Chapecó,SC,BRASIL,-27.133889,-52.658889,publico,AERODROMO,Cadastrado,,True,2026-08-15,True,crosswalk_pos_corte_sem_evidencia_adversa,12,2025-07;2025-08;2025-09;2025-10;2025-11;2025-12;2026-01;2026-02;2026-03;2026-04;2026-05;2026-06,2647,8,True,,servico_regular_comercial_observado,AZUL CONECTA LTDA. (EX TWO TAXI AEREO LTDA);AZUL LINHAS AÉREAS BRASILEIRAS S/A;GOL LINHAS AÉREAS S.A. (EX- VRG LINHAS AÉREAS S.A.);TAM LINHAS AÉREAS S.A.,SBCH-SBCT;SBCH-SBFI;SBCH-SBFL;SBCH-SBGL;SBCH-SBGR;SBCH-SBJD;SBCH-SBKP;SBCH-SBSP,Dados Estatísticos ANAC: grupo REGULAR com assentos/passageiros e decolagens positivos,145.51975810864997,exploratoria_nao_congelada,2025-07-01,2026-06-30,ANAC Dados Estatísticos,ANAC cadastros público e privativo,data/raw/anac/Dados_Estatisticos.csv,data/raw/anac/cadastro-aerodromos-publicos.csv,Atualizado em: 2026-08-09,Atualizado em: 2026-08-15,catalogo_anac_e_siros
SBCJ,SBCJ,PA0006,Carajás,Parauapebas,PA,BRASIL,-6.1177778,-50.003333,publico,AERODROMO,Cadastrado,,True,2026-08-15,True,crosswalk_pos_corte_sem_evidencia_adversa,12,2025-07;2025-08;2025-09;2025-10;2025-11;2025-12;2026-01;2026-02;2026-03;2026-04;2026-05;2026-06,1124,6,True,,servico_regular_comercial_observado,AZUL CONECTA LTDA. (EX TWO TAXI AEREO LTDA);AZUL LINHAS AÉREAS BRASILEIRAS S/A;GOL LINHAS AÉREAS S.A. (EX- VRG LINHAS AÉREAS S.A.),SBCJ-SBBE;SBCJ-SBCF;SBCJ-SBGL;SBCJ-SBMQ;SBCJ-SBPJ;SBCJ-SDOW,Dados Estatísticos ANAC: grupo REGULAR com assentos/passageiros e decolagens positivos,82.12186067059123,exploratoria_nao_congelada,2025-07-01,2026-06-30,ANAC Dados Estatísticos,ANAC cadastros público e privativo,data/raw/anac/Dados_Estatisticos.csv,data/raw/anac/cadastro-aerodromos-publicos.csv,Atualizado em: 2026-08-09,Atualizado em: 2026-08-15,catalogo_anac_e_siros
SBCN,SBCN,GO0003,Nelson Rodrigues Guimarães,Caldas Novas,GO,BRASIL,-17.725,-48.606389,publico,AERODROMO,Cadastrado,,True,2026-08-15,True,crosswalk_pos_corte_sem_evidencia_adversa,12,2025-07;2025-08;2025-09;2025-10;2025-11;2025-12;2026-01;2026-02;2026-03;2026-04;2026-05;2026-06,193,4,True,,servico_regular_comercial_observado,AZUL LINHAS AÉREAS BRASILEIRAS S/A;GOL LINHAS AÉREAS S.A. (EX- VRG LINHAS AÉREAS S.A.);TAM LINHAS AÉREAS S.A.,SBCN-SBCF;SBCN-SBGR;SBCN-SBKP;SBCN-SBSP,Dados Estatísticos ANAC: grupo REGULAR com assentos/passageiros e decolagens positivos,27.784887978899608,exploratoria_nao_congelada,2025-07-01,2026-06-30,ANAC Dados Estatísticos,ANAC cadastros público e privativo,data/raw/anac/Dados_Estatisticos.csv,data/raw/anac/cadastro-aerodromos-publicos.csv,Atualizado em: 2026-08-09,Atualizado em: 2026-08-15,catalogo_anac_e_siros
SBCR,SBCR,MS0009,Corumbá,Corumbá,MS,BRASIL,-19.011944,-57.671389,publico,AERODROMO,Cadastrado,,True,2026-08-15,True,crosswalk_pos_corte_sem_evidencia_adversa,8,2025-07;2025-08;2025-09;2025-10;2026-03;2026-04;2026-05;2026-06,104,2,True,,servico_regular_comercial_observado,AZUL LINHAS AÉREAS BRASILEIRAS S/A,SBCR-SBAE;SBCR-SBKP,Dados Estatísticos ANAC: grupo REGULAR com assentos/passageiros e decolagens positivos,14.422205101855956,exploratoria_nao_congelada,2025-07-01,2026-06-30,ANAC Dados Estatísticos,ANAC cadastros público e privativo,data/raw/anac/Dados_Estatisticos.csv,data/raw/anac/cadastro-aerodromos-publicos.csv,Atualizado em: 2026-08-09,Atualizado em: 2026-08-15,catalogo_anac_e_siros
SBCT,SBCT,PR0001,Afonso Pena,Curitiba,PR,BRASIL,-25.531667,-49.176111,publico,AERODROMO,Cadastrado,,True,2026-08-15,True,crosswalk_pos_corte_sem_evidencia_adversa,12,2025-07;2025-08;2025-09;2025-10;2025-11;2025-12;2026-01;2026-02;2026-03;2026-04;2026-05;2026-06,24820,35,True,,servico_regular_comercial_observado,AEROLINEAS ARGENTINAS S/A;AIRES - AEROVÍAS DE INTEGRACÍON REGIONAL S.A.;ARUBA AIRLINES;AZUL CONECTA LTDA. (EX TWO TAXI AEREO LTDA);AZUL LINHAS AÉREAS BRASILEIRAS S/A;GOL LINHAS AÉREAS S.A. (EX- VRG LINHAS AÉREAS S.A.);LATAM AIRLINES GROUP (EX - LAN AIRLINES S/A);LATAM AIRLINES PERU (EX-LAN PERU S.A.);TAM LINHAS AÉREAS S.A.,SBCT-EXT:SABE;SBCT-EXT:SAEZ;SBCT-EXT:SCEL;SBCT-EXT:SGAS;SBCT-EXT:SPJC;SBCT-EXT:SUMU;SBCT-SBBR;SBCT-SBCA;SBCT-SBCF;SBCT-SBCH;SBCT-SBCX;SBCT-SBDN;SBCT-SBFI;SBCT-SBFL;SBCT-SBGL;SBCT-SBGO;SBCT-SBGR;SBCT-SBKP;SBCT-SBLO;SBCT-SBMG;SBCT-SBMO;SBCT-SBNF;SBCT-SBPA;SBCT-SBPO;SBCT-SBRF;SBCT-SBRP;SBCT-SBSJ;SBCT-SBSP;SBCT-SBSV;SBCT-SBVT;SBCT-SSGG;SBCT-SSGY;SBCT-SSUM;SBCT-SSUV;SBCT-SSVL,Dados Estatísticos ANAC: grupo REGULAR com assentos/passageiros e decolagens positivos,932.0407716403827,exploratoria_nao_congelada,2025-07-01,2026-06-30,ANAC Dados Estatísticos,ANAC cadastros público e privativo,data/raw/anac/Dados_Estatisticos.csv,data/raw/anac/cadastro-aerodromos-publicos.csv,Atualizado em: 2026-08-09,Atualizado em: 2026-08-15,catalogo_anac_e_siros
SBCX,SBCX,RS0007,Hugo Cantergiani,Caxias do Sul,RS,BRASIL,-29.198056,-51.186667,publico,AERODROMO,Cadastrado,,True,2026-08-15,True,crosswalk_pos_corte_sem_evidencia_adversa,12,2025-07;2025-08;2025-09;2025-10;2025-11;2025-12;2026-01;2026-02;2026-03;2026-04;2026-05;2026-06,1013,4,True,,servico_regular_comercial_observado,AZUL LINHAS AÉREAS BRASILEIRAS S/A;GOL LINHAS AÉREAS S.A. (EX- VRG LINHAS AÉREAS S.A.);TAM LINHAS AÉREAS S.A.,SBCX-SBGL;SBCX-SBGR;SBCX-SBKP;SBCX-SBSP,Dados Estatísticos ANAC: grupo REGULAR com assentos/passageiros e decolagens positivos,63.655321851358195,exploratoria_nao_congelada,2025-07-01,2026-06-30,ANAC Dados Estatísticos,ANAC cadastros público e privativo,data/raw/anac/Dados_Estatisticos.csv,data/raw/anac/cadastro-aerodromos-publicos.csv,Atualizado em: 2026-08-09,Atualizado em: 2026-08-15,catalogo_anac_e_siros
SBCY,SBCY,MT0001,Marechal Rondon,Cuiabá,MT,BRASIL,-15.65,-56.1175,publico,AERODROMO,Cadastrado,,True,2026-08-15,True,crosswalk_pos_corte_sem_evidencia_adversa,12,2025-07;2025-08;2025-09;2025-10;2025-11;2025-12;2026-01;2026-02;2026-03;2026-04;2026-05;2026-06,9282,22,True,,servico_regular_comercial_observado,AZUL CONECTA LTDA. (EX TWO TAXI AEREO LTDA);AZUL LINHAS AÉREAS BRASILEIRAS S/A;GOL LINHAS AÉREAS S.A. (EX- VRG LINHAS AÉREAS S.A.);TAM LINHAS AÉREAS S.A.,SBCY-SBAT;SBCY-SBBR;SBCY-SBBW;SBCY-SBCF;SBCY-SBCG;SBCY-SBEG;SBCY-SBGL;SBCY-SBGO;SBCY-SBGR;SBCY-SBJI;SBCY-SBKP;SBCY-SBPP;SBCY-SBPV;SBCY-SBRB;SBCY-SBRP;SBCY-SBSI;SBCY-SBSO;SBCY-SBSP;SBCY-SBSR;SBCY-SBVH;SBCY-SSKW;SBCY-SSOU,Dados Estatísticos ANAC: grupo REGULAR com assentos/passageiros e decolagens positivos,451.88936699152373,exploratoria_nao_congelada,2025-07-01,2026-06-30,ANAC Dados Estatísticos,ANAC cadastros público e privativo,data/raw/anac/Dados_Estatisticos.csv,data/raw/anac/cadastro-aerodromos-publicos.csv,Atualizado em: 2026-08-09,Atualizado em: 2026-08-15,catalogo_anac_e_siros
SBCZ,SBCZ,AC0002,Cruzeiro do Sul,Cruzeiro do Sul,AC,BRASIL,-7.5994444,-72.769444,publico,AERODROMO,Cadastrado,,True,2026-08-15,True,crosswalk_pos_corte_sem_evidencia_adversa,12,2025-07;2025-08;2025-09;2025-10;2025-11;2025-12;2026-01;2026-02;2026-03;2026-04;2026-05;2026-06,212,1,True,,servico_regular_comercial_observado,GOL LINHAS AÉREAS S.A. (EX- VRG LINHAS AÉREAS S.A.),SBCZ-SBRB,Dados Estatísticos ANAC: grupo REGULAR com assentos/passageiros e decolagens positivos,14.560219778561036,exploratoria_nao_congelada,2025-07-01,2026-06-30,ANAC Dados Estatísticos,ANAC cadastros público e privativo,data/raw/anac/Dados_Estatisticos.csv,data/raw/anac/cadastro-aerodromos-publicos.csv,Atualizado em: 2026-08-09,Atualizado em: 2026-08-15,catalogo_anac_e_siros
SBDB,SBDB,MS0004,Aeródromo Público de Bonito,Bonito,MS,BRASIL,-21.247222,-56.4525,publico,AERODROMO,Cadastrado,,True,2026-08-15,True,crosswalk_pos_corte_sem_evidencia_adversa,12,2025-07;2025-08;2025-09;2025-10;2025-11;2025-12;2026-01;2026-02;2026-03;2026-04;2026-05;2026-06,365,4,True,,servico_regular_comercial_observado,AZUL LINHAS AÉREAS BRASILEIRAS S/A;GOL LINHAS AÉREAS S.A. (EX- VRG LINHAS AÉREAS S.A.);TAM LINHAS AÉREAS S.A.,SBDB-SBGR;SBDB-SBKP;SBDB-SBRP;SBDB-SBSP,Dados Estatísticos ANAC: grupo REGULAR com assentos/passageiros e decolagens positivos,38.2099463490856,exploratoria_nao_congelada,2025-07-01,2026-06-30,ANAC Dados Estatísticos,ANAC cadastros público e privativo,data/raw/anac/Dados_Estatisticos.csv,data/raw/anac/cadastro-aerodromos-publicos.csv,Atualizado em: 2026-08-09,Atualizado em: 2026-08-15,catalogo_anac_e_siros
SBDN,SBDN,SP0005,Presidente Prudente,Presidente Prudente,SP,BRASIL,-22.175,-51.424444,publico,AERODROMO,Cadastrado,09/05/2026,True,2026-08-15,True,validade_historica_nao_bloqueante_resolucao_736,12,2025-07;2025-08;2025-09;2025-10;2025-11;2025-12;2026-01;2026-02;2026-03;2026-04;2026-05;2026-06,1192,11,True,,servico_regular_comercial_observado,AZUL LINHAS AÉREAS BRASILEIRAS S/A;GOL LINHAS AÉREAS S.A. (EX- VRG LINHAS AÉREAS S.A.),SBDN-SBCT;SBDN-SBJP;SBDN-SBKP;SBDN-SBMG;SBDN-SBMO;SBDN-SBPS;SBDN-SBRF;SBDN-SBRP;SBDN-SBSG;SBDN-SBSP;SBDN-SBSR,Dados Estatísticos ANAC: grupo REGULAR com assentos/passageiros e decolagens positivos,114.50764166639709,exploratoria_nao_congelada,2025-07-01,2026-06-30,ANAC Dados Estatísticos,ANAC cadastros público e privativo,data/raw/anac/Dados_Estatisticos.csv,data/raw/anac/cadastro-aerodromos-publicos.csv,Atualizado em: 2026-08-09,Atualizado em: 2026-08-15,catalogo_anac_e_siros
SBDO,SBDO,MS0008,Dourados,Dourados,MS,BRASIL,-22.200556,-54.925556,publico,AERODROMO,Cadastrado,,True,2026-08-15,True,crosswalk_pos_corte_sem_evidencia_adversa,10,2025-09;2025-10;2025-11;2025-12;2026-01;2026-02;2026-03;2026-04;2026-05;2026-06,192,1,True,,servico_regular_comercial_observado,TAM LINHAS AÉREAS S.A.,SBDO-SBGR,Dados Estatísticos ANAC: grupo REGULAR com assentos/passageiros e decolagens positivos,13.856406460551018,exploratoria_nao_congelada,2025-07-01,2026-06-30,ANAC Dados Estatísticos,ANAC cadastros público e privativo,data/raw/anac/Dados_Estatisticos.csv,data/raw/anac/cadastro-aerodromos-publicos.csv,Atualizado em: 2026-08-09,Atualizado em: 2026-08-15,catalogo_anac_e_siros
SBEG,SBEG,AM0001,Eduardo Gomes,Manaus,AM,BRASIL,-3.0411111,-60.050556,publico,AERODROMO,Cadastrado,,True,2026-08-15,True,crosswalk_pos_corte_sem_evidencia_adversa,12,2025-07;2025-08;2025-09;2025-10;2025-11;2025-12;2026-01;2026-02;2026-03;2026-04;2026-05;2026-06,12452,44,True,,servico_regular_comercial_observado,"AEROVIAS DEL CONTINENTE AMERICANO S.A. AVIANCA;AMERICAN AIRLINES, INC.;APUÍ TÁXI AÉREO S/A;ARUBA AIRLINES;AZUL CONECTA LTDA. (EX TWO TAXI AEREO LTDA);AZUL LINHAS AÉREAS BRASILEIRAS S/A;COMPAÑIA PANAMEÑA DE AVIACION S.A. (COPA AIRLINES);GOL LINHAS AÉREAS S.A. (EX- VRG LINHAS AÉREAS S.A.);TAM LINHAS AÉREAS S.A.;TAP - TRANSPORTES AÉREOS PORTUGUESES S/A",SBEG-EXT:KFLL;SBEG-EXT:KMCO;SBEG-EXT:KMIA;SBEG-EXT:MPTO;SBEG-EXT:MTCH;SBEG-EXT:SKBO;SBEG-EXT:SKCL;SBEG-EXT:SVMI;SBEG-EXT:TNCA;SBEG-EXT:TNCC;SBEG-SBBE;SBEG-SBBR;SBEG-SBBV;SBEG-SBCF;SBEG-SBCT;SBEG-SBCY;SBEG-SBFZ;SBEG-SBGL;SBEG-SBGO;SBEG-SBGR;SBEG-SBIH;SBEG-SBKP;SBEG-SBMO;SBEG-SBMQ;SBEG-SBMY;SBEG-SBPJ;SBEG-SBPV;SBEG-SBRB;SBEG-SBRF;SBEG-SBSG;SBEG-SBSL;SBEG-SBSN;SBEG-SBTB;SBEG-SBTF;SBEG-SBTT;SBEG-SBUA;SBEG-SBVT;SBEG-SWBC;SBEG-SWBR;SBEG-SWKO;SBEG-SWLB;SBEG-SWMW;SBEG-SWPI;SBEG-SWYN,Dados Estatísticos ANAC: grupo REGULAR com assentos/passageiros e decolagens positivos,740.1945690154718,exploratoria_nao_congelada,2025-07-01,2026-06-30,ANAC Dados Estatísticos,ANAC cadastros público e privativo,data/raw/anac/Dados_Estatisticos.csv,data/raw/anac/cadastro-aerodromos-publicos.csv,Atualizado em: 2026-08-09,Atualizado em: 2026-08-15,catalogo_anac_e_siros
SBFI,SBFI,PR0002,Cataratas,Foz do Iguaçu,PR,BRASIL,-25.600278,-54.485,publico,AERODROMO,Cadastrado,,True,2026-08-15,True,crosswalk_pos_corte_sem_evidencia_adversa,12,2025-07;2025-08;2025-09;2025-10;2025-11;2025-12;2026-01;2026-02;2026-03;2026-04;2026-05;2026-06,8076,17,True,,servico_regular_comercial_observado,AZUL LINHAS AÉREAS BRASILEIRAS S/A;GOL LINHAS AÉREAS S.A. (EX- VRG LINHAS AÉREAS S.A.);JETSMART AIRLINES S.A - ARGENTINA;JETSMART AIRLINES SPA - CHILE;TAM LINHAS AÉREAS S.A.,SBFI-EXT:SARI;SBFI-EXT:SCEL;SBFI-SBBR;SBFI-SBCA;SBFI-SBCF;SBFI-SBCG;SBFI-SBCT;SBFI-SBFL;SBFI-SBFZ;SBFI-SBGL;SBFI-SBGR;SBFI-SBKP;SBFI-SBPP;SBFI-SBRF;SBFI-SBRP;SBFI-SBSP;SBFI-SBVT,Dados Estatísticos ANAC: grupo REGULAR com assentos/passageiros e decolagens positivos,370.52935106412286,exploratoria_nao_congelada,2025-07-01,2026-06-30,ANAC Dados Estatísticos,ANAC cadastros público e privativo,data/raw/anac/Dados_Estatisticos.csv,data/raw/anac/cadastro-aerodromos-publicos.csv,Atualizado em: 2026-08-09,Atualizado em: 2026-08-15,catalogo_anac_e_siros
SBFL,SBFL,SC0001,Hercílio Luz,Florianópolis,SC,BRASIL,-27.670278,-48.5525,publico,AERODROMO,Cadastrado,,True,2026-08-15,True,crosswalk_pos_corte_sem_evidencia_adversa,12,2025-07;2025-08;2025-09;2025-10;2025-11;2025-12;2026-01;2026-02;2026-03;2026-04;2026-05;2026-06,17233,33,True,,servico_regular_comercial_observado,AEROLINEAS ARGENTINAS S/A;ARUBA AIRLINES;AZUL LINHAS AÉREAS BRASILEIRAS S/A;COMPAÑIA DE AVIACION PARAGUAYA SOCIEDAD ANONIMA - PARANAIR (EX- AMASZONAS PARAGUAY);COMPAÑIA PANAMEÑA DE AVIACION S.A. (COPA AIRLINES);FB LÍNEAS AÉREAS S.A (FLYBONDI);GOL LINHAS AÉREAS S.A. (EX- VRG LINHAS AÉREAS S.A.);JETSMART AIRLINES S.A - ARGENTINA;JETSMART AIRLINES SPA - CHILE;LATAM AIRLINES GROUP (EX - LAN AIRLINES S/A);LATAM AIRLINES PERU (EX-LAN PERU S.A.);SKY AIRLINE S.A.;TAM LINHAS AÉREAS S.A.;TAP - TRANSPORTES AÉREOS PORTUGUESES S/A,SBFL-EXT:LPPT;SBFL-EXT:MPTO;SBFL-EXT:SAAR;SBFL-EXT:SABE;SBFL-EXT:SACO;SBFL-EXT:SAEZ;SBFL-EXT:SANT;SBFL-EXT:SANU;SBFL-EXT:SASA;SBFL-EXT:SCEL;SBFL-EXT:SGAS;SBFL-EXT:SPJC;SBFL-EXT:SUMU;SBFL-EXT:TNCA;SBFL-SBAE;SBFL-SBBR;SBFL-SBCF;SBFL-SBCH;SBFL-SBCT;SBFL-SBFI;SBFL-SBGL;SBFL-SBGO;SBFL-SBGR;SBFL-SBJV;SBFL-SBKP;SBFL-SBNF;SBFL-SBPA;SBFL-SBPS;SBFL-SBRF;SBFL-SBRP;SBFL-SBSG;SBFL-SBSP;SBFL-SBUL,Dados Estatísticos ANAC: grupo REGULAR com assentos/passageiros e decolagens positivos,754.1147127592725,exploratoria_nao_congelada,2025-07-01,2026-06-30,ANAC Dados Estatísticos,ANAC cadastros público e privativo,data/raw/anac/Dados_Estatisticos.csv,data/raw/anac/cadastro-aerodromos-publicos.csv,Atualizado em: 2026-08-09,Atualizado em: 2026-08-15,catalogo_anac_e_siros
SBFN,SBFN,PE0003,Fernando de Noronha,Fernando de Noronha,PE,BRASIL,-3.8547222,-32.428333,publico,AERODROMO,Cadastrado,,True,2026-08-15,True,crosswalk_pos_corte_sem_evidencia_adversa,12,2025-07;2025-08;2025-09;2025-10;2025-11;2025-12;2026-01;2026-02;2026-03;2026-04;2026-05;2026-06,1586,5,True,,servico_regular_comercial_observado,AZUL LINHAS AÉREAS BRASILEIRAS S/A;GOL LINHAS AÉREAS S.A. (EX- VRG LINHAS AÉREAS S.A.);TAM LINHAS AÉREAS S.A.,SBFN-SBGL;SBFN-SBGR;SBFN-SBRF;SBFN-SBSG;SBFN-SBSV,Dados Estatísticos ANAC: grupo REGULAR com assentos/passageiros e decolagens positivos,89.05054744357274,exploratoria_nao_congelada,2025-07-01,2026-06-30,ANAC Dados Estatísticos,ANAC cadastros público e privativo,data/raw/anac/Dados_Estatisticos.csv,data/raw/anac/cadastro-aerodromos-publicos.csv,Atualizado em: 2026-08-09,Atualizado em: 2026-08-15,catalogo_anac_e_siros
SBFZ,SBFZ,CE0001,Pinto Martins,Fortaleza,CE,BRASIL,-3.7758333,-38.532222,publico,AERODROMO,Cadastrado,,True,2026-08-15,True,crosswalk_pos_corte_sem_evidencia_adversa,12,2025-07;2025-08;2025-09;2025-10;2025-11;2025-12;2026-01;2026-02;2026-03;2026-04;2026-05;2026-06,19300,37,True,,servico_regular_comercial_observado,AIR EUROPA LINEAS AEREAS SOCIEDAD ANONIMA;AZUL LINHAS AÉREAS BRASILEIRAS S/A;BRITISH AIRWAYS PLC;GOL LINHAS AÉREAS S.A. (EX- VRG LINHAS AÉREAS S.A.);IBÉRIA LINEAS AEREAS DE ESPAÑA SOCIEDAD ANONIMA OPERADORA;SOCIÉTÉ AIR FRANCE;TAM LINHAS AÉREAS S.A.;TAP - TRANSPORTES AÉREOS PORTUGUESES S/A,SBFZ-EXT:EGLL;SBFZ-EXT:KMCO;SBFZ-EXT:KMIA;SBFZ-EXT:LEMD;SBFZ-EXT:LFPG;SBFZ-EXT:LPFR;SBFZ-EXT:LPPT;SBFZ-EXT:SABE;SBFZ-EXT:SAEZ;SBFZ-EXT:SCEL;SBFZ-EXT:SOCA;SBFZ-EXT:SUMU;SBFZ-SBBE;SBFZ-SBBR;SBFZ-SBCF;SBFZ-SBEG;SBFZ-SBFI;SBFZ-SBGL;SBFZ-SBGO;SBFZ-SBGR;SBFZ-SBIL;SBFZ-SBJU;SBFZ-SBKP;SBFZ-SBMO;SBFZ-SBMQ;SBFZ-SBPB;SBFZ-SBRF;SBFZ-SBRP;SBFZ-SBSG;SBFZ-SBSJ;SBFZ-SBSL;SBFZ-SBSP;SBFZ-SBSR;SBFZ-SBSV;SBFZ-SBTE;SBFZ-SBUL;SBFZ-SBVT,Dados Estatísticos ANAC: grupo REGULAR com assentos/passageiros e decolagens positivos,845.0443775329198,exploratoria_nao_congelada,2025-07-01,2026-06-30,ANAC Dados Estatísticos,ANAC cadastros público e privativo,data/raw/anac/Dados_Estatisticos.csv,data/raw/anac/cadastro-aerodromos-publicos.csv,Atualizado em: 2026-08-09,Atualizado em: 2026-08-15,catalogo_anac_e_siros
SBGL,SBGL,RJ0001,RIO DE JANEIRO/GALEÃO - ANTÔNIO CARLOS JOBIM,Rio de Janeiro,RJ,BRASIL,-22.81,-43.250556,publico,AERODROMO,Cadastrado,24/12/2031,True,2026-08-15,True,validade_historica_nao_bloqueante_resolucao_736,12,2025-07;2025-08;2025-09;2025-10;2025-11;2025-12;2026-01;2026-02;2026-03;2026-04;2026-05;2026-06,58791,70,True,,servico_regular_comercial_observado,"AEROLINEAS ARGENTINAS S/A;AEROVIAS DEL CONTINENTE AMERICANO S.A. AVIANCA;AIR CANADA;AIR EUROPA LINEAS AEREAS SOCIEDAD ANONIMA;AIR TRANSAT A.T. INC DO BRASIL;AMERICAN AIRLINES, INC.;AZUL CONECTA LTDA. (EX TWO TAXI AEREO LTDA);AZUL LINHAS AÉREAS BRASILEIRAS S/A;BOA BOLIVIANA DE AVIACIÓN;BRITISH AIRWAYS PLC;COMPAÑIA DE AVIACION PARAGUAYA SOCIEDAD ANONIMA - PARANAIR (EX- AMASZONAS PARAGUAY);COMPAÑIA PANAMEÑA DE AVIACION S.A. (COPA AIRLINES);DELTA AIR LINES INC.;DEUTSCHE LUFTHANSA A.G.;EMIRATES;ETHIOPIAN AIRLINES GROUP;FB LÍNEAS AÉREAS S.A (FLYBONDI);GOL LINHAS AÉREAS S.A. (EX- VRG LINHAS AÉREAS S.A.);IBÉRIA LINEAS AEREAS DE ESPAÑA SOCIEDAD ANONIMA OPERADORA;ITALIA TRANSPORTO AEREO S.P.A.;JETSMART AIRLINES S.A - ARGENTINA;JETSMART AIRLINES SPA - CHILE;KLM CIA. REAL HOLANDESA DE AVIAÇÃO;LATAM AIRLINES GROUP (EX - LAN AIRLINES S/A);LATAM AIRLINES PERU (EX-LAN PERU S.A.);SKY AIRLINE S.A.;SOCIÉTÉ AIR FRANCE;SWISS INTERNATIONAL AIR LINES LTD.;TAAG LINHAS AÉREAS DE ANGOLA (ANGOLA AIRLINES);TAM LINHAS AÉREAS S.A.;TAP - TRANSPORTES AÉREOS PORTUGUESES S/A;TRANSPORTE AÉREOS DEL MERCOSUR S.A. (TAM MERCOSUR);UNITED AIRLINES, INC",SBGL-EXT:CYUL;SBGL-EXT:CYYZ;SBGL-EXT:DGAA;SBGL-EXT:EDDF;SBGL-EXT:EGLL;SBGL-EXT:EHAM;SBGL-EXT:HAAB;SBGL-EXT:KATL;SBGL-EXT:KAUS;SBGL-EXT:KDFW;SBGL-EXT:KFLL;SBGL-EXT:KIAH;SBGL-EXT:KJFK;SBGL-EXT:KMIA;SBGL-EXT:KSAV;SBGL-EXT:LEMD;SBGL-EXT:LFPG;SBGL-EXT:LIRF;SBGL-EXT:LPPR;SBGL-EXT:LPPT;SBGL-EXT:MDPC;SBGL-EXT:MPTO;SBGL-EXT:OMDB;SBGL-EXT:OMDW;SBGL-EXT:SAAR;SBGL-EXT:SABE;SBGL-EXT:SACO;SBGL-EXT:SAEZ;SBGL-EXT:SAME;SBGL-EXT:SCEL;SBGL-EXT:SGAS;SBGL-EXT:SKBG;SBGL-EXT:SKBO;SBGL-EXT:SLVR;SBGL-EXT:SPJC;SBGL-EXT:SUMU;SBGL-SBAE;SBGL-SBAR;SBGL-SBBE;SBGL-SBBR;SBGL-SBBV;SBGL-SBCF;SBGL-SBCT;SBGL-SBCX;SBGL-SBCY;SBGL-SBEG;SBGL-SBFI;SBGL-SBFL;SBGL-SBFZ;SBGL-SBGO;SBGL-SBGR;SBGL-SBJP;SBGL-SBKP;SBGL-SBMG;SBGL-SBMO;SBGL-SBNF;SBGL-SBPA;SBGL-SBPJ;SBGL-SBPS;SBGL-SBPV;SBGL-SBRF;SBGL-SBRP;SBGL-SBSG;SBGL-SBSJ;SBGL-SBSL;SBGL-SBSP;SBGL-SBSV;SBGL-SBUL;SBGL-SBVT;SBGL-SBZM,Dados Estatísticos ANAC: grupo REGULAR com assentos/passageiros e decolagens positivos,2028.6374737739613,exploratoria_nao_congelada,2025-07-01,2026-06-30,ANAC Dados Estatísticos,ANAC cadastros público e privativo,data/raw/anac/Dados_Estatisticos.csv,data/raw/anac/cadastro-aerodromos-publicos.csv,Atualizado em: 2026-08-09,Atualizado em: 2026-08-15,catalogo_anac_e_siros
SBGO,SBGO,GO0001,Santa Genoveva,Goiânia,GO,BRASIL,-16.6325,-49.221111,publico,AERODROMO,Cadastrado,,True,2026-08-15,True,crosswalk_pos_corte_sem_evidencia_adversa,12,2025-07;2025-08;2025-09;2025-10;2025-11;2025-12;2026-01;2026-02;2026-03;2026-04;2026-05;2026-06,13261,20,True,,servico_regular_comercial_observado,AZUL LINHAS AÉREAS BRASILEIRAS S/A;GOL LINHAS AÉREAS S.A. (EX- VRG LINHAS AÉREAS S.A.);LATAM AIRLINES PERU (EX-LAN PERU S.A.);TAM LINHAS AÉREAS S.A.,SBGO-SBAE;SBGO-SBBR;SBGO-SBCF;SBGO-SBCG;SBGO-SBCT;SBGO-SBCY;SBGO-SBGL;SBGO-SBGR;SBGO-SBJP;SBGO-SBKP;SBGO-SBMO;SBGO-SBPJ;SBGO-SBPS;SBGO-SBRF;SBGO-SBRP;SBGO-SBSG;SBGO-SBSP;SBGO-SBSV;SBGO-SBUL;SBGO-SBVT,Dados Estatísticos ANAC: grupo REGULAR com assentos/passageiros e decolagens positivos,514.9951456081892,exploratoria_nao_congelada,2025-07-01,2026-06-30,ANAC Dados Estatísticos,ANAC cadastros público e privativo,data/raw/anac/Dados_Estatisticos.csv,data/raw/anac/cadastro-aerodromos-publicos.csv,Atualizado em: 2026-08-09,Atualizado em: 2026-08-15,catalogo_anac_e_siros
SBGR,SBGR,SP0002,Guarulhos - Governador André Franco Montoro,Guarulhos,SP,BRASIL,-23.435556,-46.473056,publico,AERODROMO,Cadastrado,,True,2026-08-15,True,crosswalk_pos_corte_sem_evidencia_adversa,12,2025-07;2025-08;2025-09;2025-10;2025-11;2025-12;2026-01;2026-02;2026-03;2026-04;2026-05;2026-06,138289,128,True,,servico_regular_comercial_observado,"AEROLINEAS ARGENTINAS S/A;AEROVIAS DEL CONTINENTE AMERICANO S.A. AVIANCA;AEROVÍAS DE MÉXICO S.A DE C.V - AEROMÉXICO;AIR CANADA;AIR CHINA;AIR EUROPA LINEAS AEREAS SOCIEDAD ANONIMA;AIRES - AEROVÍAS DE INTEGRACÍON REGIONAL S.A.;AMERICAN AIRLINES, INC.;ARAJET S.A.;AZUL LINHAS AÉREAS BRASILEIRAS S/A;BOA BOLIVIANA DE AVIACIÓN;BRITISH AIRWAYS PLC;COMPAGNIE NATIONALE ROYAL AIR MAROC;COMPAÑIA DE AVIACION PARAGUAYA SOCIEDAD ANONIMA - PARANAIR (EX- AMASZONAS PARAGUAY);COMPAÑIA PANAMEÑA DE AVIACION S.A. (COPA AIRLINES);DELTA AIR LINES INC.;DEUTSCHE LUFTHANSA A.G.;EMIRATES;ETHIOPIAN AIRLINES GROUP;FB LÍNEAS AÉREAS S.A (FLYBONDI);GOL LINHAS AÉREAS S.A. (EX- VRG LINHAS AÉREAS S.A.);IBÉRIA LINEAS AEREAS DE ESPAÑA SOCIEDAD ANONIMA OPERADORA;ITALIA TRANSPORTO AEREO S.P.A.;JETSMART AIRLINES S.A - ARGENTINA;JETSMART AIRLINES SPA - CHILE;KLM CIA. REAL HOLANDESA DE AVIAÇÃO;LATAM AIRLINES GROUP (EX - LAN AIRLINES S/A);LATAM AIRLINES PERU (EX-LAN PERU S.A.);QATAR AIRWAYS GROUP;SKY AIRLINE PERU S.A.C.;SKY AIRLINE S.A.;SOCIÉTÉ AIR FRANCE;SOUTH AFRICAN AIRWAYS STATE OWNED COMPANY (SOC) LIMITED;SWISS INTERNATIONAL AIR LINES LTD.;TAAG LINHAS AÉREAS DE ANGOLA (ANGOLA AIRLINES);TAM LINHAS AÉREAS S.A.;TAP - TRANSPORTES AÉREOS PORTUGUESES S/A;TRANSPORTE AÉREOS DEL MERCOSUR S.A. (TAM MERCOSUR);TURKISH AIRLINES INC;UNITED AIRLINES, INC",SBGR-EXT:CYUL;SBGR-EXT:CYYZ;SBGR-EXT:DIAP;SBGR-EXT:DNMM;SBGR-EXT:EBBR;SBGR-EXT:EDDF;SBGR-EXT:EDDM;SBGR-EXT:EGLL;SBGR-EXT:EHAM;SBGR-EXT:FACT;SBGR-EXT:FAOR;SBGR-EXT:FNBJ;SBGR-EXT:FNLU;SBGR-EXT:GCLP;SBGR-EXT:GMMN;SBGR-EXT:HAAB;SBGR-EXT:KATL;SBGR-EXT:KBOS;SBGR-EXT:KDFW;SBGR-EXT:KEWR;SBGR-EXT:KFLL;SBGR-EXT:KIAD;SBGR-EXT:KIAH;SBGR-EXT:KJFK;SBGR-EXT:KLAX;SBGR-EXT:KMCO;SBGR-EXT:KMIA;SBGR-EXT:KORD;SBGR-EXT:LEBL;SBGR-EXT:LEMD;SBGR-EXT:LFPG;SBGR-EXT:LIMC;SBGR-EXT:LIRF;SBGR-EXT:LPFR;SBGR-EXT:LPPR;SBGR-EXT:LPPT;SBGR-EXT:LSZH;SBGR-EXT:LTFM;SBGR-EXT:MDPC;SBGR-EXT:MMMX;SBGR-EXT:MPTO;SBGR-EXT:MROC;SBGR-EXT:OMDB;SBGR-EXT:OTHH;SBGR-EXT:SAAR;SBGR-EXT:SABE;SBGR-EXT:SACO;SBGR-EXT:SAEZ;SBGR-EXT:SAME;SBGR-EXT:SASA;SBGR-EXT:SAZS;SBGR-EXT:SCEL;SBGR-EXT:SGAS;SBGR-EXT:SKBO;SBGR-EXT:SKCC;SBGR-EXT:SKCL;SBGR-EXT:SKPE;SBGR-EXT:SKRG;SBGR-EXT:SLCB;SBGR-EXT:SLVR;SBGR-EXT:SPJC;SBGR-EXT:SPQU;SBGR-EXT:SPSO;SBGR-EXT:SPZO;SBGR-EXT:SULS;SBGR-EXT:SUMU;SBGR-EXT:SVMI;SBGR-EXT:TNCA;SBGR-SBAR;SBGR-SBBE;SBGR-SBBR;SBGR-SBBV;SBGR-SBCA;SBGR-SBCF;SBGR-SBCG;SBGR-SBCH;SBGR-SBCN;SBGR-SBCT;SBGR-SBCX;SBGR-SBCY;SBGR-SBDB;SBGR-SBDO;SBGR-SBEG;SBGR-SBFI;SBGR-SBFL;SBGR-SBFN;SBGR-SBFZ;SBGR-SBGL;SBGR-SBGO;SBGR-SBIL;SBGR-SBIZ;SBGR-SBJA;SBGR-SBJE;SBGR-SBJP;SBGR-SBJU;SBGR-SBJV;SBGR-SBKP;SBGR-SBLO;SBGR-SBMG;SBGR-SBMK;SBGR-SBMO;SBGR-SBMQ;SBGR-SBNF;SBGR-SBNM;SBGR-SBPA;SBGR-SBPF;SBGR-SBPJ;SBGR-SBPK;SBGR-SBPL;SBGR-SBPS;SBGR-SBPV;SBGR-SBRB;SBGR-SBRF;SBGR-SBRJ;SBGR-SBRP;SBGR-SBSG;SBGR-SBSI;SBGR-SBSL;SBGR-SBSN;SBGR-SBSP;SBGR-SBSR;SBGR-SBSV;SBGR-SBTE;SBGR-SBUL;SBGR-SBUR;SBGR-SBVC;SBGR-SBVT;SBGR-SBZM,Dados Estatísticos ANAC: grupo REGULAR com assentos/passageiros e decolagens positivos,4207.25468684747,exploratoria_nao_congelada,2025-07-01,2026-06-30,ANAC Dados Estatísticos,ANAC cadastros público e privativo,data/raw/anac/Dados_Estatisticos.csv,data/raw/anac/cadastro-aerodromos-publicos.csv,Atualizado em: 2026-08-09,Atualizado em: 2026-08-15,catalogo_anac_e_siros
SBGV,SBGV,MG0032,Coronel Altino Machado,Governador Valadares,MG,BRASIL,-18.896111,-41.983333,publico,AERODROMO,Cadastrado,,True,2026-08-15,True,crosswalk_pos_corte_sem_evidencia_adversa,12,2025-07;2025-08;2025-09;2025-10;2025-11;2025-12;2026-01;2026-02;2026-03;2026-04;2026-05;2026-06,747,2,True,,servico_regular_comercial_observado,AZUL LINHAS AÉREAS BRASILEIRAS S/A,SBGV-SBCF;SBGV-SBIP,Dados Estatísticos ANAC: grupo REGULAR com assentos/passageiros e decolagens positivos,38.65229618017538,exploratoria_nao_congelada,2025-07-01,2026-06-30,ANAC Dados Estatísticos,ANAC cadastros público e privativo,data/raw/anac/Dados_Estatisticos.csv,data/raw/anac/cadastro-aerodromos-publicos.csv,Atualizado em: 2026-08-09,Atualizado em: 2026-08-15,catalogo_anac_e_siros
SBHT,SBHT,PA0003,Altamira,Altamira,PA,BRASIL,-3.2508333,-52.252222,publico,AERODROMO,Cadastrado,,True,2026-08-15,True,crosswalk_pos_corte_sem_evidencia_adversa,12,2025-07;2025-08;2025-09;2025-10;2025-11;2025-12;2026-01;2026-02;2026-03;2026-04;2026-05;2026-06,365,3,True,,servico_regular_comercial_observado,AZUL LINHAS AÉREAS BRASILEIRAS S/A,SBHT-SBBE;SBHT-SBMQ;SBHT-SBSL,Dados Estatísticos ANAC: grupo REGULAR com assentos/passageiros e decolagens positivos,33.090784215548595,exploratoria_nao_congelada,2025-07-01,2026-06-30,ANAC Dados Estatísticos,ANAC cadastros público e privativo,data/raw/anac/Dados_Estatisticos.csv,data/raw/anac/cadastro-aerodromos-publicos.csv,Atualizado em: 2026-08-09,Atualizado em: 2026-08-15,catalogo_anac_e_siros
SBIH,SBIH,PA0010,Itaituba,Itaituba,PA,BRASIL,-4.2422222,-56.000833,publico,AERODROMO,Cadastrado,,True,2026-08-15,True,crosswalk_pos_corte_sem_evidencia_adversa,12,2025-07;2025-08;2025-09;2025-10;2025-11;2025-12;2026-01;2026-02;2026-03;2026-04;2026-05;2026-06,150,2,True,,servico_regular_comercial_observado,AZUL LINHAS AÉREAS BRASILEIRAS S/A,SBIH-SBEG;SBIH-SBSN,Dados Estatísticos ANAC: grupo REGULAR com assentos/passageiros e decolagens positivos,17.320508075688775,exploratoria_nao_congelada,2025-07-01,2026-06-30,ANAC Dados Estatísticos,ANAC cadastros público e privativo,data/raw/anac/Dados_Estatisticos.csv,data/raw/anac/cadastro-aerodromos-publicos.csv,Atualizado em: 2026-08-09,Atualizado em: 2026-08-15,catalogo_anac_e_siros
SBIL,SBIL,BA0004,Bahia - Jorge Amado,Ilhéus,BA,BRASIL,-14.815,-39.033333,publico,AERODROMO,Cadastrado,,True,2026-08-15,True,crosswalk_pos_corte_sem_evidencia_adversa,12,2025-07;2025-08;2025-09;2025-10;2025-11;2025-12;2026-01;2026-02;2026-03;2026-04;2026-05;2026-06,2504,7,True,,servico_regular_comercial_observado,AZUL LINHAS AÉREAS BRASILEIRAS S/A;GOL LINHAS AÉREAS S.A. (EX- VRG LINHAS AÉREAS S.A.);TAM LINHAS AÉREAS S.A.,SBIL-SBCF;SBIL-SBGL;SBIL-SBGR;SBIL-SBKP;SBIL-SBRP;SBIL-SBSP;SBIL-SBSV,Dados Estatísticos ANAC: grupo REGULAR com assentos/passageiros e decolagens positivos,132.39335330748293,exploratoria_nao_congelada,2025-07-01,2026-06-30,ANAC Dados Estatísticos,ANAC cadastros público e privativo,data/raw/anac/Dados_Estatisticos.csv,data/raw/anac/cadastro-aerodromos-publicos.csv,Atualizado em: 2026-08-09,Atualizado em: 2026-08-15,catalogo_anac_e_siros
SBIP,SBIP,MG0007,Usiminas,Santana do Paraíso,MG,BRASIL,-19.470556,-42.488056,publico,AERODROMO,Cadastrado,,True,2026-08-15,True,crosswalk_pos_corte_sem_evidencia_adversa,12,2025-07;2025-08;2025-09;2025-10;2025-11;2025-12;2026-01;2026-02;2026-03;2026-04;2026-05;2026-06,1213,1,True,,servico_regular_comercial_observado,AZUL LINHAS AÉREAS BRASILEIRAS S/A,SBIP-SBCF,Dados Estatísticos ANAC: grupo REGULAR com assentos/passageiros e decolagens positivos,34.828149534535996,exploratoria_nao_congelada,2025-07-01,2026-06-30,ANAC Dados Estatísticos,ANAC cadastros público e privativo,data/raw/anac/Dados_Estatisticos.csv,data/raw/anac/cadastro-aerodromos-publicos.csv,Atualizado em: 2026-08-09,Atualizado em: 2026-08-15,catalogo_anac_e_siros
SBIZ,SBIZ,MA0002,Prefeito Renato Moreira,Imperatriz,MA,BRASIL,-5.5305556,-47.458333,publico,AERODROMO,Cadastrado,,True,2026-08-15,True,crosswalk_pos_corte_sem_evidencia_adversa,12,2025-07;2025-08;2025-09;2025-10;2025-11;2025-12;2026-01;2026-02;2026-03;2026-04;2026-05;2026-06,1444,8,True,,servico_regular_comercial_observado,AZUL LINHAS AÉREAS BRASILEIRAS S/A;TAM LINHAS AÉREAS S.A.,SBIZ-SBBE;SBIZ-SBBR;SBIZ-SBCF;SBIZ-SBGL;SBIZ-SBGR;SBIZ-SBKP;SBIZ-SBMA;SBIZ-SBSL,Dados Estatísticos ANAC: grupo REGULAR com assentos/passageiros e decolagens positivos,107.48023074035522,exploratoria_nao_congelada,2025-07-01,2026-06-30,ANAC Dados Estatísticos,ANAC cadastros público e privativo,data/raw/anac/Dados_Estatisticos.csv,data/raw/anac/cadastro-aerodromos-publicos.csv,Atualizado em: 2026-08-09,Atualizado em: 2026-08-15,catalogo_anac_e_siros
SBJA,SBJA,SC0005,Regional Sul,Jaguaruna,SC,BRASIL,-28.675278,-49.059444,publico,AERODROMO,Cadastrado,19/05/2033,True,2026-08-15,True,validade_historica_nao_bloqueante_resolucao_736,12,2025-07;2025-08;2025-09;2025-10;2025-11;2025-12;2026-01;2026-02;2026-03;2026-04;2026-05;2026-06,478,2,True,,servico_regular_comercial_observado,TAM LINHAS AÉREAS S.A.,SBJA-SBFL;SBJA-SBGR,Dados Estatísticos ANAC: grupo REGULAR com assentos/passageiros e decolagens positivos,30.919249667480614,exploratoria_nao_congelada,2025-07-01,2026-06-30,ANAC Dados Estatísticos,ANAC cadastros público e privativo,data/raw/anac/Dados_Estatisticos.csv,data/raw/anac/cadastro-aerodromos-publicos.csv,Atualizado em: 2026-08-09,Atualizado em: 2026-08-15,catalogo_anac_e_siros
SBJE,SBJE,CE0003,Comandante Ariston Pessoa,Cruz,CE,BRASIL,-2.9066667,-40.358056,publico,AERODROMO,Cadastrado,17/11/2027,True,2026-08-15,True,validade_historica_nao_bloqueante_resolucao_736,12,2025-07;2025-08;2025-09;2025-10;2025-11;2025-12;2026-01;2026-02;2026-03;2026-04;2026-05;2026-06,795,6,True,,servico_regular_comercial_observado,AZUL LINHAS AÉREAS BRASILEIRAS S/A;GOL LINHAS AÉREAS S.A. (EX- VRG LINHAS AÉREAS S.A.);TAM LINHAS AÉREAS S.A.,SBJE-SBCF;SBJE-SBFZ;SBJE-SBGL;SBJE-SBGR;SBJE-SBKP;SBJE-SBSJ,Dados Estatísticos ANAC: grupo REGULAR com assentos/passageiros e decolagens positivos,69.06518659932803,exploratoria_nao_congelada,2025-07-01,2026-06-30,ANAC Dados Estatísticos,ANAC cadastros público e privativo,data/raw/anac/Dados_Estatisticos.csv,data/raw/anac/cadastro-aerodromos-publicos.csv,Atualizado em: 2026-08-09,Atualizado em: 2026-08-15,catalogo_anac_e_siros
SBJI,SBJI,RO0005,Ji-Paraná,Ji-Paraná,RO,BRASIL,-10.870556,-61.846667,publico,AERODROMO,Cadastrado,,True,2026-08-15,True,crosswalk_pos_corte_sem_evidencia_adversa,12,2025-07;2025-08;2025-09;2025-10;2025-11;2025-12;2026-01;2026-02;2026-03;2026-04;2026-05;2026-06,153,3,True,,servico_regular_comercial_observado,AZUL CONECTA LTDA. (EX TWO TAXI AEREO LTDA);AZUL LINHAS AÉREAS BRASILEIRAS S/A,SBJI-SBCY;SBJI-SBKP;SBJI-SBPV,Dados Estatísticos ANAC: grupo REGULAR com assentos/passageiros e decolagens positivos,21.42428528562855,exploratoria_nao_congelada,2025-07-01,2026-06-30,ANAC Dados Estatísticos,ANAC cadastros público e privativo,data/raw/anac/Dados_Estatisticos.csv,data/raw/anac/cadastro-aerodromos-publicos.csv,Atualizado em: 2026-08-09,Atualizado em: 2026-08-15,catalogo_anac_e_siros
SBJP,SBJP,PB0001,Presidente Castro Pinto,João Pessoa,PB,BRASIL,-7.1483333,-34.950278,publico,AERODROMO,Cadastrado,,True,2026-08-15,True,crosswalk_pos_corte_sem_evidencia_adversa,12,2025-07;2025-08;2025-09;2025-10;2025-11;2025-12;2026-01;2026-02;2026-03;2026-04;2026-05;2026-06,6339,21,True,,servico_regular_comercial_observado,AZUL LINHAS AÉREAS BRASILEIRAS S/A;GOL LINHAS AÉREAS S.A. (EX- VRG LINHAS AÉREAS S.A.);TAM LINHAS AÉREAS S.A.,SBJP-EXT:SABE;SBJP-EXT:SAEZ;SBJP-SBBR;SBJP-SBCA;SBJP-SBCF;SBJP-SBDN;SBJP-SBFN;SBJP-SBGL;SBJP-SBGO;SBJP-SBGR;SBJP-SBKP;SBJP-SBRF;SBJP-SBRP;SBJP-SBSG;SBJP-SBSJ;SBJP-SBSP;SBJP-SBSR;SBJP-SBSV;SBJP-SBUL;SBJP-SBUR;SBJP-SBVT,Dados Estatísticos ANAC: grupo REGULAR com assentos/passageiros e decolagens positivos,364.85476562599536,exploratoria_nao_congelada,2025-07-01,2026-06-30,ANAC Dados Estatísticos,ANAC cadastros público e privativo,data/raw/anac/Dados_Estatisticos.csv,data/raw/anac/cadastro-aerodromos-publicos.csv,Atualizado em: 2026-08-09,Atualizado em: 2026-08-15,catalogo_anac_e_siros
SBJR,SBJR,RJ0005,Jacarepaguá - Roberto Marinho,Rio de Janeiro,RJ,BRASIL,-22.9875,-43.37,publico,AERODROMO,Cadastrado,,True,2026-08-15,True,crosswalk_pos_corte_sem_evidencia_adversa,12,2025-07;2025-08;2025-09;2025-10;2025-11;2025-12;2026-01;2026-02;2026-03;2026-04;2026-05;2026-06,1036,3,True,,servico_regular_comercial_observado,AZUL CONECTA LTDA. (EX TWO TAXI AEREO LTDA),SBJR-SBCF;SBJR-SBGL;SBJR-SBKP,Dados Estatísticos ANAC: grupo REGULAR com assentos/passageiros e decolagens positivos,55.749439459065414,exploratoria_nao_congelada,2025-07-01,2026-06-30,ANAC Dados Estatísticos,ANAC cadastros público e privativo,data/raw/anac/Dados_Estatisticos.csv,data/raw/anac/cadastro-aerodromos-publicos.csv,Atualizado em: 2026-08-09,Atualizado em: 2026-08-15,catalogo_anac_e_siros
SBJU,SBJU,CE0002,Orlando Bezerra de Menezes,Juazeiro do Norte,CE,BRASIL,-7.2191667,-39.269444,publico,AERODROMO,Cadastrado,,True,2026-08-15,True,crosswalk_pos_corte_sem_evidencia_adversa,12,2025-07;2025-08;2025-09;2025-10;2025-11;2025-12;2026-01;2026-02;2026-03;2026-04;2026-05;2026-06,1910,7,True,,servico_regular_comercial_observado,AZUL LINHAS AÉREAS BRASILEIRAS S/A;GOL LINHAS AÉREAS S.A. (EX- VRG LINHAS AÉREAS S.A.);TAM LINHAS AÉREAS S.A.,SBJU-SBCF;SBJU-SBFZ;SBJU-SBGL;SBJU-SBGR;SBJU-SBKP;SBJU-SBPL;SBJU-SBRF,Dados Estatísticos ANAC: grupo REGULAR com assentos/passageiros e decolagens positivos,115.62871615649809,exploratoria_nao_congelada,2025-07-01,2026-06-30,ANAC Dados Estatísticos,ANAC cadastros público e privativo,data/raw/anac/Dados_Estatisticos.csv,data/raw/anac/cadastro-aerodromos-publicos.csv,Atualizado em: 2026-08-09,Atualizado em: 2026-08-15,catalogo_anac_e_siros
SBJV,SBJV,SC0004,Lauro Carneiro de Loyola,Joinville,SC,BRASIL,-26.223056,-48.797778,publico,AERODROMO,Cadastrado,,True,2026-08-15,True,crosswalk_pos_corte_sem_evidencia_adversa,12,2025-07;2025-08;2025-09;2025-10;2025-11;2025-12;2026-01;2026-02;2026-03;2026-04;2026-05;2026-06,2328,6,True,,servico_regular_comercial_observado,AZUL LINHAS AÉREAS BRASILEIRAS S/A;GOL LINHAS AÉREAS S.A. (EX- VRG LINHAS AÉREAS S.A.);TAM LINHAS AÉREAS S.A.,SBJV-SBCT;SBJV-SBGL;SBJV-SBGR;SBJV-SBKP;SBJV-SBRP;SBJV-SBSP,Dados Estatísticos ANAC: grupo REGULAR com assentos/passageiros e decolagens positivos,118.18629362155326,exploratoria_nao_congelada,2025-07-01,2026-06-30,ANAC Dados Estatísticos,ANAC cadastros público e privativo,data/raw/anac/Dados_Estatisticos.csv,data/raw/anac/cadastro-aerodromos-publicos.csv,Atualizado em: 2026-08-09,Atualizado em: 2026-08-15,catalogo_anac_e_siros
SBKG,SBKG,PB0003,Presidente João Suassuna,Campina Grande,PB,BRASIL,-7.2691667,-35.895,publico,AERODROMO,Cadastrado,,True,2026-08-15,True,crosswalk_pos_corte_sem_evidencia_adversa,12,2025-07;2025-08;2025-09;2025-10;2025-11;2025-12;2026-01;2026-02;2026-03;2026-04;2026-05;2026-06,932,5,True,,servico_regular_comercial_observado,AZUL CONECTA LTDA. (EX TWO TAXI AEREO LTDA);AZUL LINHAS AÉREAS BRASILEIRAS S/A;GOL LINHAS AÉREAS S.A. (EX- VRG LINHAS AÉREAS S.A.);TAM LINHAS AÉREAS S.A.,SBKG-SBBR;SBKG-SBCF;SBKG-SBMO;SBKG-SBRF;SBKG-SBSV,Dados Estatísticos ANAC: grupo REGULAR com assentos/passageiros e decolagens positivos,68.26419266350405,exploratoria_nao_congelada,2025-07-01,2026-06-30,ANAC Dados Estatísticos,ANAC cadastros público e privativo,data/raw/anac/Dados_Estatisticos.csv,data/raw/anac/cadastro-aerodromos-publicos.csv,Atualizado em: 2026-08-09,Atualizado em: 2026-08-15,catalogo_anac_e_siros
SBKP,SBKP,SP0003,Viracopos,Campinas,SP,BRASIL,-23.006944,-47.134444,publico,AERODROMO,Cadastrado,,True,2026-08-15,True,crosswalk_pos_corte_sem_evidencia_adversa,12,2025-07;2025-08;2025-09;2025-10;2025-11;2025-12;2026-01;2026-02;2026-03;2026-04;2026-05;2026-06,52540,81,True,,servico_regular_comercial_observado,AEROVIAS DEL CONTINENTE AMERICANO S.A. AVIANCA;AIRES - AEROVÍAS DE INTEGRACÍON REGIONAL S.A.;AZUL CONECTA LTDA. (EX TWO TAXI AEREO LTDA);AZUL LINHAS AÉREAS BRASILEIRAS S/A;ETHIOPIAN AIRLINES GROUP;GOL LINHAS AÉREAS S.A. (EX- VRG LINHAS AÉREAS S.A.);LATAM AIRLINES GROUP (EX - LAN AIRLINES S/A);SKY AIRLINE PERU S.A.C.;TAM LINHAS AÉREAS S.A.,SBKP-EXT:KFLL;SBKP-EXT:KMCO;SBKP-EXT:LEMD;SBKP-EXT:LFPO;SBKP-EXT:LPPR;SBKP-EXT:LPPT;SBKP-EXT:SAME;SBKP-EXT:SAZS;SBKP-EXT:SGAS;SBKP-EXT:SUMU;SBKP-SBAE;SBKP-SBAQ;SBKP-SBAR;SBKP-SBAT;SBKP-SBAU;SBKP-SBBE;SBKP-SBBR;SBKP-SBBV;SBKP-SBCA;SBKP-SBCF;SBKP-SBCG;SBKP-SBCH;SBKP-SBCN;SBKP-SBCR;SBKP-SBCT;SBKP-SBCX;SBKP-SBCY;SBKP-SBDB;SBKP-SBDN;SBKP-SBEG;SBKP-SBFI;SBKP-SBFL;SBKP-SBFZ;SBKP-SBGL;SBKP-SBGO;SBKP-SBGR;SBKP-SBHT;SBKP-SBIL;SBKP-SBIZ;SBKP-SBJI;SBKP-SBJP;SBKP-SBJR;SBKP-SBJU;SBKP-SBJV;SBKP-SBLO;SBKP-SBMA;SBKP-SBMG;SBKP-SBML;SBKP-SBMO;SBKP-SBNF;SBKP-SBPA;SBKP-SBPF;SBKP-SBPJ;SBKP-SBPK;SBKP-SBPL;SBKP-SBPO;SBKP-SBPP;SBKP-SBPS;SBKP-SBRD;SBKP-SBRF;SBKP-SBRJ;SBKP-SBRP;SBKP-SBSG;SBKP-SBSI;SBKP-SBSL;SBKP-SBSM;SBKP-SBSO;SBKP-SBSP;SBKP-SBSR;SBKP-SBSV;SBKP-SBTE;SBKP-SBUL;SBKP-SBUR;SBKP-SBVC;SBKP-SBVH;SBKP-SBVT;SBKP-SBZM;SBKP-SIMK;SBKP-SNBA;SBKP-SNDV;SBKP-SSKW,Dados Estatísticos ANAC: grupo REGULAR com assentos/passageiros e decolagens positivos,2062.9444975568294,exploratoria_nao_congelada,2025-07-01,2026-06-30,ANAC Dados Estatísticos,ANAC cadastros público e privativo,data/raw/anac/Dados_Estatisticos.csv,data/raw/anac/cadastro-aerodromos-publicos.csv,Atualizado em: 2026-08-09,Atualizado em: 2026-08-15,catalogo_anac_e_siros
SBLE,SBLE,BA0006,HORÁCIO DE MATTOS,Lençóis,BA,BRASIL,-12.482222,-41.276944,publico,AERODROMO,Cadastrado,,True,2026-08-15,True,crosswalk_pos_corte_sem_evidencia_adversa,12,2025-07;2025-08;2025-09;2025-10;2025-11;2025-12;2026-01;2026-02;2026-03;2026-04;2026-05;2026-06,93,2,True,,servico_regular_comercial_observado,AZUL LINHAS AÉREAS BRASILEIRAS S/A,SBLE-SBCF;SBLE-SBSV,Dados Estatísticos ANAC: grupo REGULAR com assentos/passageiros e decolagens positivos,13.638181696985855,exploratoria_nao_congelada,2025-07-01,2026-06-30,ANAC Dados Estatísticos,ANAC cadastros público e privativo,data/raw/anac/Dados_Estatisticos.csv,data/raw/anac/cadastro-aerodromos-publicos.csv,Atualizado em: 2026-08-09,Atualizado em: 2026-08-15,catalogo_anac_e_siros
SBLO,SBLO,PR0003,Governador José Richa,Londrina,PR,BRASIL,-23.330278,-51.136667,publico,AERODROMO,Cadastrado,,True,2026-08-15,True,crosswalk_pos_corte_sem_evidencia_adversa,12,2025-07;2025-08;2025-09;2025-10;2025-11;2025-12;2026-01;2026-02;2026-03;2026-04;2026-05;2026-06,2980,11,True,,servico_regular_comercial_observado,AZUL LINHAS AÉREAS BRASILEIRAS S/A;GOL LINHAS AÉREAS S.A. (EX- VRG LINHAS AÉREAS S.A.);TAM LINHAS AÉREAS S.A.,SBLO-SBCT;SBLO-SBFI;SBLO-SBGR;SBLO-SBKP;SBLO-SBMO;SBLO-SBNF;SBLO-SBPS;SBLO-SBRF;SBLO-SBRP;SBLO-SBSP;SBLO-SBSR,Dados Estatísticos ANAC: grupo REGULAR com assentos/passageiros e decolagens positivos,181.0524785801067,exploratoria_nao_congelada,2025-07-01,2026-06-30,ANAC Dados Estatísticos,ANAC cadastros público e privativo,data/raw/anac/Dados_Estatisticos.csv,data/raw/anac/cadastro-aerodromos-publicos.csv,Atualizado em: 2026-08-09,Atualizado em: 2026-08-15,catalogo_anac_e_siros
SBMA,SBMA,PA0004,João Corrêa da Rocha,Marabá,PA,BRASIL,-5.3680556,-49.138056,publico,AERODROMO,Cadastrado,,True,2026-08-15,True,crosswalk_pos_corte_sem_evidencia_adversa,12,2025-07;2025-08;2025-09;2025-10;2025-11;2025-12;2026-01;2026-02;2026-03;2026-04;2026-05;2026-06,1584,8,True,,servico_regular_comercial_observado,AZUL LINHAS AÉREAS BRASILEIRAS S/A;GOL LINHAS AÉREAS S.A. (EX- VRG LINHAS AÉREAS S.A.);TAM LINHAS AÉREAS S.A.,SBMA-SBBE;SBMA-SBBR;SBMA-SBCF;SBMA-SBGO;SBMA-SBGR;SBMA-SBKP;SBMA-SBMQ;SBMA-SBSL,Dados Estatísticos ANAC: grupo REGULAR com assentos/passageiros e decolagens positivos,112.5699782357623,exploratoria_nao_congelada,2025-07-01,2026-06-30,ANAC Dados Estatísticos,ANAC cadastros público e privativo,data/raw/anac/Dados_Estatisticos.csv,data/raw/anac/cadastro-aerodromos-publicos.csv,Atualizado em: 2026-08-09,Atualizado em: 2026-08-15,catalogo_anac_e_siros
SBMD,SBMD,PA0009,Monte Dourado,Almeirim,PA,BRASIL,-0.88972222,-52.602222,publico,AERODROMO,Cadastrado,31/07/2030,True,2026-08-15,True,validade_historica_nao_bloqueante_resolucao_736,12,2025-07;2025-08;2025-09;2025-10;2025-11;2025-12;2026-01;2026-02;2026-03;2026-04;2026-05;2026-06,90,3,True,,servico_regular_comercial_observado,AZUL CONECTA LTDA. (EX TWO TAXI AEREO LTDA),SBMD-SBBE;SBMD-SNMZ;SBMD-SNVS,Dados Estatísticos ANAC: grupo REGULAR com assentos/passageiros e decolagens positivos,16.431676725154983,exploratoria_nao_congelada,2025-07-01,2026-06-30,ANAC Dados Estatísticos,ANAC cadastros público e privativo,data/raw/anac/Dados_Estatisticos.csv,data/raw/anac/cadastro-aerodromos-publicos.csv,Atualizado em: 2026-08-09,Atualizado em: 2026-08-15,catalogo_anac_e_siros
SBMG,SBMG,PR0004,Sílvio Name Júnior,Maringá,PR,BRASIL,-23.476389,-52.017778,publico,AERODROMO,Cadastrado,,True,2026-08-15,True,crosswalk_pos_corte_sem_evidencia_adversa,12,2025-07;2025-08;2025-09;2025-10;2025-11;2025-12;2026-01;2026-02;2026-03;2026-04;2026-05;2026-06,3621,12,True,,servico_regular_comercial_observado,AZUL LINHAS AÉREAS BRASILEIRAS S/A;GOL LINHAS AÉREAS S.A. (EX- VRG LINHAS AÉREAS S.A.);TAM LINHAS AÉREAS S.A.,SBMG-SBCA;SBMG-SBCF;SBMG-SBCG;SBMG-SBCT;SBMG-SBFI;SBMG-SBGL;SBMG-SBGR;SBMG-SBJV;SBMG-SBKP;SBMG-SBRP;SBMG-SBSP;SBMG-SBSR,Dados Estatísticos ANAC: grupo REGULAR com assentos/passageiros e decolagens positivos,208.4514331924825,exploratoria_nao_congelada,2025-07-01,2026-06-30,ANAC Dados Estatísticos,ANAC cadastros público e privativo,data/raw/anac/Dados_Estatisticos.csv,data/raw/anac/cadastro-aerodromos-publicos.csv,Atualizado em: 2026-08-09,Atualizado em: 2026-08-15,catalogo_anac_e_siros
SBMK,SBMK,MG0004,Mário Ribeiro,Montes Claros,MG,BRASIL,-16.706111,-43.821944,publico,AERODROMO,Cadastrado,,True,2026-08-15,True,crosswalk_pos_corte_sem_evidencia_adversa,12,2025-07;2025-08;2025-09;2025-10;2025-11;2025-12;2026-01;2026-02;2026-03;2026-04;2026-05;2026-06,1967,4,True,,servico_regular_comercial_observado,AZUL LINHAS AÉREAS BRASILEIRAS S/A;GOL LINHAS AÉREAS S.A. (EX- VRG LINHAS AÉREAS S.A.);TAM LINHAS AÉREAS S.A.,SBMK-SBBR;SBMK-SBCF;SBMK-SBGR;SBMK-SBSP,Dados Estatísticos ANAC: grupo REGULAR com assentos/passageiros e decolagens positivos,88.70174744614674,exploratoria_nao_congelada,2025-07-01,2026-06-30,ANAC Dados Estatísticos,ANAC cadastros público e privativo,data/raw/anac/Dados_Estatisticos.csv,data/raw/anac/cadastro-aerodromos-publicos.csv,Atualizado em: 2026-08-09,Atualizado em: 2026-08-15,catalogo_anac_e_siros
SBML,SBML,SP0014,Frank Miloye Milenkovich,Marília,SP,BRASIL,-22.196944,-49.926389,publico,AERODROMO,Cadastrado,,True,2026-08-15,True,crosswalk_pos_corte_sem_evidencia_adversa,12,2025-07;2025-08;2025-09;2025-10;2025-11;2025-12;2026-01;2026-02;2026-03;2026-04;2026-05;2026-06,318,2,True,,servico_regular_comercial_observado,AZUL LINHAS AÉREAS BRASILEIRAS S/A,SBML-SBAE;SBML-SBKP,Dados Estatísticos ANAC: grupo REGULAR com assentos/passageiros e decolagens positivos,25.219040425836983,exploratoria_nao_congelada,2025-07-01,2026-06-30,ANAC Dados Estatísticos,ANAC cadastros público e privativo,data/raw/anac/Dados_Estatisticos.csv,data/raw/anac/cadastro-aerodromos-publicos.csv,Atualizado em: 2026-08-09,Atualizado em: 2026-08-15,catalogo_anac_e_siros
SBMO,SBMO,AL0001,Zumbi dos Palmares,Maceió,AL,BRASIL,-9.5108333,-35.791667,publico,AERODROMO,Cadastrado,,True,2026-08-15,True,crosswalk_pos_corte_sem_evidencia_adversa,12,2025-07;2025-08;2025-09;2025-10;2025-11;2025-12;2026-01;2026-02;2026-03;2026-04;2026-05;2026-06,9848,24,True,,servico_regular_comercial_observado,AZUL LINHAS AÉREAS BRASILEIRAS S/A;FB LÍNEAS AÉREAS S.A (FLYBONDI);GOL LINHAS AÉREAS S.A. (EX- VRG LINHAS AÉREAS S.A.);TAM LINHAS AÉREAS S.A.;TAP - TRANSPORTES AÉREOS PORTUGUESES S/A,SBMO-EXT:SABE;SBMO-EXT:SAEZ;SBMO-SBAE;SBMO-SBAR;SBMO-SBBR;SBMO-SBCA;SBMO-SBCF;SBMO-SBCT;SBMO-SBDN;SBMO-SBGL;SBMO-SBGO;SBMO-SBGR;SBMO-SBJP;SBMO-SBKP;SBMO-SBLO;SBMO-SBRF;SBMO-SBRP;SBMO-SBSG;SBMO-SBSP;SBMO-SBSR;SBMO-SBSV;SBMO-SBUL;SBMO-SBUR;SBMO-SBVT,Dados Estatísticos ANAC: grupo REGULAR com assentos/passageiros e decolagens positivos,486.1604673356319,exploratoria_nao_congelada,2025-07-01,2026-06-30,ANAC Dados Estatísticos,ANAC cadastros público e privativo,data/raw/anac/Dados_Estatisticos.csv,data/raw/anac/cadastro-aerodromos-publicos.csv,Atualizado em: 2026-08-09,Atualizado em: 2026-08-15,catalogo_anac_e_siros
SBMQ,SBMQ,AP0001,Alberto Alcolumbre,Macapá,AP,BRASIL,0.050555556,-51.072222,publico,AERODROMO,Cadastrado,,True,2026-08-15,True,crosswalk_pos_corte_sem_evidencia_adversa,12,2025-07;2025-08;2025-09;2025-10;2025-11;2025-12;2026-01;2026-02;2026-03;2026-04;2026-05;2026-06,2102,9,True,,servico_regular_comercial_observado,AZUL LINHAS AÉREAS BRASILEIRAS S/A;GOL LINHAS AÉREAS S.A. (EX- VRG LINHAS AÉREAS S.A.);TAM LINHAS AÉREAS S.A.,SBMQ-SBBE;SBMQ-SBBR;SBMQ-SBCF;SBMQ-SBCJ;SBMQ-SBGO;SBMQ-SBGR;SBMQ-SBIZ;SBMQ-SBSL;SBMQ-SBSN,Dados Estatísticos ANAC: grupo REGULAR com assentos/passageiros e decolagens positivos,137.5427206361718,exploratoria_nao_congelada,2025-07-01,2026-06-30,ANAC Dados Estatísticos,ANAC cadastros público e privativo,data/raw/anac/Dados_Estatisticos.csv,data/raw/anac/cadastro-aerodromos-publicos.csv,Atualizado em: 2026-08-09,Atualizado em: 2026-08-15,catalogo_anac_e_siros
SBMY,SBMY,AM0015,Manicoré,Manicoré,AM,BRASIL,-5.8111111,-61.278333,publico,AERODROMO,Cadastrado,,True,2026-08-15,True,crosswalk_pos_corte_sem_evidencia_adversa,12,2025-07;2025-08;2025-09;2025-10;2025-11;2025-12;2026-01;2026-02;2026-03;2026-04;2026-05;2026-06,199,2,True,,servico_regular_comercial_observado,APUÍ TÁXI AÉREO S/A;AZUL CONECTA LTDA. (EX TWO TAXI AEREO LTDA),SBMY-SBEG;SBMY-SWYN,Dados Estatísticos ANAC: grupo REGULAR com assentos/passageiros e decolagens positivos,19.949937343260004,exploratoria_nao_congelada,2025-07-01,2026-06-30,ANAC Dados Estatísticos,ANAC cadastros público e privativo,data/raw/anac/Dados_Estatisticos.csv,data/raw/anac/cadastro-aerodromos-publicos.csv,Atualizado em: 2026-08-09,Atualizado em: 2026-08-15,catalogo_anac_e_siros
SBNF,SBNF,SC0002,Ministro Victor Konder,Navegantes,SC,BRASIL,-26.878611,-48.650833,publico,AERODROMO,Cadastrado,,True,2026-08-15,True,crosswalk_pos_corte_sem_evidencia_adversa,12,2025-07;2025-08;2025-09;2025-10;2025-11;2025-12;2026-01;2026-02;2026-03;2026-04;2026-05;2026-06,8095,9,True,,servico_regular_comercial_observado,AZUL LINHAS AÉREAS BRASILEIRAS S/A;GOL LINHAS AÉREAS S.A. (EX- VRG LINHAS AÉREAS S.A.);TAM LINHAS AÉREAS S.A.,SBNF-SBCF;SBNF-SBCT;SBNF-SBFL;SBNF-SBGL;SBNF-SBGR;SBNF-SBKP;SBNF-SBLO;SBNF-SBRP;SBNF-SBSP,Dados Estatísticos ANAC: grupo REGULAR com assentos/passageiros e decolagens positivos,269.91665380261367,exploratoria_nao_congelada,2025-07-01,2026-06-30,ANAC Dados Estatísticos,ANAC cadastros público e privativo,data/raw/anac/Dados_Estatisticos.csv,data/raw/anac/cadastro-aerodromos-publicos.csv,Atualizado em: 2026-08-09,Atualizado em: 2026-08-15,catalogo_anac_e_siros
SBNM,SBNM,RS0008,Santo Ângelo,Santo Ângelo,RS,BRASIL,-28.281667,-54.168333,publico,AERODROMO,Cadastrado,,True,2026-08-15,True,crosswalk_pos_corte_sem_evidencia_adversa,12,2025-07;2025-08;2025-09;2025-10;2025-11;2025-12;2026-01;2026-02;2026-03;2026-04;2026-05;2026-06,338,3,True,,servico_regular_comercial_observado,AZUL LINHAS AÉREAS BRASILEIRAS S/A;GOL LINHAS AÉREAS S.A. (EX- VRG LINHAS AÉREAS S.A.),SBNM-SBGR;SBNM-SBPA;SBNM-SBSP,Dados Estatísticos ANAC: grupo REGULAR com assentos/passageiros e decolagens positivos,31.843366656181317,exploratoria_nao_congelada,2025-07-01,2026-06-30,ANAC Dados Estatísticos,ANAC cadastros público e privativo,data/raw/anac/Dados_Estatisticos.csv,data/raw/anac/cadastro-aerodromos-publicos.csv,Atualizado em: 2026-08-09,Atualizado em: 2026-08-15,catalogo_anac_e_siros
SBPA,SBPA,RS0001,Salgado Filho,Porto Alegre,RS,BRASIL,-29.994722,-51.171111,publico,AERODROMO,Cadastrado,,True,2026-08-15,True,crosswalk_pos_corte_sem_evidencia_adversa,12,2025-07;2025-08;2025-09;2025-10;2025-11;2025-12;2026-01;2026-02;2026-03;2026-04;2026-05;2026-06,29000,34,True,,servico_regular_comercial_observado,AEROLINEAS ARGENTINAS S/A;AZUL LINHAS AÉREAS BRASILEIRAS S/A;COMPAÑIA PANAMEÑA DE AVIACION S.A. (COPA AIRLINES);GOL LINHAS AÉREAS S.A. (EX- VRG LINHAS AÉREAS S.A.);JETSMART AIRLINES SPA - CHILE;LATAM AIRLINES GROUP (EX - LAN AIRLINES S/A);LATAM AIRLINES PERU (EX-LAN PERU S.A.);SKY AIRLINE PERU S.A.C.;SKY AIRLINE S.A.;TAM LINHAS AÉREAS S.A.;TAP - TRANSPORTES AÉREOS PORTUGUESES S/A,SBPA-EXT:LPPT;SBPA-EXT:MPTO;SBPA-EXT:SABE;SBPA-EXT:SACO;SBPA-EXT:SAEZ;SBPA-EXT:SAME;SBPA-EXT:SAZS;SBPA-EXT:SCEL;SBPA-EXT:SPJC;SBPA-EXT:SULS;SBPA-EXT:SUMU;SBPA-SBBR;SBPA-SBCF;SBPA-SBCH;SBPA-SBCT;SBPA-SBFL;SBPA-SBGL;SBPA-SBGO;SBPA-SBGR;SBPA-SBKP;SBPA-SBLO;SBPA-SBMO;SBPA-SBNM;SBPA-SBPF;SBPA-SBPK;SBPA-SBRF;SBPA-SBRP;SBPA-SBSJ;SBPA-SBSM;SBPA-SBSP;SBPA-SBSV;SBPA-SBUG;SBPA-SBUL;SBPA-SBVT,Dados Estatísticos ANAC: grupo REGULAR com assentos/passageiros e decolagens positivos,992.9753269845128,exploratoria_nao_congelada,2025-07-01,2026-06-30,ANAC Dados Estatísticos,ANAC cadastros público e privativo,data/raw/anac/Dados_Estatisticos.csv,data/raw/anac/cadastro-aerodromos-publicos.csv,Atualizado em: 2026-08-09,Atualizado em: 2026-08-15,catalogo_anac_e_siros
SBPB,SBPB,PI0002,Prefeito Doutor João Silva Filho,Parnaíba,PI,BRASIL,-2.8933333,-41.730278,publico,AERODROMO,Cadastrado,,True,2026-08-15,True,crosswalk_pos_corte_sem_evidencia_adversa,10,2025-09;2025-10;2025-11;2025-12;2026-01;2026-02;2026-03;2026-04;2026-05;2026-06,88,1,True,,servico_regular_comercial_observado,TAM LINHAS AÉREAS S.A.,SBPB-SBFZ,Dados Estatísticos ANAC: grupo REGULAR com assentos/passageiros e decolagens positivos,9.38083151964686,exploratoria_nao_congelada,2025-07-01,2026-06-30,ANAC Dados Estatísticos,ANAC cadastros público e privativo,data/raw/anac/Dados_Estatisticos.csv,data/raw/anac/cadastro-aerodromos-publicos.csv,Atualizado em: 2026-08-09,Atualizado em: 2026-08-15,catalogo_anac_e_siros
SBPF,SBPF,RS0006,Lauro Kurtz,Passo Fundo,RS,BRASIL,-28.244167,-52.328333,publico,AERODROMO,Cadastrado,02/03/2032,True,2026-08-15,True,validade_historica_nao_bloqueante_resolucao_736,12,2025-07;2025-08;2025-09;2025-10;2025-11;2025-12;2026-01;2026-02;2026-03;2026-04;2026-05;2026-06,900,3,True,,servico_regular_comercial_observado,AZUL LINHAS AÉREAS BRASILEIRAS S/A;GOL LINHAS AÉREAS S.A. (EX- VRG LINHAS AÉREAS S.A.);TAM LINHAS AÉREAS S.A.,SBPF-SBGR;SBPF-SBKP;SBPF-SBSP,Dados Estatísticos ANAC: grupo REGULAR com assentos/passageiros e decolagens positivos,51.96152422706632,exploratoria_nao_congelada,2025-07-01,2026-06-30,ANAC Dados Estatísticos,ANAC cadastros público e privativo,data/raw/anac/Dados_Estatisticos.csv,data/raw/anac/cadastro-aerodromos-publicos.csv,Atualizado em: 2026-08-09,Atualizado em: 2026-08-15,catalogo_anac_e_siros
SBPJ,SBPJ,TO0001,Brigadeiro Lysias Rodrigues,Palmas,TO,BRASIL,-10.29,-48.357778,publico,AERODROMO,Cadastrado,,True,2026-08-15,True,crosswalk_pos_corte_sem_evidencia_adversa,12,2025-07;2025-08;2025-09;2025-10;2025-11;2025-12;2026-01;2026-02;2026-03;2026-04;2026-05;2026-06,2778,11,True,,servico_regular_comercial_observado,AZUL CONECTA LTDA. (EX TWO TAXI AEREO LTDA);AZUL LINHAS AÉREAS BRASILEIRAS S/A;GOL LINHAS AÉREAS S.A. (EX- VRG LINHAS AÉREAS S.A.);TAM LINHAS AÉREAS S.A.,SBPJ-SBBE;SBPJ-SBBR;SBPJ-SBCF;SBPJ-SBCJ;SBPJ-SBGO;SBPJ-SBGR;SBPJ-SBIZ;SBPJ-SBKP;SBPJ-SBMA;SBPJ-SBVT;SBPJ-SWGN,Dados Estatísticos ANAC: grupo REGULAR com assentos/passageiros e decolagens positivos,174.80846661417746,exploratoria_nao_congelada,2025-07-01,2026-06-30,ANAC Dados Estatísticos,ANAC cadastros público e privativo,data/raw/anac/Dados_Estatisticos.csv,data/raw/anac/cadastro-aerodromos-publicos.csv,Atualizado em: 2026-08-09,Atualizado em: 2026-08-15,catalogo_anac_e_siros
SBPK,SBPK,RS0005,Aeroporto Internacional de Pelotas/RS - João Simões Lopes Neto,Pelotas,RS,BRASIL,-31.716111,-52.331111,publico,AERODROMO,Cadastrado,,True,2026-08-15,True,crosswalk_pos_corte_sem_evidencia_adversa,12,2025-07;2025-08;2025-09;2025-10;2025-11;2025-12;2026-01;2026-02;2026-03;2026-04;2026-05;2026-06,465,4,True,,servico_regular_comercial_observado,AZUL LINHAS AÉREAS BRASILEIRAS S/A;GOL LINHAS AÉREAS S.A. (EX- VRG LINHAS AÉREAS S.A.);TAM LINHAS AÉREAS S.A.,SBPK-SBGR;SBPK-SBKP;SBPK-SBPA;SBPK-SBSP,Dados Estatísticos ANAC: grupo REGULAR com assentos/passageiros e decolagens positivos,43.12771730569565,exploratoria_nao_congelada,2025-07-01,2026-06-30,ANAC Dados Estatísticos,ANAC cadastros público e privativo,data/raw/anac/Dados_Estatisticos.csv,data/raw/anac/cadastro-aerodromos-publicos.csv,Atualizado em: 2026-08-09,Atualizado em: 2026-08-15,catalogo_anac_e_siros
SBPL,SBPL,PE0002,Aeroporto Internacional Senador Nilo Coelho,Petrolina,PE,BRASIL,-9.3675,-40.563611,publico,AERODROMO,Cadastrado,,True,2026-08-15,True,crosswalk_pos_corte_sem_evidencia_adversa,12,2025-07;2025-08;2025-09;2025-10;2025-11;2025-12;2026-01;2026-02;2026-03;2026-04;2026-05;2026-06,1913,8,True,,servico_regular_comercial_observado,AZUL LINHAS AÉREAS BRASILEIRAS S/A;GOL LINHAS AÉREAS S.A. (EX- VRG LINHAS AÉREAS S.A.);TAM LINHAS AÉREAS S.A.,SBPL-SBBR;SBPL-SBCF;SBPL-SBGR;SBPL-SBJU;SBPL-SBKP;SBPL-SBRF;SBPL-SBSV;SBPL-SBVT,Dados Estatísticos ANAC: grupo REGULAR com assentos/passageiros e decolagens positivos,123.70933675353692,exploratoria_nao_congelada,2025-07-01,2026-06-30,ANAC Dados Estatísticos,ANAC cadastros público e privativo,data/raw/anac/Dados_Estatisticos.csv,data/raw/anac/cadastro-aerodromos-publicos.csv,Atualizado em: 2026-08-09,Atualizado em: 2026-08-15,catalogo_anac_e_siros
SBPO,SBPO,PR0018,AEROPORTO REGIONAL DE PATO BRANCO - PROFESSOR JUVENAL LOUREIRO CARDOSO,Pato Branco,PR,BRASIL,-26.217222,-52.694444,publico,AERODROMO,Cadastrado,10/04/2029,True,2026-08-15,True,validade_historica_nao_bloqueante_resolucao_736,12,2025-07;2025-08;2025-09;2025-10;2025-11;2025-12;2026-01;2026-02;2026-03;2026-04;2026-05;2026-06,309,2,True,,servico_regular_comercial_observado,AZUL LINHAS AÉREAS BRASILEIRAS S/A,SBPO-SBCT;SBPO-SBKP,Dados Estatísticos ANAC: grupo REGULAR com assentos/passageiros e decolagens positivos,24.859605789312106,exploratoria_nao_congelada,2025-07-01,2026-06-30,ANAC Dados Estatísticos,ANAC cadastros público e privativo,data/raw/anac/Dados_Estatisticos.csv,data/raw/anac/cadastro-aerodromos-publicos.csv,Atualizado em: 2026-08-09,Atualizado em: 2026-08-15,catalogo_anac_e_siros
SBPP,SBPP,MS0005,Ponta Porã,Ponta Porã,MS,BRASIL,-22.549722,-55.703056,publico,AERODROMO,Cadastrado,,True,2026-08-15,True,crosswalk_pos_corte_sem_evidencia_adversa,12,2025-07;2025-08;2025-09;2025-10;2025-11;2025-12;2026-01;2026-02;2026-03;2026-04;2026-05;2026-06,143,1,True,,servico_regular_comercial_observado,AZUL LINHAS AÉREAS BRASILEIRAS S/A,SBPP-SBKP,Dados Estatísticos ANAC: grupo REGULAR com assentos/passageiros e decolagens positivos,11.958260743101398,exploratoria_nao_congelada,2025-07-01,2026-06-30,ANAC Dados Estatísticos,ANAC cadastros público e privativo,data/raw/anac/Dados_Estatisticos.csv,data/raw/anac/cadastro-aerodromos-publicos.csv,Atualizado em: 2026-08-09,Atualizado em: 2026-08-15,catalogo_anac_e_siros
SBPS,SBPS,BA0002,Porto Seguro,Porto Seguro,BA,BRASIL,-16.438056,-39.077778,publico,AERODROMO,Cadastrado,,True,2026-08-15,True,crosswalk_pos_corte_sem_evidencia_adversa,12,2025-07;2025-08;2025-09;2025-10;2025-11;2025-12;2026-01;2026-02;2026-03;2026-04;2026-05;2026-06,8635,24,True,,servico_regular_comercial_observado,AEROLINEAS ARGENTINAS S/A;AZUL LINHAS AÉREAS BRASILEIRAS S/A;GOL LINHAS AÉREAS S.A. (EX- VRG LINHAS AÉREAS S.A.);TAM LINHAS AÉREAS S.A.,SBPS-EXT:SABE;SBPS-EXT:SAEZ;SBPS-SBAE;SBPS-SBAR;SBPS-SBAU;SBPS-SBBR;SBPS-SBCA;SBPS-SBCF;SBPS-SBCT;SBPS-SBDN;SBPS-SBGL;SBPS-SBGO;SBPS-SBGR;SBPS-SBKP;SBPS-SBLO;SBPS-SBPA;SBPS-SBRF;SBPS-SBRJ;SBPS-SBRP;SBPS-SBSP;SBPS-SBSR;SBPS-SBSV;SBPS-SBUL;SBPS-SBVT,Dados Estatísticos ANAC: grupo REGULAR com assentos/passageiros e decolagens positivos,455.2362024268281,exploratoria_nao_congelada,2025-07-01,2026-06-30,ANAC Dados Estatísticos,ANAC cadastros público e privativo,data/raw/anac/Dados_Estatisticos.csv,data/raw/anac/cadastro-aerodromos-publicos.csv,Atualizado em: 2026-08-09,Atualizado em: 2026-08-15,catalogo_anac_e_siros
SBPV,SBPV,RO0001,Governador Jorge Teixeira de Oliveira,Porto Velho,RO,BRASIL,-8.7136111,-63.902778,publico,AERODROMO,Cadastrado,,True,2026-08-15,True,crosswalk_pos_corte_sem_evidencia_adversa,12,2025-07;2025-08;2025-09;2025-10;2025-11;2025-12;2026-01;2026-02;2026-03;2026-04;2026-05;2026-06,2051,17,True,,servico_regular_comercial_observado,AEROVIAS DEL CONTINENTE AMERICANO S.A. AVIANCA;AZUL CONECTA LTDA. (EX TWO TAXI AEREO LTDA);AZUL LINHAS AÉREAS BRASILEIRAS S/A;GOL LINHAS AÉREAS S.A. (EX- VRG LINHAS AÉREAS S.A.);TAM LINHAS AÉREAS S.A.,SBPV-EXT:SKBO;SBPV-SBBR;SBPV-SBBV;SBPV-SBCF;SBPV-SBCY;SBPV-SBEG;SBPV-SBGL;SBPV-SBGO;SBPV-SBGR;SBPV-SBJI;SBPV-SBKP;SBPV-SBMK;SBPV-SBRB;SBPV-SBRP;SBPV-SBTT;SBPV-SBVT;SBPV-SWLB,Dados Estatísticos ANAC: grupo REGULAR com assentos/passageiros e decolagens positivos,186.7270735592458,exploratoria_nao_congelada,2025-07-01,2026-06-30,ANAC Dados Estatísticos,ANAC cadastros público e privativo,data/raw/anac/Dados_Estatisticos.csv,data/raw/anac/cadastro-aerodromos-publicos.csv,Atualizado em: 2026-08-09,Atualizado em: 2026-08-15,catalogo_anac_e_siros
SBRB,SBRB,AC0001,Plácido de Castro,Rio Branco,AC,BRASIL,-9.8683333,-67.898056,publico,AERODROMO,Cadastrado,,True,2026-08-15,True,crosswalk_pos_corte_sem_evidencia_adversa,12,2025-07;2025-08;2025-09;2025-10;2025-11;2025-12;2026-01;2026-02;2026-03;2026-04;2026-05;2026-06,1533,8,True,,servico_regular_comercial_observado,AZUL LINHAS AÉREAS BRASILEIRAS S/A;GOL LINHAS AÉREAS S.A. (EX- VRG LINHAS AÉREAS S.A.);TAM LINHAS AÉREAS S.A.,SBRB-SBBR;SBRB-SBCF;SBRB-SBCY;SBRB-SBCZ;SBRB-SBEG;SBRB-SBGO;SBRB-SBGR;SBRB-SBPV,Dados Estatísticos ANAC: grupo REGULAR com assentos/passageiros e decolagens positivos,110.74294559925703,exploratoria_nao_congelada,2025-07-01,2026-06-30,ANAC Dados Estatísticos,ANAC cadastros público e privativo,data/raw/anac/Dados_Estatisticos.csv,data/raw/anac/cadastro-aerodromos-publicos.csv,Atualizado em: 2026-08-09,Atualizado em: 2026-08-15,catalogo_anac_e_siros
SBRD,SBRD,MT0004,Rondonópolis - Maestro Marinho Franco,Rondonópolis,MT,BRASIL,-16.588056,-54.721667,publico,AERODROMO,Cadastrado,,True,2026-08-15,True,crosswalk_pos_corte_sem_evidencia_adversa,12,2025-07;2025-08;2025-09;2025-10;2025-11;2025-12;2026-01;2026-02;2026-03;2026-04;2026-05;2026-06,278,4,True,,servico_regular_comercial_observado,AZUL LINHAS AÉREAS BRASILEIRAS S/A,SBRD-SBAE;SBRD-SBCT;SBRD-SBFL;SBRD-SBKP,Dados Estatísticos ANAC: grupo REGULAR com assentos/passageiros e decolagens positivos,33.34666400106613,exploratoria_nao_congelada,2025-07-01,2026-06-30,ANAC Dados Estatísticos,ANAC cadastros público e privativo,data/raw/anac/Dados_Estatisticos.csv,data/raw/anac/cadastro-aerodromos-publicos.csv,Atualizado em: 2026-08-09,Atualizado em: 2026-08-15,catalogo_anac_e_siros
SBRF,SBRF,PE0001,AEROPORTO INTERNACIONAL RECIFE/GUARARAPES - GILBERTO FREYRE,Recife,PE,BRASIL,-8.1263889,-34.922778,publico,AERODROMO,Cadastrado,,True,2026-08-15,True,crosswalk_pos_corte_sem_evidencia_adversa,12,2025-07;2025-08;2025-09;2025-10;2025-11;2025-12;2026-01;2026-02;2026-03;2026-04;2026-05;2026-06,35111,56,True,,servico_regular_comercial_observado,AIR EUROPA LINEAS AEREAS SOCIEDAD ANONIMA;AZUL CONECTA LTDA. (EX TWO TAXI AEREO LTDA);AZUL LINHAS AÉREAS BRASILEIRAS S/A;DEUTSCHE LUFTHANSA A.G.;GOL LINHAS AÉREAS S.A. (EX- VRG LINHAS AÉREAS S.A.);IBÉRIA LINEAS AEREAS DE ESPAÑA SOCIEDAD ANONIMA OPERADORA;ITALIA TRANSPORTO AEREO S.P.A.;JETSMART AIRLINES S.A - ARGENTINA;LATAM AIRLINES GROUP (EX - LAN AIRLINES S/A);TAM LINHAS AÉREAS S.A.;TAP - TRANSPORTES AÉREOS PORTUGUESES S/A,SBRF-EXT:EDDF;SBRF-EXT:GCLP;SBRF-EXT:GVAC;SBRF-EXT:GVPR;SBRF-EXT:KFLL;SBRF-EXT:KMCO;SBRF-EXT:LEMD;SBRF-EXT:LIRF;SBRF-EXT:LPPR;SBRF-EXT:LPPT;SBRF-EXT:SABE;SBRF-EXT:SACO;SBRF-EXT:SAEZ;SBRF-EXT:SCEL;SBRF-EXT:SGAS;SBRF-EXT:SUMU;SBRF-SBAE;SBRF-SBAR;SBRF-SBBE;SBRF-SBBR;SBRF-SBBV;SBRF-SBCF;SBRF-SBCT;SBRF-SBDN;SBRF-SBEG;SBRF-SBFI;SBRF-SBFL;SBRF-SBFN;SBRF-SBFZ;SBRF-SBGL;SBRF-SBGO;SBRF-SBGR;SBRF-SBJP;SBRF-SBJU;SBRF-SBKG;SBRF-SBKP;SBRF-SBLO;SBRF-SBMO;SBRF-SBPA;SBRF-SBPL;SBRF-SBRP;SBRF-SBSG;SBRF-SBSL;SBRF-SBSP;SBRF-SBSR;SBRF-SBSV;SBRF-SBTE;SBRF-SBUL;SBRF-SBUR;SBRF-SBVT;SBRF-SJZA;SBRF-SNAB;SBRF-SNGN;SBRF-SNHS;SBRF-SNRU;SBRF-SNTS,Dados Estatísticos ANAC: grupo REGULAR com assentos/passageiros e decolagens positivos,1402.2182426427064,exploratoria_nao_congelada,2025-07-01,2026-06-30,ANAC Dados Estatísticos,ANAC cadastros público e privativo,data/raw/anac/Dados_Estatisticos.csv,data/raw/anac/cadastro-aerodromos-publicos.csv,Atualizado em: 2026-08-09,Atualizado em: 2026-08-15,catalogo_anac_e_siros
SBRJ,SBRJ,RJ0002,Santos Dumont,Rio de Janeiro,RJ,BRASIL,-22.91,-43.1625,publico,AERODROMO,Cadastrado,11/07/2024,True,2026-08-15,True,validade_historica_nao_bloqueante_resolucao_736,12,2025-07;2025-08;2025-09;2025-10;2025-11;2025-12;2026-01;2026-02;2026-03;2026-04;2026-05;2026-06,28263,14,True,,servico_regular_comercial_observado,AZUL LINHAS AÉREAS BRASILEIRAS S/A;GOL LINHAS AÉREAS S.A. (EX- VRG LINHAS AÉREAS S.A.);TAM LINHAS AÉREAS S.A.,SBRJ-SBBR;SBRJ-SBCF;SBRJ-SBCT;SBRJ-SBGL;SBRJ-SBGO;SBRJ-SBGR;SBRJ-SBKP;SBRJ-SBPS;SBRJ-SBRP;SBRJ-SBSJ;SBRJ-SBSP;SBRJ-SBSR;SBRJ-SBSV;SBRJ-SBVT,Dados Estatísticos ANAC: grupo REGULAR com assentos/passageiros e decolagens positivos,629.0325905706317,exploratoria_nao_congelada,2025-07-01,2026-06-30,ANAC Dados Estatísticos,ANAC cadastros público e privativo,data/raw/anac/Dados_Estatisticos.csv,data/raw/anac/cadastro-aerodromos-publicos.csv,Atualizado em: 2026-08-09,Atualizado em: 2026-08-15,catalogo_anac_e_siros
SBRP,SBRP,SP0004,Leite Lopes,Ribeirão Preto,SP,BRASIL,-21.136389,-47.776667,publico,AERODROMO,Cadastrado,,True,2026-08-15,True,crosswalk_pos_corte_sem_evidencia_adversa,12,2025-07;2025-08;2025-09;2025-10;2025-11;2025-12;2026-01;2026-02;2026-03;2026-04;2026-05;2026-06,4009,18,True,,servico_regular_comercial_observado,AZUL LINHAS AÉREAS BRASILEIRAS S/A;GOL LINHAS AÉREAS S.A. (EX- VRG LINHAS AÉREAS S.A.);TAM LINHAS AÉREAS S.A.,SBRP-SBAE;SBRP-SBBR;SBRP-SBCF;SBRP-SBFI;SBRP-SBFZ;SBRP-SBGL;SBRP-SBGR;SBRP-SBJP;SBRP-SBKP;SBRP-SBMK;SBRP-SBMO;SBRP-SBPS;SBRP-SBRF;SBRP-SBSG;SBRP-SBSP;SBRP-SBSR;SBRP-SBSV;SBRP-SBUL,Dados Estatísticos ANAC: grupo REGULAR com assentos/passageiros e decolagens positivos,268.62985686628355,exploratoria_nao_congelada,2025-07-01,2026-06-30,ANAC Dados Estatísticos,ANAC cadastros público e privativo,data/raw/anac/Dados_Estatisticos.csv,data/raw/anac/cadastro-aerodromos-publicos.csv,Atualizado em: 2026-08-09,Atualizado em: 2026-08-15,catalogo_anac_e_siros
SBSG,SBSG,RN0001,Aeroporto Internacional do Rio Grande do Norte / São Gonçalo do Amarante - Governador Aluizio Alves,Natal,RN,BRASIL,-5.7688889,-35.366389,publico,AERODROMO,Cadastrado,,True,2026-08-15,True,crosswalk_pos_corte_sem_evidencia_adversa,12,2025-07;2025-08;2025-09;2025-10;2025-11;2025-12;2026-01;2026-02;2026-03;2026-04;2026-05;2026-06,8566,26,True,,servico_regular_comercial_observado,AZUL LINHAS AÉREAS BRASILEIRAS S/A;GOL LINHAS AÉREAS S.A. (EX- VRG LINHAS AÉREAS S.A.);JETSMART AIRLINES S.A - ARGENTINA;TAM LINHAS AÉREAS S.A.;TAP - TRANSPORTES AÉREOS PORTUGUESES S/A,SBSG-EXT:GVAC;SBSG-EXT:LPPT;SBSG-EXT:SABE;SBSG-EXT:SAEZ;SBSG-EXT:SUMU;SBSG-SBBR;SBSG-SBCF;SBSG-SBCT;SBSG-SBDN;SBSG-SBFL;SBSG-SBFN;SBSG-SBFZ;SBSG-SBGL;SBSG-SBGO;SBSG-SBGR;SBSG-SBJP;SBSG-SBKP;SBSG-SBMO;SBSG-SBPL;SBSG-SBRF;SBSG-SBRP;SBSG-SBSP;SBSG-SBSR;SBSG-SBSV;SBSG-SBUL;SBSG-SBVT,Dados Estatísticos ANAC: grupo REGULAR com assentos/passageiros e decolagens positivos,471.92796060415833,exploratoria_nao_congelada,2025-07-01,2026-06-30,ANAC Dados Estatísticos,ANAC cadastros público e privativo,data/raw/anac/Dados_Estatisticos.csv,data/raw/anac/cadastro-aerodromos-publicos.csv,Atualizado em: 2026-08-09,Atualizado em: 2026-08-15,catalogo_anac_e_siros
SBSI,SBSI,MT0002,Presidente João Batista Figueiredo,Sinop,MT,BRASIL,-11.885,-55.586111,publico,AERODROMO,Cadastrado,,True,2026-08-15,True,crosswalk_pos_corte_sem_evidencia_adversa,12,2025-07;2025-08;2025-09;2025-10;2025-11;2025-12;2026-01;2026-02;2026-03;2026-04;2026-05;2026-06,1778,7,True,,servico_regular_comercial_observado,AZUL LINHAS AÉREAS BRASILEIRAS S/A;GOL LINHAS AÉREAS S.A. (EX- VRG LINHAS AÉREAS S.A.);TAM LINHAS AÉREAS S.A.,SBSI-SBBR;SBSI-SBCF;SBSI-SBCT;SBSI-SBCY;SBSI-SBGL;SBSI-SBGR;SBSI-SBKP,Dados Estatísticos ANAC: grupo REGULAR com assentos/passageiros e decolagens positivos,111.56164215356459,exploratoria_nao_congelada,2025-07-01,2026-06-30,ANAC Dados Estatísticos,ANAC cadastros público e privativo,data/raw/anac/Dados_Estatisticos.csv,data/raw/anac/cadastro-aerodromos-publicos.csv,Atualizado em: 2026-08-09,Atualizado em: 2026-08-15,catalogo_anac_e_siros
SBSJ,SBSJ,SP0008,Professor Urbano Ernesto Stumpf,São José dos Campos,SP,BRASIL,-23.228889,-45.871111,publico,AERODROMO,Cadastrado,,True,2026-08-15,True,crosswalk_pos_corte_sem_evidencia_adversa,12,2025-07;2025-08;2025-09;2025-10;2025-11;2025-12;2026-01;2026-02;2026-03;2026-04;2026-05;2026-06,181,3,True,,servico_regular_comercial_observado,GOL LINHAS AÉREAS S.A. (EX- VRG LINHAS AÉREAS S.A.);TAM LINHAS AÉREAS S.A.,SBSJ-SBGL;SBSJ-SBGR;SBSJ-SBSP,Dados Estatísticos ANAC: grupo REGULAR com assentos/passageiros e decolagens positivos,23.302360395462088,exploratoria_nao_congelada,2025-07-01,2026-06-30,ANAC Dados Estatísticos,ANAC cadastros público e privativo,data/raw/anac/Dados_Estatisticos.csv,data/raw/anac/cadastro-aerodromos-publicos.csv,Atualizado em: 2026-08-09,Atualizado em: 2026-08-15,catalogo_anac_e_siros
SBSL,SBSL,MA0001,MARECHAL CUNHA MACHADO,São Luís,MA,BRASIL,-2.5869444,-44.236111,publico,AERODROMO,Cadastrado,,True,2026-08-15,True,crosswalk_pos_corte_sem_evidencia_adversa,12,2025-07;2025-08;2025-09;2025-10;2025-11;2025-12;2026-01;2026-02;2026-03;2026-04;2026-05;2026-06,6365,19,True,,servico_regular_comercial_observado,AZUL LINHAS AÉREAS BRASILEIRAS S/A;GOL LINHAS AÉREAS S.A. (EX- VRG LINHAS AÉREAS S.A.);TAM LINHAS AÉREAS S.A.,SBSL-SBAR;SBSL-SBBE;SBSL-SBBR;SBSL-SBCF;SBSL-SBCT;SBSL-SBFZ;SBSL-SBGL;SBSL-SBGO;SBSL-SBGR;SBSL-SBHT;SBSL-SBIZ;SBSL-SBKP;SBSL-SBMQ;SBSL-SBRF;SBSL-SBRP;SBSL-SBSP;SBSL-SBSV;SBSL-SBTE;SBSL-SBVT,Dados Estatísticos ANAC: grupo REGULAR com assentos/passageiros e decolagens positivos,347.7570991367394,exploratoria_nao_congelada,2025-07-01,2026-06-30,ANAC Dados Estatísticos,ANAC cadastros público e privativo,data/raw/anac/Dados_Estatisticos.csv,data/raw/anac/cadastro-aerodromos-publicos.csv,Atualizado em: 2026-08-09,Atualizado em: 2026-08-15,catalogo_anac_e_siros
SBSM,SBSM,RS0003,Santa Maria,Santa Maria,RS,BRASIL,-29.710833,-53.692222,publico,AERODROMO,Cadastrado,15/08/2033,True,2026-08-15,True,validade_historica_nao_bloqueante_resolucao_736,12,2025-07;2025-08;2025-09;2025-10;2025-11;2025-12;2026-01;2026-02;2026-03;2026-04;2026-05;2026-06,157,2,True,,servico_regular_comercial_observado,AZUL LINHAS AÉREAS BRASILEIRAS S/A,SBSM-SBKP;SBSM-SBPA,Dados Estatísticos ANAC: grupo REGULAR com assentos/passageiros e decolagens positivos,17.72004514666935,exploratoria_nao_congelada,2025-07-01,2026-06-30,ANAC Dados Estatísticos,ANAC cadastros público e privativo,data/raw/anac/Dados_Estatisticos.csv,data/raw/anac/cadastro-aerodromos-publicos.csv,Atualizado em: 2026-08-09,Atualizado em: 2026-08-15,catalogo_anac_e_siros
SBSN,SBSN,PA0002,Maestro Wilson Fonseca,Santarém,PA,BRASIL,-2.4247222,-54.785833,publico,AERODROMO,Cadastrado,,True,2026-08-15,True,crosswalk_pos_corte_sem_evidencia_adversa,12,2025-07;2025-08;2025-09;2025-10;2025-11;2025-12;2026-01;2026-02;2026-03;2026-04;2026-05;2026-06,2047,9,True,,servico_regular_comercial_observado,AZUL LINHAS AÉREAS BRASILEIRAS S/A;GOL LINHAS AÉREAS S.A. (EX- VRG LINHAS AÉREAS S.A.);TAM LINHAS AÉREAS S.A.,SBSN-SBBE;SBSN-SBBR;SBSN-SBEG;SBSN-SBGO;SBSN-SBIZ;SBSN-SBMA;SBSN-SBMQ;SBSN-SBSL;SBSN-SBTB,Dados Estatísticos ANAC: grupo REGULAR com assentos/passageiros e decolagens positivos,135.73135231036343,exploratoria_nao_congelada,2025-07-01,2026-06-30,ANAC Dados Estatísticos,ANAC cadastros público e privativo,data/raw/anac/Dados_Estatisticos.csv,data/raw/anac/cadastro-aerodromos-publicos.csv,Atualizado em: 2026-08-09,Atualizado em: 2026-08-15,catalogo_anac_e_siros
SBSO,SBSO,MT0005,Regional de Sorriso Adolino Bedin,Sorriso,MT,BRASIL,-12.472778,-55.668889,publico,AERODROMO,Cadastrado,,True,2026-08-15,True,crosswalk_pos_corte_sem_evidencia_adversa,12,2025-07;2025-08;2025-09;2025-10;2025-11;2025-12;2026-01;2026-02;2026-03;2026-04;2026-05;2026-06,299,3,True,,servico_regular_comercial_observado,AZUL LINHAS AÉREAS BRASILEIRAS S/A,SBSO-SBCF;SBSO-SBCY;SBSO-SBKP,Dados Estatísticos ANAC: grupo REGULAR com assentos/passageiros e decolagens positivos,29.949958263743873,exploratoria_nao_congelada,2025-07-01,2026-06-30,ANAC Dados Estatísticos,ANAC cadastros público e privativo,data/raw/anac/Dados_Estatisticos.csv,data/raw/anac/cadastro-aerodromos-publicos.csv,Atualizado em: 2026-08-09,Atualizado em: 2026-08-15,catalogo_anac_e_siros
SBSP,SBSP,SP0001,São Paulo/Congonhas - Deputado Freitas Nobre,São Paulo,SP,BRASIL,-23.626111,-46.656389,publico,AERODROMO,Cadastrado,,True,2026-08-15,True,crosswalk_pos_corte_sem_evidencia_adversa,12,2025-07;2025-08;2025-09;2025-10;2025-11;2025-12;2026-01;2026-02;2026-03;2026-04;2026-05;2026-06,93209,47,True,,servico_regular_comercial_observado,AZUL LINHAS AÉREAS BRASILEIRAS S/A;GOL LINHAS AÉREAS S.A. (EX- VRG LINHAS AÉREAS S.A.);TAM LINHAS AÉREAS S.A.,SBSP-SBAR;SBSP-SBAU;SBSP-SBBR;SBSP-SBCA;SBSP-SBCF;SBSP-SBCG;SBSP-SBCH;SBSP-SBCN;SBSP-SBCT;SBSP-SBCX;SBSP-SBCY;SBSP-SBDB;SBSP-SBDN;SBSP-SBFI;SBSP-SBFL;SBSP-SBFZ;SBSP-SBGL;SBSP-SBGO;SBSP-SBGR;SBSP-SBIL;SBSP-SBJP;SBSP-SBJV;SBSP-SBKP;SBSP-SBLO;SBSP-SBMG;SBSP-SBMK;SBSP-SBMO;SBSP-SBNF;SBSP-SBNM;SBSP-SBPA;SBSP-SBPF;SBSP-SBPK;SBSP-SBPS;SBSP-SBRF;SBSP-SBRJ;SBSP-SBRP;SBSP-SBSG;SBSP-SBSL;SBSP-SBSR;SBSP-SBSV;SBSP-SBTC;SBSP-SBTE;SBSP-SBUL;SBSP-SBUR;SBSP-SBVT;SBSP-SBZM;SBSP-SNCP,Dados Estatísticos ANAC: grupo REGULAR com assentos/passageiros e decolagens positivos,2093.0415667157686,exploratoria_nao_congelada,2025-07-01,2026-06-30,ANAC Dados Estatísticos,ANAC cadastros público e privativo,data/raw/anac/Dados_Estatisticos.csv,data/raw/anac/cadastro-aerodromos-publicos.csv,Atualizado em: 2026-08-09,Atualizado em: 2026-08-15,catalogo_anac_e_siros
SBSR,SBSR,SP0006,Professor Eribelto Manoel Reino,São José do Rio Preto,SP,BRASIL,-20.817222,-49.406944,publico,AERODROMO,Cadastrado,,True,2026-08-15,True,crosswalk_pos_corte_sem_evidencia_adversa,12,2025-07;2025-08;2025-09;2025-10;2025-11;2025-12;2026-01;2026-02;2026-03;2026-04;2026-05;2026-06,4342,15,True,,servico_regular_comercial_observado,AZUL LINHAS AÉREAS BRASILEIRAS S/A;GOL LINHAS AÉREAS S.A. (EX- VRG LINHAS AÉREAS S.A.);TAM LINHAS AÉREAS S.A.,SBSR-SBBR;SBSR-SBCF;SBSR-SBCY;SBSR-SBFZ;SBSR-SBGL;SBSR-SBGR;SBSR-SBJP;SBSR-SBKP;SBSR-SBMO;SBSR-SBPS;SBSR-SBRF;SBSR-SBRP;SBSR-SBSG;SBSR-SBSP;SBSR-SBSV,Dados Estatísticos ANAC: grupo REGULAR com assentos/passageiros e decolagens positivos,255.2057993071474,exploratoria_nao_congelada,2025-07-01,2026-06-30,ANAC Dados Estatísticos,ANAC cadastros público e privativo,data/raw/anac/Dados_Estatisticos.csv,data/raw/anac/cadastro-aerodromos-publicos.csv,Atualizado em: 2026-08-09,Atualizado em: 2026-08-15,catalogo_anac_e_siros
SBSV,SBSV,BA0001,DEPUTADO LUÍS EDUARDO MAGALHÃES,Salvador,BA,BRASIL,-12.908611,-38.3225,publico,AERODROMO,Cadastrado,,True,2026-08-15,True,crosswalk_pos_corte_sem_evidencia_adversa,12,2025-07;2025-08;2025-09;2025-10;2025-11;2025-12;2026-01;2026-02;2026-03;2026-04;2026-05;2026-06,28527,39,True,,servico_regular_comercial_observado,AEROLINEAS ARGENTINAS S/A;AIR EUROPA LINEAS AEREAS SOCIEDAD ANONIMA;ATA - AEROTÁXI ABAETÉ LTDA.;AZUL CONECTA LTDA. (EX TWO TAXI AEREO LTDA);AZUL LINHAS AÉREAS BRASILEIRAS S/A;COMPAÑIA PANAMEÑA DE AVIACION S.A. (COPA AIRLINES);FB LÍNEAS AÉREAS S.A (FLYBONDI);GOL LINHAS AÉREAS S.A. (EX- VRG LINHAS AÉREAS S.A.);SKY AIRLINE S.A.;SOCIÉTÉ AIR FRANCE;TAM LINHAS AÉREAS S.A.;TAP - TRANSPORTES AÉREOS PORTUGUESES S/A,SBSV-EXT:LEMD;SBSV-EXT:LFPG;SBSV-EXT:LPFR;SBSV-EXT:LPPT;SBSV-EXT:MPTO;SBSV-EXT:SABE;SBSV-EXT:SAEZ;SBSV-EXT:SUMU;SBSV-SBAR;SBSV-SBBR;SBSV-SBCF;SBSV-SBCT;SBSV-SBFZ;SBSV-SBGL;SBSV-SBGO;SBSV-SBGR;SBSV-SBIL;SBSV-SBJP;SBSV-SBKG;SBSV-SBKP;SBSV-SBLE;SBSV-SBMO;SBSV-SBPA;SBSV-SBPL;SBSV-SBPS;SBSV-SBRF;SBSV-SBRJ;SBSV-SBRP;SBSV-SBSG;SBSV-SBSL;SBSV-SBSP;SBSV-SBSR;SBSV-SBUL;SBSV-SBVC;SBSV-SBVT;SBSV-SDLO;SBSV-SNBR;SBSV-SNCL;SBSV-SNGI,Dados Estatísticos ANAC: grupo REGULAR com assentos/passageiros e decolagens positivos,1054.7762795967683,exploratoria_nao_congelada,2025-07-01,2026-06-30,ANAC Dados Estatísticos,ANAC cadastros público e privativo,data/raw/anac/Dados_Estatisticos.csv,data/raw/anac/cadastro-aerodromos-publicos.csv,Atualizado em: 2026-08-09,Atualizado em: 2026-08-15,catalogo_anac_e_siros
SBTB,SBTB,PA0012,Trombetas,Oriximiná,PA,BRASIL,-1.4897222,-56.396944,publico,AERODROMO,Cadastrado,,True,2026-08-15,True,crosswalk_pos_corte_sem_evidencia_adversa,12,2025-07;2025-08;2025-09;2025-10;2025-11;2025-12;2026-01;2026-02;2026-03;2026-04;2026-05;2026-06,177,2,True,,servico_regular_comercial_observado,AZUL LINHAS AÉREAS BRASILEIRAS S/A,SBTB-SBEG;SBTB-SBSN,Dados Estatísticos ANAC: grupo REGULAR com assentos/passageiros e decolagens positivos,18.81488772222678,exploratoria_nao_congelada,2025-07-01,2026-06-30,ANAC Dados Estatísticos,ANAC cadastros público e privativo,data/raw/anac/Dados_Estatisticos.csv,data/raw/anac/cadastro-aerodromos-publicos.csv,Atualizado em: 2026-08-09,Atualizado em: 2026-08-15,catalogo_anac_e_siros
SBTC,SBTC,BA0067,UNA/COMANDATUBA,Una,BA,BRASIL,-15.353333,-38.997222,publico,AERODROMO,Cadastrado,23/03/2031,True,2026-08-15,True,validade_historica_nao_bloqueante_resolucao_736,12,2025-07;2025-08;2025-09;2025-10;2025-11;2025-12;2026-01;2026-02;2026-03;2026-04;2026-05;2026-06,102,2,True,,servico_regular_comercial_observado,AZUL LINHAS AÉREAS BRASILEIRAS S/A,SBTC-SBCF;SBTC-SBSP,Dados Estatísticos ANAC: grupo REGULAR com assentos/passageiros e decolagens positivos,14.2828568570857,exploratoria_nao_congelada,2025-07-01,2026-06-30,ANAC Dados Estatísticos,ANAC cadastros público e privativo,data/raw/anac/Dados_Estatisticos.csv,data/raw/anac/cadastro-aerodromos-publicos.csv,Atualizado em: 2026-08-09,Atualizado em: 2026-08-15,catalogo_anac_e_siros
SBTE,SBTE,PI0001,SENADOR PETRÔNIO PORTELLA,Teresina,PI,BRASIL,-5.0605556,-42.824444,publico,AERODROMO,Cadastrado,,True,2026-08-15,True,crosswalk_pos_corte_sem_evidencia_adversa,12,2025-07;2025-08;2025-09;2025-10;2025-11;2025-12;2026-01;2026-02;2026-03;2026-04;2026-05;2026-06,3957,9,True,,servico_regular_comercial_observado,AZUL LINHAS AÉREAS BRASILEIRAS S/A;GOL LINHAS AÉREAS S.A. (EX- VRG LINHAS AÉREAS S.A.);TAM LINHAS AÉREAS S.A.,SBTE-SBBR;SBTE-SBCF;SBTE-SBFZ;SBTE-SBGL;SBTE-SBGR;SBTE-SBKP;SBTE-SBRF;SBTE-SBSP;SBTE-SBSR,Dados Estatísticos ANAC: grupo REGULAR com assentos/passageiros e decolagens positivos,188.71406942779862,exploratoria_nao_congelada,2025-07-01,2026-06-30,ANAC Dados Estatísticos,ANAC cadastros público e privativo,data/raw/anac/Dados_Estatisticos.csv,data/raw/anac/cadastro-aerodromos-publicos.csv,Atualizado em: 2026-08-09,Atualizado em: 2026-08-15,catalogo_anac_e_siros
SBTF,SBTF,AM0004,Prefeito Orlando Marinho,Tefé,AM,BRASIL,-3.3802778,-64.725278,publico,AERODROMO,Cadastrado,,True,2026-08-15,True,crosswalk_pos_corte_sem_evidencia_adversa,12,2025-07;2025-08;2025-09;2025-10;2025-11;2025-12;2026-01;2026-02;2026-03;2026-04;2026-05;2026-06,195,3,True,,servico_regular_comercial_observado,AZUL CONECTA LTDA. (EX TWO TAXI AEREO LTDA);AZUL LINHAS AÉREAS BRASILEIRAS S/A,SBTF-SBEG;SBTF-SBTT;SBTF-SWTP,Dados Estatísticos ANAC: grupo REGULAR com assentos/passageiros e decolagens positivos,24.186773244895647,exploratoria_nao_congelada,2025-07-01,2026-06-30,ANAC Dados Estatísticos,ANAC cadastros público e privativo,data/raw/anac/Dados_Estatisticos.csv,data/raw/anac/cadastro-aerodromos-publicos.csv,Atualizado em: 2026-08-09,Atualizado em: 2026-08-15,catalogo_anac_e_siros
SBTT,SBTT,AM0005,Tabatinga,Tabatinga,AM,BRASIL,-4.2505556,-69.937778,publico,AERODROMO,Cadastrado,,True,2026-08-15,True,crosswalk_pos_corte_sem_evidencia_adversa,12,2025-07;2025-08;2025-09;2025-10;2025-11;2025-12;2026-01;2026-02;2026-03;2026-04;2026-05;2026-06,415,2,True,,servico_regular_comercial_observado,AZUL LINHAS AÉREAS BRASILEIRAS S/A,SBTT-SBEG;SBTT-SBTF,Dados Estatísticos ANAC: grupo REGULAR com assentos/passageiros e decolagens positivos,28.809720581775867,exploratoria_nao_congelada,2025-07-01,2026-06-30,ANAC Dados Estatísticos,ANAC cadastros público e privativo,data/raw/anac/Dados_Estatisticos.csv,data/raw/anac/cadastro-aerodromos-publicos.csv,Atualizado em: 2026-08-09,Atualizado em: 2026-08-15,catalogo_anac_e_siros
SBTU,SBTU,PA0007,Tucuruí,Tucuruí,PA,BRASIL,-3.7769444,-49.719722,publico,AERODROMO,Cadastrado,23/07/2026,True,2026-08-15,True,validade_historica_nao_bloqueante_resolucao_736,12,2025-07;2025-08;2025-09;2025-10;2025-11;2025-12;2026-01;2026-02;2026-03;2026-04;2026-05;2026-06,111,2,True,,servico_regular_comercial_observado,AZUL CONECTA LTDA. (EX TWO TAXI AEREO LTDA),SBTU-SBBE;SBTU-SNEB,Dados Estatísticos ANAC: grupo REGULAR com assentos/passageiros e decolagens positivos,14.89966442575134,exploratoria_nao_congelada,2025-07-01,2026-06-30,ANAC Dados Estatísticos,ANAC cadastros público e privativo,data/raw/anac/Dados_Estatisticos.csv,data/raw/anac/cadastro-aerodromos-publicos.csv,Atualizado em: 2026-08-09,Atualizado em: 2026-08-15,catalogo_anac_e_siros
SBUA,SBUA,AM0003,São Gabriel da Cachoeira,São Gabriel da Cachoeira,AM,BRASIL,-0.14805556,-66.985833,publico,AERODROMO,Cadastrado,,True,2026-08-15,True,crosswalk_pos_corte_sem_evidencia_adversa,12,2025-07;2025-08;2025-09;2025-10;2025-11;2025-12;2026-01;2026-02;2026-03;2026-04;2026-05;2026-06,135,3,True,,servico_regular_comercial_observado,AZUL LINHAS AÉREAS BRASILEIRAS S/A,SBUA-SBBV;SBUA-SBEG;SBUA-SBSN,Dados Estatísticos ANAC: grupo REGULAR com assentos/passageiros e decolagens positivos,20.12461179749811,exploratoria_nao_congelada,2025-07-01,2026-06-30,ANAC Dados Estatísticos,ANAC cadastros público e privativo,data/raw/anac/Dados_Estatisticos.csv,data/raw/anac/cadastro-aerodromos-publicos.csv,Atualizado em: 2026-08-09,Atualizado em: 2026-08-15,catalogo_anac_e_siros
SBUG,SBUG,RS0012,Rubem Berta,Uruguaiana,RS,BRASIL,-29.783333,-57.036944,publico,AERODROMO,Cadastrado,,True,2026-08-15,True,crosswalk_pos_corte_sem_evidencia_adversa,12,2025-07;2025-08;2025-09;2025-10;2025-11;2025-12;2026-01;2026-02;2026-03;2026-04;2026-05;2026-06,186,1,True,,servico_regular_comercial_observado,AZUL LINHAS AÉREAS BRASILEIRAS S/A,SBUG-SBPA,Dados Estatísticos ANAC: grupo REGULAR com assentos/passageiros e decolagens positivos,13.638181696985855,exploratoria_nao_congelada,2025-07-01,2026-06-30,ANAC Dados Estatísticos,ANAC cadastros público e privativo,data/raw/anac/Dados_Estatisticos.csv,data/raw/anac/cadastro-aerodromos-publicos.csv,Atualizado em: 2026-08-09,Atualizado em: 2026-08-15,catalogo_anac_e_siros
SBUL,SBUL,MG0002,Ten Cel Aviador César Bombonato,Uberlândia,MG,BRASIL,-18.883611,-48.225278,publico,AERODROMO,Cadastrado,,True,2026-08-15,True,crosswalk_pos_corte_sem_evidencia_adversa,12,2025-07;2025-08;2025-09;2025-10;2025-11;2025-12;2026-01;2026-02;2026-03;2026-04;2026-05;2026-06,5297,18,True,,servico_regular_comercial_observado,AZUL LINHAS AÉREAS BRASILEIRAS S/A;GOL LINHAS AÉREAS S.A. (EX- VRG LINHAS AÉREAS S.A.);TAM LINHAS AÉREAS S.A.,SBUL-SBBR;SBUL-SBCF;SBUL-SBCY;SBUL-SBFZ;SBUL-SBGL;SBUL-SBGR;SBUL-SBIZ;SBUL-SBJP;SBUL-SBKP;SBUL-SBMK;SBUL-SBMO;SBUL-SBPA;SBUL-SBPS;SBUL-SBRF;SBUL-SBRP;SBUL-SBSG;SBUL-SBSP;SBUL-SBSV,Dados Estatísticos ANAC: grupo REGULAR com assentos/passageiros e decolagens positivos,308.7814761283455,exploratoria_nao_congelada,2025-07-01,2026-06-30,ANAC Dados Estatísticos,ANAC cadastros público e privativo,data/raw/anac/Dados_Estatisticos.csv,data/raw/anac/cadastro-aerodromos-publicos.csv,Atualizado em: 2026-08-09,Atualizado em: 2026-08-15,catalogo_anac_e_siros
SBUR,SBUR,MG0009,Mario de Almeida Franco,Uberaba,MG,BRASIL,-19.764722,-47.966111,publico,AERODROMO,Cadastrado,09/10/2033,True,2026-08-15,True,validade_historica_nao_bloqueante_resolucao_736,12,2025-07;2025-08;2025-09;2025-10;2025-11;2025-12;2026-01;2026-02;2026-03;2026-04;2026-05;2026-06,468,7,True,,servico_regular_comercial_observado,AZUL LINHAS AÉREAS BRASILEIRAS S/A;TAM LINHAS AÉREAS S.A.,SBUR-SBCF;SBUR-SBGO;SBUR-SBGR;SBUR-SBJP;SBUR-SBKP;SBUR-SBMO;SBUR-SBSP,Dados Estatísticos ANAC: grupo REGULAR com assentos/passageiros e decolagens positivos,57.23635208501674,exploratoria_nao_congelada,2025-07-01,2026-06-30,ANAC Dados Estatísticos,ANAC cadastros público e privativo,data/raw/anac/Dados_Estatisticos.csv,data/raw/anac/cadastro-aerodromos-publicos.csv,Atualizado em: 2026-08-09,Atualizado em: 2026-08-15,catalogo_anac_e_siros
SBVC,SBVC,BA0005,Glauber de Andrade Rocha,Vitória da Conquista,BA,BRASIL,-14.907778,-40.914722,publico,AERODROMO,Cadastrado,26/12/2027,True,2026-08-15,True,validade_historica_nao_bloqueante_resolucao_736,12,2025-07;2025-08;2025-09;2025-10;2025-11;2025-12;2026-01;2026-02;2026-03;2026-04;2026-05;2026-06,1746,6,True,,servico_regular_comercial_observado,AZUL CONECTA LTDA. (EX TWO TAXI AEREO LTDA);AZUL LINHAS AÉREAS BRASILEIRAS S/A;GOL LINHAS AÉREAS S.A. (EX- VRG LINHAS AÉREAS S.A.);TAM LINHAS AÉREAS S.A.,SBVC-SBCF;SBVC-SBGL;SBVC-SBGR;SBVC-SBIP;SBVC-SBSV;SBVC-SBUL,Dados Estatísticos ANAC: grupo REGULAR com assentos/passageiros e decolagens positivos,102.35233265539189,exploratoria_nao_congelada,2025-07-01,2026-06-30,ANAC Dados Estatísticos,ANAC cadastros público e privativo,data/raw/anac/Dados_Estatisticos.csv,data/raw/anac/cadastro-aerodromos-publicos.csv,Atualizado em: 2026-08-09,Atualizado em: 2026-08-15,catalogo_anac_e_siros
SBVG,SBVG,MG0019,Major Brigadeiro Trompowsky,Varginha,MG,BRASIL,-21.588889,-45.473333,publico,AERODROMO,Cadastrado,,True,2026-08-15,True,crosswalk_pos_corte_sem_evidencia_adversa,12,2025-07;2025-08;2025-09;2025-10;2025-11;2025-12;2026-01;2026-02;2026-03;2026-04;2026-05;2026-06,140,1,True,,servico_regular_comercial_observado,AZUL CONECTA LTDA. (EX TWO TAXI AEREO LTDA),SBVG-SBCF,Dados Estatísticos ANAC: grupo REGULAR com assentos/passageiros e decolagens positivos,11.832159566199232,exploratoria_nao_congelada,2025-07-01,2026-06-30,ANAC Dados Estatísticos,ANAC cadastros público e privativo,data/raw/anac/Dados_Estatisticos.csv,data/raw/anac/cadastro-aerodromos-publicos.csv,Atualizado em: 2026-08-09,Atualizado em: 2026-08-15,catalogo_anac_e_siros
SBVH,SBVH,RO0003,Vilhena,Vilhena,RO,BRASIL,-12.694444,-60.098333,publico,AERODROMO,Cadastrado,,True,2026-08-15,True,crosswalk_pos_corte_sem_evidencia_adversa,12,2025-07;2025-08;2025-09;2025-10;2025-11;2025-12;2026-01;2026-02;2026-03;2026-04;2026-05;2026-06,148,3,True,,servico_regular_comercial_observado,AZUL CONECTA LTDA. (EX TWO TAXI AEREO LTDA);AZUL LINHAS AÉREAS BRASILEIRAS S/A,SBVH-SBCT;SBVH-SBCY;SBVH-SBKP,Dados Estatísticos ANAC: grupo REGULAR com assentos/passageiros e decolagens positivos,21.071307505705477,exploratoria_nao_congelada,2025-07-01,2026-06-30,ANAC Dados Estatísticos,ANAC cadastros público e privativo,data/raw/anac/Dados_Estatisticos.csv,data/raw/anac/cadastro-aerodromos-publicos.csv,Atualizado em: 2026-08-09,Atualizado em: 2026-08-15,catalogo_anac_e_siros
SBVT,SBVT,ES0001,Eurico de Aguiar Salles,Vitória,ES,BRASIL,-20.258056,-40.286389,publico,AERODROMO,Cadastrado,,True,2026-08-15,True,crosswalk_pos_corte_sem_evidencia_adversa,12,2025-07;2025-08;2025-09;2025-10;2025-11;2025-12;2026-01;2026-02;2026-03;2026-04;2026-05;2026-06,13148,13,True,,servico_regular_comercial_observado,AZUL LINHAS AÉREAS BRASILEIRAS S/A;GOL LINHAS AÉREAS S.A. (EX- VRG LINHAS AÉREAS S.A.);TAM LINHAS AÉREAS S.A.,SBVT-SBBR;SBVT-SBCF;SBVT-SBCT;SBVT-SBGL;SBVT-SBGO;SBVT-SBGR;SBVT-SBKP;SBVT-SBRF;SBVT-SBRJ;SBVT-SBRP;SBVT-SBSJ;SBVT-SBSP;SBVT-SBSV,Dados Estatísticos ANAC: grupo REGULAR com assentos/passageiros e decolagens positivos,413.42955869168327,exploratoria_nao_congelada,2025-07-01,2026-06-30,ANAC Dados Estatísticos,ANAC cadastros público e privativo,data/raw/anac/Dados_Estatisticos.csv,data/raw/anac/cadastro-aerodromos-publicos.csv,Atualizado em: 2026-08-09,Atualizado em: 2026-08-15,catalogo_anac_e_siros
SBZM,SBZM,MG0006,Presidente Itamar Franco,Goianá,MG,BRASIL,-21.513056,-43.173056,publico,AERODROMO,Cadastrado,,True,2026-08-15,True,crosswalk_pos_corte_sem_evidencia_adversa,12,2025-07;2025-08;2025-09;2025-10;2025-11;2025-12;2026-01;2026-02;2026-03;2026-04;2026-05;2026-06,717,4,True,,servico_regular_comercial_observado,AZUL LINHAS AÉREAS BRASILEIRAS S/A;GOL LINHAS AÉREAS S.A. (EX- VRG LINHAS AÉREAS S.A.);TAM LINHAS AÉREAS S.A.,SBZM-SBGR;SBZM-SBKP;SBZM-SBSP;SBZM-SBSR,Dados Estatísticos ANAC: grupo REGULAR com assentos/passageiros e decolagens positivos,53.55371135598354,exploratoria_nao_congelada,2025-07-01,2026-06-30,ANAC Dados Estatísticos,ANAC cadastros público e privativo,data/raw/anac/Dados_Estatisticos.csv,data/raw/anac/cadastro-aerodromos-publicos.csv,Atualizado em: 2026-08-09,Atualizado em: 2026-08-15,catalogo_anac_e_siros
SDLO,SDLO,BA0074,Cav. Lav. Fabio Perini,CAIRU,BA,BRASIL,-13.564444,-38.938889,privativo,AERODROMO,,,True,2026-08-18,True,crosswalk_pos_corte_sem_evidencia_adversa,10,2025-07;2025-08;2025-10;2025-11;2025-12;2026-01;2026-02;2026-03;2026-04;2026-05,69,2,True,,servico_regular_comercial_observado,ATA - AEROTÁXI ABAETÉ LTDA.,SDLO-SBSV;SDLO-SNCL,Dados Estatísticos ANAC: grupo REGULAR com assentos/passageiros e decolagens positivos,11.74734012447073,exploratoria_nao_congelada,2025-07-01,2026-06-30,ANAC Dados Estatísticos,ANAC cadastros público e privativo,data/raw/anac/Dados_Estatisticos.csv,data/raw/anac/cadastro-aerodromos-privados.csv,Atualizado em: 2026-08-09,Atualizado em: 2026-08-18,catalogo_anac_e_siros
SDOW,SDOW,PA0021,Ourilândia do Norte,Ourilândia do Norte,PA,BRASIL,-6.7630556,-51.05,publico,AERODROMO,Cadastrado,05/01/2033,True,2026-08-15,True,validade_historica_nao_bloqueante_resolucao_736,12,2025-07;2025-08;2025-09;2025-10;2025-11;2025-12;2026-01;2026-02;2026-03;2026-04;2026-05;2026-06,105,2,True,,servico_regular_comercial_observado,AZUL CONECTA LTDA. (EX TWO TAXI AEREO LTDA),SDOW-SBBE;SDOW-SBCJ,Dados Estatísticos ANAC: grupo REGULAR com assentos/passageiros e decolagens positivos,14.491376746189438,exploratoria_nao_congelada,2025-07-01,2026-06-30,ANAC Dados Estatísticos,ANAC cadastros público e privativo,data/raw/anac/Dados_Estatisticos.csv,data/raw/anac/cadastro-aerodromos-publicos.csv,Atualizado em: 2026-08-09,Atualizado em: 2026-08-15,catalogo_anac_e_siros
SIMK,SIMK,SP0011,Tenente Lund Pressoto,Franca,SP,BRASIL,-20.590278,-47.3825,publico,AERODROMO,Cadastrado,,True,2026-08-15,True,crosswalk_pos_corte_sem_evidencia_adversa,12,2025-07;2025-08;2025-09;2025-10;2025-11;2025-12;2026-01;2026-02;2026-03;2026-04;2026-05;2026-06,92,2,True,,servico_regular_comercial_observado,AZUL CONECTA LTDA. (EX TWO TAXI AEREO LTDA),SIMK-SBKP;SIMK-SNBA,Dados Estatísticos ANAC: grupo REGULAR com assentos/passageiros e decolagens positivos,13.564659966250536,exploratoria_nao_congelada,2025-07-01,2026-06-30,ANAC Dados Estatísticos,ANAC cadastros público e privativo,data/raw/anac/Dados_Estatisticos.csv,data/raw/anac/cadastro-aerodromos-publicos.csv,Atualizado em: 2026-08-09,Atualizado em: 2026-08-15,catalogo_anac_e_siros
SJZA,SJZA,PB0004,Pedro Vieira Moreira,Cajazeiras,PB,BRASIL,-6.8827778,-38.615833,publico,AERODROMO,Cadastrado,17/03/2026,True,2026-08-15,True,validade_historica_nao_bloqueante_resolucao_736,12,2025-07;2025-08;2025-09;2025-10;2025-11;2025-12;2026-01;2026-02;2026-03;2026-04;2026-05;2026-06,109,2,True,,servico_regular_comercial_observado,AZUL CONECTA LTDA. (EX TWO TAXI AEREO LTDA),SJZA-SBJP;SJZA-SBRF,Dados Estatísticos ANAC: grupo REGULAR com assentos/passageiros e decolagens positivos,14.7648230602334,exploratoria_nao_congelada,2025-07-01,2026-06-30,ANAC Dados Estatísticos,ANAC cadastros público e privativo,data/raw/anac/Dados_Estatisticos.csv,data/raw/anac/cadastro-aerodromos-publicos.csv,Atualizado em: 2026-08-09,Atualizado em: 2026-08-15,catalogo_anac_e_siros
SNAB,SNAB,PE0009,Araripina,Araripina,PE,BRASIL,-7.5863889,-40.535278,publico,AERODROMO,Cadastrado,,True,2026-08-15,True,crosswalk_pos_corte_sem_evidencia_adversa,12,2025-07;2025-08;2025-09;2025-10;2025-11;2025-12;2026-01;2026-02;2026-03;2026-04;2026-05;2026-06,115,3,True,,servico_regular_comercial_observado,AZUL CONECTA LTDA. (EX TWO TAXI AEREO LTDA),SNAB-SBJU;SNAB-SBKG;SNAB-SBRF,Dados Estatísticos ANAC: grupo REGULAR com assentos/passageiros e decolagens positivos,18.57417562100671,exploratoria_nao_congelada,2025-07-01,2026-06-30,ANAC Dados Estatísticos,ANAC cadastros público e privativo,data/raw/anac/Dados_Estatisticos.csv,data/raw/anac/cadastro-aerodromos-publicos.csv,Atualizado em: 2026-08-09,Atualizado em: 2026-08-15,catalogo_anac_e_siros
SNBA,SNBA,SP0013,Chafei Amsei,Barretos,SP,BRASIL,-20.585556,-48.595833,publico,AERODROMO,Cadastrado,,True,2026-08-15,True,crosswalk_pos_corte_sem_evidencia_adversa,12,2025-07;2025-08;2025-09;2025-10;2025-11;2025-12;2026-01;2026-02;2026-03;2026-04;2026-05;2026-06,101,1,True,,servico_regular_comercial_observado,AZUL CONECTA LTDA. (EX TWO TAXI AEREO LTDA),SNBA-SBKP,Dados Estatísticos ANAC: grupo REGULAR com assentos/passageiros e decolagens positivos,10.04987562112089,exploratoria_nao_congelada,2025-07-01,2026-06-30,ANAC Dados Estatísticos,ANAC cadastros público e privativo,data/raw/anac/Dados_Estatisticos.csv,data/raw/anac/cadastro-aerodromos-publicos.csv,Atualizado em: 2026-08-09,Atualizado em: 2026-08-15,catalogo_anac_e_siros
SNBR,SNBR,BA0011,Dom Ricardo Weberberger,Barreiras,BA,BRASIL,-12.079167,-45.009444,publico,AERODROMO,Cadastrado,,True,2026-08-15,True,crosswalk_pos_corte_sem_evidencia_adversa,12,2025-07;2025-08;2025-09;2025-10;2025-11;2025-12;2026-01;2026-02;2026-03;2026-04;2026-05;2026-06,528,5,True,,servico_regular_comercial_observado,AZUL LINHAS AÉREAS BRASILEIRAS S/A,SNBR-SBBR;SNBR-SBCF;SNBR-SBGL;SNBR-SBMO;SNBR-SBSV,Dados Estatísticos ANAC: grupo REGULAR com assentos/passageiros e decolagens positivos,51.38093031466052,exploratoria_nao_congelada,2025-07-01,2026-06-30,ANAC Dados Estatísticos,ANAC cadastros público e privativo,data/raw/anac/Dados_Estatisticos.csv,data/raw/anac/cadastro-aerodromos-publicos.csv,Atualizado em: 2026-08-09,Atualizado em: 2026-08-15,catalogo_anac_e_siros
SNCL,SNCL,BA0131,Lorenzo,CAIRU,BA,BRASIL,-13.389444,-38.91,privativo,AERODROMO,,,True,2026-08-18,True,crosswalk_pos_corte_sem_evidencia_adversa,11,2025-07;2025-08;2025-10;2025-11;2025-12;2026-01;2026-02;2026-03;2026-04;2026-05;2026-06,572,2,True,,servico_regular_comercial_observado,ATA - AEROTÁXI ABAETÉ LTDA.,SNCL-SBSV;SNCL-SDLO,Dados Estatísticos ANAC: grupo REGULAR com assentos/passageiros e decolagens positivos,33.823069050575526,exploratoria_nao_congelada,2025-07-01,2026-06-30,ANAC Dados Estatísticos,ANAC cadastros público e privativo,data/raw/anac/Dados_Estatisticos.csv,data/raw/anac/cadastro-aerodromos-privados.csv,Atualizado em: 2026-08-09,Atualizado em: 2026-08-18,catalogo_anac_e_siros
SNCP,SNCP,SC0181,Aeroporto Ricardo Sell Wagner - Regional da Serra Catarinense,Correia Pinto,SC,BRASIL,-27.634167,-50.358333,publico,AERODROMO,Cadastrado,,True,2026-08-15,True,crosswalk_pos_corte_sem_evidencia_adversa,8,2025-11;2025-12;2026-01;2026-02;2026-03;2026-04;2026-05;2026-06,92,1,True,,servico_regular_comercial_observado,GOL LINHAS AÉREAS S.A. (EX- VRG LINHAS AÉREAS S.A.),SNCP-SBSP,Dados Estatísticos ANAC: grupo REGULAR com assentos/passageiros e decolagens positivos,9.591663046625438,exploratoria_nao_congelada,2025-07-01,2026-06-30,ANAC Dados Estatísticos,ANAC cadastros público e privativo,data/raw/anac/Dados_Estatisticos.csv,data/raw/anac/cadastro-aerodromos-publicos.csv,Atualizado em: 2026-08-09,Atualizado em: 2026-08-15,catalogo_anac_e_siros
SNDV,SNDV,MG0015,Brigadeiro Antônio Cabral,Divinópolis,MG,BRASIL,-20.181944,-44.87,publico,AERODROMO,Cadastrado,,True,2026-08-15,True,crosswalk_pos_corte_sem_evidencia_adversa,12,2025-07;2025-08;2025-09;2025-10;2025-11;2025-12;2026-01;2026-02;2026-03;2026-04;2026-05;2026-06,377,3,True,,servico_regular_comercial_observado,AZUL CONECTA LTDA. (EX TWO TAXI AEREO LTDA),SNDV-SBBH;SNDV-SBCF;SNDV-SBKP,Dados Estatísticos ANAC: grupo REGULAR com assentos/passageiros e decolagens positivos,33.63034344160047,exploratoria_nao_congelada,2025-07-01,2026-06-30,ANAC Dados Estatísticos,ANAC cadastros público e privativo,data/raw/anac/Dados_Estatisticos.csv,data/raw/anac/cadastro-aerodromos-publicos.csv,Atualizado em: 2026-08-09,Atualizado em: 2026-08-15,catalogo_anac_e_siros
SNEB,SNEB,PA0018,Nagib Demachki,Paragominas,PA,BRASIL,-3.0197222,-47.316389,publico,AERODROMO,Cadastrado,19/05/2030,True,2026-08-15,True,validade_historica_nao_bloqueante_resolucao_736,12,2025-07;2025-08;2025-09;2025-10;2025-11;2025-12;2026-01;2026-02;2026-03;2026-04;2026-05;2026-06,115,1,True,,servico_regular_comercial_observado,AZUL CONECTA LTDA. (EX TWO TAXI AEREO LTDA),SNEB-SBBE,Dados Estatísticos ANAC: grupo REGULAR com assentos/passageiros e decolagens positivos,10.723805294763608,exploratoria_nao_congelada,2025-07-01,2026-06-30,ANAC Dados Estatísticos,ANAC cadastros público e privativo,data/raw/anac/Dados_Estatisticos.csv,data/raw/anac/cadastro-aerodromos-publicos.csv,Atualizado em: 2026-08-09,Atualizado em: 2026-08-15,catalogo_anac_e_siros
SNGI,SNGI,BA0009,Aeródromo de Guanambi,Guanambi,BA,BRASIL,-14.208056,-42.746111,publico,AERODROMO,Cadastrado,08/07/2025,True,2026-08-15,True,validade_historica_nao_bloqueante_resolucao_736,12,2025-07;2025-08;2025-09;2025-10;2025-11;2025-12;2026-01;2026-02;2026-03;2026-04;2026-05;2026-06,430,3,True,,servico_regular_comercial_observado,AZUL CONECTA LTDA. (EX TWO TAXI AEREO LTDA);AZUL LINHAS AÉREAS BRASILEIRAS S/A,SNGI-SBCF;SNGI-SBMK;SNGI-SBSV,Dados Estatísticos ANAC: grupo REGULAR com assentos/passageiros e decolagens positivos,35.91656999213594,exploratoria_nao_congelada,2025-07-01,2026-06-30,ANAC Dados Estatísticos,ANAC cadastros público e privativo,data/raw/anac/Dados_Estatisticos.csv,data/raw/anac/cadastro-aerodromos-publicos.csv,Atualizado em: 2026-08-09,Atualizado em: 2026-08-15,catalogo_anac_e_siros
SNGN,SNGN,PE0006,Garanhuns,Garanhuns,PE,BRASIL,-8.8344444,-36.471389,publico,AERODROMO,Cadastrado,07/05/2028,True,2026-08-15,True,validade_historica_nao_bloqueante_resolucao_736,12,2025-07;2025-08;2025-09;2025-10;2025-11;2025-12;2026-01;2026-02;2026-03;2026-04;2026-05;2026-06,85,1,True,,servico_regular_comercial_observado,AZUL CONECTA LTDA. (EX TWO TAXI AEREO LTDA),SNGN-SBRF,Dados Estatísticos ANAC: grupo REGULAR com assentos/passageiros e decolagens positivos,9.219544457292887,exploratoria_nao_congelada,2025-07-01,2026-06-30,ANAC Dados Estatísticos,ANAC cadastros público e privativo,data/raw/anac/Dados_Estatisticos.csv,data/raw/anac/cadastro-aerodromos-publicos.csv,Atualizado em: 2026-08-09,Atualizado em: 2026-08-15,catalogo_anac_e_siros
SNHS,SNHS,PE0005,Santa Magalhães,Serra Talhada,PE,BRASIL,-8.0613889,-38.328611,publico,AERODROMO,Cadastrado,06/07/2028,True,2026-08-15,True,validade_historica_nao_bloqueante_resolucao_736,12,2025-07;2025-08;2025-09;2025-10;2025-11;2025-12;2026-01;2026-02;2026-03;2026-04;2026-05;2026-06,114,2,True,,servico_regular_comercial_observado,AZUL CONECTA LTDA. (EX TWO TAXI AEREO LTDA),SNHS-SBRF;SNHS-SNAB,Dados Estatísticos ANAC: grupo REGULAR com assentos/passageiros e decolagens positivos,15.0996688705415,exploratoria_nao_congelada,2025-07-01,2026-06-30,ANAC Dados Estatísticos,ANAC cadastros público e privativo,data/raw/anac/Dados_Estatisticos.csv,data/raw/anac/cadastro-aerodromos-publicos.csv,Atualizado em: 2026-08-09,Atualizado em: 2026-08-15,catalogo_anac_e_siros
SNJM,SNJM,MG0050,Regional de Santo Amaro de Minas,Manhuaçu,MG,BRASIL,-20.259722,-42.183889,publico,AERODROMO,Cadastrado,24/10/2033,True,2026-08-15,True,validade_historica_nao_bloqueante_resolucao_736,12,2025-07;2025-08;2025-09;2025-10;2025-11;2025-12;2026-01;2026-02;2026-03;2026-04;2026-05;2026-06,111,1,True,,servico_regular_comercial_observado,AZUL CONECTA LTDA. (EX TWO TAXI AEREO LTDA),SNJM-SBCF,Dados Estatísticos ANAC: grupo REGULAR com assentos/passageiros e decolagens positivos,10.535653752852738,exploratoria_nao_congelada,2025-07-01,2026-06-30,ANAC Dados Estatísticos,ANAC cadastros público e privativo,data/raw/anac/Dados_Estatisticos.csv,data/raw/anac/cadastro-aerodromos-publicos.csv,Atualizado em: 2026-08-09,Atualizado em: 2026-08-15,catalogo_anac_e_siros
SNLN,SNLN,ES0002,Municipal de Linhares,Linhares,ES,BRASIL,-19.355278,-40.071389,publico,AERODROMO,Cadastrado,,True,2026-08-15,True,crosswalk_pos_corte_sem_evidencia_adversa,12,2025-07;2025-08;2025-09;2025-10;2025-11;2025-12;2026-01;2026-02;2026-03;2026-04;2026-05;2026-06,139,1,True,,servico_regular_comercial_observado,AZUL CONECTA LTDA. (EX TWO TAXI AEREO LTDA),SNLN-SBCF,Dados Estatísticos ANAC: grupo REGULAR com assentos/passageiros e decolagens positivos,11.789826122551595,exploratoria_nao_congelada,2025-07-01,2026-06-30,ANAC Dados Estatísticos,ANAC cadastros público e privativo,data/raw/anac/Dados_Estatisticos.csv,data/raw/anac/cadastro-aerodromos-publicos.csv,Atualizado em: 2026-08-09,Atualizado em: 2026-08-15,catalogo_anac_e_siros
SNMZ,SNMZ,PA0020,Porto de Moz,Porto de Moz,PA,BRASIL,-1.7413889,-52.235833,publico,AERODROMO,Cadastrado,09/08/2027,True,2026-08-15,True,validade_historica_nao_bloqueante_resolucao_736,12,2025-07;2025-08;2025-09;2025-10;2025-11;2025-12;2026-01;2026-02;2026-03;2026-04;2026-05;2026-06,91,2,True,,servico_regular_comercial_observado,AZUL CONECTA LTDA. (EX TWO TAXI AEREO LTDA),SNMZ-SBBE;SNMZ-SNVS,Dados Estatísticos ANAC: grupo REGULAR com assentos/passageiros e decolagens positivos,13.490737563232042,exploratoria_nao_congelada,2025-07-01,2026-06-30,ANAC Dados Estatísticos,ANAC cadastros público e privativo,data/raw/anac/Dados_Estatisticos.csv,data/raw/anac/cadastro-aerodromos-publicos.csv,Atualizado em: 2026-08-09,Atualizado em: 2026-08-15,catalogo_anac_e_siros
SNPD,SNPD,MG0010,Patos de Minas,Patos de Minas,MG,BRASIL,-18.672222,-46.491389,publico,AERODROMO,Cadastrado,15/03/2026,True,2026-08-15,True,validade_historica_nao_bloqueante_resolucao_736,12,2025-07;2025-08;2025-09;2025-10;2025-11;2025-12;2026-01;2026-02;2026-03;2026-04;2026-05;2026-06,155,2,True,,servico_regular_comercial_observado,AZUL CONECTA LTDA. (EX TWO TAXI AEREO LTDA);AZUL LINHAS AÉREAS BRASILEIRAS S/A,SNPD-SBAX;SNPD-SBCF,Dados Estatísticos ANAC: grupo REGULAR com assentos/passageiros e decolagens positivos,17.60681686165901,exploratoria_nao_congelada,2025-07-01,2026-06-30,ANAC Dados Estatísticos,ANAC cadastros público e privativo,data/raw/anac/Dados_Estatisticos.csv,data/raw/anac/cadastro-aerodromos-publicos.csv,Atualizado em: 2026-08-09,Atualizado em: 2026-08-15,catalogo_anac_e_siros
SNRU,SNRU,PE0004,Caruaru,Caruaru,PE,BRASIL,-8.2844444,-36.010833,publico,AERODROMO,Cadastrado,23/04/2030,True,2026-08-15,True,validade_historica_nao_bloqueante_resolucao_736,12,2025-07;2025-08;2025-09;2025-10;2025-11;2025-12;2026-01;2026-02;2026-03;2026-04;2026-05;2026-06,70,2,True,,servico_regular_comercial_observado,AZUL CONECTA LTDA. (EX TWO TAXI AEREO LTDA),SNRU-SBRF;SNRU-SNGN,Dados Estatísticos ANAC: grupo REGULAR com assentos/passageiros e decolagens positivos,11.832159566199232,exploratoria_nao_congelada,2025-07-01,2026-06-30,ANAC Dados Estatísticos,ANAC cadastros público e privativo,data/raw/anac/Dados_Estatisticos.csv,data/raw/anac/cadastro-aerodromos-publicos.csv,Atualizado em: 2026-08-09,Atualizado em: 2026-08-15,catalogo_anac_e_siros
SNSM,SNSM,PA0250,Salinópolis,Salinópolis,PA,BRASIL,-0.69638889,-47.336667,publico,AERODROMO,Cadastrado,,True,2026-08-15,True,crosswalk_pos_corte_sem_evidencia_adversa,12,2025-07;2025-08;2025-09;2025-10;2025-11;2025-12;2026-01;2026-02;2026-03;2026-04;2026-05;2026-06,72,1,True,,servico_regular_comercial_observado,AZUL CONECTA LTDA. (EX TWO TAXI AEREO LTDA),SNSM-SBBE,Dados Estatísticos ANAC: grupo REGULAR com assentos/passageiros e decolagens positivos,8.48528137423857,exploratoria_nao_congelada,2025-07-01,2026-06-30,ANAC Dados Estatísticos,ANAC cadastros público e privativo,data/raw/anac/Dados_Estatisticos.csv,data/raw/anac/cadastro-aerodromos-publicos.csv,Atualizado em: 2026-08-09,Atualizado em: 2026-08-15,catalogo_anac_e_siros
SNSS,SNSS,MG0029,Salinas,Salinas,MG,BRASIL,-16.208333,-42.321944,publico,AERODROMO,Cadastrado,11/07/2029,True,2026-08-15,True,validade_historica_nao_bloqueante_resolucao_736,12,2025-07;2025-08;2025-09;2025-10;2025-11;2025-12;2026-01;2026-02;2026-03;2026-04;2026-05;2026-06,134,1,True,,servico_regular_comercial_observado,AZUL CONECTA LTDA. (EX TWO TAXI AEREO LTDA),SNSS-SBCF,Dados Estatísticos ANAC: grupo REGULAR com assentos/passageiros e decolagens positivos,11.575836902790225,exploratoria_nao_congelada,2025-07-01,2026-06-30,ANAC Dados Estatísticos,ANAC cadastros público e privativo,data/raw/anac/Dados_Estatisticos.csv,data/raw/anac/cadastro-aerodromos-publicos.csv,Atualizado em: 2026-08-09,Atualizado em: 2026-08-15,catalogo_anac_e_siros
SNTO,SNTO,MG0048,Juscelino Kubitscheck,Teófilo Otoni,MG,BRASIL,-17.890833,-41.515,publico,AERODROMO,Cadastrado,23/06/2030,True,2026-08-15,True,validade_historica_nao_bloqueante_resolucao_736,12,2025-07;2025-08;2025-09;2025-10;2025-11;2025-12;2026-01;2026-02;2026-03;2026-04;2026-05;2026-06,156,1,True,,servico_regular_comercial_observado,AZUL CONECTA LTDA. (EX TWO TAXI AEREO LTDA),SNTO-SBCF,Dados Estatísticos ANAC: grupo REGULAR com assentos/passageiros e decolagens positivos,12.489995996796797,exploratoria_nao_congelada,2025-07-01,2026-06-30,ANAC Dados Estatísticos,ANAC cadastros público e privativo,data/raw/anac/Dados_Estatisticos.csv,data/raw/anac/cadastro-aerodromos-publicos.csv,Atualizado em: 2026-08-09,Atualizado em: 2026-08-15,catalogo_anac_e_siros
SNTS,SNTS,PB0005,BRIGADEIRO FIRMINO AYRES,Patos,PB,BRASIL,-7.0377778,-37.2575,publico,AERODROMO,Cadastrado,,True,2026-08-15,True,crosswalk_pos_corte_sem_evidencia_adversa,12,2025-07;2025-08;2025-09;2025-10;2025-11;2025-12;2026-01;2026-02;2026-03;2026-04;2026-05;2026-06,159,2,True,,servico_regular_comercial_observado,AZUL CONECTA LTDA. (EX TWO TAXI AEREO LTDA),SNTS-SBRF;SNTS-SJZA,Dados Estatísticos ANAC: grupo REGULAR com assentos/passageiros e decolagens positivos,17.832554500127006,exploratoria_nao_congelada,2025-07-01,2026-06-30,ANAC Dados Estatísticos,ANAC cadastros público e privativo,data/raw/anac/Dados_Estatisticos.csv,data/raw/anac/cadastro-aerodromos-publicos.csv,Atualizado em: 2026-08-09,Atualizado em: 2026-08-15,catalogo_anac_e_siros
SNZR,SNZR,MG0026,Pedro Rabelo de Souza,Paracatu,MG,BRASIL,-17.242778,-46.883056,publico,AERODROMO,Cadastrado,07/06/2033,True,2026-08-15,True,validade_historica_nao_bloqueante_resolucao_736,12,2025-07;2025-08;2025-09;2025-10;2025-11;2025-12;2026-01;2026-02;2026-03;2026-04;2026-05;2026-06,106,1,True,,servico_regular_comercial_observado,AZUL CONECTA LTDA. (EX TWO TAXI AEREO LTDA),SNZR-SBCF,Dados Estatísticos ANAC: grupo REGULAR com assentos/passageiros e decolagens positivos,10.295630140987,exploratoria_nao_congelada,2025-07-01,2026-06-30,ANAC Dados Estatísticos,ANAC cadastros público e privativo,data/raw/anac/Dados_Estatisticos.csv,data/raw/anac/cadastro-aerodromos-publicos.csv,Atualizado em: 2026-08-09,Atualizado em: 2026-08-15,catalogo_anac_e_siros
SSGY,SSGY,PR0023,Guaíra,Guaíra,PR,BRASIL,-24.079722,-54.188056,publico,AERODROMO,Cadastrado,09/02/2032,True,2026-08-15,True,validade_historica_nao_bloqueante_resolucao_736,12,2025-07;2025-08;2025-09;2025-10;2025-11;2025-12;2026-01;2026-02;2026-03;2026-04;2026-05;2026-06,121,1,True,,servico_regular_comercial_observado,AZUL CONECTA LTDA. (EX TWO TAXI AEREO LTDA),SSGY-SBCT,Dados Estatísticos ANAC: grupo REGULAR com assentos/passageiros e decolagens positivos,11.0,exploratoria_nao_congelada,2025-07-01,2026-06-30,ANAC Dados Estatísticos,ANAC cadastros público e privativo,data/raw/anac/Dados_Estatisticos.csv,data/raw/anac/cadastro-aerodromos-publicos.csv,Atualizado em: 2026-08-09,Atualizado em: 2026-08-15,catalogo_anac_e_siros
SSKW,SSKW,RO0004,Cacoal,Cacoal,RO,BRASIL,-11.495556,-61.450833,publico,AERODROMO,Cadastrado,23/06/2030,True,2026-08-15,True,validade_historica_nao_bloqueante_resolucao_736,12,2025-07;2025-08;2025-09;2025-10;2025-11;2025-12;2026-01;2026-02;2026-03;2026-04;2026-05;2026-06,135,3,True,,servico_regular_comercial_observado,AZUL LINHAS AÉREAS BRASILEIRAS S/A,SSKW-SBCY;SSKW-SBFL;SSKW-SBKP,Dados Estatísticos ANAC: grupo REGULAR com assentos/passageiros e decolagens positivos,20.12461179749811,exploratoria_nao_congelada,2025-07-01,2026-06-30,ANAC Dados Estatísticos,ANAC cadastros público e privativo,data/raw/anac/Dados_Estatisticos.csv,data/raw/anac/cadastro-aerodromos-publicos.csv,Atualizado em: 2026-08-09,Atualizado em: 2026-08-15,catalogo_anac_e_siros
SSOU,SSOU,MT0303,Aripuanã,ARIPUANÃ,MT,BRASIL,-10.185556,-59.457778,privativo,AERODROMO,,,True,2026-08-18,True,crosswalk_pos_corte_sem_evidencia_adversa,12,2025-07;2025-08;2025-09;2025-10;2025-11;2025-12;2026-01;2026-02;2026-03;2026-04;2026-05;2026-06,236,2,True,,servico_regular_comercial_observado,AZUL CONECTA LTDA. (EX TWO TAXI AEREO LTDA),SSOU-SBCY;SSOU-SBVH,Dados Estatísticos ANAC: grupo REGULAR com assentos/passageiros e decolagens positivos,21.72556098240043,exploratoria_nao_congelada,2025-07-01,2026-06-30,ANAC Dados Estatísticos,ANAC cadastros público e privativo,data/raw/anac/Dados_Estatisticos.csv,data/raw/anac/cadastro-aerodromos-privados.csv,Atualizado em: 2026-08-09,Atualizado em: 2026-08-18,catalogo_anac_e_siros
SSUM,SSUM,PR0019,Orlando de Carvalho,Umuarama,PR,BRASIL,-23.799167,-53.313889,publico,AERODROMO,Cadastrado,05/08/2028,True,2026-08-15,True,validade_historica_nao_bloqueante_resolucao_736,12,2025-07;2025-08;2025-09;2025-10;2025-11;2025-12;2026-01;2026-02;2026-03;2026-04;2026-05;2026-06,125,1,True,,servico_regular_comercial_observado,AZUL CONECTA LTDA. (EX TWO TAXI AEREO LTDA),SSUM-SBCT,Dados Estatísticos ANAC: grupo REGULAR com assentos/passageiros e decolagens positivos,11.180339887498949,exploratoria_nao_congelada,2025-07-01,2026-06-30,ANAC Dados Estatísticos,ANAC cadastros público e privativo,data/raw/anac/Dados_Estatisticos.csv,data/raw/anac/cadastro-aerodromos-publicos.csv,Atualizado em: 2026-08-09,Atualizado em: 2026-08-15,catalogo_anac_e_siros
SSUV,SSUV,PR0034,José Cleto,União da Vitória,PR,BRASIL,-26.231944,-51.0675,publico,AERODROMO,Cadastrado,22/08/2033,True,2026-08-15,True,validade_historica_nao_bloqueante_resolucao_736,12,2025-07;2025-08;2025-09;2025-10;2025-11;2025-12;2026-01;2026-02;2026-03;2026-04;2026-05;2026-06,78,1,True,,servico_regular_comercial_observado,AZUL CONECTA LTDA. (EX TWO TAXI AEREO LTDA),SSUV-SBCT,Dados Estatísticos ANAC: grupo REGULAR com assentos/passageiros e decolagens positivos,8.831760866327848,exploratoria_nao_congelada,2025-07-01,2026-06-30,ANAC Dados Estatísticos,ANAC cadastros público e privativo,data/raw/anac/Dados_Estatisticos.csv,data/raw/anac/cadastro-aerodromos-publicos.csv,Atualizado em: 2026-08-09,Atualizado em: 2026-08-15,catalogo_anac_e_siros
SSVL,SSVL,PR0007,Telêmaco Borba,Telêmaco Borba,PR,BRASIL,-24.316389,-50.652222,publico,AERODROMO,Cadastrado,,True,2026-08-15,True,crosswalk_pos_corte_sem_evidencia_adversa,12,2025-07;2025-08;2025-09;2025-10;2025-11;2025-12;2026-01;2026-02;2026-03;2026-04;2026-05;2026-06,62,2,True,,servico_regular_comercial_observado,AZUL CONECTA LTDA. (EX TWO TAXI AEREO LTDA),SSVL-SBCT;SSVL-SSUM,Dados Estatísticos ANAC: grupo REGULAR com assentos/passageiros e decolagens positivos,11.135528725660043,exploratoria_nao_congelada,2025-07-01,2026-06-30,ANAC Dados Estatísticos,ANAC cadastros público e privativo,data/raw/anac/Dados_Estatisticos.csv,data/raw/anac/cadastro-aerodromos-publicos.csv,Atualizado em: 2026-08-09,Atualizado em: 2026-08-15,catalogo_anac_e_siros
SWBC,SWBC,AM0017,Barcelos,Barcelos,AM,BRASIL,-0.98111111,-62.919444,publico,AERODROMO,Cadastrado,,True,2026-08-15,True,crosswalk_pos_corte_sem_evidencia_adversa,10,2025-09;2025-10;2025-11;2025-12;2026-01;2026-02;2026-03;2026-04;2026-05;2026-06,145,2,True,,servico_regular_comercial_observado,AZUL CONECTA LTDA. (EX TWO TAXI AEREO LTDA),SWBC-SBEG;SWBC-SBTF,Dados Estatísticos ANAC: grupo REGULAR com assentos/passageiros e decolagens positivos,17.029386365926403,exploratoria_nao_congelada,2025-07-01,2026-06-30,ANAC Dados Estatísticos,ANAC cadastros público e privativo,data/raw/anac/Dados_Estatisticos.csv,data/raw/anac/cadastro-aerodromos-publicos.csv,Atualizado em: 2026-08-09,Atualizado em: 2026-08-15,catalogo_anac_e_siros
SWBR,SWBR,AM0018,Borba,Borba,AM,BRASIL,-4.4061111,-59.6025,publico,AERODROMO,Cadastrado,,True,2026-08-15,True,crosswalk_pos_corte_sem_evidencia_adversa,12,2025-07;2025-08;2025-09;2025-10;2025-11;2025-12;2026-01;2026-02;2026-03;2026-04;2026-05;2026-06,82,1,True,,servico_regular_comercial_observado,AZUL CONECTA LTDA. (EX TWO TAXI AEREO LTDA),SWBR-SBEG,Dados Estatísticos ANAC: grupo REGULAR com assentos/passageiros e decolagens positivos,9.055385138137417,exploratoria_nao_congelada,2025-07-01,2026-06-30,ANAC Dados Estatísticos,ANAC cadastros público e privativo,data/raw/anac/Dados_Estatisticos.csv,data/raw/anac/cadastro-aerodromos-publicos.csv,Atualizado em: 2026-08-09,Atualizado em: 2026-08-15,catalogo_anac_e_siros
SWGN,SWGN,TO0002,Araguaína,Araguaína,TO,BRASIL,-7.2283333,-48.240833,publico,AERODROMO,Cadastrado,,True,2026-08-15,True,crosswalk_pos_corte_sem_evidencia_adversa,9,2025-10;2025-11;2025-12;2026-01;2026-02;2026-03;2026-04;2026-05;2026-06,104,1,True,,servico_regular_comercial_observado,GOL LINHAS AÉREAS S.A. (EX- VRG LINHAS AÉREAS S.A.),SWGN-SBPJ,Dados Estatísticos ANAC: grupo REGULAR com assentos/passageiros e decolagens positivos,10.198039027185569,exploratoria_nao_congelada,2025-07-01,2026-06-30,ANAC Dados Estatísticos,ANAC cadastros público e privativo,data/raw/anac/Dados_Estatisticos.csv,data/raw/anac/cadastro-aerodromos-publicos.csv,Atualizado em: 2026-08-09,Atualizado em: 2026-08-15,catalogo_anac_e_siros
SWKO,SWKO,AM0010,Coari,Coari,AM,BRASIL,-4.1341667,-63.1325,publico,AERODROMO,Cadastrado,14/07/2033,True,2026-08-15,True,validade_historica_nao_bloqueante_resolucao_736,6,2025-07;2025-08;2025-09;2025-10;2025-11;2025-12,76,1,True,,servico_regular_comercial_observado,AZUL CONECTA LTDA. (EX TWO TAXI AEREO LTDA),SWKO-SBEG,Dados Estatísticos ANAC: grupo REGULAR com assentos/passageiros e decolagens positivos,8.717797887081348,exploratoria_nao_congelada,2025-07-01,2026-06-30,ANAC Dados Estatísticos,ANAC cadastros público e privativo,data/raw/anac/Dados_Estatisticos.csv,data/raw/anac/cadastro-aerodromos-publicos.csv,Atualizado em: 2026-08-09,Atualizado em: 2026-08-15,catalogo_anac_e_siros
SWLB,SWLB,AM0024,Lábrea,Lábrea,AM,BRASIL,-7.2788889,-64.769444,publico,AERODROMO,Cadastrado,18/11/2030,True,2026-08-15,True,validade_historica_nao_bloqueante_resolucao_736,12,2025-07;2025-08;2025-09;2025-10;2025-11;2025-12;2026-01;2026-02;2026-03;2026-04;2026-05;2026-06,92,3,True,,servico_regular_comercial_observado,AZUL CONECTA LTDA. (EX TWO TAXI AEREO LTDA),SWLB-SBEG;SWLB-SBPV;SWLB-SWKO,Dados Estatísticos ANAC: grupo REGULAR com assentos/passageiros e decolagens positivos,16.61324772583615,exploratoria_nao_congelada,2025-07-01,2026-06-30,ANAC Dados Estatísticos,ANAC cadastros público e privativo,data/raw/anac/Dados_Estatisticos.csv,data/raw/anac/cadastro-aerodromos-publicos.csv,Atualizado em: 2026-08-09,Atualizado em: 2026-08-15,catalogo_anac_e_siros
SWMW,SWMW,AM0020,Maués,Maués,AM,BRASIL,-3.3719444,-57.724722,publico,AERODROMO,Cadastrado,,True,2026-08-15,True,crosswalk_pos_corte_sem_evidencia_adversa,12,2025-07;2025-08;2025-09;2025-10;2025-11;2025-12;2026-01;2026-02;2026-03;2026-04;2026-05;2026-06,91,2,True,,servico_regular_comercial_observado,AZUL CONECTA LTDA. (EX TWO TAXI AEREO LTDA),SWMW-SBEG;SWMW-SWBR,Dados Estatísticos ANAC: grupo REGULAR com assentos/passageiros e decolagens positivos,13.490737563232042,exploratoria_nao_congelada,2025-07-01,2026-06-30,ANAC Dados Estatísticos,ANAC cadastros público e privativo,data/raw/anac/Dados_Estatisticos.csv,data/raw/anac/cadastro-aerodromos-publicos.csv,Atualizado em: 2026-08-09,Atualizado em: 2026-08-15,catalogo_anac_e_siros
SWPI,SWPI,AM0006,Parintins,Parintins,AM,BRASIL,-2.6736111,-56.7775,publico,AERODROMO,Cadastrado,,True,2026-08-15,True,crosswalk_pos_corte_sem_evidencia_adversa,12,2025-07;2025-08;2025-09;2025-10;2025-11;2025-12;2026-01;2026-02;2026-03;2026-04;2026-05;2026-06,213,1,True,,servico_regular_comercial_observado,AZUL CONECTA LTDA. (EX TWO TAXI AEREO LTDA);AZUL LINHAS AÉREAS BRASILEIRAS S/A,SWPI-SBEG,Dados Estatísticos ANAC: grupo REGULAR com assentos/passageiros e decolagens positivos,14.594519519326424,exploratoria_nao_congelada,2025-07-01,2026-06-30,ANAC Dados Estatísticos,ANAC cadastros público e privativo,data/raw/anac/Dados_Estatisticos.csv,data/raw/anac/cadastro-aerodromos-publicos.csv,Atualizado em: 2026-08-09,Atualizado em: 2026-08-15,catalogo_anac_e_siros
SWYN,SWYN,AM0023,Apuí,Apuí,AM,BRASIL,-7.1722222,-59.838889,publico,AERODROMO,Cadastrado,21/07/2030,True,2026-08-15,True,validade_historica_nao_bloqueante_resolucao_736,12,2025-07;2025-08;2025-09;2025-10;2025-11;2025-12;2026-01;2026-02;2026-03;2026-04;2026-05;2026-06,102,2,True,,servico_regular_comercial_observado,APUÍ TÁXI AÉREO S/A,SWYN-SBEG;SWYN-SBMY,Dados Estatísticos ANAC: grupo REGULAR com assentos/passageiros e decolagens positivos,14.2828568570857,exploratoria_nao_congelada,2025-07-01,2026-06-30,ANAC Dados Estatísticos,ANAC cadastros público e privativo,data/raw/anac/Dados_Estatisticos.csv,data/raw/anac/cadastro-aerodromos-publicos.csv,Atualizado em: 2026-08-09,Atualizado em: 2026-08-15,catalogo_anac_e_siros
