municipio_id,indicador_id,valor_bruto,periodo_referencia,flag_qualidade,acessos_fibra,total_acessos_internet,prestadores_cnpj
4100103,INF-DIG-02,92.281105990783,2026-06,observado,801,868,
4100103,INF-DIG-03,0.469897428274,2026-06,observado,,868,17
4100202,INF-DIG-02,68.245125348189,2026-06,observado,245,359,
4100202,INF-DIG-03,0.726639302923,2026-06,observado,,359,12
4100301,INF-DIG-02,98.309426229508,2026-06,observado,3838,3904,
4100301,INF-DIG-03,0.534474020971,2026-06,observado,,3904,12
4100400,INF-DIG-02,96.258472107216,2026-06,observado,31387,32607,
4100400,INF-DIG-03,0.737422375978,2026-06,observado,,32607,37
4100459,INF-DIG-02,69.5885509839,2026-06,observado,389,559,
4100459,INF-DIG-03,0.717822843629,2026-06,observado,,559,11
4100509,INF-DIG-02,79.741771231133,2026-06,observado,4385,5499,
4100509,INF-DIG-03,0.529969161349,2026-06,observado,,5499,13
4100608,INF-DIG-02,95.286942057111,2026-06,observado,3437,3607,
4100608,INF-DIG-03,0.503752483869,2026-06,observado,,3607,13
4100707,INF-DIG-02,83.682983682984,2026-06,observado,1077,1287,
4100707,INF-DIG-03,0.094794094794,2026-06,observado,,1287,11
4100806,INF-DIG-02,71.341925701289,2026-06,observado,1882,2638,
4100806,INF-DIG-03,0.639879270773,2026-06,observado,,2638,14
4100905,INF-DIG-02,86.338797814208,2026-06,observado,316,366,
4100905,INF-DIG-03,0.275777120846,2026-06,observado,,366,9
4101002,INF-DIG-02,87.253112033195,2026-06,observado,5257,6025,
4101002,INF-DIG-03,0.249868094558,2026-06,observado,,6025,13
4101051,INF-DIG-02,92.245989304813,2026-06,observado,690,748,
4101051,INF-DIG-03,0.470509594212,2026-06,observado,,748,10
4101101,INF-DIG-02,94.23972892842,2026-06,observado,2225,2361,
4101101,INF-DIG-03,0.668173935444,2026-06,observado,,2361,20
4101150,INF-DIG-02,88.924050632911,2026-06,observado,1124,1264,
4101150,INF-DIG-03,0.715456507371,2026-06,observado,,1264,15
4101200,INF-DIG-02,93.863591948407,2026-06,observado,4803,5117,
4101200,INF-DIG-03,0.624765288039,2026-06,observado,,5117,16
4101309,INF-DIG-02,69.733656174334,2026-06,observado,288,413,
4101309,INF-DIG-03,0.626737566615,2026-06,observado,,413,12
4101408,INF-DIG-02,97.218196935503,2026-06,observado,40924,42095,
4101408,INF-DIG-03,0.744443425658,2026-06,observado,,42095,36
4101507,INF-DIG-02,82.486722048209,2026-06,observado,36342,44058,
4101507,INF-DIG-03,0.821709009806,2026-06,observado,,44058,43
4101606,INF-DIG-02,90.659002258263,2026-06,observado,4416,4871,
4101606,INF-DIG-03,0.573864711823,2026-06,observado,,4871,16
4101655,INF-DIG-02,66.240409207161,2026-06,observado,518,782,
4101655,INF-DIG-03,0.186409691198,2026-06,observado,,782,9
4101705,INF-DIG-02,91.956124314442,2026-06,observado,3018,3282,
4101705,INF-DIG-03,0.753073195585,2026-06,observado,,3282,18
4101804,INF-DIG-02,88.996775747693,2026-06,observado,48028,53966,
4101804,INF-DIG-03,0.875000259071,2026-06,observado,,53966,48
4101853,INF-DIG-02,56.547619047619,2026-06,observado,95,168,
4101853,INF-DIG-03,0.565192743764,2026-06,observado,,168,10
4101903,INF-DIG-02,67.893217893218,2026-06,observado,941,1386,
4101903,INF-DIG-03,0.707771385261,2026-06,observado,,1386,14
4102000,INF-DIG-02,92.693661971831,2026-06,observado,5265,5680,
4102000,INF-DIG-03,0.617944232295,2026-06,observado,,5680,20
4102109,INF-DIG-02,97.458137573786,2026-06,observado,8090,8301,
4102109,INF-DIG-03,0.564027153219,2026-06,observado,,8301,20
4102208,INF-DIG-02,86.195286195286,2026-06,observado,1280,1485,
4102208,INF-DIG-03,0.573451688603,2026-06,observado,,1485,14
4102307,INF-DIG-02,91.538461538462,2026-06,observado,4403,4810,
4102307,INF-DIG-03,0.596881756216,2026-06,observado,,4810,14
4102406,INF-DIG-02,97.740846533368,2026-06,observado,7528,7702,
4102406,INF-DIG-03,0.528653758638,2026-06,observado,,7702,18
4102505,INF-DIG-02,66.656451118603,2026-06,observado,2175,3263,
4102505,INF-DIG-03,0.614385100866,2026-06,observado,,3263,17
4102604,INF-DIG-02,91.204588910134,2026-06,observado,2862,3138,
4102604,INF-DIG-03,0.71743723294,2026-06,observado,,3138,18
4102703,INF-DIG-02,81.779661016949,2026-06,observado,386,472,
4102703,INF-DIG-03,0.216020899167,2026-06,observado,,472,12
4102752,INF-DIG-02,73.886883273165,2026-06,observado,614,831,
4102752,INF-DIG-03,0.049730581368,2026-06,observado,,831,11
4102802,INF-DIG-02,96.812311074471,2026-06,observado,3523,3639,
4102802,INF-DIG-03,0.289278140894,2026-06,observado,,3639,17
4102901,INF-DIG-02,50.553505535055,2026-06,observado,548,1084,
4102901,INF-DIG-03,0.470100148418,2026-06,observado,,1084,15
4103008,INF-DIG-02,93.64161849711,2026-06,observado,648,692,
4103008,INF-DIG-03,0.579788833573,2026-06,observado,,692,15
4103024,INF-DIG-02,91.190864600326,2026-06,observado,559,613,
4103024,INF-DIG-03,0.576103936195,2026-06,observado,,613,10
4103040,INF-DIG-02,5.172413793103,2026-06,observado,12,232,
4103040,INF-DIG-03,0.474063614744,2026-06,observado,,232,10
4103057,INF-DIG-02,69.166666666667,2026-06,observado,498,720,
4103057,INF-DIG-03,0.442071759259,2026-06,observado,,720,13
4103107,INF-DIG-02,86.837702175125,2026-06,observado,3114,3586,
4103107,INF-DIG-03,0.714949753472,2026-06,observado,,3586,16
4103156,INF-DIG-02,73.500967117988,2026-06,observado,760,1034,
4103156,INF-DIG-03,0.681603058861,2026-06,observado,,1034,12
4103206,INF-DIG-02,96.228150873965,2026-06,observado,1046,1087,
4103206,INF-DIG-03,0.61790551377,2026-06,observado,,1087,13
4103222,INF-DIG-02,10.606060606061,2026-06,observado,7,66,
4103222,INF-DIG-03,0.298438934803,2026-06,observado,,66,7
4103305,INF-DIG-02,83.417085427136,2026-06,observado,498,597,
4103305,INF-DIG-03,0.636684258815,2026-06,observado,,597,12
4103354,INF-DIG-02,80.724637681159,2026-06,observado,557,690,
4103354,INF-DIG-03,0.552190716236,2026-06,observado,,690,14
4103370,INF-DIG-02,88.321167883212,2026-06,observado,242,274,
4103370,INF-DIG-03,0.219457616282,2026-06,observado,,274,8
4103404,INF-DIG-02,91.748251748252,2026-06,observado,656,715,
4103404,INF-DIG-03,0.572018191599,2026-06,observado,,715,10
4103453,INF-DIG-02,95.29658060014,2026-06,observado,6828,7165,
4103453,INF-DIG-03,0.567209271635,2026-06,observado,,7165,18
4103479,INF-DIG-02,80.624187256177,2026-06,observado,620,769,
4103479,INF-DIG-03,0.556428306906,2026-06,observado,,769,11
4103503,INF-DIG-02,87.661574618096,2026-06,observado,746,851,
4103503,INF-DIG-03,0.668372454609,2026-06,observado,,851,12
4103602,INF-DIG-02,96.375439545577,2026-06,observado,3563,3697,
4103602,INF-DIG-03,0.307139791023,2026-06,observado,,3697,15
4103701,INF-DIG-02,97.302148025754,2026-06,observado,34155,35102,
4103701,INF-DIG-03,0.775959443665,2026-06,observado,,35102,45
4103800,INF-DIG-02,94.024725274725,2026-06,observado,1369,1456,
4103800,INF-DIG-03,0.771048748641,2026-06,observado,,1456,16
4103909,INF-DIG-02,93.467025015505,2026-06,observado,4521,4837,
4103909,INF-DIG-03,0.699529490841,2026-06,observado,,4837,18
4103958,INF-DIG-02,34.103019538188,2026-06,observado,192,563,
4103958,INF-DIG-03,0.560584789049,2026-06,observado,,563,13
4104006,INF-DIG-02,97.215777262181,2026-06,observado,11732,12068,
4104006,INF-DIG-03,0.723969816823,2026-06,observado,,12068,36
4104055,INF-DIG-02,84.431818181818,2026-06,observado,743,880,
4104055,INF-DIG-03,0.324888946281,2026-06,observado,,880,9
4104105,INF-DIG-02,90.899795501022,2026-06,observado,889,978,
4104105,INF-DIG-03,0.566422438849,2026-06,observado,,978,13
4104204,INF-DIG-02,95.786117066316,2026-06,observado,53168,55507,
4104204,INF-DIG-03,0.748204952874,2026-06,observado,,55507,36
4104253,INF-DIG-02,98.744468457343,2026-06,observado,9595,9717,
4104253,INF-DIG-03,0.646368634539,2026-06,observado,,9717,18
4104303,INF-DIG-02,95.655179223857,2026-06,observado,29061,30381,
4104303,INF-DIG-03,0.797896335923,2026-06,observado,,30381,39
4104402,INF-DIG-02,60.111059694586,2026-06,observado,1299,2161,
4104402,INF-DIG-03,0.382348652151,2026-06,observado,,2161,14
4104428,INF-DIG-02,81.503491308869,2026-06,observado,5486,6731,
4104428,INF-DIG-03,0.765513743203,2026-06,observado,,6731,21
4104451,INF-DIG-02,77.53286929621,2026-06,observado,2005,2586,
4104451,INF-DIG-03,0.272282365214,2026-06,observado,,2586,13
4104501,INF-DIG-02,95.67223198594,2026-06,observado,4355,4552,
4104501,INF-DIG-03,0.602944764811,2026-06,observado,,4552,15
4104600,INF-DIG-02,95.648940126441,2026-06,observado,5144,5378,
4104600,INF-DIG-03,0.590520917624,2026-06,observado,,5378,12
4104659,INF-DIG-02,92.589831519308,2026-06,observado,6210,6707,
4104659,INF-DIG-03,0.550047284749,2026-06,observado,,6707,18
4104709,INF-DIG-02,83.082114735658,2026-06,observado,3693,4445,
4104709,INF-DIG-03,0.619724390469,2026-06,observado,,4445,15
4104808,INF-DIG-02,81.016377458925,2026-06,observado,122978,151794,
4104808,INF-DIG-03,0.856136799598,2026-06,observado,,151794,133
4104907,INF-DIG-02,93.072898085385,2026-06,observado,15653,16818,
4104907,INF-DIG-03,0.896890320796,2026-06,observado,,16818,40
4105003,INF-DIG-02,83.493205435651,2026-06,observado,2089,2502,
4105003,INF-DIG-03,0.564733185474,2026-06,observado,,2502,14
4105102,INF-DIG-02,91.366266132621,2026-06,observado,2053,2247,
4105102,INF-DIG-03,0.750068775873,2026-06,observado,,2247,14
4105201,INF-DIG-02,73.709293089754,2026-06,observado,928,1259,
4105201,INF-DIG-03,0.669153185232,2026-06,observado,,1259,13
4105300,INF-DIG-02,92.960385438972,2026-06,observado,3473,3736,
4105300,INF-DIG-03,0.531863854894,2026-06,observado,,3736,15
4105409,INF-DIG-02,85.648376997858,2026-06,observado,5198,6069,
4105409,INF-DIG-03,0.360619666823,2026-06,observado,,6069,18
4105508,INF-DIG-02,68.616843651907,2026-06,observado,10274,14973,
4105508,INF-DIG-03,0.770435150331,2026-06,observado,,14973,30
4105607,INF-DIG-02,95.697329376855,2026-06,observado,3870,4044,
4105607,INF-DIG-03,0.044831164803,2026-06,observado,,4044,11
4105706,INF-DIG-02,80.367442854091,2026-06,observado,3762,4681,
4105706,INF-DIG-03,0.467827300599,2026-06,observado,,4681,17
4105805,INF-DIG-02,88.818473193473,2026-06,observado,73158,82368,
4105805,INF-DIG-03,0.738328257531,2026-06,observado,,82368,51
4105904,INF-DIG-02,97.512285012285,2026-06,observado,6350,6512,
4105904,INF-DIG-03,0.81146189571,2026-06,observado,,6512,19
4106001,INF-DIG-02,61.941112322792,2026-06,observado,1136,1834,
4106001,INF-DIG-03,0.619440259059,2026-06,observado,,1834,15
4106100,INF-DIG-02,14.285714285714,2026-06,observado,5,35,
4106100,INF-DIG-03,0.641632653061,2026-06,observado,,35,9
4106209,INF-DIG-02,94.432618306861,2026-06,observado,5767,6107,
4106209,INF-DIG-03,0.787621460195,2026-06,observado,,6107,15
4106308,INF-DIG-02,95.712336776457,2026-06,observado,4911,5131,
4106308,INF-DIG-03,0.594182563019,2026-06,observado,,5131,13
4106407,INF-DIG-02,49.639667385279,2026-06,observado,8059,16235,
4106407,INF-DIG-03,0.643564849466,2026-06,observado,,16235,23
4106456,INF-DIG-02,72.222222222222,2026-06,observado,1196,1656,
4106456,INF-DIG-03,0.454489165441,2026-06,observado,,1656,12
4106506,INF-DIG-02,90.712454008251,2026-06,observado,8136,8969,
4106506,INF-DIG-03,0.570940843413,2026-06,observado,,8969,17
4106555,INF-DIG-02,75.613496932515,2026-06,observado,493,652,
4106555,INF-DIG-03,0.11177029621,2026-06,observado,,652,9
4106571,INF-DIG-02,94.001518602885,2026-06,observado,1238,1317,
4106571,INF-DIG-03,0.433574384156,2026-06,observado,,1317,11
4106605,INF-DIG-02,90.954773869347,2026-06,observado,4887,5373,
4106605,INF-DIG-03,0.711386408644,2026-06,observado,,5373,16
4106704,INF-DIG-02,87.479674796748,2026-06,observado,538,615,
4106704,INF-DIG-03,0.685967347478,2026-06,observado,,615,14
4106803,INF-DIG-02,68.279883381924,2026-06,observado,1171,1715,
4106803,INF-DIG-03,0.591203325145,2026-06,observado,,1715,15
4106852,INF-DIG-02,55.598455598456,2026-06,observado,144,259,
4106852,INF-DIG-03,0.650556789553,2026-06,observado,,259,10
4106902,INF-DIG-02,79.984129586681,2026-06,observado,639050,798971,
4106902,INF-DIG-03,0.80082646818,2026-06,observado,,798971,194
4107009,INF-DIG-02,90.088700347088,2026-06,observado,2336,2593,
4107009,INF-DIG-03,0.652640850229,2026-06,observado,,2593,16
4107108,INF-DIG-02,95.490716180371,2026-06,observado,360,377,
4107108,INF-DIG-03,0.464057300058,2026-06,observado,,377,9
4107124,INF-DIG-02,88.504326328801,2026-06,observado,716,809,
4107124,INF-DIG-03,0.687427136922,2026-06,observado,,809,10
4107157,INF-DIG-02,71.489361702128,2026-06,observado,1008,1410,
4107157,INF-DIG-03,0.679223379106,2026-06,observado,,1410,15
4107207,INF-DIG-02,97.22973767792,2026-06,observado,16531,17002,
4107207,INF-DIG-03,0.553787108171,2026-06,observado,,17002,22
4107256,INF-DIG-02,96.883852691218,2026-06,observado,2394,2471,
4107256,INF-DIG-03,0.600310096513,2026-06,observado,,2471,13
4107306,INF-DIG-02,97.34375,2026-06,observado,1246,1280,
4107306,INF-DIG-03,0.609106445312,2026-06,observado,,1280,12
4107405,INF-DIG-02,93.493150684932,2026-06,observado,1092,1168,
4107405,INF-DIG-03,0.192853959467,2026-06,observado,,1168,10
4107504,INF-DIG-02,90.921985815603,2026-06,observado,1923,2115,
4107504,INF-DIG-03,0.664988235557,2026-06,observado,,2115,15
4107520,INF-DIG-02,82.991803278689,2026-06,observado,405,488,
4107520,INF-DIG-03,0.129459486697,2026-06,observado,,488,8
4107538,INF-DIG-02,85.099111414901,2026-06,observado,1245,1463,
4107538,INF-DIG-03,0.422644880392,2026-06,observado,,1463,14
4107546,INF-DIG-02,81.567489114659,2026-06,observado,1124,1378,
4107546,INF-DIG-03,0.604023205209,2026-06,observado,,1378,12
4107553,INF-DIG-02,91.778774289985,2026-06,observado,614,669,
4107553,INF-DIG-03,0.155996612752,2026-06,observado,,669,9
4107603,INF-DIG-02,85.019920318725,2026-06,observado,1067,1255,
4107603,INF-DIG-03,0.635766416406,2026-06,observado,,1255,15
4107652,INF-DIG-02,99.716300290336,2026-06,observado,60104,60275,
4107652,INF-DIG-03,0.815012935493,2026-06,observado,,60275,37
4107702,INF-DIG-02,94.168591224018,2026-06,observado,1631,1732,
4107702,INF-DIG-03,0.745793753234,2026-06,observado,,1732,12
4107736,INF-DIG-02,86.189683860233,2026-06,observado,518,601,
4107736,INF-DIG-03,0.772843929004,2026-06,observado,,601,15
4107751,INF-DIG-02,89.421487603306,2026-06,observado,541,605,
4107751,INF-DIG-03,0.71703298955,2026-06,observado,,605,12
4107801,INF-DIG-02,93.1650893796,2026-06,observado,886,951,
4107801,INF-DIG-03,0.746781571449,2026-06,observado,,951,10
4107850,INF-DIG-02,66.359832635983,2026-06,observado,793,1195,
4107850,INF-DIG-03,0.653282680625,2026-06,observado,,1195,15
4107900,INF-DIG-02,92.123983739837,2026-06,observado,1813,1968,
4107900,INF-DIG-03,0.660214860533,2026-06,observado,,1968,16
4108007,INF-DIG-02,95.055773289117,2026-06,observado,3153,3317,
4108007,INF-DIG-03,0.604357250437,2026-06,observado,,3317,15
4108106,INF-DIG-02,73.798627002288,2026-06,observado,645,874,
4108106,INF-DIG-03,0.761840927061,2026-06,observado,,874,11
4108205,INF-DIG-02,83.723105706268,2026-06,observado,895,1069,
4108205,INF-DIG-03,0.521118589101,2026-06,observado,,1069,13
4108304,INF-DIG-02,73.562962615947,2026-06,observado,62811,85384,
4108304,INF-DIG-03,0.86652474716,2026-06,observado,,85384,49
4108320,INF-DIG-02,91.397849462366,2026-06,observado,170,186,
4108320,INF-DIG-03,0.689443866343,2026-06,observado,,186,10
4108403,INF-DIG-02,91.488658885708,2026-06,observado,33236,36328,
4108403,INF-DIG-03,0.830638249775,2026-06,observado,,36328,33
4108452,INF-DIG-02,65.533980582524,2026-06,observado,135,206,
4108452,INF-DIG-03,0.735224809124,2026-06,observado,,206,11
4108502,INF-DIG-02,32.835820895522,2026-06,observado,66,201,
4108502,INF-DIG-03,0.762159352491,2026-06,observado,,201,14
4108551,INF-DIG-02,65.137614678899,2026-06,observado,142,218,
4108551,INF-DIG-03,0.565314367477,2026-06,observado,,218,8
4108601,INF-DIG-02,95.260663507109,2026-06,observado,2613,2743,
4108601,INF-DIG-03,0.677848589237,2026-06,observado,,2743,15
4108650,INF-DIG-02,88.642297650131,2026-06,observado,679,766,
4108650,INF-DIG-03,0.221973017745,2026-06,observado,,766,10
4108700,INF-DIG-02,51.981351981352,2026-06,observado,223,429,
4108700,INF-DIG-03,0.448161007602,2026-06,observado,,429,12
4108809,INF-DIG-02,95.601203715818,2026-06,observado,36534,38215,
4108809,INF-DIG-03,0.163185932543,2026-06,observado,,38215,23
4108908,INF-DIG-02,91.287878787879,2026-06,observado,482,528,
4108908,INF-DIG-03,0.583082242883,2026-06,observado,,528,14
4108957,INF-DIG-02,75.624461670973,2026-06,observado,878,1161,
4108957,INF-DIG-03,0.55782497639,2026-06,observado,,1161,12
4109005,INF-DIG-02,90.184921763869,2026-06,observado,634,703,
4109005,INF-DIG-03,0.253188428377,2026-06,observado,,703,11
4109104,INF-DIG-02,88.771929824561,2026-06,observado,253,285,
4109104,INF-DIG-03,0.075272391505,2026-06,observado,,285,7
4109203,INF-DIG-02,82.837723024639,2026-06,observado,975,1177,
4109203,INF-DIG-03,0.68126921475,2026-06,observado,,1177,11
4109302,INF-DIG-02,74.319590406898,2026-06,observado,2758,3711,
4109302,INF-DIG-03,0.501040516875,2026-06,observado,,3711,14
4109401,INF-DIG-02,80.055529028949,2026-06,observado,45269,56547,
4109401,INF-DIG-03,0.798486864251,2026-06,observado,,56547,45
4109500,INF-DIG-02,42.688679245283,2026-06,observado,181,424,
4109500,INF-DIG-03,0.7030749377,2026-06,observado,,424,10
4109609,INF-DIG-02,98.478854667043,2026-06,observado,20911,21234,
4109609,INF-DIG-03,0.537288247945,2026-06,observado,,21234,24
4109658,INF-DIG-02,83.333333333333,2026-06,observado,365,438,
4109658,INF-DIG-03,0.597349930152,2026-06,observado,,438,12
4109708,INF-DIG-02,84,2026-06,observado,1218,1450,
4109708,INF-DIG-03,0.784445184304,2026-06,observado,,1450,17
4109757,INF-DIG-02,92.1926910299,2026-06,observado,1110,1204,
4109757,INF-DIG-03,0.253667178066,2026-06,observado,,1204,9
4109807,INF-DIG-02,98.737578901319,2026-06,observado,15799,16001,
4109807,INF-DIG-03,0.424293430414,2026-06,observado,,16001,29
4109906,INF-DIG-02,85.592808551992,2026-06,observado,3523,4116,
4109906,INF-DIG-03,0.637176049095,2026-06,observado,,4116,13
4110003,INF-DIG-02,92.863939105614,2026-06,observado,976,1051,
4110003,INF-DIG-03,0.695688307362,2026-06,observado,,1051,14
4110052,INF-DIG-02,87.227414330218,2026-06,observado,280,321,
4110052,INF-DIG-03,0.37509340942,2026-06,observado,,321,9
4110078,INF-DIG-02,81.434782608696,2026-06,observado,1873,2300,
4110078,INF-DIG-03,0.641640075614,2026-06,observado,,2300,16
4110102,INF-DIG-02,91.85737094199,2026-06,observado,3452,3758,
4110102,INF-DIG-03,0.697749926996,2026-06,observado,,3758,21
4110201,INF-DIG-02,70.353982300885,2026-06,observado,477,678,
4110201,INF-DIG-03,0.505090453442,2026-06,observado,,678,15
4110300,INF-DIG-02,95.132743362832,2026-06,observado,645,678,
4110300,INF-DIG-03,0.579002097093,2026-06,observado,,678,12
4110409,INF-DIG-02,88.981868898187,2026-06,observado,1276,1434,
4110409,INF-DIG-03,0.43889384912,2026-06,observado,,1434,14
4110508,INF-DIG-02,77.415143603133,2026-06,observado,2965,3830,
4110508,INF-DIG-03,0.38266182195,2026-06,observado,,3830,21
4110607,INF-DIG-02,89.898553852795,2026-06,observado,4165,4633,
4110607,INF-DIG-03,0.552282588394,2026-06,observado,,4633,14
4110656,INF-DIG-02,72.457627118644,2026-06,observado,171,236,
4110656,INF-DIG-03,0.571459350761,2026-06,observado,,236,8
4110706,INF-DIG-02,95.855043615713,2026-06,observado,16373,17081,
4110706,INF-DIG-03,0.797942015199,2026-06,observado,,17081,30
4110805,INF-DIG-02,91.015824400204,2026-06,observado,1783,1959,
4110805,INF-DIG-03,0.42546840136,2026-06,observado,,1959,12
4110904,INF-DIG-02,88.414634146341,2026-06,observado,435,492,
4110904,INF-DIG-03,0.522432084077,2026-06,observado,,492,12
4110953,INF-DIG-02,92.06393718452,2026-06,observado,3283,3566,
4110953,INF-DIG-03,0.532389939382,2026-06,observado,,3566,16
4111001,INF-DIG-02,94.865525672372,2026-06,observado,1940,2045,
4111001,INF-DIG-03,0.665144756428,2026-06,observado,,2045,11
4111100,INF-DIG-02,76.880222841226,2026-06,observado,828,1077,
4111100,INF-DIG-03,0.414270183778,2026-06,observado,,1077,12
4111209,INF-DIG-02,89.368850491961,2026-06,observado,3724,4167,
4111209,INF-DIG-03,0.518726881979,2026-06,observado,,4167,15
4111258,INF-DIG-02,99.089860274324,2026-06,observado,7730,7801,
4111258,INF-DIG-03,0.547403385269,2026-06,observado,,7801,20
4111308,INF-DIG-02,91.555555555556,2026-06,observado,206,225,
4111308,INF-DIG-03,0.499160493827,2026-06,observado,,225,10
4111407,INF-DIG-02,73.529411764706,2026-06,observado,75,102,
4111407,INF-DIG-03,0.719146482122,2026-06,observado,,102,17
4111506,INF-DIG-02,86.050580563067,2026-06,observado,5410,6287,
4111506,INF-DIG-03,0.296638277095,2026-06,observado,,6287,19
4111555,INF-DIG-02,98.223234624146,2026-06,observado,2156,2195,
4111555,INF-DIG-03,0.380586236061,2026-06,observado,,2195,9
4111605,INF-DIG-02,85.23166023166,2026-06,observado,883,1036,
4111605,INF-DIG-03,0.457866236341,2026-06,observado,,1036,14
4111704,INF-DIG-02,80.324074074074,2026-06,observado,694,864,
4111704,INF-DIG-03,0.553650655864,2026-06,observado,,864,12
4111803,INF-DIG-02,99.041557469113,2026-06,observado,13227,13355,
4111803,INF-DIG-03,0.655675960484,2026-06,observado,,13355,20
4111902,INF-DIG-02,97.487295313382,2026-06,observado,3453,3542,
4111902,INF-DIG-03,0.11944972024,2026-06,observado,,3542,16
4112009,INF-DIG-02,90.081591024987,2026-06,observado,3533,3922,
4112009,INF-DIG-03,0.33284696664,2026-06,observado,,3922,19
4112108,INF-DIG-02,96.911337209302,2026-06,observado,5334,5504,
4112108,INF-DIG-03,0.820978043981,2026-06,observado,,5504,23
4112207,INF-DIG-02,91.993957703927,2026-06,observado,609,662,
4112207,INF-DIG-03,0.692166920711,2026-06,observado,,662,12
4112306,INF-DIG-02,92.647058823529,2026-06,observado,567,612,
4112306,INF-DIG-03,0.422460378487,2026-06,observado,,612,13
4112405,INF-DIG-02,97.722705961152,2026-06,observado,1459,1493,
4112405,INF-DIG-03,0.305466591358,2026-06,observado,,1493,12
4112504,INF-DIG-02,55.555555555556,2026-06,observado,595,1071,
4112504,INF-DIG-03,0.725700301907,2026-06,observado,,1071,15
4112603,INF-DIG-02,93.333333333333,2026-06,observado,56,60,
4112603,INF-DIG-03,0.242222222222,2026-06,observado,,60,7
4112702,INF-DIG-02,95.432372505543,2026-06,observado,2152,2255,
4112702,INF-DIG-03,0.560038937862,2026-06,observado,,2255,18
4112751,INF-DIG-02,65.412844036697,2026-06,observado,713,1090,
4112751,INF-DIG-03,0.604277417726,2026-06,observado,,1090,9
4112801,INF-DIG-02,91.070297656745,2026-06,observado,1438,1579,
4112801,INF-DIG-03,0.724539665439,2026-06,observado,,1579,14
4112900,INF-DIG-02,35.593220338983,2026-06,observado,21,59,
4112900,INF-DIG-03,0.712438954323,2026-06,observado,,59,12
4112959,INF-DIG-02,91.82776801406,2026-06,observado,1045,1138,
4112959,INF-DIG-03,0.680421669071,2026-06,observado,,1138,13
4113007,INF-DIG-02,92.73075083692,2026-06,observado,1939,2091,
4113007,INF-DIG-03,0.439221541342,2026-06,observado,,2091,13
4113106,INF-DIG-02,65.972222222222,2026-06,observado,190,288,
4113106,INF-DIG-03,0.619140625,2026-06,observado,,288,12
4113205,INF-DIG-02,90.377751338489,2026-06,observado,6077,6724,
4113205,INF-DIG-03,0.532201015939,2026-06,observado,,6724,19
4113254,INF-DIG-02,40.29304029304,2026-06,observado,220,546,
4113254,INF-DIG-03,0.70969689651,2026-06,observado,,546,12
4113304,INF-DIG-02,86.751163481533,2026-06,observado,8761,10099,
4113304,INF-DIG-03,0.741396916737,2026-06,observado,,10099,24
4113403,INF-DIG-02,23.717217787913,2026-06,observado,208,877,
4113403,INF-DIG-03,0.289220663894,2026-06,observado,,877,13
4113429,INF-DIG-02,81.434599156118,2026-06,observado,386,474,
4113429,INF-DIG-03,0.701240898004,2026-06,observado,,474,12
4113452,INF-DIG-02,64.245810055866,2026-06,observado,690,1074,
4113452,INF-DIG-03,0.667322076922,2026-06,observado,,1074,15
4113502,INF-DIG-02,97.042488197723,2026-06,observado,6989,7202,
4113502,INF-DIG-03,0.535119066944,2026-06,observado,,7202,19
4113601,INF-DIG-02,91.011235955056,2026-06,observado,891,979,
4113601,INF-DIG-03,0.508586339691,2026-06,observado,,979,11
4113700,INF-DIG-02,75.278823160453,2026-06,observado,153623,204072,
4113700,INF-DIG-03,0.783720316157,2026-06,observado,,204072,90
4113734,INF-DIG-02,65.795206971678,2026-06,observado,302,459,
4113734,INF-DIG-03,0.605075920467,2026-06,observado,,459,16
4113759,INF-DIG-02,81.609195402299,2026-06,observado,426,522,
4113759,INF-DIG-03,0.683599770996,2026-06,observado,,522,12
4113809,INF-DIG-02,96.321998612075,2026-06,observado,1388,1441,
4113809,INF-DIG-03,0.615511531288,2026-06,observado,,1441,12
4113908,INF-DIG-02,73.728813559322,2026-06,observado,609,826,
4113908,INF-DIG-03,0.722241438948,2026-06,observado,,826,18
4114005,INF-DIG-02,82.300275482094,2026-06,observado,2390,2904,
4114005,INF-DIG-03,0.350543375149,2026-06,observado,,2904,14
4114104,INF-DIG-02,96.616541353383,2026-06,observado,6939,7182,
4114104,INF-DIG-03,0.80704096328,2026-06,observado,,7182,24
4114203,INF-DIG-02,89.947267096342,2026-06,observado,10746,11947,
4114203,INF-DIG-03,0.692199397539,2026-06,observado,,11947,22
4114302,INF-DIG-02,97.208538587849,2026-06,observado,11248,11571,
4114302,INF-DIG-03,0.605810432315,2026-06,observado,,11571,21
4114351,INF-DIG-02,42.079207920792,2026-06,observado,170,404,
4114351,INF-DIG-03,0.370294578963,2026-06,observado,,404,9
4114401,INF-DIG-02,90.695187165775,2026-06,observado,2544,2805,
4114401,INF-DIG-03,0.547029781934,2026-06,observado,,2805,23
4114500,INF-DIG-02,51.334044823906,2026-06,observado,481,937,
4114500,INF-DIG-03,0.624468517681,2026-06,observado,,937,15
4114609,INF-DIG-02,95.038321903994,2026-06,observado,21204,22311,
4114609,INF-DIG-03,0.556669140266,2026-06,observado,,22311,26
4114708,INF-DIG-02,88.715159755269,2026-06,observado,1305,1471,
4114708,INF-DIG-03,0.581735903886,2026-06,observado,,1471,11
4114807,INF-DIG-02,95.909446764092,2026-06,observado,14701,15328,
4114807,INF-DIG-03,0.636279341353,2026-06,observado,,15328,33
4114906,INF-DIG-02,77.024482109228,2026-06,observado,409,531,
4114906,INF-DIG-03,0.748351722401,2026-06,observado,,531,14
4115002,INF-DIG-02,94.5295404814,2026-06,observado,864,914,
4115002,INF-DIG-03,0.159679960163,2026-06,observado,,914,12
4115101,INF-DIG-02,89.014466546112,2026-06,observado,1969,2212,
4115101,INF-DIG-03,0.408200052974,2026-06,observado,,2212,9
4115200,INF-DIG-02,82.883746405587,2026-06,observado,145272,175272,
4115200,INF-DIG-03,0.874557970023,2026-06,observado,,175272,83
4115309,INF-DIG-02,92.94670846395,2026-06,observado,1186,1276,
4115309,INF-DIG-03,0.413628502078,2026-06,observado,,1276,10
4115358,INF-DIG-02,81.877022653722,2026-06,observado,1518,1854,
4115358,INF-DIG-03,0.668475636223,2026-06,observado,,1854,12
4115408,INF-DIG-02,83.464091732046,2026-06,observado,4149,4971,
4115408,INF-DIG-03,0.75049497506,2026-06,observado,,4971,17
4115457,INF-DIG-02,25,2026-06,observado,42,168,
4115457,INF-DIG-03,0.835813492063,2026-06,observado,,168,13
4115507,INF-DIG-02,97.406340057637,2026-06,observado,676,694,
4115507,INF-DIG-03,0.292390934232,2026-06,observado,,694,9
4115606,INF-DIG-02,90.41257367387,2026-06,observado,4602,5090,
4115606,INF-DIG-03,0.713826563893,2026-06,observado,,5090,17
4115705,INF-DIG-02,97.843781236613,2026-06,observado,13704,14006,
4115705,INF-DIG-03,0.661761001675,2026-06,observado,,14006,25
4115739,INF-DIG-02,45.088161209068,2026-06,observado,358,794,
4115739,INF-DIG-03,0.114054400447,2026-06,observado,,794,9
4115754,INF-DIG-02,86.849315068493,2026-06,observado,1268,1460,
4115754,INF-DIG-03,0.763404015763,2026-06,observado,,1460,14
4115804,INF-DIG-02,96.873165002936,2026-06,observado,19797,20436,
4115804,INF-DIG-03,0.57385065946,2026-06,observado,,20436,27
4115853,INF-DIG-02,89.59174517721,2026-06,observado,1997,2229,
4115853,INF-DIG-03,0.650489358734,2026-06,observado,,2229,13
4115903,INF-DIG-02,65.217391304348,2026-06,observado,75,115,
4115903,INF-DIG-03,0.749187145558,2026-06,observado,,115,9
4116000,INF-DIG-02,90.403071017274,2026-06,observado,471,521,
4116000,INF-DIG-03,0.462649341846,2026-06,observado,,521,8
4116059,INF-DIG-02,71.779935275081,2026-06,observado,3327,4635,
4116059,INF-DIG-03,0.74045428468,2026-06,observado,,4635,15
4116109,INF-DIG-02,93.583191368541,2026-06,observado,1648,1761,
4116109,INF-DIG-03,0.146636006786,2026-06,observado,,1761,15
4116208,INF-DIG-02,93.352371886403,2026-06,observado,5884,6303,
4116208,INF-DIG-03,0.644253802167,2026-06,observado,,6303,17
4116307,INF-DIG-02,84.644913627639,2026-06,observado,882,1042,
4116307,INF-DIG-03,0.699568230297,2026-06,observado,,1042,14
4116406,INF-DIG-02,90.165631469979,2026-06,observado,871,966,
4116406,INF-DIG-03,0.754019692313,2026-06,observado,,966,11
4116505,INF-DIG-02,83.984375,2026-06,observado,215,256,
4116505,INF-DIG-03,0.63720703125,2026-06,observado,,256,8
4116604,INF-DIG-02,22.4,2026-06,observado,28,125,
4116604,INF-DIG-03,0.325504,2026-06,observado,,125,9
4116703,INF-DIG-02,81.39650872818,2026-06,observado,1632,2005,
4116703,INF-DIG-03,0.812537235465,2026-06,observado,,2005,16
4116802,INF-DIG-02,80.769230769231,2026-06,observado,945,1170,
4116802,INF-DIG-03,0.676829571189,2026-06,observado,,1170,13
4116901,INF-DIG-02,98.534835044354,2026-06,observado,9886,10033,
4116901,INF-DIG-03,0.579770044014,2026-06,observado,,10033,24
4116950,INF-DIG-02,93.692660550459,2026-06,observado,817,872,
4116950,INF-DIG-03,0.088936642539,2026-06,observado,,872,11
4117008,INF-DIG-02,46.524307133121,2026-06,observado,1024,2201,
4117008,INF-DIG-03,0.500139026476,2026-06,observado,,2201,11
4117057,INF-DIG-02,40.713765477058,2026-06,observado,559,1373,
4117057,INF-DIG-03,0.569025249731,2026-06,observado,,1373,13
4117107,INF-DIG-02,97.167443528146,2026-06,observado,2710,2789,
4117107,INF-DIG-03,0.32264976851,2026-06,observado,,2789,17
4117206,INF-DIG-02,98.885350318471,2026-06,observado,1242,1256,
4117206,INF-DIG-03,0.520609355349,2026-06,observado,,1256,10
4117214,INF-DIG-02,71.020408163265,2026-06,observado,174,245,
4117214,INF-DIG-03,0.756218242399,2026-06,observado,,245,10
4117222,INF-DIG-02,87.737420859713,2026-06,observado,2633,3001,
4117222,INF-DIG-03,0.217832976035,2026-06,observado,,3001,14
4117255,INF-DIG-02,86.299170457586,2026-06,observado,3225,3737,
4117255,INF-DIG-03,0.18024400564,2026-06,observado,,3737,9
4117271,INF-DIG-02,14.808043875686,2026-06,observado,81,547,
4117271,INF-DIG-03,0.684351072327,2026-06,observado,,547,13
4117297,INF-DIG-02,60.434782608696,2026-06,observado,139,230,
4117297,INF-DIG-03,0.529981096408,2026-06,observado,,230,11
4117305,INF-DIG-02,82.792701469843,2026-06,observado,3267,3946,
4117305,INF-DIG-03,0.868228561505,2026-06,observado,,3946,23
4117404,INF-DIG-02,87.755102040816,2026-06,observado,215,245,
4117404,INF-DIG-03,0.790537276135,2026-06,observado,,245,14
4117453,INF-DIG-02,85.526315789474,2026-06,observado,2015,2356,
4117453,INF-DIG-03,0.571442778039,2026-06,observado,,2356,13
4117503,INF-DIG-02,97.908818328592,2026-06,observado,12735,13007,
4117503,INF-DIG-03,0.831770041986,2026-06,observado,,13007,34
4117602,INF-DIG-02,83.039715654458,2026-06,observado,10747,12942,
4117602,INF-DIG-03,0.600505814597,2026-06,observado,,12942,28
4117701,INF-DIG-02,88.189783743475,2026-06,observado,9461,10728,
4117701,INF-DIG-03,0.821523687066,2026-06,observado,,10728,21
4117800,INF-DIG-02,48.663967611336,2026-06,observado,601,1235,
4117800,INF-DIG-03,0.802956940779,2026-06,observado,,1235,15
4117909,INF-DIG-02,92.172090729783,2026-06,observado,7477,8112,
4117909,INF-DIG-03,0.779999296097,2026-06,observado,,8112,18
4118006,INF-DIG-02,89.717223650386,2026-06,observado,1047,1167,
4118006,INF-DIG-03,0.119513411152,2026-06,observado,,1167,10
4118105,INF-DIG-02,96.935483870968,2026-06,observado,1202,1240,
4118105,INF-DIG-03,0.767140998959,2026-06,observado,,1240,14
4118204,INF-DIG-02,98.832786396181,2026-06,observado,53006,53632,
4118204,INF-DIG-03,0.734039572773,2026-06,observado,,53632,38
4118303,INF-DIG-02,92.156862745098,2026-06,observado,235,255,
4118303,INF-DIG-03,0.686566705113,2026-06,observado,,255,12
4118402,INF-DIG-02,97.61109190767,2026-06,observado,25415,26037,
4118402,INF-DIG-03,0.376041499046,2026-06,observado,,26037,28
4118451,INF-DIG-02,92.579505300353,2026-06,observado,786,849,
4118451,INF-DIG-03,0.697537878,2026-06,observado,,849,15
4118501,INF-DIG-02,98.890723919626,2026-06,observado,35927,36330,
4118501,INF-DIG-03,0.605383164949,2026-06,observado,,36330,30
4118600,INF-DIG-02,91.049382716049,2026-06,observado,1180,1296,
4118600,INF-DIG-03,0.496035998704,2026-06,observado,,1296,16
4118709,INF-DIG-02,81.593406593407,2026-06,observado,594,728,
4118709,INF-DIG-03,0.39159295375,2026-06,observado,,728,14
4118808,INF-DIG-02,94.909274193548,2026-06,observado,3766,3968,
4118808,INF-DIG-03,0.453338400754,2026-06,observado,,3968,15
4118857,INF-DIG-02,95.583238958097,2026-06,observado,1688,1766,
4118857,INF-DIG-03,0.617110796741,2026-06,observado,,1766,13
4118907,INF-DIG-02,94.979079497908,2026-06,observado,2497,2629,
4118907,INF-DIG-03,0.605146881905,2026-06,observado,,2629,15
4119004,INF-DIG-02,79.869281045752,2026-06,observado,1222,1530,
4119004,INF-DIG-03,0.312797641933,2026-06,observado,,1530,11
4119103,INF-DIG-02,93.838280450358,2026-06,observado,4584,4885,
4119103,INF-DIG-03,0.454748341852,2026-06,observado,,4885,18
4119152,INF-DIG-02,78.577669372747,2026-06,observado,43169,54938,
4119152,INF-DIG-03,0.774380443606,2026-06,observado,,54938,54
4119202,INF-DIG-02,90.555555555556,2026-06,observado,815,900,
4119202,INF-DIG-03,0.375854320988,2026-06,observado,,900,9
4119251,INF-DIG-02,75.609756097561,2026-06,observado,403,533,
4119251,INF-DIG-03,0.500843045665,2026-06,observado,,533,10
4119301,INF-DIG-02,49.24178090501,2026-06,observado,4059,8243,
4119301,INF-DIG-03,0.799135102983,2026-06,observado,,8243,17
4119400,INF-DIG-02,89.024390243902,2026-06,observado,3066,3444,
4119400,INF-DIG-03,0.608380681243,2026-06,observado,,3444,17
4119509,INF-DIG-02,97.009128630705,2026-06,observado,29224,30125,
4119509,INF-DIG-03,0.869594014979,2026-06,observado,,30125,37
4119608,INF-DIG-02,61.230412071967,2026-06,observado,2110,3446,
4119608,INF-DIG-03,0.601727540641,2026-06,observado,,3446,26
4119657,INF-DIG-02,91.279069767442,2026-06,observado,628,688,
4119657,INF-DIG-03,0.742698756084,2026-06,observado,,688,12
4119707,INF-DIG-02,81.069042316258,2026-06,observado,364,449,
4119707,INF-DIG-03,0.547437760725,2026-06,observado,,449,9
4119806,INF-DIG-02,81.508875739645,2026-06,observado,3306,4056,
4119806,INF-DIG-03,0.555548990659,2026-06,observado,,4056,21
4119905,INF-DIG-02,84.841888342258,2026-06,observado,116924,137814,
4119905,INF-DIG-03,0.882856103636,2026-06,observado,,137814,65
4119954,INF-DIG-02,99.287674432183,2026-06,observado,17005,17127,
4119954,INF-DIG-03,0.684176337354,2026-06,observado,,17127,21
4120002,INF-DIG-02,98.01397572637,2026-06,observado,2665,2719,
4120002,INF-DIG-03,0.472897936294,2026-06,observado,,2719,13
4120101,INF-DIG-02,95.640509725017,2026-06,observado,1426,1491,
4120101,INF-DIG-03,0.525133362212,2026-06,observado,,1491,12
4120150,INF-DIG-02,48.578199052133,2026-06,observado,410,844,
4120150,INF-DIG-03,0.078336627659,2026-06,observado,,844,11
4120200,INF-DIG-02,91.991570073762,2026-06,observado,873,949,
4120200,INF-DIG-03,0.814609355308,2026-06,observado,,949,17
4120309,INF-DIG-02,83.480176211454,2026-06,observado,379,454,
4120309,INF-DIG-03,0.310650313416,2026-06,observado,,454,12
4120333,INF-DIG-02,96.976016684046,2026-06,observado,930,959,
4120333,INF-DIG-03,0.552191466389,2026-06,observado,,959,13
4120358,INF-DIG-02,94.040773653947,2026-06,observado,1799,1913,
4120358,INF-DIG-03,0.52360373585,2026-06,observado,,1913,13
4120408,INF-DIG-02,96.238757154538,2026-06,observado,1177,1223,
4120408,INF-DIG-03,0.566315154684,2026-06,observado,,1223,11
4120507,INF-DIG-02,80.976013234078,2026-06,observado,979,1209,
4120507,INF-DIG-03,0.60559178097,2026-06,observado,,1209,15
4120606,INF-DIG-02,87.145898149664,2026-06,observado,5322,6107,
4120606,INF-DIG-03,0.684898363873,2026-06,observado,,6107,22
4120655,INF-DIG-02,88.665997993982,2026-06,observado,884,997,
4120655,INF-DIG-03,0.383654473953,2026-06,observado,,997,10
4120705,INF-DIG-02,98.287153652393,2026-06,observado,1951,1985,
4120705,INF-DIG-03,0.764788305236,2026-06,observado,,1985,13
4120804,INF-DIG-02,97.500879971841,2026-06,observado,8310,8523,
4120804,INF-DIG-03,0.778428576304,2026-06,observado,,8523,29
4120853,INF-DIG-02,83.874458874459,2026-06,observado,1550,1848,
4120853,INF-DIG-03,0.585381880025,2026-06,observado,,1848,15
4120903,INF-DIG-02,90.48491510932,2026-06,observado,7408,8187,
4120903,INF-DIG-03,0.643423962674,2026-06,observado,,8187,19
4121000,INF-DIG-02,89.391891891892,2026-06,observado,1323,1480,
4121000,INF-DIG-03,0.522573046019,2026-06,observado,,1480,13
4121109,INF-DIG-02,85.011185682327,2026-06,observado,380,447,
4121109,INF-DIG-03,0.631192789114,2026-06,observado,,447,11
4121208,INF-DIG-02,94.780793319415,2026-06,observado,5448,5748,
4121208,INF-DIG-03,0.48558071574,2026-06,observado,,5748,19
4121257,INF-DIG-02,75.123326286117,2026-06,observado,1066,1419,
4121257,INF-DIG-03,0.694152300328,2026-06,observado,,1419,14
4121307,INF-DIG-02,92.021276595745,2026-06,observado,519,564,
4121307,INF-DIG-03,0.158461596499,2026-06,observado,,564,16
4121356,INF-DIG-02,89.84962406015,2026-06,observado,239,266,
4121356,INF-DIG-03,0.463508395048,2026-06,observado,,266,8
4121406,INF-DIG-02,92.87740308856,2026-06,observado,5894,6346,
4121406,INF-DIG-03,0.684220309857,2026-06,observado,,6346,13
4121505,INF-DIG-02,94.073797987328,2026-06,observado,2524,2683,
4121505,INF-DIG-03,0.560203676077,2026-06,observado,,2683,23
4121604,INF-DIG-02,73.101673101673,2026-06,observado,1136,1554,
4121604,INF-DIG-03,0.690473705918,2026-06,observado,,1554,13
4121703,INF-DIG-02,71.062025881303,2026-06,observado,3185,4482,
4121703,INF-DIG-03,0.814454506011,2026-06,observado,,4482,19
4121752,INF-DIG-02,72.849915682968,2026-06,observado,432,593,
4121752,INF-DIG-03,0.547381053266,2026-06,observado,,593,12
4121802,INF-DIG-02,91.612903225806,2026-06,observado,4118,4495,
4121802,INF-DIG-03,0.648062746767,2026-06,observado,,4495,16
4121901,INF-DIG-02,90.128755364807,2026-06,observado,1680,1864,
4121901,INF-DIG-03,0.794742604395,2026-06,observado,,1864,17
4122008,INF-DIG-02,83.195798949737,2026-06,observado,2218,2666,
4122008,INF-DIG-03,0.621365487658,2026-06,observado,,2666,23
4122107,INF-DIG-02,64.851485148515,2026-06,observado,131,202,
4122107,INF-DIG-03,0.575678855014,2026-06,observado,,202,12
4122156,INF-DIG-02,67.112191170514,2026-06,observado,1657,2469,
4122156,INF-DIG-03,0.328301969123,2026-06,observado,,2469,21
4122172,INF-DIG-02,89.437428243398,2026-06,observado,779,871,
4122172,INF-DIG-03,0.42209424484,2026-06,observado,,871,10
4122206,INF-DIG-02,95.764738989728,2026-06,observado,6806,7107,
4122206,INF-DIG-03,0.324828409829,2026-06,observado,,7107,22
4122305,INF-DIG-02,95.478338345027,2026-06,observado,8573,8979,
4122305,INF-DIG-03,0.651887853408,2026-06,observado,,8979,19
4122404,INF-DIG-02,98.51142714847,2026-06,observado,17802,18071,
4122404,INF-DIG-03,0.765723049003,2026-06,observado,,18071,26
4122503,INF-DIG-02,70.03717472119,2026-06,observado,942,1345,
4122503,INF-DIG-03,0.624216912425,2026-06,observado,,1345,13
4122602,INF-DIG-02,89.444444444444,2026-06,observado,1932,2160,
4122602,INF-DIG-03,0.124713648834,2026-06,observado,,2160,13
4122651,INF-DIG-02,30.204081632653,2026-06,observado,74,245,
4122651,INF-DIG-03,0.465139525198,2026-06,observado,,245,7
4122701,INF-DIG-02,90.046948356808,2026-06,observado,1918,2130,
4122701,INF-DIG-03,0.745031629527,2026-06,observado,,2130,17
4122800,INF-DIG-02,64.808362369338,2026-06,observado,372,574,
4122800,INF-DIG-03,0.628331046874,2026-06,observado,,574,13
4122909,INF-DIG-02,79.047619047619,2026-06,observado,664,840,
4122909,INF-DIG-03,0.551091269841,2026-06,observado,,840,10
4123006,INF-DIG-02,96.687279151943,2026-06,observado,4378,4528,
4123006,INF-DIG-03,0.579924170298,2026-06,observado,,4528,22
4123105,INF-DIG-02,83.774038461538,2026-06,observado,697,832,
4123105,INF-DIG-03,0.629544771635,2026-06,observado,,832,11
4123204,INF-DIG-02,90.526315789474,2026-06,observado,172,190,
4123204,INF-DIG-03,0.640055401662,2026-06,observado,,190,11
4123303,INF-DIG-02,92.987012987013,2026-06,observado,1074,1155,
4123303,INF-DIG-03,0.613678154457,2026-06,observado,,1155,12
4123402,INF-DIG-02,89.955640050697,2026-06,observado,2839,3156,
4123402,INF-DIG-03,0.685864814199,2026-06,observado,,3156,16
4123501,INF-DIG-02,84.75935828877,2026-06,observado,8876,10472,
4123501,INF-DIG-03,0.545195277917,2026-06,observado,,10472,17
4123600,INF-DIG-02,91.326530612245,2026-06,observado,179,196,
4123600,INF-DIG-03,0.547792586422,2026-06,observado,,196,10
4123709,INF-DIG-02,89.889415481833,2026-06,observado,569,633,
4123709,INF-DIG-03,0.630823406682,2026-06,observado,,633,10
4123808,INF-DIG-02,82.152974504249,2026-06,observado,2610,3177,
4123808,INF-DIG-03,0.57457376055,2026-06,observado,,3177,18
4123824,INF-DIG-02,51.706036745407,2026-06,observado,394,762,
4123824,INF-DIG-03,0.716452766239,2026-06,observado,,762,11
4123857,INF-DIG-02,29.799426934097,2026-06,observado,208,698,
4123857,INF-DIG-03,0.845066953473,2026-06,observado,,698,18
4123907,INF-DIG-02,48.568608094768,2026-06,observado,1476,3039,
4123907,INF-DIG-03,0.536962235265,2026-06,observado,,3039,15
4123956,INF-DIG-02,87.060998151571,2026-06,observado,471,541,
4123956,INF-DIG-03,0.071955473707,2026-06,observado,,541,9
4124004,INF-DIG-02,80.790960451977,2026-06,observado,286,354,
4124004,INF-DIG-03,0.652223179801,2026-06,observado,,354,12
4124020,INF-DIG-02,96.346830985915,2026-06,observado,4378,4544,
4124020,INF-DIG-03,0.541002645494,2026-06,observado,,4544,16
4124053,INF-DIG-02,85.809128630705,2026-06,observado,6204,7230,
4124053,INF-DIG-03,0.64564847177,2026-06,observado,,7230,14
4124103,INF-DIG-02,97.393704006541,2026-06,observado,9529,9784,
4124103,INF-DIG-03,0.784433522884,2026-06,observado,,9784,26
4124202,INF-DIG-02,95.394736842105,2026-06,observado,580,608,
4124202,INF-DIG-03,0.718836565097,2026-06,observado,,608,12
4124301,INF-DIG-02,87.8125,2026-06,observado,281,320,
4124301,INF-DIG-03,0.2598046875,2026-06,observado,,320,9
4124400,INF-DIG-02,92.095561126677,2026-06,observado,6245,6781,
4124400,INF-DIG-03,0.576405908395,2026-06,observado,,6781,13
4124509,INF-DIG-02,87.476635514019,2026-06,observado,468,535,
4124509,INF-DIG-03,0.57768538737,2026-06,observado,,535,12
4124608,INF-DIG-02,97.024178549287,2026-06,observado,1565,1613,
4124608,INF-DIG-03,0.543573238055,2026-06,observado,,1613,10
4124707,INF-DIG-02,74.841437632135,2026-06,observado,708,946,
4124707,INF-DIG-03,0.729605907147,2026-06,observado,,946,16
4124806,INF-DIG-02,86.955574912892,2026-06,observado,3993,4592,
4124806,INF-DIG-03,0.45523962671,2026-06,observado,,4592,19
4124905,INF-DIG-02,96.332254584682,2026-06,observado,893,927,
4124905,INF-DIG-03,0.74378264902,2026-06,observado,,927,13
4125001,INF-DIG-02,89.692701664533,2026-06,observado,1401,1562,
4125001,INF-DIG-03,0.711890596284,2026-06,observado,,1562,15
4125100,INF-DIG-02,59.303534303534,2026-06,observado,1141,1924,
4125100,INF-DIG-03,0.696030770095,2026-06,observado,,1924,14
4125209,INF-DIG-02,90.282131661442,2026-06,observado,2592,2871,
4125209,INF-DIG-03,0.298093293157,2026-06,observado,,2871,12
4125308,INF-DIG-02,95,2026-06,observado,1083,1140,
4125308,INF-DIG-03,0.77689904586,2026-06,observado,,1140,14
4125357,INF-DIG-02,88.224527150702,2026-06,observado,1446,1639,
4125357,INF-DIG-03,0.081965632551,2026-06,observado,,1639,13
4125407,INF-DIG-02,67.93893129771,2026-06,observado,623,917,
4125407,INF-DIG-03,0.505455535748,2026-06,observado,,917,10
4125456,INF-DIG-02,76.431226765799,2026-06,observado,1028,1345,
4125456,INF-DIG-03,0.405091140255,2026-06,observado,,1345,13
4125506,INF-DIG-02,85.823979409452,2026-06,observado,120042,139870,
4125506,INF-DIG-03,0.812228212668,2026-06,observado,,139870,53
4125555,INF-DIG-02,89.189189189189,2026-06,observado,99,111,
4125555,INF-DIG-03,0.183913643373,2026-06,observado,,111,7
4125605,INF-DIG-02,95.882858370328,2026-06,observado,13391,13966,
4125605,INF-DIG-03,0.527645441337,2026-06,observado,,13966,21
4125704,INF-DIG-02,92.184087363495,2026-06,observado,5909,6410,
4125704,INF-DIG-03,0.705500765428,2026-06,observado,,6410,17
4125753,INF-DIG-02,69.986807387863,2026-06,observado,1061,1516,
4125753,INF-DIG-03,0.528693061173,2026-06,observado,,1516,14
4125803,INF-DIG-02,88.328767123288,2026-06,observado,1612,1825,
4125803,INF-DIG-03,0.790605366861,2026-06,observado,,1825,14
4125902,INF-DIG-02,79.677419354839,2026-06,observado,247,310,
4125902,INF-DIG-03,0.74459937565,2026-06,observado,,310,11
4126009,INF-DIG-02,47.971360381862,2026-06,observado,1005,2095,
4126009,INF-DIG-03,0.554519511737,2026-06,observado,,2095,14
4126108,INF-DIG-02,78.448275862069,2026-06,observado,91,116,
4126108,INF-DIG-03,0.615784780024,2026-06,observado,,116,10
4126207,INF-DIG-02,79.646017699115,2026-06,observado,540,678,
4126207,INF-DIG-03,0.720290460403,2026-06,observado,,678,13
4126256,INF-DIG-02,99.179931005265,2026-06,observado,32775,33046,
4126256,INF-DIG-03,0.677509712491,2026-06,observado,,33046,38
4126272,INF-DIG-02,82.287234042553,2026-06,observado,1547,1880,
4126272,INF-DIG-03,0.390670552286,2026-06,observado,,1880,13
4126306,INF-DIG-02,88.84873515746,2026-06,observado,1721,1937,
4126306,INF-DIG-03,0.542736893615,2026-06,observado,,1937,18
4126355,INF-DIG-02,73.897058823529,2026-06,observado,1407,1904,
4126355,INF-DIG-03,0.588444936798,2026-06,observado,,1904,10
4126405,INF-DIG-02,27.576853526221,2026-06,observado,305,1106,
4126405,INF-DIG-03,0.221296626326,2026-06,observado,,1106,11
4126504,INF-DIG-02,25.230931644233,2026-06,observado,956,3789,
4126504,INF-DIG-03,0.406116495772,2026-06,observado,,3789,15
4126603,INF-DIG-02,91.613076098607,2026-06,observado,3419,3732,
4126603,INF-DIG-03,0.714959781226,2026-06,observado,,3732,19
4126652,INF-DIG-02,67.961165048544,2026-06,observado,350,515,
4126652,INF-DIG-03,0.254169101706,2026-06,observado,,515,12
4126678,INF-DIG-02,79.925925925926,2026-06,observado,1079,1350,
4126678,INF-DIG-03,0.553792043896,2026-06,observado,,1350,13
4126702,INF-DIG-02,94.832041343669,2026-06,observado,1101,1161,
4126702,INF-DIG-03,0.540620704032,2026-06,observado,,1161,9
4126801,INF-DIG-02,96.246819338422,2026-06,observado,3026,3144,
4126801,INF-DIG-03,0.596804608641,2026-06,observado,,3144,16
4126900,INF-DIG-02,87.399598393574,2026-06,observado,1741,1992,
4126900,INF-DIG-03,0.296792592055,2026-06,observado,,1992,9
4127007,INF-DIG-02,78.848283499446,2026-06,observado,712,903,
4127007,INF-DIG-03,0.755799850137,2026-06,observado,,903,19
4127106,INF-DIG-02,99.039212623028,2026-06,observado,25358,25604,
4127106,INF-DIG-03,0.851226155493,2026-06,observado,,25604,34
4127205,INF-DIG-02,92.425814484333,2026-06,observado,4454,4819,
4127205,INF-DIG-03,0.528803013561,2026-06,observado,,4819,14
4127304,INF-DIG-02,96.621896621897,2026-06,observado,2374,2457,
4127304,INF-DIG-03,0.635953624151,2026-06,observado,,2457,16
4127403,INF-DIG-02,97.713647584342,2026-06,observado,16625,17014,
4127403,INF-DIG-03,0.197991056923,2026-06,observado,,17014,12
4127502,INF-DIG-02,76.989557075981,2026-06,observado,2138,2777,
4127502,INF-DIG-03,0.823653943234,2026-06,observado,,2777,25
4127601,INF-DIG-02,95.795219828858,2026-06,observado,6493,6778,
4127601,INF-DIG-03,0.554725766916,2026-06,observado,,6778,16
4127700,INF-DIG-02,96.481354527047,2026-06,observado,60516,62723,
4127700,INF-DIG-03,0.749921420178,2026-06,observado,,62723,33
4127809,INF-DIG-02,88.089622641509,2026-06,observado,747,848,
4127809,INF-DIG-03,0.590576606444,2026-06,observado,,848,13
4127858,INF-DIG-02,82.566585956416,2026-06,observado,1364,1652,
4127858,INF-DIG-03,0.653498730719,2026-06,observado,,1652,12
4127882,INF-DIG-02,84.758942457232,2026-06,observado,545,643,
4127882,INF-DIG-03,0.686522400586,2026-06,observado,,643,11
4127908,INF-DIG-02,84.650856389987,2026-06,observado,1285,1518,
4127908,INF-DIG-03,0.648716933903,2026-06,observado,,1518,13
4127957,INF-DIG-02,97.327249022164,2026-06,observado,1493,1534,
4127957,INF-DIG-03,0.490525914984,2026-06,observado,,1534,9
4127965,INF-DIG-02,40.63981042654,2026-06,observado,343,844,
4127965,INF-DIG-03,0.714519552571,2026-06,observado,,844,14
4128005,INF-DIG-02,95.674459307413,2026-06,observado,7653,7999,
4128005,INF-DIG-03,0.540769090073,2026-06,observado,,7999,17
4128104,INF-DIG-02,97.512232249647,2026-06,observado,44841,45985,
4128104,INF-DIG-03,0.765047866692,2026-06,observado,,45985,35
4128203,INF-DIG-02,97.188413499867,2026-06,observado,18286,18815,
4128203,INF-DIG-03,0.812744463714,2026-06,observado,,18815,31
4128302,INF-DIG-02,96.843853820598,2026-06,observado,583,602,
4128302,INF-DIG-03,0.077399807949,2026-06,observado,,602,9
4128401,INF-DIG-02,95.040822497732,2026-06,observado,3143,3307,
4128401,INF-DIG-03,0.047529642019,2026-06,observado,,3307,13
4128500,INF-DIG-02,94.594594594595,2026-06,observado,2030,2146,
4128500,INF-DIG-03,0.730196147235,2026-06,observado,,2146,19
4128534,INF-DIG-02,84.623773173391,2026-06,observado,776,917,
4128534,INF-DIG-03,0.741386794214,2026-06,observado,,917,12
4128559,INF-DIG-02,82.993512511585,2026-06,observado,1791,2158,
4128559,INF-DIG-03,0.683201330309,2026-06,observado,,2158,15
4128609,INF-DIG-02,87.991197736561,2026-06,observado,2799,3181,
4128609,INF-DIG-03,0.302851702891,2026-06,observado,,3181,16
4128625,INF-DIG-02,78.542009884679,2026-06,observado,3814,4856,
4128625,INF-DIG-03,0.153702327188,2026-06,observado,,4856,11
4128633,INF-DIG-02,20.359281437126,2026-06,observado,34,167,
4128633,INF-DIG-03,0.703503173294,2026-06,observado,,167,12
4128658,INF-DIG-02,83.401639344262,2026-06,observado,814,976,
4128658,INF-DIG-03,0.493090315103,2026-06,observado,,976,11
4128708,INF-DIG-02,94.468225222259,2026-06,observado,2869,3037,
4128708,INF-DIG-03,0.643554215385,2026-06,observado,,3037,17
4128807,INF-DIG-02,77.808792742498,2026-06,observado,1115,1433,
4128807,INF-DIG-03,0.527796350504,2026-06,observado,,1433,18
4200051,INF-DIG-02,78.181818181818,2026-06,observado,172,220,
4200051,INF-DIG-03,0.662107438017,2026-06,observado,,220,11
4200101,INF-DIG-02,67.375231053604,2026-06,observado,2916,4328,
4200101,INF-DIG-03,0.650972176192,2026-06,observado,,4328,16
4200200,INF-DIG-02,93.766369827135,2026-06,observado,1790,1909,
4200200,INF-DIG-03,0.571255070616,2026-06,observado,,1909,10
4200309,INF-DIG-02,82.608695652174,2026-06,observado,513,621,
4200309,INF-DIG-03,0.33930002256,2026-06,observado,,621,14
4200408,INF-DIG-02,69.766435986159,2026-06,observado,1613,2312,
4200408,INF-DIG-03,0.599617910466,2026-06,observado,,2312,18
4200507,INF-DIG-02,85.892351274788,2026-06,observado,1516,1765,
4200507,INF-DIG-03,0.628469532698,2026-06,observado,,1765,13
4200556,INF-DIG-02,84.645286686103,2026-06,observado,871,1029,
4200556,INF-DIG-03,0.753306681551,2026-06,observado,,1029,15
4200606,INF-DIG-02,84.311096211867,2026-06,observado,2515,2983,
4200606,INF-DIG-03,0.713441202011,2026-06,observado,,2983,18
4200705,INF-DIG-02,51.256077795786,2026-06,observado,1265,2468,
4200705,INF-DIG-03,0.601750050566,2026-06,observado,,2468,12
4200754,INF-DIG-02,72.83950617284,2026-06,observado,118,162,
4200754,INF-DIG-03,0.803307422649,2026-06,observado,,162,10
4200804,INF-DIG-02,75.441106342394,2026-06,observado,1582,2097,
4200804,INF-DIG-03,0.44649064938,2026-06,observado,,2097,11
4200903,INF-DIG-02,74.70274702747,2026-06,observado,1822,2439,
4200903,INF-DIG-03,0.296859106352,2026-06,observado,,2439,13
4201000,INF-DIG-02,80.434782608696,2026-06,observado,999,1242,
4201000,INF-DIG-03,0.596033616758,2026-06,observado,,1242,14
4201109,INF-DIG-02,65.025641025641,2026-06,observado,634,975,
4201109,INF-DIG-03,0.186574095989,2026-06,observado,,975,10
4201208,INF-DIG-02,96.981972858011,2026-06,observado,4788,4937,
4201208,INF-DIG-03,0.529560696496,2026-06,observado,,4937,14
4201257,INF-DIG-02,88.958904109589,2026-06,observado,3247,3650,
4201257,INF-DIG-03,0.703338262338,2026-06,observado,,3650,10
4201273,INF-DIG-02,76.580587711487,2026-06,observado,860,1123,
4201273,INF-DIG-03,0.152569641964,2026-06,observado,,1123,10
4201307,INF-DIG-02,98.476765407834,2026-06,observado,14029,14246,
4201307,INF-DIG-03,0.423094091508,2026-06,observado,,14246,33
4201406,INF-DIG-02,73.149643705463,2026-06,observado,23097,31575,
4201406,INF-DIG-03,0.740686389969,2026-06,observado,,31575,33
4201505,INF-DIG-02,97.58064516129,2026-06,observado,605,620,
4201505,INF-DIG-03,0.297741935484,2026-06,observado,,620,12
4201604,INF-DIG-02,96.339285714286,2026-06,observado,1079,1120,
4201604,INF-DIG-03,0.218821747449,2026-06,observado,,1120,15
4201653,INF-DIG-02,77.584330794342,2026-06,observado,713,919,
4201653,INF-DIG-03,0.119304585459,2026-06,observado,,919,11
4201703,INF-DIG-02,97.165861513688,2026-06,observado,3017,3105,
4201703,INF-DIG-03,0.531771466208,2026-06,observado,,3105,12
4201802,INF-DIG-02,86.813186813187,2026-06,observado,237,273,
4201802,INF-DIG-03,0.45979417408,2026-06,observado,,273,10
4201901,INF-DIG-02,91.10127826942,2026-06,observado,1853,2034,
4201901,INF-DIG-03,0.577464809159,2026-06,observado,,2034,12
4201950,INF-DIG-02,88.869165709512,2026-06,observado,8511,9577,
4201950,INF-DIG-03,0.736215618043,2026-06,observado,,9577,15
4202008,INF-DIG-02,69.849508235573,2026-06,observado,58946,84390,
4202008,INF-DIG-03,0.750369427708,2026-06,observado,,84390,54
4202057,INF-DIG-02,97.362732382188,2026-06,observado,4504,4626,
4202057,INF-DIG-03,0.425075453708,2026-06,observado,,4626,14
4202073,INF-DIG-02,98.430813124108,2026-06,observado,2760,2804,
4202073,INF-DIG-03,0.196924965558,2026-06,observado,,2804,18
4202081,INF-DIG-02,79.959100204499,2026-06,observado,391,489,
4202081,INF-DIG-03,0.596953007055,2026-06,observado,,489,9
4202099,INF-DIG-02,97.930338213024,2026-06,observado,1940,1981,
4202099,INF-DIG-03,0.082327288443,2026-06,observado,,1981,11
4202107,INF-DIG-02,96.116403588068,2026-06,observado,27645,28762,
4202107,INF-DIG-03,0.529946295342,2026-06,observado,,28762,24
4202131,INF-DIG-02,32.954545454545,2026-06,observado,29,88,
4202131,INF-DIG-03,0.694989669421,2026-06,observado,,88,8
4202156,INF-DIG-02,87.931034482759,2026-06,observado,408,464,
4202156,INF-DIG-03,0.675079890012,2026-06,observado,,464,11
4202206,INF-DIG-02,91.912087912088,2026-06,observado,4182,4550,
4202206,INF-DIG-03,0.49528114962,2026-06,observado,,4550,11
4202305,INF-DIG-02,99.115497283923,2026-06,observado,34850,35161,
4202305,INF-DIG-03,0.587958364703,2026-06,observado,,35161,29
4202404,INF-DIG-02,73.816331268404,2026-06,observado,120827,163686,
4202404,INF-DIG-03,0.72955078307,2026-06,observado,,163686,63
4202438,INF-DIG-02,50.515463917526,2026-06,observado,343,679,
4202438,INF-DIG-03,0.727618584898,2026-06,observado,,679,11
4202453,INF-DIG-02,93.20233669676,2026-06,observado,21060,22596,
4202453,INF-DIG-03,0.668332809693,2026-06,observado,,22596,12
4202503,INF-DIG-02,38.922155688623,2026-06,observado,520,1336,
4202503,INF-DIG-03,0.686835535516,2026-06,observado,,1336,8
4202537,INF-DIG-02,74.446902654867,2026-06,observado,673,904,
4202537,INF-DIG-03,0.613796107761,2026-06,observado,,904,14
4202578,INF-DIG-02,68.20580474934,2026-06,observado,517,758,
4202578,INF-DIG-03,0.417965622629,2026-06,observado,,758,9
4202602,INF-DIG-02,73.747276688453,2026-06,observado,2031,2754,
4202602,INF-DIG-03,0.416624607292,2026-06,observado,,2754,16
4202701,INF-DIG-02,94.892601431981,2026-06,observado,1988,2095,
4202701,INF-DIG-03,0.328818815113,2026-06,observado,,2095,10
4202800,INF-DIG-02,97.197350222028,2026-06,observado,13352,13737,
4202800,INF-DIG-03,0.742444474322,2026-06,observado,,13737,17
4202859,INF-DIG-02,91.071428571429,2026-06,observado,612,672,
4202859,INF-DIG-03,0.565542623299,2026-06,observado,,672,11
4202875,INF-DIG-02,81.050955414013,2026-06,observado,1018,1256,
4202875,INF-DIG-03,0.551467605177,2026-06,observado,,1256,11
4202909,INF-DIG-02,92.551417454141,2026-06,observado,53280,57568,
4202909,INF-DIG-03,0.757545185561,2026-06,observado,,57568,34
4203006,INF-DIG-02,97.176302760762,2026-06,observado,23161,23834,
4203006,INF-DIG-03,0.546010886929,2026-06,observado,,23834,27
4203105,INF-DIG-02,87.923646279704,2026-06,observado,2257,2567,
4203105,INF-DIG-03,0.445354108642,2026-06,observado,,2567,10
4203154,INF-DIG-02,16.666666666667,2026-06,observado,23,138,
4203154,INF-DIG-03,0.703213610586,2026-06,observado,,138,9
4203204,INF-DIG-02,99.143684674474,2026-06,observado,31492,31764,
4203204,INF-DIG-03,0.804185733784,2026-06,observado,,31764,31
4203253,INF-DIG-02,36.387096774194,2026-06,observado,282,775,
4203253,INF-DIG-03,0.678393340271,2026-06,observado,,775,10
4203303,INF-DIG-02,88.683127572016,2026-06,observado,1724,1944,
4203303,INF-DIG-03,0.507465198395,2026-06,observado,,1944,13
4203402,INF-DIG-02,92.123983739837,2026-06,observado,1813,1968,
4203402,INF-DIG-03,0.464135001487,2026-06,observado,,1968,13
4203501,INF-DIG-02,92.6171875,2026-06,observado,2371,2560,
4203501,INF-DIG-03,0.649674377441,2026-06,observado,,2560,12
4203600,INF-DIG-02,90.972595378829,2026-06,observado,10158,11166,
4203600,INF-DIG-03,0.774129144316,2026-06,observado,,11166,27
4203709,INF-DIG-02,83.298097251586,2026-06,observado,2364,2838,
4203709,INF-DIG-03,0.398682731737,2026-06,observado,,2838,17
4203808,INF-DIG-02,97.085789129011,2026-06,observado,14825,15270,
4203808,INF-DIG-03,0.630405128555,2026-06,observado,,15270,22
4203907,INF-DIG-02,97.70479330459,2026-06,observado,7705,7886,
4203907,INF-DIG-03,0.613019673127,2026-06,observado,,7886,19
4203956,INF-DIG-02,98.281217643404,2026-06,observado,4746,4829,
4203956,INF-DIG-03,0.466083265746,2026-06,observado,,4829,19
4204004,INF-DIG-02,88.578680203046,2026-06,observado,3839,4334,
4204004,INF-DIG-03,0.608504694212,2026-06,observado,,4334,16
4204103,INF-DIG-02,93,2026-06,observado,1302,1400,
4204103,INF-DIG-03,0.44741122449,2026-06,observado,,1400,17
4204152,INF-DIG-02,97.524219590958,2026-06,observado,906,929,
4204152,INF-DIG-03,0.13348844377,2026-06,observado,,929,9
4204178,INF-DIG-02,61.538461538462,2026-06,observado,168,273,
4204178,INF-DIG-03,0.759865287338,2026-06,observado,,273,9
4204194,INF-DIG-02,3.442340791738,2026-06,observado,20,581,
4204194,INF-DIG-03,0.153708514905,2026-06,observado,,581,10
4204202,INF-DIG-02,89.540378006873,2026-06,observado,95887,107088,
4204202,INF-DIG-03,0.869256318411,2026-06,observado,,107088,131
4204251,INF-DIG-02,98.937040065413,2026-06,observado,7260,7338,
4204251,INF-DIG-03,0.666295350145,2026-06,observado,,7338,11
4204301,INF-DIG-02,91.008400866803,2026-06,observado,30658,33687,
4204301,INF-DIG-03,0.582697094029,2026-06,observado,,33687,29
4204350,INF-DIG-02,59.984813971147,2026-06,observado,790,1317,
4204350,INF-DIG-03,0.494571023512,2026-06,observado,,1317,15
4204400,INF-DIG-02,53.339818417639,2026-06,observado,1645,3084,
4204400,INF-DIG-03,0.416832999406,2026-06,observado,,3084,16
4204459,INF-DIG-02,88.793103448276,2026-06,observado,412,464,
4204459,INF-DIG-03,0.446808115339,2026-06,observado,,464,8
4204509,INF-DIG-02,98.641887062187,2026-06,observado,4140,4197,
4204509,INF-DIG-03,0.572131664896,2026-06,observado,,4197,13
4204558,INF-DIG-02,88.384679433805,2026-06,observado,4246,4804,
4204558,INF-DIG-03,0.416910415342,2026-06,observado,,4804,13
4204608,INF-DIG-02,78.488149389514,2026-06,observado,65569,83540,
4204608,INF-DIG-03,0.855472105215,2026-06,observado,,83540,42
4204707,INF-DIG-02,90.578918623703,2026-06,observado,3317,3662,
4204707,INF-DIG-03,0.627209318488,2026-06,observado,,3662,13
4204756,INF-DIG-02,88.391608391608,2026-06,observado,632,715,
4204756,INF-DIG-03,0.640133013839,2026-06,observado,,715,9
4204806,INF-DIG-02,94.930760072686,2026-06,observado,15150,15959,
4204806,INF-DIG-03,0.601452667413,2026-06,observado,,15959,20
4204905,INF-DIG-02,82.550103662751,2026-06,observado,2389,2894,
4204905,INF-DIG-03,0.761221773333,2026-06,observado,,2894,13
4205001,INF-DIG-02,89.494315954528,2026-06,observado,4566,5102,
4205001,INF-DIG-03,0.729206200565,2026-06,observado,,5102,21
4205100,INF-DIG-02,79.725759059745,2026-06,observado,814,1021,
4205100,INF-DIG-03,0.456971665543,2026-06,observado,,1021,13
4205159,INF-DIG-02,88.466413181242,2026-06,observado,1396,1578,
4205159,INF-DIG-03,0.517727916006,2026-06,observado,,1578,12
4205175,INF-DIG-02,90.933816863101,2026-06,observado,1003,1103,
4205175,INF-DIG-03,0.576571437496,2026-06,observado,,1103,12
4205191,INF-DIG-02,98.867924528302,2026-06,observado,786,795,
4205191,INF-DIG-03,0.712003480875,2026-06,observado,,795,9
4205209,INF-DIG-02,74.734042553191,2026-06,observado,843,1128,
4205209,INF-DIG-03,0.64892202354,2026-06,observado,,1128,14
4205308,INF-DIG-02,84.656437625083,2026-06,observado,2538,2998,
4205308,INF-DIG-03,0.375344737274,2026-06,observado,,2998,18
4205357,INF-DIG-02,91.529709228824,2026-06,observado,724,791,
4205357,INF-DIG-03,0.537110764111,2026-06,observado,,791,10
4205407,INF-DIG-02,73.670218022969,2026-06,observado,223623,303546,
4205407,INF-DIG-03,0.768986623563,2026-06,observado,,303546,93
4205431,INF-DIG-02,84.583525080534,2026-06,observado,1838,2173,
4205431,INF-DIG-03,0.321550366386,2026-06,observado,,2173,12
4205456,INF-DIG-02,91.252181500873,2026-06,observado,4183,4584,
4205456,INF-DIG-03,0.522270344685,2026-06,observado,,4584,19
4205506,INF-DIG-02,94.646182495345,2026-06,observado,12198,12888,
4205506,INF-DIG-03,0.788052735095,2026-06,observado,,12888,18
4205555,INF-DIG-02,58.594917787743,2026-06,observado,392,669,
4205555,INF-DIG-03,0.563784601429,2026-06,observado,,669,9
4205605,INF-DIG-02,92.212725546059,2026-06,observado,971,1053,
4205605,INF-DIG-03,0.463706553608,2026-06,observado,,1053,14
4205704,INF-DIG-02,94.921549791867,2026-06,observado,14822,15615,
4205704,INF-DIG-03,0.837256285649,2026-06,observado,,15615,26
4205803,INF-DIG-02,90.316086168714,2026-06,observado,4486,4967,
4205803,INF-DIG-03,0.756604217998,2026-06,observado,,4967,14
4205902,INF-DIG-02,98.456487651901,2026-06,observado,20093,20408,
4205902,INF-DIG-03,0.60398405649,2026-06,observado,,20408,26
4206009,INF-DIG-02,96.449108683151,2026-06,observado,13418,13912,
4206009,INF-DIG-03,0.529143313462,2026-06,observado,,13912,14
4206108,INF-DIG-02,97.296015180266,2026-06,observado,2051,2108,
4206108,INF-DIG-03,0.38839795268,2026-06,observado,,2108,13
4206207,INF-DIG-02,98.082386363636,2026-06,observado,2762,2816,
4206207,INF-DIG-03,0.649585566245,2026-06,observado,,2816,15
4206306,INF-DIG-02,99.236807675534,2026-06,observado,9102,9172,
4206306,INF-DIG-03,0.221791934306,2026-06,observado,,9172,15
4206405,INF-DIG-02,83.394027676621,2026-06,observado,3435,4119,
4206405,INF-DIG-03,0.274069661369,2026-06,observado,,4119,13
4206504,INF-DIG-02,98.840429214261,2026-06,observado,17133,17334,
4206504,INF-DIG-03,0.813903568344,2026-06,observado,,17334,21
4206603,INF-DIG-02,87.832167832168,2026-06,observado,1256,1430,
4206603,INF-DIG-03,0.570949190669,2026-06,observado,,1430,12
4206652,INF-DIG-02,95.44801149976,2026-06,observado,1992,2087,
4206652,INF-DIG-03,0.705542720136,2026-06,observado,,2087,15
4206702,INF-DIG-02,94.021364576154,2026-06,observado,5457,5804,
4206702,INF-DIG-03,0.7064341306,2026-06,observado,,5804,18
4206751,INF-DIG-02,77.105831533477,2026-06,observado,357,463,
4206751,INF-DIG-03,0.680387556037,2026-06,observado,,463,11
4206801,INF-DIG-02,56.037735849057,2026-06,observado,297,530,
4206801,INF-DIG-03,0.79236739053,2026-06,observado,,530,14
4206900,INF-DIG-02,94.217412372799,2026-06,observado,5833,6191,
4206900,INF-DIG-03,0.616426776736,2026-06,observado,,6191,17
4207007,INF-DIG-02,97.997483175576,2026-06,observado,17911,18277,
4207007,INF-DIG-03,0.844553154998,2026-06,observado,,18277,32
4207106,INF-DIG-02,94.705882352941,2026-06,observado,5474,5780,
4207106,INF-DIG-03,0.657720692999,2026-06,observado,,5780,22
4207205,INF-DIG-02,94.418960244648,2026-06,observado,1235,1308,
4207205,INF-DIG-03,0.415192557678,2026-06,observado,,1308,17
4207304,INF-DIG-02,96.318609992344,2026-06,observado,28937,30043,
4207304,INF-DIG-03,0.783157346653,2026-06,observado,,30043,24
4207403,INF-DIG-02,66.161309884779,2026-06,observado,1091,1649,
4207403,INF-DIG-03,0.530124841819,2026-06,observado,,1649,10
4207502,INF-DIG-02,99.312199938711,2026-06,observado,29167,29369,
4207502,INF-DIG-03,0.251043726284,2026-06,observado,,29369,22
4207577,INF-DIG-02,78.152929493545,2026-06,observado,787,1007,
4207577,INF-DIG-03,0.717399257827,2026-06,observado,,1007,13
4207601,INF-DIG-02,84.106614017769,2026-06,observado,852,1013,
4207601,INF-DIG-03,0.321241432941,2026-06,observado,,1013,10
4207650,INF-DIG-02,82.079383886256,2026-06,observado,2771,3376,
4207650,INF-DIG-03,0.190894641012,2026-06,observado,,3376,8
4207684,INF-DIG-02,91.748251748252,2026-06,observado,1312,1430,
4207684,INF-DIG-03,0.643278399922,2026-06,observado,,1430,13
4207700,INF-DIG-02,82.527747941282,2026-06,observado,2305,2793,
4207700,INF-DIG-03,0.31495776934,2026-06,observado,,2793,11
4207759,INF-DIG-02,80.891719745223,2026-06,observado,1143,1413,
4207759,INF-DIG-03,0.616471556956,2026-06,observado,,1413,13
4207809,INF-DIG-02,74.133083411434,2026-06,observado,2373,3201,
4207809,INF-DIG-03,0.686388908652,2026-06,observado,,3201,11
4207858,INF-DIG-02,91.71686746988,2026-06,observado,609,664,
4207858,INF-DIG-03,0.43829837422,2026-06,observado,,664,9
4207908,INF-DIG-02,76.368876080692,2026-06,observado,1855,2429,
4207908,INF-DIG-03,0.709598458723,2026-06,observado,,2429,15
4208005,INF-DIG-02,93.936225823314,2026-06,observado,1797,1913,
4208005,INF-DIG-03,0.685894978343,2026-06,observado,,1913,11
4208104,INF-DIG-02,93.596274195896,2026-06,observado,6431,6871,
4208104,INF-DIG-03,0.700634884411,2026-06,observado,,6871,14
4208203,INF-DIG-02,79.939287630856,2026-06,observado,99805,124851,
4208203,INF-DIG-03,0.831532372738,2026-06,observado,,124851,66
4208302,INF-DIG-02,87.341028107299,2026-06,observado,49035,56142,
4208302,INF-DIG-03,0.726878577907,2026-06,observado,,56142,29
4208401,INF-DIG-02,75.556950109821,2026-06,observado,4816,6374,
4208401,INF-DIG-03,0.114892001738,2026-06,observado,,6374,11
4208450,INF-DIG-02,97.934221255776,2026-06,observado,21618,22074,
4208450,INF-DIG-03,0.520863758989,2026-06,observado,,22074,21
4208500,INF-DIG-02,90.236436563226,2026-06,observado,8549,9474,
4208500,INF-DIG-03,0.686995806306,2026-06,observado,,9474,21
4208609,INF-DIG-02,79.228295819936,2026-06,observado,1232,1555,
4208609,INF-DIG-03,0.580826914527,2026-06,observado,,1555,10
4208708,INF-DIG-02,94.059829059829,2026-06,observado,2201,2340,
4208708,INF-DIG-03,0.388269778654,2026-06,observado,,2340,12
4208807,INF-DIG-02,98.703620920876,2026-06,observado,4416,4474,
4208807,INF-DIG-03,0.754874485654,2026-06,observado,,4474,20
4208906,INF-DIG-02,99.271548332836,2026-06,observado,73181,73718,
4208906,INF-DIG-03,0.716807125055,2026-06,observado,,73718,36
4208955,INF-DIG-02,82.532751091703,2026-06,observado,189,229,
4208955,INF-DIG-03,0.707881237963,2026-06,observado,,229,11
4209003,INF-DIG-02,95.690413368514,2026-06,observado,10880,11370,
4209003,INF-DIG-03,0.746906585786,2026-06,observado,,11370,25
4209102,INF-DIG-02,78.521626612731,2026-06,observado,187512,238803,
4209102,INF-DIG-03,0.776846592875,2026-06,observado,,238803,79
4209151,INF-DIG-02,78.717720391808,2026-06,observado,884,1123,
4209151,INF-DIG-03,0.463278538516,2026-06,observado,,1123,12
4209177,INF-DIG-02,79.130434782609,2026-06,observado,546,690,
4209177,INF-DIG-03,0.683167401806,2026-06,observado,,690,10
4209201,INF-DIG-02,87.739032620922,2026-06,observado,780,889,
4209201,INF-DIG-03,0.594733026201,2026-06,observado,,889,11
4209300,INF-DIG-02,94.849870749652,2026-06,observado,57240,60348,
4209300,INF-DIG-03,0.840710602726,2026-06,observado,,60348,41
4209409,INF-DIG-02,90.535378645486,2026-06,observado,14932,16493,
4209409,INF-DIG-03,0.582590206762,2026-06,observado,,16493,23
4209458,INF-DIG-02,71.830985915493,2026-06,observado,153,213,
4209458,INF-DIG-03,0.591637461703,2026-06,observado,,213,11
4209508,INF-DIG-02,87.305699481865,2026-06,observado,1685,1930,
4209508,INF-DIG-03,0.60119358909,2026-06,observado,,1930,14
4209607,INF-DIG-02,98.490634660847,2026-06,observado,5416,5499,
4209607,INF-DIG-03,0.656652513091,2026-06,observado,,5499,14
4209706,INF-DIG-02,84.038581207218,2026-06,observado,2701,3214,
4209706,INF-DIG-03,0.470160301326,2026-06,observado,,3214,13
4209805,INF-DIG-02,45.886889460154,2026-06,observado,357,778,
4209805,INF-DIG-03,0.125273425367,2026-06,observado,,778,9
4209854,INF-DIG-02,72.293170460855,2026-06,observado,1302,1801,
4209854,INF-DIG-03,0.366030840415,2026-06,observado,,1801,8
4209904,INF-DIG-02,90.207443563148,2026-06,observado,2957,3278,
4209904,INF-DIG-03,0.571606855621,2026-06,observado,,3278,13
4210001,INF-DIG-02,92.732026143791,2026-06,observado,3547,3825,
4210001,INF-DIG-03,0.604472467854,2026-06,observado,,3825,16
4210035,INF-DIG-02,95.624332977588,2026-06,observado,1792,1874,
4210035,INF-DIG-03,0.314203007168,2026-06,observado,,1874,13
4210050,INF-DIG-02,72.202166064982,2026-06,observado,200,277,
4210050,INF-DIG-03,0.47674282214,2026-06,observado,,277,11
4210100,INF-DIG-02,94.670576060711,2026-06,observado,16467,17394,
4210100,INF-DIG-03,0.777081796486,2026-06,observado,,17394,21
4210209,INF-DIG-02,95,2026-06,observado,1045,1100,
4210209,INF-DIG-03,0.23119338843,2026-06,observado,,1100,11
4210308,INF-DIG-02,94.072865687874,2026-06,observado,1730,1839,
4210308,INF-DIG-03,0.680186793246,2026-06,observado,,1839,10
4210407,INF-DIG-02,92.733224222586,2026-06,observado,2833,3055,
4210407,INF-DIG-03,0.732091470879,2026-06,observado,,3055,12
4210506,INF-DIG-02,98.547234307023,2026-06,observado,12685,12872,
4210506,INF-DIG-03,0.688298486875,2026-06,observado,,12872,36
4210555,INF-DIG-02,64.041604754829,2026-06,observado,431,673,
4210555,INF-DIG-03,0.58487312581,2026-06,observado,,673,11
4210605,INF-DIG-02,97.066895368782,2026-06,observado,5659,5830,
4210605,INF-DIG-03,0.561908740795,2026-06,observado,,5830,19
4210704,INF-DIG-02,13.366336633663,2026-06,observado,27,202,
4210704,INF-DIG-03,0.642682089991,2026-06,observado,,202,10
4210803,INF-DIG-02,95.917667238422,2026-06,observado,2796,2915,
4210803,INF-DIG-03,0.509832562984,2026-06,observado,,2915,12
4210852,INF-DIG-02,92.246520874751,2026-06,observado,464,503,
4210852,INF-DIG-03,0.474109616654,2026-06,observado,,503,9
4210902,INF-DIG-02,91.301703163017,2026-06,observado,1501,1644,
4210902,INF-DIG-03,0.70505517372,2026-06,observado,,1644,15
4211009,INF-DIG-02,84.398548702205,2026-06,observado,3024,3583,
4211009,INF-DIG-03,0.436606828428,2026-06,observado,,3583,9
4211058,INF-DIG-02,97.820733809407,2026-06,observado,7945,8122,
4211058,INF-DIG-03,0.252318966589,2026-06,observado,,8122,12
4211108,INF-DIG-02,88.472622478386,2026-06,observado,2149,2429,
4211108,INF-DIG-03,0.476603806652,2026-06,observado,,2429,11
4211207,INF-DIG-02,96.025680220116,2026-06,observado,6282,6542,
4211207,INF-DIG-03,0.758766696316,2026-06,observado,,6542,17
4211256,INF-DIG-02,97.042513863216,2026-06,observado,1050,1082,
4211256,INF-DIG-03,0.507653383718,2026-06,observado,,1082,10
4211306,INF-DIG-02,92.639912639913,2026-06,observado,33934,36630,
4211306,INF-DIG-03,0.753487648918,2026-06,observado,,36630,37
4211405,INF-DIG-02,92.431311560394,2026-06,observado,1783,1929,
4211405,INF-DIG-03,0.618127024131,2026-06,observado,,1929,15
4211454,INF-DIG-02,59.901900674433,2026-06,observado,977,1631,
4211454,INF-DIG-03,0.586201361497,2026-06,observado,,1631,12
4211504,INF-DIG-02,86.910125681764,2026-06,observado,3665,4217,
4211504,INF-DIG-03,0.677712741583,2026-06,observado,,4217,14
4211603,INF-DIG-02,97.653369091519,2026-06,observado,2913,2983,
4211603,INF-DIG-03,0.51402039201,2026-06,observado,,2983,12
4211652,INF-DIG-02,68.483063328424,2026-06,observado,465,679,
4211652,INF-DIG-03,0.336850735618,2026-06,observado,,679,12
4211702,INF-DIG-02,94.441199376947,2026-06,observado,9701,10272,
4211702,INF-DIG-03,0.71805035814,2026-06,observado,,10272,17
4211751,INF-DIG-02,95.369867968891,2026-06,observado,5273,5529,
4211751,INF-DIG-03,0.55598090942,2026-06,observado,,5529,13
4211801,INF-DIG-02,95.179124281291,2026-06,observado,2152,2261,
4211801,INF-DIG-03,0.646729214743,2026-06,observado,,2261,12
4211850,INF-DIG-02,64.915966386555,2026-06,observado,309,476,
4211850,INF-DIG-03,0.506708565779,2026-06,observado,,476,12
4211876,INF-DIG-02,81.25,2026-06,observado,533,656,
4211876,INF-DIG-03,0.554720032719,2026-06,observado,,656,7
4211892,INF-DIG-02,66.886326194399,2026-06,observado,406,607,
4211892,INF-DIG-03,0.683752703902,2026-06,observado,,607,12
4211900,INF-DIG-02,79.741854524268,2026-06,observado,88964,111565,
4211900,INF-DIG-03,0.797032088513,2026-06,observado,,111565,58
4212007,INF-DIG-02,82.639821029083,2026-06,observado,1847,2235,
4212007,INF-DIG-03,0.69702646027,2026-06,observado,,2235,11
4212056,INF-DIG-02,90.834902699309,2026-06,observado,1447,1593,
4212056,INF-DIG-03,0.420106957266,2026-06,observado,,1593,9
4212106,INF-DIG-02,87.380467157862,2026-06,observado,5574,6379,
4212106,INF-DIG-03,0.512155358886,2026-06,observado,,6379,14
4212205,INF-DIG-02,95.767807585569,2026-06,observado,4141,4324,
4212205,INF-DIG-03,0.618544517573,2026-06,observado,,4324,12
4212239,INF-DIG-02,66.904422253923,2026-06,observado,469,701,
4212239,INF-DIG-03,0.620503417779,2026-06,observado,,701,14
4212254,INF-DIG-02,95.604716889192,2026-06,observado,9810,10261,
4212254,INF-DIG-03,0.382447398791,2026-06,observado,,10261,12
4212270,INF-DIG-02,67.084870848708,2026-06,observado,909,1355,
4212270,INF-DIG-03,0.588483272287,2026-06,observado,,1355,14
4212304,INF-DIG-02,83.05804624823,2026-06,observado,3520,4238,
4212304,INF-DIG-03,0.767756100505,2026-06,observado,,4238,18
4212403,INF-DIG-02,96.197183098592,2026-06,observado,683,710,
4212403,INF-DIG-03,0.31187462805,2026-06,observado,,710,12
4212502,INF-DIG-02,91.798125618488,2026-06,observado,15770,17179,
4212502,INF-DIG-03,0.654795665305,2026-06,observado,,17179,19
4212601,INF-DIG-02,83.022388059701,2026-06,observado,445,536,
4212601,INF-DIG-03,0.232902650924,2026-06,observado,,536,10
4212650,INF-DIG-02,99.368288060644,2026-06,observado,3146,3166,
4212650,INF-DIG-03,0.515637963214,2026-06,observado,,3166,11
4212700,INF-DIG-02,73.456121343445,2026-06,observado,678,923,
4212700,INF-DIG-03,0.625359625039,2026-06,observado,,923,14
4212809,INF-DIG-02,90.782235341473,2026-06,observado,20298,22359,
4212809,INF-DIG-03,0.612750854463,2026-06,observado,,22359,18
4212908,INF-DIG-02,95.912154816264,2026-06,observado,8822,9198,
4212908,INF-DIG-03,0.727264820845,2026-06,observado,,9198,18
4213005,INF-DIG-02,88.454706927176,2026-06,observado,996,1126,
4213005,INF-DIG-03,0.483569371137,2026-06,observado,,1126,11
4213104,INF-DIG-02,91.172316384181,2026-06,observado,1291,1416,
4213104,INF-DIG-03,0.614412764531,2026-06,observado,,1416,15
4213153,INF-DIG-02,94.230769230769,2026-06,observado,196,208,
4213153,INF-DIG-03,0.474620931953,2026-06,observado,,208,10
4213203,INF-DIG-02,98.607594936709,2026-06,observado,13243,13430,
4213203,INF-DIG-03,0.453272770922,2026-06,observado,,13430,17
4213302,INF-DIG-02,75.574272588055,2026-06,observado,987,1306,
4213302,INF-DIG-03,0.426903512825,2026-06,observado,,1306,9
4213351,INF-DIG-02,96.952908587258,2026-06,observado,700,722,
4213351,INF-DIG-03,0.099155163021,2026-06,observado,,722,6
4213401,INF-DIG-02,89.184485330681,2026-06,observado,3587,4022,
4213401,INF-DIG-03,0.649471541529,2026-06,observado,,4022,15
4213500,INF-DIG-02,89.176148209924,2026-06,observado,14970,16787,
4213500,INF-DIG-03,0.786266355815,2026-06,observado,,16787,23
4213609,INF-DIG-02,96.995664885573,2026-06,observado,9621,9919,
4213609,INF-DIG-03,0.738598577503,2026-06,observado,,9919,20
4213708,INF-DIG-02,80.592300098717,2026-06,observado,4082,5065,
4213708,INF-DIG-03,0.426368522144,2026-06,observado,,5065,16
4213807,INF-DIG-02,83.202357563851,2026-06,observado,2541,3054,
4213807,INF-DIG-03,0.533857493731,2026-06,observado,,3054,18
4213906,INF-DIG-02,78.560250391236,2026-06,observado,502,639,
4213906,INF-DIG-03,0.1540944502,2026-06,observado,,639,7
4214003,INF-DIG-02,86.093207734259,2026-06,observado,3473,4034,
4214003,INF-DIG-03,0.759766820892,2026-06,observado,,4034,14
4214102,INF-DIG-02,92.317224287485,2026-06,observado,745,807,
4214102,INF-DIG-03,0.557190874765,2026-06,observado,,807,6
4214151,INF-DIG-02,82.5,2026-06,observado,891,1080,
4214151,INF-DIG-03,0.654528463649,2026-06,observado,,1080,10
4214201,INF-DIG-02,90.578734858681,2026-06,observado,2692,2972,
4214201,INF-DIG-03,0.141740814674,2026-06,observado,,2972,13
4214300,INF-DIG-02,78.109028960818,2026-06,observado,1834,2348,
4214300,INF-DIG-03,0.333978462949,2026-06,observado,,2348,13
4214409,INF-DIG-02,75.519031141869,2026-06,observado,1746,2312,
4214409,INF-DIG-03,0.090774326217,2026-06,observado,,2312,9
4214508,INF-DIG-02,93.709327548807,2026-06,observado,1296,1383,
4214508,INF-DIG-03,0.502294936605,2026-06,observado,,1383,10
4214607,INF-DIG-02,89.189189189189,2026-06,observado,1155,1295,
4214607,INF-DIG-03,0.600242691671,2026-06,observado,,1295,16
4214706,INF-DIG-02,54.539641943734,2026-06,observado,2559,4692,
4214706,INF-DIG-03,0.561229631035,2026-06,observado,,4692,12
4214805,INF-DIG-02,99.053147106838,2026-06,observado,27304,27565,
4214805,INF-DIG-03,0.645670124099,2026-06,observado,,27565,29
4214904,INF-DIG-02,95.116385212232,2026-06,observado,2084,2191,
4214904,INF-DIG-03,0.179030392996,2026-06,observado,,2191,14
4215000,INF-DIG-02,92.6006221133,2026-06,observado,9824,10609,
4215000,INF-DIG-03,0.67995636569,2026-06,observado,,10609,19
4215059,INF-DIG-02,74.698795180723,2026-06,observado,434,581,
4215059,INF-DIG-03,0.773323932563,2026-06,observado,,581,13
4215075,INF-DIG-02,88.307528029899,2026-06,observado,1654,1873,
4215075,INF-DIG-03,0.502428502487,2026-06,observado,,1873,11
4215109,INF-DIG-02,97.352089366984,2026-06,observado,4706,4834,
4215109,INF-DIG-03,0.304958550222,2026-06,observado,,4834,12
4215208,INF-DIG-02,72.110552763819,2026-06,observado,1148,1592,
4215208,INF-DIG-03,0.583923070124,2026-06,observado,,1592,11
4215307,INF-DIG-02,96,2026-06,observado,792,825,
4215307,INF-DIG-03,0.169400183655,2026-06,observado,,825,9
4215356,INF-DIG-02,87.230371009491,2026-06,observado,1011,1159,
4215356,INF-DIG-03,0.294004009585,2026-06,observado,,1159,13
4215406,INF-DIG-02,92.657342657343,2026-06,observado,1325,1430,
4215406,INF-DIG-03,0.624174287251,2026-06,observado,,1430,14
4215455,INF-DIG-02,98.00853485064,2026-06,observado,1378,1406,
4215455,INF-DIG-03,0.050442221813,2026-06,observado,,1406,11
4215505,INF-DIG-02,94.117647058824,2026-06,observado,3024,3213,
4215505,INF-DIG-03,0.630002666765,2026-06,observado,,3213,12
4215554,INF-DIG-02,74.358974358974,2026-06,observado,580,780,
4215554,INF-DIG-03,0.082511505588,2026-06,observado,,780,8
4215604,INF-DIG-02,84.936479128857,2026-06,observado,936,1102,
4215604,INF-DIG-03,0.084499062915,2026-06,observado,,1102,9
4215653,INF-DIG-02,93.030380393158,2026-06,observado,3644,3917,
4215653,INF-DIG-03,0.480377848005,2026-06,observado,,3917,13
4215679,INF-DIG-02,45.192307692308,2026-06,observado,47,104,
4215679,INF-DIG-03,0.795303254438,2026-06,observado,,104,10
4215687,INF-DIG-02,83.044058744993,2026-06,observado,622,749,
4215687,INF-DIG-03,0.51794560081,2026-06,observado,,749,10
4215695,INF-DIG-02,93.805309734513,2026-06,observado,424,452,
4215695,INF-DIG-03,0.294864515624,2026-06,observado,,452,6
4215703,INF-DIG-02,89.230644375913,2026-06,observado,10995,12322,
4215703,INF-DIG-03,0.735936209467,2026-06,observado,,12322,20
4215752,INF-DIG-02,46.882793017456,2026-06,observado,188,401,
4215752,INF-DIG-03,0.380681712178,2026-06,observado,,401,9
4215802,INF-DIG-02,98.703902613677,2026-06,observado,27568,27930,
4215802,INF-DIG-03,0.566879192252,2026-06,observado,,27930,22
4215901,INF-DIG-02,91.162790697674,2026-06,observado,1372,1505,
4215901,INF-DIG-03,0.163828655313,2026-06,observado,,1505,9
4216008,INF-DIG-02,91.737134573568,2026-06,observado,3797,4139,
4216008,INF-DIG-03,0.371147794149,2026-06,observado,,4139,14
4216057,INF-DIG-02,86.167512690355,2026-06,observado,679,788,
4216057,INF-DIG-03,0.292937849468,2026-06,observado,,788,8
4216107,INF-DIG-02,93.202949663354,2026-06,observado,2907,3119,
4216107,INF-DIG-03,0.410784319873,2026-06,observado,,3119,12
4216206,INF-DIG-02,78.169605373636,2026-06,observado,19551,25011,
4216206,INF-DIG-03,0.602195934992,2026-06,observado,,25011,25
4216255,INF-DIG-02,68.485102811582,2026-06,observado,1632,2383,
4216255,INF-DIG-03,0.051050163163,2026-06,observado,,2383,7
4216305,INF-DIG-02,91.940501652732,2026-06,observado,9457,10286,
4216305,INF-DIG-03,0.792635126912,2026-06,observado,,10286,21
4216354,INF-DIG-02,90.571870170015,2026-06,observado,1758,1941,
4216354,INF-DIG-03,0.551690638918,2026-06,observado,,1941,14
4216404,INF-DIG-02,90.422535211268,2026-06,observado,3531,3905,
4216404,INF-DIG-03,0.53866158656,2026-06,observado,,3905,11
4216503,INF-DIG-02,66.121424987456,2026-06,observado,6589,9965,
4216503,INF-DIG-03,0.683986526853,2026-06,observado,,9965,18
4216602,INF-DIG-02,66.75990569971,2026-06,observado,88069,131919,
4216602,INF-DIG-03,0.757211841825,2026-06,observado,,131919,63
4216701,INF-DIG-02,88.217407829723,2026-06,observado,4642,5262,
4216701,INF-DIG-03,0.633563131513,2026-06,observado,,5262,14
4216800,INF-DIG-02,74.563445867288,2026-06,observado,1281,1718,
4216800,INF-DIG-03,0.363620285656,2026-06,observado,,1718,13
4216909,INF-DIG-02,95.374599164318,2026-06,observado,9815,10291,
4216909,INF-DIG-03,0.709363469968,2026-06,observado,,10291,26
4217006,INF-DIG-02,97.893474910087,2026-06,observado,5716,5839,
4217006,INF-DIG-03,0.520604362285,2026-06,observado,,5839,14
4217105,INF-DIG-02,90.181268882175,2026-06,observado,597,662,
4217105,INF-DIG-03,0.586572776809,2026-06,observado,,662,11
4217154,INF-DIG-02,86.153846153846,2026-06,observado,504,585,
4217154,INF-DIG-03,0.626605303528,2026-06,observado,,585,7
4217204,INF-DIG-02,98.604928889371,2026-06,observado,18165,18422,
4217204,INF-DIG-03,0.626571168247,2026-06,observado,,18422,25
4217253,INF-DIG-02,92.468977321352,2026-06,observado,2161,2337,
4217253,INF-DIG-03,0.495768889856,2026-06,observado,,2337,18
4217303,INF-DIG-02,89.737628694786,2026-06,observado,2702,3011,
4217303,INF-DIG-03,0.756715689102,2026-06,observado,,3011,20
4217402,INF-DIG-02,99.658914728682,2026-06,observado,6428,6450,
4217402,INF-DIG-03,0.317788930954,2026-06,observado,,6450,15
4217501,INF-DIG-02,95.209893746734,2026-06,observado,5466,5741,
4217501,INF-DIG-03,0.584056454729,2026-06,observado,,5741,15
4217550,INF-DIG-02,87.634408602151,2026-06,observado,978,1116,
4217550,INF-DIG-03,0.585592746753,2026-06,observado,,1116,12
4217600,INF-DIG-02,98.160150533138,2026-06,observado,4695,4783,
4217600,INF-DIG-03,0.605184252245,2026-06,observado,,4783,17
4217709,INF-DIG-02,97.549417817493,2026-06,observado,7205,7386,
4217709,INF-DIG-03,0.193621299919,2026-06,observado,,7386,16
4217758,INF-DIG-02,80.836236933798,2026-06,observado,696,861,
4217758,INF-DIG-03,0.590990947241,2026-06,observado,,861,11
4217808,INF-DIG-02,93.993399339934,2026-06,observado,4272,4545,
4217808,INF-DIG-03,0.442572054785,2026-06,observado,,4545,15
4217907,INF-DIG-02,81.60091047041,2026-06,observado,2151,2636,
4217907,INF-DIG-03,0.749563358747,2026-06,observado,,2636,16
4217956,INF-DIG-02,89.540816326531,2026-06,observado,702,784,
4217956,INF-DIG-03,0.599935573719,2026-06,observado,,784,9
4218004,INF-DIG-02,88.619363563369,2026-06,observado,20970,23663,
4218004,INF-DIG-03,0.690140968198,2026-06,observado,,23663,22
4218103,INF-DIG-02,96.473429951691,2026-06,observado,1997,2070,
4218103,INF-DIG-03,0.596204345492,2026-06,observado,,2070,10
4218202,INF-DIG-02,98.822478052883,2026-06,observado,18799,19023,
4218202,INF-DIG-03,0.367392472655,2026-06,observado,,19023,44
4218251,INF-DIG-02,28.070175438596,2026-06,observado,32,114,
4218251,INF-DIG-03,0.694675284703,2026-06,observado,,114,7
4218301,INF-DIG-02,96.718972895863,2026-06,observado,4746,4907,
4218301,INF-DIG-03,0.650101756124,2026-06,observado,,4907,17
4218350,INF-DIG-02,98.201438848921,2026-06,observado,1092,1112,
4218350,INF-DIG-03,0.044210315201,2026-06,observado,,1112,7
4218400,INF-DIG-02,98.38647714176,2026-06,observado,2561,2603,
4218400,INF-DIG-03,0.028955330805,2026-06,observado,,2603,15
4218509,INF-DIG-02,89.419674451522,2026-06,observado,2527,2826,
4218509,INF-DIG-03,0.703655621218,2026-06,observado,,2826,14
4218608,INF-DIG-02,94.683827644096,2026-06,observado,1692,1787,
4218608,INF-DIG-03,0.503716294609,2026-06,observado,,1787,17
4218707,INF-DIG-02,96.423935091278,2026-06,observado,47537,49300,
4218707,INF-DIG-03,0.73561433785,2026-06,observado,,49300,36
4218756,INF-DIG-02,69.799878714372,2026-06,observado,1151,1649,
4218756,INF-DIG-03,0.061755640719,2026-06,observado,,1649,9
4218806,INF-DIG-02,97.451636904762,2026-06,observado,5239,5376,
4218806,INF-DIG-03,0.621293532875,2026-06,observado,,5376,14
4218855,INF-DIG-02,76.973684210526,2026-06,observado,234,304,
4218855,INF-DIG-03,0.419537742382,2026-06,observado,,304,11
4218905,INF-DIG-02,83.469694439806,2026-06,observado,4999,5989,
4218905,INF-DIG-03,0.600859743949,2026-06,observado,,5989,15
4218954,INF-DIG-02,73.791348600509,2026-06,observado,580,786,
4218954,INF-DIG-03,0.704973810125,2026-06,observado,,786,16
4219002,INF-DIG-02,98.500066961296,2026-06,observado,7355,7467,
4219002,INF-DIG-03,0.400391928494,2026-06,observado,,7467,12
4219101,INF-DIG-02,93.307593307593,2026-06,observado,1450,1554,
4219101,INF-DIG-03,0.523243044479,2026-06,observado,,1554,12
4219150,INF-DIG-02,53.60824742268,2026-06,observado,104,194,
4219150,INF-DIG-03,0.671697311085,2026-06,observado,,194,9
4219176,INF-DIG-02,81.467889908257,2026-06,observado,1332,1635,
4219176,INF-DIG-03,0.424520943804,2026-06,observado,,1635,12
4219200,INF-DIG-02,52.837423312883,2026-06,observado,689,1304,
4219200,INF-DIG-03,0.720455465016,2026-06,observado,,1304,12
4219309,INF-DIG-02,96.613380151543,2026-06,observado,20911,21644,
4219309,INF-DIG-03,0.628925592921,2026-06,observado,,21644,22
4219358,INF-DIG-02,78.453038674033,2026-06,observado,568,724,
4219358,INF-DIG-03,0.635546076127,2026-06,observado,,724,8
4219408,INF-DIG-02,86.499402628435,2026-06,observado,724,837,
4219408,INF-DIG-03,0.524759160054,2026-06,observado,,837,9
4219507,INF-DIG-02,96.03574953394,2026-06,observado,17515,18238,
4219507,INF-DIG-03,0.566695286715,2026-06,observado,,18238,23
4219606,INF-DIG-02,76.880443388757,2026-06,observado,971,1263,
4219606,INF-DIG-03,0.781877029957,2026-06,observado,,1263,13
4219705,INF-DIG-02,93.411306042885,2026-06,observado,2396,2565,
4219705,INF-DIG-03,0.712189049622,2026-06,observado,,2565,27
4219853,INF-DIG-02,92.334254143646,2026-06,observado,1337,1448,
4219853,INF-DIG-03,0.638263674796,2026-06,observado,,1448,13
4220000,INF-DIG-02,99.804630262772,2026-06,observado,10217,10237,
4220000,INF-DIG-03,0.731102031029,2026-06,observado,,10237,14
4300034,INF-DIG-02,30.234741784038,2026-06,observado,322,1065,
4300034,INF-DIG-03,0.521986378364,2026-06,observado,,1065,13
4300059,INF-DIG-02,82.005899705015,2026-06,observado,278,339,
4300059,INF-DIG-03,0.526744459237,2026-06,observado,,339,13
4300109,INF-DIG-02,80.193236714976,2026-06,observado,2656,3312,
4300109,INF-DIG-03,0.618884046302,2026-06,observado,,3312,20
4300208,INF-DIG-02,86.609575710393,2026-06,observado,2225,2569,
4300208,INF-DIG-03,0.556375602086,2026-06,observado,,2569,11
4300307,INF-DIG-02,64.237415477085,2026-06,observado,855,1331,
4300307,INF-DIG-03,0.400272979593,2026-06,observado,,1331,11
4300406,INF-DIG-02,89.010989010989,2026-06,observado,20331,22841,
4300406,INF-DIG-03,0.829887084615,2026-06,observado,,22841,31
4300455,INF-DIG-02,52.25988700565,2026-06,observado,370,708,
4300455,INF-DIG-03,0.644339110728,2026-06,observado,,708,11
4300471,INF-DIG-02,89.273927392739,2026-06,observado,541,606,
4300471,INF-DIG-03,0.650725963685,2026-06,observado,,606,14
4300505,INF-DIG-02,87.516368398079,2026-06,observado,2005,2291,
4300505,INF-DIG-03,0.418855327653,2026-06,observado,,2291,17
4300554,INF-DIG-02,88.50987432675,2026-06,observado,493,557,
4300554,INF-DIG-03,0.396687821717,2026-06,observado,,557,7
4300570,INF-DIG-02,86.95652173913,2026-06,observado,1080,1242,
4300570,INF-DIG-03,0.590546648308,2026-06,observado,,1242,13
4300604,INF-DIG-02,95.681936204699,2026-06,observado,60803,63547,
4300604,INF-DIG-03,0.779693538081,2026-06,observado,,63547,56
4300638,INF-DIG-02,47.292418772563,2026-06,observado,786,1662,
4300638,INF-DIG-03,0.66292912574,2026-06,observado,,1662,11
4300646,INF-DIG-02,96.410256410256,2026-06,observado,3384,3510,
4300646,INF-DIG-03,0.77015365135,2026-06,observado,,3510,14
4300661,INF-DIG-02,52,2026-06,observado,13,25,
4300661,INF-DIG-03,0.5408,2026-06,observado,,25,7
4300703,INF-DIG-02,80.548628428928,2026-06,observado,323,401,
4300703,INF-DIG-03,0.51214855629,2026-06,observado,,401,13
4300802,INF-DIG-02,96.914893617021,2026-06,observado,1822,1880,
4300802,INF-DIG-03,0.537231213219,2026-06,observado,,1880,13
4300851,INF-DIG-02,97.140555779299,2026-06,observado,2412,2483,
4300851,INF-DIG-03,0.531402177578,2026-06,observado,,2483,8
4300877,INF-DIG-02,90.477677177646,2026-06,observado,2898,3203,
4300877,INF-DIG-03,0.66564293602,2026-06,observado,,3203,17
4300901,INF-DIG-02,53.999030538051,2026-06,observado,1114,2063,
4300901,INF-DIG-03,0.555048215812,2026-06,observado,,2063,14
4301008,INF-DIG-02,94.647046278524,2026-06,observado,8876,9378,
4301008,INF-DIG-03,0.595651029546,2026-06,observado,,9378,24
4301057,INF-DIG-02,96.124540199685,2026-06,observado,7317,7612,
4301057,INF-DIG-03,0.483180200027,2026-06,observado,,7612,14
4301073,INF-DIG-02,29.635499207607,2026-06,observado,187,631,
4301073,INF-DIG-03,0.56055716155,2026-06,observado,,631,8
4301107,INF-DIG-02,89.561637200291,2026-06,observado,3698,4129,
4301107,INF-DIG-03,0.635793433623,2026-06,observado,,4129,14
4301206,INF-DIG-02,90.448744339234,2026-06,observado,2197,2429,
4301206,INF-DIG-03,0.593107064849,2026-06,observado,,2429,15
4301305,INF-DIG-02,67.980173482032,2026-06,observado,2743,4035,
4301305,INF-DIG-03,0.48492002291,2026-06,observado,,4035,14
4301404,INF-DIG-02,82.905027932961,2026-06,observado,742,895,
4301404,INF-DIG-03,0.564808838675,2026-06,observado,,895,19
4301503,INF-DIG-02,94.472361809045,2026-06,observado,2632,2786,
4301503,INF-DIG-03,0.670845252826,2026-06,observado,,2786,13
4301552,INF-DIG-02,84.31712962963,2026-06,observado,1457,1728,
4301552,INF-DIG-03,0.558316454475,2026-06,observado,,1728,15
4301602,INF-DIG-02,65.010885948752,2026-06,observado,19409,29855,
4301602,INF-DIG-03,0.805474056892,2026-06,observado,,29855,31
4301636,INF-DIG-02,99.763965381589,2026-06,observado,6340,6355,
4301636,INF-DIG-03,0.719250433782,2026-06,observado,,6355,17
4301651,INF-DIG-02,84.552845528455,2026-06,observado,2184,2583,
4301651,INF-DIG-03,0.318196840505,2026-06,observado,,2583,11
4301701,INF-DIG-02,84.210526315789,2026-06,observado,1664,1976,
4301701,INF-DIG-03,0.168517657231,2026-06,observado,,1976,10
4301750,INF-DIG-02,57.427536231884,2026-06,observado,634,1104,
4301750,INF-DIG-03,0.747125078765,2026-06,observado,,1104,12
4301800,INF-DIG-02,91.402985074627,2026-06,observado,1531,1675,
4301800,INF-DIG-03,0.679551258632,2026-06,observado,,1675,14
4301859,INF-DIG-02,80.351602895553,2026-06,observado,777,967,
4301859,INF-DIG-03,0.558556458262,2026-06,observado,,967,9
4301875,INF-DIG-02,81.949058693245,2026-06,observado,740,903,
4301875,INF-DIG-03,0.359745845337,2026-06,observado,,903,10
4301909,INF-DIG-02,89.369210410234,2026-06,observado,2026,2267,
4301909,INF-DIG-03,0.532886163825,2026-06,observado,,2267,14
4301925,INF-DIG-02,66.917293233083,2026-06,observado,178,266,
4301925,INF-DIG-03,0.354287975578,2026-06,observado,,266,8
4301958,INF-DIG-02,88.16199376947,2026-06,observado,849,963,
4301958,INF-DIG-03,0.674014335178,2026-06,observado,,963,11
4302006,INF-DIG-02,76.978417266187,2026-06,observado,1926,2502,
4302006,INF-DIG-03,0.690035980808,2026-06,observado,,2502,16
4302055,INF-DIG-02,82.278481012658,2026-06,observado,130,158,
4302055,INF-DIG-03,0.276077551674,2026-06,observado,,158,8
4302105,INF-DIG-02,73.803853647976,2026-06,observado,37499,50809,
4302105,INF-DIG-03,0.850806444011,2026-06,observado,,50809,37
4302154,INF-DIG-02,83.776932826362,2026-06,observado,661,789,
4302154,INF-DIG-03,0.67192913974,2026-06,observado,,789,13
4302204,INF-DIG-02,73.453433038749,2026-06,observado,2161,2942,
4302204,INF-DIG-03,0.379372144256,2026-06,observado,,2942,21
4302220,INF-DIG-02,44.798890429958,2026-06,observado,323,721,
4302220,INF-DIG-03,0.666757720149,2026-06,observado,,721,10
4302238,INF-DIG-02,91.111111111111,2026-06,observado,287,315,
4302238,INF-DIG-03,0.16062484253,2026-06,observado,,315,7
4302253,INF-DIG-02,96.658986175115,2026-06,observado,839,868,
4302253,INF-DIG-03,0.192765295504,2026-06,observado,,868,9
4302303,INF-DIG-02,79.2839573654,2026-06,observado,2901,3659,
4302303,INF-DIG-03,0.739804759102,2026-06,observado,,3659,18
4302352,INF-DIG-02,83.582591161149,2026-06,observado,4974,5951,
4302352,INF-DIG-03,0.738604953392,2026-06,observado,,5951,16
4302378,INF-DIG-02,85.416666666667,2026-06,observado,123,144,
4302378,INF-DIG-03,0.674575617284,2026-06,observado,,144,8
4302402,INF-DIG-02,82.482953209499,2026-06,observado,3508,4253,
4302402,INF-DIG-03,0.529604557362,2026-06,observado,,4253,15
4302451,INF-DIG-02,95.532831001076,2026-06,observado,1775,1858,
4302451,INF-DIG-03,0.342644208097,2026-06,observado,,1858,12
4302501,INF-DIG-02,79.815745393635,2026-06,observado,953,1194,
4302501,INF-DIG-03,0.714259460339,2026-06,observado,,1194,16
4302584,INF-DIG-02,91.919191919192,2026-06,observado,728,792,
4302584,INF-DIG-03,0.17116556984,2026-06,observado,,792,7
4302600,INF-DIG-02,50,2026-06,observado,103,206,
4302600,INF-DIG-03,0.788622867377,2026-06,observado,,206,10
4302659,INF-DIG-02,95.806451612903,2026-06,observado,1485,1550,
4302659,INF-DIG-03,0.082963579605,2026-06,observado,,1550,8
4302709,INF-DIG-02,79.494655004859,2026-06,observado,1636,2058,
4302709,INF-DIG-03,0.362894901123,2026-06,observado,,2058,13
4302808,INF-DIG-02,83.585194918966,2026-06,observado,7633,9132,
4302808,INF-DIG-03,0.473734379824,2026-06,observado,,9132,21
4302907,INF-DIG-02,89.298401420959,2026-06,observado,2011,2252,
4302907,INF-DIG-03,0.600348535661,2026-06,observado,,2252,16
4303004,INF-DIG-02,86.601257090296,2026-06,observado,22596,26092,
4303004,INF-DIG-03,0.668503965696,2026-06,observado,,26092,41
4303103,INF-DIG-02,90.483215688055,2026-06,observado,39866,44059,
4303103,INF-DIG-03,0.920725511415,2026-06,observado,,44059,57
4303202,INF-DIG-02,81.463009143807,2026-06,observado,980,1203,
4303202,INF-DIG-03,0.408227146183,2026-06,observado,,1203,12
4303301,INF-DIG-02,62.202136400986,2026-06,observado,757,1217,
4303301,INF-DIG-03,0.714248772356,2026-06,observado,,1217,14
4303400,INF-DIG-02,59.907834101382,2026-06,observado,910,1519,
4303400,INF-DIG-03,0.549135570897,2026-06,observado,,1519,14
4303509,INF-DIG-02,98.141916605706,2026-06,observado,20124,20505,
4303509,INF-DIG-03,0.760096493079,2026-06,observado,,20505,25
4303558,INF-DIG-02,81.818181818182,2026-06,observado,360,440,
4303558,INF-DIG-03,0.364493801653,2026-06,observado,,440,9
4303608,INF-DIG-02,91.21412803532,2026-06,observado,2066,2265,
4303608,INF-DIG-03,0.578807752097,2026-06,observado,,2265,13
4303673,INF-DIG-02,93.966480446927,2026-06,observado,841,895,
4303673,INF-DIG-03,0.161880091133,2026-06,observado,,895,12
4303707,INF-DIG-02,73.866855524079,2026-06,observado,1043,1412,
4303707,INF-DIG-03,0.426164041121,2026-06,observado,,1412,12
4303806,INF-DIG-02,85.155732273028,2026-06,observado,1285,1509,
4303806,INF-DIG-03,0.649393675499,2026-06,observado,,1509,14
4303905,INF-DIG-02,82.720261050133,2026-06,observado,22308,26968,
4303905,INF-DIG-03,0.725242527351,2026-06,observado,,26968,35
4304002,INF-DIG-02,85.576923076923,2026-06,observado,178,208,
4304002,INF-DIG-03,0.660641642012,2026-06,observado,,208,12
4304101,INF-DIG-02,92.649310872894,2026-06,observado,1210,1306,
4304101,INF-DIG-03,0.196127426954,2026-06,observado,,1306,9
4304200,INF-DIG-02,86.332646266054,2026-06,observado,5445,6307,
4304200,INF-DIG-03,0.753888136202,2026-06,observado,,6307,19
4304309,INF-DIG-02,79.66573816156,2026-06,observado,1144,1436,
4304309,INF-DIG-03,0.354394751748,2026-06,observado,,1436,13
4304358,INF-DIG-02,91.507961286294,2026-06,observado,2931,3203,
4304358,INF-DIG-03,0.41012791532,2026-06,observado,,3203,11
4304408,INF-DIG-02,96.336162285241,2026-06,observado,13962,14493,
4304408,INF-DIG-03,0.687311241397,2026-06,observado,,14493,22
4304507,INF-DIG-02,77.973174366617,2026-06,observado,7848,10065,
4304507,INF-DIG-03,0.713219729977,2026-06,observado,,10065,22
4304606,INF-DIG-02,75.816684665227,2026-06,observado,101097,133344,
4304606,INF-DIG-03,0.844378873264,2026-06,observado,,133344,80
4304614,INF-DIG-02,89.891696750903,2026-06,observado,249,277,
4304614,INF-DIG-03,0.677996585385,2026-06,observado,,277,8
4304622,INF-DIG-02,36.046511627907,2026-06,observado,31,86,
4304622,INF-DIG-03,0.663331530557,2026-06,observado,,86,8
4304630,INF-DIG-02,55.876058076085,2026-06,observado,28979,51863,
4304630,INF-DIG-03,0.744636788787,2026-06,observado,,51863,36
4304655,INF-DIG-02,48.958333333333,2026-06,observado,94,192,
4304655,INF-DIG-03,0.78759765625,2026-06,observado,,192,10
4304663,INF-DIG-02,97.118786857624,2026-06,observado,5764,5935,
4304663,INF-DIG-03,0.685660734906,2026-06,observado,,5935,19
4304671,INF-DIG-02,81.683731513083,2026-06,observado,1436,1758,
4304671,INF-DIG-03,0.359931714729,2026-06,observado,,1758,14
4304689,INF-DIG-02,98.844407758976,2026-06,observado,2395,2423,
4304689,INF-DIG-03,0.226279350338,2026-06,observado,,2423,14
4304697,INF-DIG-02,99.600798403194,2026-06,observado,998,1002,
4304697,INF-DIG-03,0.245716152525,2026-06,observado,,1002,10
4304705,INF-DIG-02,85.321436894497,2026-06,observado,25628,30037,
4304705,INF-DIG-03,0.68237053472,2026-06,observado,,30037,23
4304713,INF-DIG-02,81.759587495972,2026-06,observado,2537,3103,
4304713,INF-DIG-03,0.058183274448,2026-06,observado,,3103,11
4304804,INF-DIG-02,96.504805891899,2026-06,observado,7731,8011,
4304804,INF-DIG-03,0.66834079922,2026-06,observado,,8011,22
4304853,INF-DIG-02,66.938775510204,2026-06,observado,164,245,
4304853,INF-DIG-03,0.757084548105,2026-06,observado,,245,10
4304903,INF-DIG-02,82.055464926591,2026-06,observado,1509,1839,
4304903,INF-DIG-03,0.450646245137,2026-06,observado,,1839,15
4304952,INF-DIG-02,95.900755124056,2026-06,observado,889,927,
4304952,INF-DIG-03,0.061292008067,2026-06,observado,,927,9
4305009,INF-DIG-02,92.578796561605,2026-06,observado,3231,3490,
4305009,INF-DIG-03,0.671482007537,2026-06,observado,,3490,13
4305108,INF-DIG-02,74.901806755695,2026-06,observado,146839,196042,
4305108,INF-DIG-03,0.83432379642,2026-06,observado,,196042,72
4305116,INF-DIG-02,37.147887323944,2026-06,observado,211,568,
4305116,INF-DIG-03,0.539928833565,2026-06,observado,,568,12
4305124,INF-DIG-02,83.20987654321,2026-06,observado,674,810,
4305124,INF-DIG-03,0.573580246914,2026-06,observado,,810,11
4305132,INF-DIG-02,81.835383159886,2026-06,observado,865,1057,
4305132,INF-DIG-03,0.625996532555,2026-06,observado,,1057,14
4305157,INF-DIG-02,76.626240352811,2026-06,observado,695,907,
4305157,INF-DIG-03,0.123097457117,2026-06,observado,,907,14
4305173,INF-DIG-02,89.451277199622,2026-06,observado,1891,2114,
4305173,INF-DIG-03,0.390879293694,2026-06,observado,,2114,11
4305207,INF-DIG-02,76.804020100503,2026-06,observado,3821,4975,
4305207,INF-DIG-03,0.755600636348,2026-06,observado,,4975,18
4305306,INF-DIG-02,95.76031656303,2026-06,observado,1694,1769,
4305306,INF-DIG-03,0.486363829549,2026-06,observado,,1769,16
4305355,INF-DIG-02,93.417044356936,2026-06,observado,12573,13459,
4305355,INF-DIG-03,0.794765262801,2026-06,observado,,13459,18
4305371,INF-DIG-02,49.562171628722,2026-06,observado,283,571,
4305371,INF-DIG-03,0.554212507016,2026-06,observado,,571,15
4305405,INF-DIG-02,96.96,2026-06,observado,1212,1250,
4305405,INF-DIG-03,0.37698816,2026-06,observado,,1250,16
4305439,INF-DIG-02,62.626262626263,2026-06,observado,62,99,
4305439,INF-DIG-03,0.601163146618,2026-06,observado,,99,8
4305447,INF-DIG-02,65.054602184087,2026-06,observado,417,641,
4305447,INF-DIG-03,0.360410921897,2026-06,observado,,641,10
4305454,INF-DIG-02,99.688438856126,2026-06,observado,8959,8987,
4305454,INF-DIG-03,0.750216665594,2026-06,observado,,8987,19
4305504,INF-DIG-02,80.396475770925,2026-06,observado,365,454,
4305504,INF-DIG-03,0.778425740845,2026-06,observado,,454,14
4305587,INF-DIG-02,37.765957446809,2026-06,observado,213,564,
4305587,INF-DIG-03,0.497107791359,2026-06,observado,,564,10
4305603,INF-DIG-02,90.162368672397,2026-06,observado,944,1047,
4305603,INF-DIG-03,0.097667506835,2026-06,observado,,1047,9
4305702,INF-DIG-02,86.912751677852,2026-06,observado,1813,2086,
4305702,INF-DIG-03,0.546450840144,2026-06,observado,,2086,13
4305801,INF-DIG-02,91.394148020654,2026-06,observado,1593,1743,
4305801,INF-DIG-03,0.688894089595,2026-06,observado,,1743,19
4305835,INF-DIG-02,46.428571428571,2026-06,observado,13,28,
4305835,INF-DIG-03,0.581632653061,2026-06,observado,,28,5
4305850,INF-DIG-02,66.194690265487,2026-06,observado,374,565,
4305850,INF-DIG-03,0.118994439659,2026-06,observado,,565,9
4305871,INF-DIG-02,96.260869565217,2026-06,observado,1107,1150,
4305871,INF-DIG-03,0.140660869565,2026-06,observado,,1150,10
4305900,INF-DIG-02,66.961651917404,2026-06,observado,227,339,
4305900,INF-DIG-03,0.363397464345,2026-06,observado,,339,13
4305934,INF-DIG-02,96.766169154229,2026-06,observado,389,402,
4305934,INF-DIG-03,0.063203881092,2026-06,observado,,402,6
4305959,INF-DIG-02,81.132075471698,2026-06,observado,387,477,
4305959,INF-DIG-03,0.24132308409,2026-06,observado,,477,11
4305975,INF-DIG-02,78.339818417639,2026-06,observado,604,771,
4305975,INF-DIG-03,0.714503205533,2026-06,observado,,771,14
4306007,INF-DIG-02,86.737266767524,2026-06,observado,1720,1983,
4306007,INF-DIG-03,0.443469948419,2026-06,observado,,1983,19
4306056,INF-DIG-02,94.522019334049,2026-06,observado,1760,1862,
4306056,INF-DIG-03,0.484394775492,2026-06,observado,,1862,14
4306072,INF-DIG-02,89.678135405105,2026-06,observado,808,901,
4306072,INF-DIG-03,0.508925216894,2026-06,observado,,901,10
4306106,INF-DIG-02,70.70046334151,2026-06,observado,12970,18345,
4306106,INF-DIG-03,0.72663577129,2026-06,observado,,18345,25
4306130,INF-DIG-02,73.131672597865,2026-06,observado,411,562,
4306130,INF-DIG-03,0.724775522093,2026-06,observado,,562,11
4306205,INF-DIG-02,98.246970868781,2026-06,observado,3811,3879,
4306205,INF-DIG-03,0.264589551914,2026-06,observado,,3879,20
4306304,INF-DIG-02,90.414201183432,2026-06,observado,764,845,
4306304,INF-DIG-03,0.514827912188,2026-06,observado,,845,14
4306320,INF-DIG-02,67.156862745098,2026-06,observado,411,612,
4306320,INF-DIG-03,0.347596010082,2026-06,observado,,612,13
4306353,INF-DIG-02,76.863753213368,2026-06,observado,299,389,
4306353,INF-DIG-03,0.470033901441,2026-06,observado,,389,9
4306379,INF-DIG-02,64.609053497942,2026-06,observado,471,729,
4306379,INF-DIG-03,0.568620034962,2026-06,observado,,729,11
4306403,INF-DIG-02,97.517757580386,2026-06,observado,12768,13093,
4306403,INF-DIG-03,0.694887875922,2026-06,observado,,13093,27
4306429,INF-DIG-02,82.521008403361,2026-06,observado,491,595,
4306429,INF-DIG-03,0.635333662877,2026-06,observado,,595,11
4306452,INF-DIG-02,74.885844748858,2026-06,observado,164,219,
4306452,INF-DIG-03,0.537728571131,2026-06,observado,,219,11
4306502,INF-DIG-02,77.416267942584,2026-06,observado,1618,2090,
4306502,INF-DIG-03,0.781958288501,2026-06,observado,,2090,17
4306551,INF-DIG-02,95.804195804196,2026-06,observado,137,143,
4306551,INF-DIG-03,0.206464863808,2026-06,observado,,143,6
4306601,INF-DIG-02,88.403786518688,2026-06,observado,10833,12254,
4306601,INF-DIG-03,0.667469083551,2026-06,observado,,12254,23
4306700,INF-DIG-02,82.644628099174,2026-06,observado,900,1089,
4306700,INF-DIG-03,0.187619580056,2026-06,observado,,1089,11
4306734,INF-DIG-02,41.438147471054,2026-06,observado,680,1641,
4306734,INF-DIG-03,0.741677036601,2026-06,observado,,1641,16
4306759,INF-DIG-02,85.321100917431,2026-06,observado,186,218,
4306759,INF-DIG-03,0.242614258059,2026-06,observado,,218,10
4306767,INF-DIG-02,96.076896311761,2026-06,observado,11045,11496,
4306767,INF-DIG-03,0.830741405803,2026-06,observado,,11496,27
4306809,INF-DIG-02,88.655827230979,2026-06,observado,7143,8057,
4306809,INF-DIG-03,0.727155710363,2026-06,observado,,8057,21
4306908,INF-DIG-02,77.589764754437,2026-06,observado,3760,4846,
4306908,INF-DIG-03,0.785223173368,2026-06,observado,,4846,19
4306924,INF-DIG-02,92.690058479532,2026-06,observado,317,342,
4306924,INF-DIG-03,0.58724051845,2026-06,observado,,342,10
4306932,INF-DIG-02,75.381679389313,2026-06,observado,1975,2620,
4306932,INF-DIG-03,0.640963813298,2026-06,observado,,2620,14
4306957,INF-DIG-02,77.464788732394,2026-06,observado,715,923,
4306957,INF-DIG-03,0.726506551602,2026-06,observado,,923,12
4306973,INF-DIG-02,83.091787439614,2026-06,observado,860,1035,
4306973,INF-DIG-03,0.600178300544,2026-06,observado,,1035,14
4307005,INF-DIG-02,82.047521267234,2026-06,observado,47549,57953,
4307005,INF-DIG-03,0.786805982807,2026-06,observado,,57953,47
4307054,INF-DIG-02,86.224934612031,2026-06,observado,989,1147,
4307054,INF-DIG-03,0.287763309616,2026-06,observado,,1147,10
4307104,INF-DIG-02,57.165109034268,2026-06,observado,367,642,
4307104,INF-DIG-03,0.712279578032,2026-06,observado,,642,13
4307203,INF-DIG-02,51.778656126482,2026-06,observado,131,253,
4307203,INF-DIG-03,0.393288443813,2026-06,observado,,253,12
4307302,INF-DIG-02,84.34894162925,2026-06,observado,1315,1559,
4307302,INF-DIG-03,0.586075760312,2026-06,observado,,1559,14
4307401,INF-DIG-02,89.352989352989,2026-06,observado,1091,1221,
4307401,INF-DIG-03,0.562337633591,2026-06,observado,,1221,15
4307450,INF-DIG-02,89.913544668588,2026-06,observado,312,347,
4307450,INF-DIG-03,0.346186746838,2026-06,observado,,347,10
4307500,INF-DIG-02,71.386922115785,2026-06,observado,1714,2401,
4307500,INF-DIG-03,0.375693107186,2026-06,observado,,2401,14
4307559,INF-DIG-02,90.426966292135,2026-06,observado,2012,2225,
4307559,INF-DIG-03,0.446720565585,2026-06,observado,,2225,19
4307609,INF-DIG-02,85.39877963173,2026-06,observado,15815,18519,
4307609,INF-DIG-03,0.815968559643,2026-06,observado,,18519,27
4307708,INF-DIG-02,73.363945690595,2026-06,observado,22208,30271,
4307708,INF-DIG-03,0.843855753159,2026-06,observado,,30271,37
4307807,INF-DIG-02,98.541523678792,2026-06,observado,11486,11656,
4307807,INF-DIG-03,0.862320194465,2026-06,observado,,11656,33
4307815,INF-DIG-02,78.589743589744,2026-06,observado,613,780,
4307815,INF-DIG-03,0.375943458251,2026-06,observado,,780,11
4307831,INF-DIG-02,83.40206185567,2026-06,observado,809,970,
4307831,INF-DIG-03,0.540871506005,2026-06,observado,,970,12
4307864,INF-DIG-02,54.545454545455,2026-06,observado,6,11,
4307864,INF-DIG-03,0.760330578512,2026-06,observado,,11,6
4307906,INF-DIG-02,75.220614189905,2026-06,observado,21310,28330,
4307906,INF-DIG-03,0.864093672365,2026-06,observado,,28330,36
4308003,INF-DIG-02,86.194477791116,2026-06,observado,1436,1666,
4308003,INF-DIG-03,0.50885588329,2026-06,observado,,1666,15
4308052,INF-DIG-02,65.217391304348,2026-06,observado,45,69,
4308052,INF-DIG-03,0.747321991178,2026-06,observado,,69,8
4308078,INF-DIG-02,86.943620178042,2026-06,observado,879,1011,
4308078,INF-DIG-03,0.757959184871,2026-06,observado,,1011,14
4308102,INF-DIG-02,95.252277505256,2026-06,observado,5437,5708,
4308102,INF-DIG-03,0.472458527085,2026-06,observado,,5708,21
4308201,INF-DIG-02,97.860403195131,2026-06,observado,10291,10516,
4308201,INF-DIG-03,0.782766910926,2026-06,observado,,10516,42
4308250,INF-DIG-02,76.684881602914,2026-06,observado,421,549,
4308250,INF-DIG-03,0.621165822277,2026-06,observado,,549,9
4308300,INF-DIG-02,77.909176915799,2026-06,observado,1647,2114,
4308300,INF-DIG-03,0.371258779377,2026-06,observado,,2114,15
4308409,INF-DIG-02,81.561238223419,2026-06,observado,1212,1486,
4308409,INF-DIG-03,0.546207854738,2026-06,observado,,1486,11
4308433,INF-DIG-02,97.110754414125,2026-06,observado,605,623,
4308433,INF-DIG-03,0.462995550448,2026-06,observado,,623,11
4308458,INF-DIG-02,87.861983980283,2026-06,observado,1426,1623,
4308458,INF-DIG-03,0.524375229915,2026-06,observado,,1623,11
4308508,INF-DIG-02,97.672121896163,2026-06,observado,13846,14176,
4308508,INF-DIG-03,0.478823747589,2026-06,observado,,14176,24
4308607,INF-DIG-02,96.762381961842,2026-06,observado,10042,10378,
4308607,INF-DIG-03,0.797475339658,2026-06,observado,,10378,27
4308656,INF-DIG-02,48.648648648649,2026-06,observado,144,296,
4308656,INF-DIG-03,0.589663988313,2026-06,observado,,296,13
4308706,INF-DIG-02,78.821304758903,2026-06,observado,2501,3173,
4308706,INF-DIG-03,0.613635237197,2026-06,observado,,3173,15
4308805,INF-DIG-02,85.413200221852,2026-06,observado,1540,1803,
4308805,INF-DIG-03,0.691547242548,2026-06,observado,,1803,13
4308854,INF-DIG-02,91.810344827586,2026-06,observado,426,464,
4308854,INF-DIG-03,0.457806926278,2026-06,observado,,464,8
4308904,INF-DIG-02,80.020521841102,2026-06,observado,5459,6822,
4308904,INF-DIG-03,0.671502281795,2026-06,observado,,6822,19
4309001,INF-DIG-02,58.809756097561,2026-06,observado,3014,5125,
4309001,INF-DIG-03,0.764507145747,2026-06,observado,,5125,22
4309050,INF-DIG-02,91.832386363636,2026-06,observado,1293,1408,
4309050,INF-DIG-03,0.372761371707,2026-06,observado,,1408,17
4309100,INF-DIG-02,97.376775271512,2026-06,observado,17484,17955,
4309100,INF-DIG-03,0.620433933933,2026-06,observado,,17955,28
4309126,INF-DIG-02,90.204081632653,2026-06,observado,663,735,
4309126,INF-DIG-03,0.681938081355,2026-06,observado,,735,9
4309159,INF-DIG-02,78.867924528302,2026-06,observado,418,530,
4309159,INF-DIG-03,0.439779280883,2026-06,observado,,530,10
4309209,INF-DIG-02,94.166920327843,2026-06,observado,83527,88701,
4309209,INF-DIG-03,0.908507286624,2026-06,observado,,88701,69
4309258,INF-DIG-02,74,2026-06,observado,37,50,
4309258,INF-DIG-03,0.4144,2026-06,observado,,50,10
4309308,INF-DIG-02,98.69708308913,2026-06,observado,21892,22181,
4309308,INF-DIG-03,0.717538890464,2026-06,observado,,22181,34
4309407,INF-DIG-02,82.818549427859,2026-06,observado,9626,11623,
4309407,INF-DIG-03,0.624568918165,2026-06,observado,,11623,23
4309506,INF-DIG-02,67.632552404439,2026-06,observado,1097,1622,
4309506,INF-DIG-03,0.778484342145,2026-06,observado,,1622,16
4309555,INF-DIG-02,92.761605035405,2026-06,observado,1179,1271,
4309555,INF-DIG-03,0.668962840488,2026-06,observado,,1271,12
4309571,INF-DIG-02,80.625,2026-06,observado,387,480,
4309571,INF-DIG-03,0.670434027778,2026-06,observado,,480,12
4309605,INF-DIG-02,39.649772209567,2026-06,observado,2785,7024,
4309605,INF-DIG-03,0.678897092494,2026-06,observado,,7024,21
4309654,INF-DIG-02,72.844827586207,2026-06,observado,676,928,
4309654,INF-DIG-03,0.650483520363,2026-06,observado,,928,12
4309704,INF-DIG-02,56.944444444444,2026-06,observado,902,1584,
4309704,INF-DIG-03,0.470062844353,2026-06,observado,,1584,19
4309753,INF-DIG-02,78.8,2026-06,observado,394,500,
4309753,INF-DIG-03,0.628936,2026-06,observado,,500,10
4309803,INF-DIG-02,74.839836924869,2026-06,observado,1285,1717,
4309803,INF-DIG-03,0.738149357092,2026-06,observado,,1717,14
4309902,INF-DIG-02,63.888888888889,2026-06,observado,46,72,
4309902,INF-DIG-03,0.81712962963,2026-06,observado,,72,13
4309951,INF-DIG-02,55.913978494624,2026-06,observado,156,279,
4309951,INF-DIG-03,0.551457458152,2026-06,observado,,279,11
4310009,INF-DIG-02,96.776413903866,2026-06,observado,8436,8717,
4310009,INF-DIG-03,0.339023633655,2026-06,observado,,8717,18
4310108,INF-DIG-02,95.679473762894,2026-06,observado,6400,6689,
4310108,INF-DIG-03,0.87363533389,2026-06,observado,,6689,32
4310207,INF-DIG-02,96.433532806155,2026-06,observado,36097,37432,
4310207,INF-DIG-03,0.804839443616,2026-06,observado,,37432,34
4310306,INF-DIG-02,46.153846153846,2026-06,observado,12,26,
4310306,INF-DIG-03,0.828402366864,2026-06,observado,,26,11
4310330,INF-DIG-02,91.306022240408,2026-06,observado,18967,20773,
4310330,INF-DIG-03,0.572576628747,2026-06,observado,,20773,21
4310363,INF-DIG-02,53.264248704663,2026-06,observado,514,965,
4310363,INF-DIG-03,0.624942414561,2026-06,observado,,965,10
4310405,INF-DIG-02,69.872857932559,2026-06,observado,1264,1809,
4310405,INF-DIG-03,0.546294997587,2026-06,observado,,1809,17
4310413,INF-DIG-02,76.857749469214,2026-06,observado,362,471,
4310413,INF-DIG-03,0.400340784616,2026-06,observado,,471,5
4310439,INF-DIG-02,87.701317715959,2026-06,observado,1198,1366,
4310439,INF-DIG-03,0.427672463874,2026-06,observado,,1366,11
4310462,INF-DIG-02,60.186418109188,2026-06,observado,452,751,
4310462,INF-DIG-03,0.707200873757,2026-06,observado,,751,10
4310504,INF-DIG-02,92.743840701991,2026-06,observado,2748,2963,
4310504,INF-DIG-03,0.735640796053,2026-06,observado,,2963,18
4310538,INF-DIG-02,90.672884743504,2026-06,observado,1361,1501,
4310538,INF-DIG-03,0.330166742048,2026-06,observado,,1501,14
4310553,INF-DIG-02,53.881278538813,2026-06,observado,118,219,
4310553,INF-DIG-03,0.631679906591,2026-06,observado,,219,11
4310579,INF-DIG-02,42.528735632184,2026-06,observado,37,87,
4310579,INF-DIG-03,0.152463997886,2026-06,observado,,87,9
4310603,INF-DIG-02,91.185089672957,2026-06,observado,7779,8531,
4310603,INF-DIG-03,0.799689647804,2026-06,observado,,8531,24
4310652,INF-DIG-02,82.291666666667,2026-06,observado,1264,1536,
4310652,INF-DIG-03,0.060076395671,2026-06,observado,,1536,11
4310702,INF-DIG-02,40.625,2026-06,observado,65,160,
4310702,INF-DIG-03,0.5446875,2026-06,observado,,160,9
4310751,INF-DIG-02,10.06711409396,2026-06,observado,15,149,
4310751,INF-DIG-03,0.550245484438,2026-06,observado,,149,10
4310801,INF-DIG-02,98.296303676397,2026-06,observado,9866,10037,
4310801,INF-DIG-03,0.841121942665,2026-06,observado,,10037,23
4310850,INF-DIG-02,78.61089187056,2026-06,observado,996,1267,
4310850,INF-DIG-03,0.671567549519,2026-06,observado,,1267,11
4310876,INF-DIG-02,53.103448275862,2026-06,observado,231,435,
4310876,INF-DIG-03,0.716184436517,2026-06,observado,,435,9
4310900,INF-DIG-02,58.926829268293,2026-06,observado,604,1025,
4310900,INF-DIG-03,0.581731826294,2026-06,observado,,1025,13
4311007,INF-DIG-02,91.07771459518,2026-06,observado,6727,7386,
4311007,INF-DIG-03,0.695902787814,2026-06,observado,,7386,17
4311106,INF-DIG-02,87.659574468085,2026-06,observado,1854,2115,
4311106,INF-DIG-03,0.597750392614,2026-06,observado,,2115,16
4311122,INF-DIG-02,57.981927710843,2026-06,observado,385,664,
4311122,INF-DIG-03,0.781794346059,2026-06,observado,,664,12
4311130,INF-DIG-02,37.114537444934,2026-06,observado,337,908,
4311130,INF-DIG-03,0.797936598808,2026-06,observado,,908,13
4311155,INF-DIG-02,76.37164597517,2026-06,observado,1907,2497,
4311155,INF-DIG-03,0.52379876276,2026-06,observado,,2497,14
4311205,INF-DIG-02,93.71745921555,2026-06,observado,5400,5762,
4311205,INF-DIG-03,0.588166904232,2026-06,observado,,5762,20
4311239,INF-DIG-02,83.216783216783,2026-06,observado,595,715,
4311239,INF-DIG-03,0.701209839112,2026-06,observado,,715,11
4311254,INF-DIG-02,80.332986472425,2026-06,observado,772,961,
4311254,INF-DIG-03,0.639740731396,2026-06,observado,,961,14
4311270,INF-DIG-02,97.191887675507,2026-06,observado,623,641,
4311270,INF-DIG-03,0.159033880856,2026-06,observado,,641,7
4311304,INF-DIG-02,94.260171028764,2026-06,observado,7275,7718,
4311304,INF-DIG-03,0.742328487583,2026-06,observado,,7718,21
4311403,INF-DIG-02,88.707928726313,2026-06,observado,37637,42428,
4311403,INF-DIG-03,0.850653176278,2026-06,observado,,42428,49
4311429,INF-DIG-02,89.364303178484,2026-06,observado,731,818,
4311429,INF-DIG-03,0.143560834763,2026-06,observado,,818,8
4311502,INF-DIG-02,76.029475509319,2026-06,observado,1754,2307,
4311502,INF-DIG-03,0.634121402437,2026-06,observado,,2307,14
4311601,INF-DIG-02,87.425595238095,2026-06,observado,1175,1344,
4311601,INF-DIG-03,0.49014801233,2026-06,observado,,1344,15
4311627,INF-DIG-02,99.661016949153,2026-06,observado,2352,2360,
4311627,INF-DIG-03,0.498499712726,2026-06,observado,,2360,8
4311643,INF-DIG-02,91.042047531993,2026-06,observado,498,547,
4311643,INF-DIG-03,0.61113803395,2026-06,observado,,547,9
4311700,INF-DIG-02,76.242236024845,2026-06,observado,491,644,
4311700,INF-DIG-03,0.678002391883,2026-06,observado,,644,16
4311718,INF-DIG-02,65.37037037037,2026-06,observado,706,1080,
4311718,INF-DIG-03,0.747131344307,2026-06,observado,,1080,12
4311734,INF-DIG-02,78.771256171146,2026-06,observado,1436,1823,
4311734,INF-DIG-03,0.303534798992,2026-06,observado,,1823,8
4311759,INF-DIG-02,83.151779230211,2026-06,observado,1145,1377,
4311759,INF-DIG-03,0.594582963501,2026-06,observado,,1377,12
4311775,INF-DIG-02,87.006187529748,2026-06,observado,1828,2101,
4311775,INF-DIG-03,0.340232807704,2026-06,observado,,2101,12
4311791,INF-DIG-02,99.149453219927,2026-06,observado,816,823,
4311791,INF-DIG-03,0.612635809186,2026-06,observado,,823,8
4311809,INF-DIG-02,87.814355099838,2026-06,observado,16272,18530,
4311809,INF-DIG-03,0.675776065359,2026-06,observado,,18530,26
4311908,INF-DIG-02,80.157030692363,2026-06,observado,1123,1401,
4311908,INF-DIG-03,0.665604918685,2026-06,observado,,1401,14
4311981,INF-DIG-02,63.414634146341,2026-06,observado,520,820,
4311981,INF-DIG-03,0.711162998215,2026-06,observado,,820,10
4312005,INF-DIG-02,64.319809069212,2026-06,observado,539,838,
4312005,INF-DIG-03,0.412862196046,2026-06,observado,,838,10
4312054,INF-DIG-02,86.931155192532,2026-06,observado,745,857,
4312054,INF-DIG-03,0.356721841816,2026-06,observado,,857,13
4312104,INF-DIG-02,87.182095625636,2026-06,observado,857,983,
4312104,INF-DIG-03,0.503605029137,2026-06,observado,,983,9
4312138,INF-DIG-02,93.814432989691,2026-06,observado,546,582,
4312138,INF-DIG-03,0.271241482741,2026-06,observado,,582,11
4312153,INF-DIG-02,98.730158730159,2026-06,observado,933,945,
4312153,INF-DIG-03,0.256232468296,2026-06,observado,,945,8
4312179,INF-DIG-02,65.659340659341,2026-06,observado,239,364,
4312179,INF-DIG-03,0.738663808719,2026-06,observado,,364,10
4312203,INF-DIG-02,76.757650951199,2026-06,observado,928,1209,
4312203,INF-DIG-03,0.760825378451,2026-06,observado,,1209,13
4312252,INF-DIG-02,80.314960629921,2026-06,observado,816,1016,
4312252,INF-DIG-03,0.339264678529,2026-06,observado,,1016,10
4312302,INF-DIG-02,80.620985010707,2026-06,observado,753,934,
4312302,INF-DIG-03,0.40758360119,2026-06,observado,,934,14
4312351,INF-DIG-02,64.150943396226,2026-06,observado,102,159,
4312351,INF-DIG-03,0.143427870733,2026-06,observado,,159,7
4312377,INF-DIG-02,70.208728652751,2026-06,observado,370,527,
4312377,INF-DIG-03,0.356736242884,2026-06,observado,,527,10
4312385,INF-DIG-02,80.237154150198,2026-06,observado,203,253,
4312385,INF-DIG-03,0.157634082707,2026-06,observado,,253,10
4312401,INF-DIG-02,98.84515087545,2026-06,observado,23880,24159,
4312401,INF-DIG-03,0.665588749847,2026-06,observado,,24159,29
4312427,INF-DIG-02,87.630208333333,2026-06,observado,673,768,
4312427,INF-DIG-03,0.560048421224,2026-06,observado,,768,10
4312443,INF-DIG-02,82.399472643375,2026-06,observado,1250,1517,
4312443,INF-DIG-03,0.036449137853,2026-06,observado,,1517,6
4312450,INF-DIG-02,79.033649698016,2026-06,observado,1832,2318,
4312450,INF-DIG-03,0.667239765916,2026-06,observado,,2318,10
4312476,INF-DIG-02,96.215549156726,2026-06,observado,2339,2431,
4312476,INF-DIG-03,0.486016947217,2026-06,observado,,2431,11
4312500,INF-DIG-02,85.974683544304,2026-06,observado,5094,5925,
4312500,INF-DIG-03,0.533591525575,2026-06,observado,,5925,13
4312609,INF-DIG-02,64.993122420908,2026-06,observado,945,1454,
4312609,INF-DIG-03,0.656041579554,2026-06,observado,,1454,14
4312617,INF-DIG-02,73.934226552984,2026-06,observado,607,821,
4312617,INF-DIG-03,0.606752408236,2026-06,observado,,821,15
4312625,INF-DIG-02,57.211538461538,2026-06,observado,119,208,
4312625,INF-DIG-03,0.181028106509,2026-06,observado,,208,8
4312658,INF-DIG-02,94.309097830225,2026-06,observado,4955,5254,
4312658,INF-DIG-03,0.546372919561,2026-06,observado,,5254,16
4312674,INF-DIG-02,71.508379888268,2026-06,observado,256,358,
4312674,INF-DIG-03,0.29989700696,2026-06,observado,,358,7
4312708,INF-DIG-02,85.421686746988,2026-06,observado,4963,5810,
4312708,INF-DIG-03,0.530133279615,2026-06,observado,,5810,21
4312757,INF-DIG-02,75.490196078431,2026-06,observado,308,408,
4312757,INF-DIG-03,0.531934832757,2026-06,observado,,408,10
4312807,INF-DIG-02,77.474226804124,2026-06,observado,1503,1940,
4312807,INF-DIG-03,0.607147412052,2026-06,observado,,1940,13
4312906,INF-DIG-02,82.702702702703,2026-06,observado,918,1110,
4312906,INF-DIG-03,0.618099180261,2026-06,observado,,1110,13
4312955,INF-DIG-02,86.627906976744,2026-06,observado,596,688,
4312955,INF-DIG-03,0.589583896701,2026-06,observado,,688,12
4313003,INF-DIG-02,94.533762057878,2026-06,observado,294,311,
4313003,INF-DIG-03,0.146834710146,2026-06,observado,,311,9
4313011,INF-DIG-02,65.743944636678,2026-06,observado,760,1156,
4313011,INF-DIG-03,0.386046623005,2026-06,observado,,1156,12
4313037,INF-DIG-02,82.929642445213,2026-06,observado,1438,1734,
4313037,INF-DIG-03,0.516334547931,2026-06,observado,,1734,10
4313060,INF-DIG-02,86.719883889695,2026-06,observado,7170,8268,
4313060,INF-DIG-03,0.385795024867,2026-06,observado,,8268,21
4313086,INF-DIG-02,96.766169154229,2026-06,observado,778,804,
4313086,INF-DIG-03,0.470907279523,2026-06,observado,,804,10
4313102,INF-DIG-02,69.242779078845,2026-06,observado,887,1281,
4313102,INF-DIG-03,0.542387052465,2026-06,observado,,1281,15
4313201,INF-DIG-02,91.59140454687,2026-06,observado,8823,9633,
4313201,INF-DIG-03,0.761768230076,2026-06,observado,,9633,21
4313300,INF-DIG-02,92.182130584192,2026-06,observado,1073,1164,
4313300,INF-DIG-03,0.574488374015,2026-06,observado,,1164,30
4313334,INF-DIG-02,81.832061068702,2026-06,observado,536,655,
4313334,INF-DIG-03,0.515517743721,2026-06,observado,,655,8
4313359,INF-DIG-02,90.157480314961,2026-06,observado,458,508,
4313359,INF-DIG-03,0.201756153512,2026-06,observado,,508,10
4313375,INF-DIG-02,97.786874760138,2026-06,observado,7644,7817,
4313375,INF-DIG-03,0.684024572653,2026-06,observado,,7817,29
4313391,INF-DIG-02,83.613817537644,2026-06,observado,944,1129,
4313391,INF-DIG-03,0.720030188892,2026-06,observado,,1129,15
4313409,INF-DIG-02,77.206337223323,2026-06,observado,73634,95373,
4313409,INF-DIG-03,0.886134923755,2026-06,observado,,95373,55
4313425,INF-DIG-02,48.936170212766,2026-06,observado,391,799,
4313425,INF-DIG-03,0.493279302507,2026-06,observado,,799,12
4313441,INF-DIG-02,88.998589562764,2026-06,observado,631,709,
4313441,INF-DIG-03,0.178411358297,2026-06,observado,,709,8
4313466,INF-DIG-02,98.623853211009,2026-06,observado,430,436,
4313466,INF-DIG-03,0.576634963387,2026-06,observado,,436,6
4313490,INF-DIG-02,74.452554744526,2026-06,observado,408,548,
4313490,INF-DIG-03,0.352049922745,2026-06,observado,,548,8
4313508,INF-DIG-02,87.681126709701,2026-06,observado,19424,22153,
4313508,INF-DIG-03,0.691454989139,2026-06,observado,,22153,27
4313607,INF-DIG-02,87.100103199174,2026-06,observado,844,969,
4313607,INF-DIG-03,0.578707741855,2026-06,observado,,969,15
4313656,INF-DIG-02,86.95652173913,2026-06,observado,4640,5336,
4313656,INF-DIG-03,0.697479877003,2026-06,observado,,5336,18
4313706,INF-DIG-02,78.805564438759,2026-06,observado,9857,12508,
4313706,INF-DIG-03,0.696693099467,2026-06,observado,,12508,22
4313805,INF-DIG-02,40.96657633243,2026-06,observado,907,2214,
4313805,INF-DIG-03,0.488977917482,2026-06,observado,,2214,14
4313904,INF-DIG-02,89.795406049956,2026-06,observado,14308,15934,
4313904,INF-DIG-03,0.790680047098,2026-06,observado,,15934,21
4313953,INF-DIG-02,76.906158357771,2026-06,observado,2098,2728,
4313953,INF-DIG-03,0.680409955195,2026-06,observado,,2728,16
4314001,INF-DIG-02,77.956989247312,2026-06,observado,2030,2604,
4314001,INF-DIG-03,0.688805005179,2026-06,observado,,2604,15
4314027,INF-DIG-02,90.027100271003,2026-06,observado,1661,1845,
4314027,INF-DIG-03,0.427900500143,2026-06,observado,,1845,12
4314035,INF-DIG-02,98.53539462978,2026-06,observado,1211,1229,
4314035,INF-DIG-03,0.535625026069,2026-06,observado,,1229,10
4314050,INF-DIG-02,88.085565897054,2026-06,observado,17130,19447,
4314050,INF-DIG-03,0.709699770887,2026-06,observado,,19447,29
4314068,INF-DIG-02,88.013998250219,2026-06,observado,1006,1143,
4314068,INF-DIG-03,0.358336222845,2026-06,observado,,1143,12
4314076,INF-DIG-02,85.761589403974,2026-06,observado,518,604,
4314076,INF-DIG-03,0.673545019955,2026-06,observado,,604,12
4314100,INF-DIG-02,75.375375375375,2026-06,observado,67268,89244,
4314100,INF-DIG-03,0.834592519554,2026-06,observado,,89244,122
4314134,INF-DIG-02,82.978723404255,2026-06,observado,507,611,
4314134,INF-DIG-03,0.665127330099,2026-06,observado,,611,10
4314159,INF-DIG-02,75.789962825279,2026-06,observado,1631,2152,
4314159,INF-DIG-03,0.657834503393,2026-06,observado,,2152,15
4314175,INF-DIG-02,66.582914572864,2026-06,observado,265,398,
4314175,INF-DIG-03,0.49530314891,2026-06,observado,,398,8
4314209,INF-DIG-02,91.284046692607,2026-06,observado,1173,1285,
4314209,INF-DIG-03,0.551767324259,2026-06,observado,,1285,13
4314308,INF-DIG-02,94.695787831513,2026-06,observado,1214,1282,
4314308,INF-DIG-03,0.537637418133,2026-06,observado,,1282,10
4314407,INF-DIG-02,77.77593147881,2026-06,observado,102973,132397,
4314407,INF-DIG-03,0.794312848948,2026-06,observado,,132397,52
4314423,INF-DIG-02,94.484958979034,2026-06,observado,2073,2194,
4314423,INF-DIG-03,0.719605304597,2026-06,observado,,2194,13
4314456,INF-DIG-02,90.902729181246,2026-06,observado,1299,1429,
4314456,INF-DIG-03,0.54181576178,2026-06,observado,,1429,15
4314464,INF-DIG-02,96.410256410256,2026-06,observado,940,975,
4314464,INF-DIG-03,0.398603024326,2026-06,observado,,975,9
4314472,INF-DIG-02,27.734375,2026-06,observado,71,256,
4314472,INF-DIG-03,0.708679199219,2026-06,observado,,256,10
4314498,INF-DIG-02,66.208133971292,2026-06,observado,1107,1672,
4314498,INF-DIG-03,0.266691324603,2026-06,observado,,1672,10
4314506,INF-DIG-02,77.135433582332,2026-06,observado,2375,3079,
4314506,INF-DIG-03,0.709964018847,2026-06,observado,,3079,18
4314548,INF-DIG-02,81.730769230769,2026-06,observado,170,208,
4314548,INF-DIG-03,0.439857618343,2026-06,observado,,208,13
4314555,INF-DIG-02,73.051948051948,2026-06,observado,225,308,
4314555,INF-DIG-03,0.265917524034,2026-06,observado,,308,12
4314605,INF-DIG-02,69.57304526749,2026-06,observado,2705,3888,
4314605,INF-DIG-03,0.631095705473,2026-06,observado,,3888,14
4314704,INF-DIG-02,96.791990192072,2026-06,observado,4737,4894,
4314704,INF-DIG-03,0.715860008227,2026-06,observado,,4894,21
4314753,INF-DIG-02,98.996655518395,2026-06,observado,592,598,
4314753,INF-DIG-03,0.455867384034,2026-06,observado,,598,8
4314779,INF-DIG-02,72.715816005041,2026-06,observado,1154,1587,
4314779,INF-DIG-03,0.448269632478,2026-06,observado,,1587,14
4314787,INF-DIG-02,83.060109289617,2026-06,observado,152,183,
4314787,INF-DIG-03,0.614052375407,2026-06,observado,,183,7
4314803,INF-DIG-02,96.30648745899,2026-06,observado,9100,9449,
4314803,INF-DIG-03,0.673712880375,2026-06,observado,,9449,28
4314902,INF-DIG-02,68.82020191524,2026-06,observado,423865,615902,
4314902,INF-DIG-03,0.740894787115,2026-06,observado,,615902,184
4315008,INF-DIG-02,73.67816091954,2026-06,observado,641,870,
4315008,INF-DIG-03,0.525884529,2026-06,observado,,870,14
4315057,INF-DIG-02,14.539007092199,2026-06,observado,41,282,
4315057,INF-DIG-03,0.755897590664,2026-06,observado,,282,11
4315073,INF-DIG-02,29.569892473118,2026-06,observado,110,372,
4315073,INF-DIG-03,0.557477743092,2026-06,observado,,372,11
4315107,INF-DIG-02,86.258561643836,2026-06,observado,2015,2336,
4315107,INF-DIG-03,0.750662281268,2026-06,observado,,2336,13
4315131,INF-DIG-02,87.114845938375,2026-06,observado,311,357,
4315131,INF-DIG-03,0.454691680594,2026-06,observado,,357,10
4315149,INF-DIG-02,96.590909090909,2026-06,observado,1275,1320,
4315149,INF-DIG-03,0.730468319559,2026-06,observado,,1320,9
4315156,INF-DIG-02,97.046759639048,2026-06,observado,1183,1219,
4315156,INF-DIG-03,0.532542913307,2026-06,observado,,1219,11
4315172,INF-DIG-02,33.333333333333,2026-06,observado,1,3,
4315172,INF-DIG-03,0.444444444444,2026-06,observado,,3,4
4315206,INF-DIG-02,93.979057591623,2026-06,observado,359,382,
4315206,INF-DIG-03,0.139689153258,2026-06,observado,,382,10
4315305,INF-DIG-02,91.194891317696,2026-06,observado,7426,8143,
4315305,INF-DIG-03,0.650390359756,2026-06,observado,,8143,13
4315313,INF-DIG-02,48.164146868251,2026-06,observado,223,463,
4315313,INF-DIG-03,0.513152554707,2026-06,observado,,463,9
4315321,INF-DIG-02,13.725490196078,2026-06,observado,63,459,
4315321,INF-DIG-03,0.519809569919,2026-06,observado,,459,12
4315354,INF-DIG-02,92.857142857143,2026-06,observado,1768,1904,
4315354,INF-DIG-03,0.423233263894,2026-06,observado,,1904,10
4315404,INF-DIG-02,56.793145654835,2026-06,observado,464,817,
4315404,INF-DIG-03,0.697659437084,2026-06,observado,,817,14
4315453,INF-DIG-02,88.167938931298,2026-06,observado,231,262,
4315453,INF-DIG-03,0.217295029427,2026-06,observado,,262,10
4315503,INF-DIG-02,80.559540889527,2026-06,observado,3369,4182,
4315503,INF-DIG-03,0.675099107308,2026-06,observado,,4182,22
4315552,INF-DIG-02,78.352180936995,2026-06,observado,970,1238,
4315552,INF-DIG-03,0.618264906919,2026-06,observado,,1238,11
4315602,INF-DIG-02,72.757174473913,2026-06,observado,59503,81783,
4315602,INF-DIG-03,0.669043217945,2026-06,observado,,81783,34
4315701,INF-DIG-02,91.107644305772,2026-06,observado,6424,7051,
4315701,INF-DIG-03,0.871338448902,2026-06,observado,,7051,30
4315750,INF-DIG-02,69.243287225386,2026-06,observado,851,1229,
4315750,INF-DIG-03,0.159123064059,2026-06,observado,,1229,11
4315800,INF-DIG-02,42.217484008529,2026-06,observado,792,1876,
4315800,INF-DIG-03,0.541841508267,2026-06,observado,,1876,13
4315909,INF-DIG-02,91.915336571825,2026-06,observado,2649,2882,
4315909,INF-DIG-03,0.374727002077,2026-06,observado,,2882,12
4315958,INF-DIG-02,70.15503875969,2026-06,observado,181,258,
4315958,INF-DIG-03,0.511267351722,2026-06,observado,,258,8
4316006,INF-DIG-02,92.028985507246,2026-06,observado,7620,8280,
4316006,INF-DIG-03,0.419141286845,2026-06,observado,,8280,17
4316105,INF-DIG-02,92.472375690608,2026-06,observado,2678,2896,
4316105,INF-DIG-03,0.825300566985,2026-06,observado,,2896,19
4316204,INF-DIG-02,84.535256410256,2026-06,observado,1055,1248,
4316204,INF-DIG-03,0.779879859057,2026-06,observado,,1248,13
4316303,INF-DIG-02,85.294117647059,2026-06,observado,725,850,
4316303,INF-DIG-03,0.734809688581,2026-06,observado,,850,15
4316402,INF-DIG-02,86.128231809813,2026-06,observado,10760,12493,
4316402,INF-DIG-03,0.756849635844,2026-06,observado,,12493,23
4316428,INF-DIG-02,77.611940298507,2026-06,observado,676,871,
4316428,INF-DIG-03,0.395022151452,2026-06,observado,,871,11
4316436,INF-DIG-02,87.419651056015,2026-06,observado,952,1089,
4316436,INF-DIG-03,0.507662820711,2026-06,observado,,1089,8
4316451,INF-DIG-02,87.470542026709,2026-06,observado,2227,2546,
4316451,INF-DIG-03,0.599995742131,2026-06,observado,,2546,12
4316477,INF-DIG-02,94.452347083926,2026-06,observado,664,703,
4316477,INF-DIG-03,0.640125938621,2026-06,observado,,703,10
4316501,INF-DIG-02,86.05504587156,2026-06,observado,2814,3270,
4316501,INF-DIG-03,0.443678141571,2026-06,observado,,3270,13
4316600,INF-DIG-02,68.424626527841,2026-06,observado,3023,4418,
4316600,INF-DIG-03,0.674009633007,2026-06,observado,,4418,21
4316709,INF-DIG-02,87.385384829119,2026-06,observado,3145,3599,
4316709,INF-DIG-03,0.629907152901,2026-06,observado,,3599,11
4316733,INF-DIG-02,93.805309734513,2026-06,observado,212,226,
4316733,INF-DIG-03,0.389380530973,2026-06,observado,,226,7
4316758,INF-DIG-02,80.309278350515,2026-06,observado,1558,1940,
4316758,INF-DIG-03,0.63952439154,2026-06,observado,,1940,15
4316808,INF-DIG-02,77.136504063441,2026-06,observado,39200,50819,
4316808,INF-DIG-03,0.846548559681,2026-06,observado,,50819,40
4316907,INF-DIG-02,71.002235020264,2026-06,observado,76561,107829,
4316907,INF-DIG-03,0.767848661136,2026-06,observado,,107829,148
4316956,INF-DIG-02,84.123401053424,2026-06,observado,2236,2658,
4316956,INF-DIG-03,0.050315613781,2026-06,observado,,2658,12
4316972,INF-DIG-02,72.183908045977,2026-06,observado,942,1305,
4316972,INF-DIG-03,0.532629879186,2026-06,observado,,1305,10
4317004,INF-DIG-02,80.638182801514,2026-06,observado,1491,1849,
4317004,INF-DIG-03,0.681896957442,2026-06,observado,,1849,11
4317103,INF-DIG-02,96.347988653945,2026-06,observado,29891,31024,
4317103,INF-DIG-03,0.79145775752,2026-06,observado,,31024,22
4317202,INF-DIG-02,43.658456486043,2026-06,observado,13294,30450,
4317202,INF-DIG-03,0.678882257112,2026-06,observado,,30450,44
4317251,INF-DIG-02,82.005899705015,2026-06,observado,278,339,
4317251,INF-DIG-03,0.306245159718,2026-06,observado,,339,9
4317301,INF-DIG-02,94.598008619409,2026-06,observado,12731,13458,
4317301,INF-DIG-03,0.69287820934,2026-06,observado,,13458,17
4317400,INF-DIG-02,97.024107589956,2026-06,observado,13563,13979,
4317400,INF-DIG-03,0.754251455259,2026-06,observado,,13979,26
4317509,INF-DIG-02,90.288628117543,2026-06,observado,27622,30593,
4317509,INF-DIG-03,0.846640729424,2026-06,observado,,30593,32
4317558,INF-DIG-02,84.239130434783,2026-06,observado,310,368,
4317558,INF-DIG-03,0.497843809074,2026-06,observado,,368,11
4317608,INF-DIG-02,88.12729498164,2026-06,observado,15120,17157,
4317608,INF-DIG-03,0.605221466124,2026-06,observado,,17157,23
4317707,INF-DIG-02,80.014224751067,2026-06,observado,2250,2812,
4317707,INF-DIG-03,0.576278710019,2026-06,observado,,2812,14
4317756,INF-DIG-02,76.233552631579,2026-06,observado,927,1216,
4317756,INF-DIG-03,0.297529648546,2026-06,observado,,1216,9
4317806,INF-DIG-02,93.518132555231,2026-06,observado,4487,4798,
4317806,INF-DIG-03,0.699683990186,2026-06,observado,,4798,19
4317905,INF-DIG-02,66.591760299625,2026-06,observado,2667,4005,
4317905,INF-DIG-03,0.680052556028,2026-06,observado,,4005,19
4317954,INF-DIG-02,74.853801169591,2026-06,observado,512,684,
4317954,INF-DIG-03,0.344806949147,2026-06,observado,,684,7
4318002,INF-DIG-02,93.778467908903,2026-06,observado,18118,19320,
4318002,INF-DIG-03,0.785915495373,2026-06,observado,,19320,23
4318051,INF-DIG-02,84.549356223176,2026-06,observado,197,233,
4318051,INF-DIG-03,0.658770653355,2026-06,observado,,233,10
4318101,INF-DIG-02,75.28716770594,2026-06,observado,2294,3047,
4318101,INF-DIG-03,0.822650157919,2026-06,observado,,3047,20
4318200,INF-DIG-02,77.474095209491,2026-06,observado,5159,6659,
4318200,INF-DIG-03,0.739052192647,2026-06,observado,,6659,22
4318309,INF-DIG-02,86.407375911919,2026-06,observado,19306,22343,
4318309,INF-DIG-03,0.6319960374,2026-06,observado,,22343,22
4318408,INF-DIG-02,89.339968569932,2026-06,observado,6822,7636,
4318408,INF-DIG-03,0.741485940574,2026-06,observado,,7636,20
4318424,INF-DIG-02,63.579277864992,2026-06,observado,405,637,
4318424,INF-DIG-03,0.605723946383,2026-06,observado,,637,15
4318432,INF-DIG-02,88.848920863309,2026-06,observado,741,834,
4318432,INF-DIG-03,0.752684183588,2026-06,observado,,834,11
4318440,INF-DIG-02,93.373493975904,2026-06,observado,465,498,
4318440,INF-DIG-03,0.478500346769,2026-06,observado,,498,13
4318457,INF-DIG-02,84.458398744113,2026-06,observado,538,637,
4318457,INF-DIG-03,0.569166200474,2026-06,observado,,637,10
4318465,INF-DIG-02,83.225806451613,2026-06,observado,258,310,
4318465,INF-DIG-03,0.314193548387,2026-06,observado,,310,9
4318481,INF-DIG-02,96.922069417158,2026-06,observado,1480,1527,
4318481,INF-DIG-03,0.646672061805,2026-06,observado,,1527,10
4318499,INF-DIG-02,58.676789587852,2026-06,observado,541,922,
4318499,INF-DIG-03,0.348384394954,2026-06,observado,,922,8
4318507,INF-DIG-02,83.280182232346,2026-06,observado,3656,4390,
4318507,INF-DIG-03,0.496742752476,2026-06,observado,,4390,14
4318606,INF-DIG-02,92.857142857143,2026-06,observado,2028,2184,
4318606,INF-DIG-03,0.579438037542,2026-06,observado,,2184,19
4318614,INF-DIG-02,98.829787234043,2026-06,observado,929,940,
4318614,INF-DIG-03,0.353567224989,2026-06,observado,,940,9
4318622,INF-DIG-02,61.532792925571,2026-06,observado,835,1357,
4318622,INF-DIG-03,0.641727248487,2026-06,observado,,1357,13
4318705,INF-DIG-02,76.002839500608,2026-06,observado,67451,88748,
4318705,INF-DIG-03,0.782289536286,2026-06,observado,,88748,51
4318804,INF-DIG-02,81.946302738382,2026-06,observado,9187,11211,
4318804,INF-DIG-03,0.731096916908,2026-06,observado,,11211,20
4318903,INF-DIG-02,86.781761841523,2026-06,observado,9802,11295,
4318903,INF-DIG-03,0.776475654609,2026-06,observado,,11295,28
4319000,INF-DIG-02,99.138395261174,2026-06,observado,7364,7428,
4319000,INF-DIG-03,0.304923677282,2026-06,observado,,7428,21
4319109,INF-DIG-02,77.278106508876,2026-06,observado,653,845,
4319109,INF-DIG-03,0.329156542138,2026-06,observado,,845,13
4319125,INF-DIG-02,47.519582245431,2026-06,observado,182,383,
4319125,INF-DIG-03,0.804136642829,2026-06,observado,,383,12
4319158,INF-DIG-02,78.73417721519,2026-06,observado,1555,1975,
4319158,INF-DIG-03,0.634911071944,2026-06,observado,,1975,19
4319208,INF-DIG-02,70.489296636086,2026-06,observado,461,654,
4319208,INF-DIG-03,0.617952099056,2026-06,observado,,654,11
4319307,INF-DIG-02,71.690943635212,2026-06,observado,1132,1579,
4319307,INF-DIG-03,0.717676309671,2026-06,observado,,1579,16
4319356,INF-DIG-02,83.782051282051,2026-06,observado,1307,1560,
4319356,INF-DIG-03,0.24605687048,2026-06,observado,,1560,10
4319364,INF-DIG-02,90.983606557377,2026-06,observado,555,610,
4319364,INF-DIG-03,0.417248051599,2026-06,observado,,610,10
4319372,INF-DIG-02,92.73607748184,2026-06,observado,766,826,
4319372,INF-DIG-03,0.622959037105,2026-06,observado,,826,11
4319406,INF-DIG-02,75.931842385517,2026-06,observado,2852,3756,
4319406,INF-DIG-03,0.259870752766,2026-06,observado,,3756,15
4319505,INF-DIG-02,95.721245498835,2026-06,observado,4519,4721,
4319505,INF-DIG-03,0.503250628897,2026-06,observado,,4721,17
4319604,INF-DIG-02,76.046455359303,2026-06,observado,3143,4133,
4319604,INF-DIG-03,0.384154049403,2026-06,observado,,4133,16
4319703,INF-DIG-02,93.75,2026-06,observado,315,336,
4319703,INF-DIG-03,0.200237386621,2026-06,observado,,336,8
4319711,INF-DIG-02,83.025830258303,2026-06,observado,1125,1355,
4319711,INF-DIG-03,0.38380523141,2026-06,observado,,1355,7
4319737,INF-DIG-02,77.077363896848,2026-06,observado,269,349,
4319737,INF-DIG-03,0.621407049203,2026-06,observado,,349,8
4319752,INF-DIG-02,95.364238410596,2026-06,observado,720,755,
4319752,INF-DIG-03,0.593121354327,2026-06,observado,,755,9
4319802,INF-DIG-02,53.435114503817,2026-06,observado,140,262,
4319802,INF-DIG-03,0.780170153254,2026-06,observado,,262,12
4319901,INF-DIG-02,90.67836973532,2026-06,observado,13327,14697,
4319901,INF-DIG-03,0.830373480807,2026-06,observado,,14697,33
4320008,INF-DIG-02,76.070695553022,2026-06,observado,33357,43850,
4320008,INF-DIG-03,0.799899376047,2026-06,observado,,43850,43
4320107,INF-DIG-02,87.610786347351,2026-06,observado,9292,10606,
4320107,INF-DIG-03,0.712529944286,2026-06,observado,,10606,24
4320206,INF-DIG-02,92.219093933965,2026-06,observado,3603,3907,
4320206,INF-DIG-03,0.740455938423,2026-06,observado,,3907,16
4320230,INF-DIG-02,58.275058275058,2026-06,observado,250,429,
4320230,INF-DIG-03,0.163409240332,2026-06,observado,,429,10
4320263,INF-DIG-02,86.76081200353,2026-06,observado,983,1133,
4320263,INF-DIG-03,0.588324742208,2026-06,observado,,1133,15
4320305,INF-DIG-02,94.327731092437,2026-06,observado,1796,1904,
4320305,INF-DIG-03,0.230168905798,2026-06,observado,,1904,10
4320321,INF-DIG-02,73.291925465839,2026-06,observado,354,483,
4320321,INF-DIG-03,0.446064752303,2026-06,observado,,483,10
4320354,INF-DIG-02,72.004028197382,2026-06,observado,715,993,
4320354,INF-DIG-03,0.655890325937,2026-06,observado,,993,13
4320404,INF-DIG-02,77.918564920273,2026-06,observado,5473,7024,
4320404,INF-DIG-03,0.03540971307,2026-06,observado,,7024,16
4320453,INF-DIG-02,94.501718213058,2026-06,observado,275,291,
4320453,INF-DIG-03,0.681971162362,2026-06,observado,,291,11
4320503,INF-DIG-02,75.881637616538,2026-06,observado,1872,2467,
4320503,INF-DIG-03,0.710816749476,2026-06,observado,,2467,14
4320552,INF-DIG-02,77.117384843982,2026-06,observado,1557,2019,
4320552,INF-DIG-03,0.39440177158,2026-06,observado,,2019,13
4320578,INF-DIG-02,53.932584269663,2026-06,observado,192,356,
4320578,INF-DIG-03,0.735781466986,2026-06,observado,,356,12
4320602,INF-DIG-02,61.31511528608,2026-06,observado,718,1171,
4320602,INF-DIG-03,0.634941633163,2026-06,observado,,1171,12
4320651,INF-DIG-02,41.203703703704,2026-06,observado,89,216,
4320651,INF-DIG-03,0.680212620027,2026-06,observado,,216,13
4320677,INF-DIG-02,53.989361702128,2026-06,observado,406,752,
4320677,INF-DIG-03,0.703429153463,2026-06,observado,,752,12
4320701,INF-DIG-02,95.190856156998,2026-06,observado,4414,4637,
4320701,INF-DIG-03,0.471183743068,2026-06,observado,,4637,20
4320800,INF-DIG-02,96.738126039549,2026-06,observado,10469,10822,
4320800,INF-DIG-03,0.698573164633,2026-06,observado,,10822,25
4320859,INF-DIG-02,83.838940981798,2026-06,observado,1520,1813,
4320859,INF-DIG-03,0.625455853097,2026-06,observado,,1813,11
4320909,INF-DIG-02,93.1803192191,2026-06,observado,7064,7581,
4320909,INF-DIG-03,0.683550182324,2026-06,observado,,7581,19
4321006,INF-DIG-02,98.342541436464,2026-06,observado,3382,3439,
4321006,INF-DIG-03,0.576613416348,2026-06,observado,,3439,16
4321105,INF-DIG-02,89.161598609904,2026-06,observado,4105,4604,
4321105,INF-DIG-03,0.557490143803,2026-06,observado,,4604,14
4321204,INF-DIG-02,93.861218341023,2026-06,observado,9969,10621,
4321204,INF-DIG-03,0.860733941488,2026-06,observado,,10621,38
4321303,INF-DIG-02,97.088808337109,2026-06,observado,8571,8828,
4321303,INF-DIG-03,0.47122370248,2026-06,observado,,8828,17
4321329,INF-DIG-02,91.481481481481,2026-06,observado,741,810,
4321329,INF-DIG-03,0.284913885078,2026-06,observado,,810,10
4321352,INF-DIG-02,86.217948717949,2026-06,observado,1076,1248,
4321352,INF-DIG-03,0.494007077991,2026-06,observado,,1248,10
4321402,INF-DIG-02,81.626056688215,2026-06,observado,3283,4022,
4321402,INF-DIG-03,0.321632438792,2026-06,observado,,4022,18
4321436,INF-DIG-02,92.029150535186,2026-06,observado,4041,4391,
4321436,INF-DIG-03,0.680183234366,2026-06,observado,,4391,14
4321451,INF-DIG-02,85.74519703626,2026-06,observado,13077,15251,
4321451,INF-DIG-03,0.507501014616,2026-06,observado,,15251,27
4321469,INF-DIG-02,96.336014298481,2026-06,observado,1078,1119,
4321469,INF-DIG-03,0.110739753115,2026-06,observado,,1119,6
4321477,INF-DIG-02,37.777777777778,2026-06,observado,68,180,
4321477,INF-DIG-03,0.407962962963,2026-06,observado,,180,14
4321493,INF-DIG-02,48.054679284963,2026-06,observado,457,951,
4321493,INF-DIG-03,0.667756891025,2026-06,observado,,951,9
4321501,INF-DIG-02,87.619084957071,2026-06,observado,22349,25507,
4321501,INF-DIG-03,0.726350144417,2026-06,observado,,25507,31
4321600,INF-DIG-02,94.768129824759,2026-06,observado,33637,35494,
4321600,INF-DIG-03,0.755687795117,2026-06,observado,,35494,31
4321626,INF-DIG-02,97.846889952153,2026-06,observado,409,418,
4321626,INF-DIG-03,0.106407820334,2026-06,observado,,418,8
4321634,INF-DIG-02,68.932038834951,2026-06,observado,639,927,
4321634,INF-DIG-03,0.737121637929,2026-06,observado,,927,13
4321667,INF-DIG-02,89.06430496727,2026-06,observado,2313,2597,
4321667,INF-DIG-03,0.520090344462,2026-06,observado,,2597,15
4321709,INF-DIG-02,97.964989059081,2026-06,observado,4477,4570,
4321709,INF-DIG-03,0.679675938118,2026-06,observado,,4570,28
4321808,INF-DIG-02,53.594936708861,2026-06,observado,4234,7900,
4321808,INF-DIG-03,0.815944688351,2026-06,observado,,7900,27
4321832,INF-DIG-02,81.592689295039,2026-06,observado,1250,1532,
4321832,INF-DIG-03,0.063658488367,2026-06,observado,,1532,7
4321857,INF-DIG-02,86.496090973703,2026-06,observado,1217,1407,
4321857,INF-DIG-03,0.815290993504,2026-06,observado,,1407,16
4321907,INF-DIG-02,92.714196372733,2026-06,observado,5930,6396,
4321907,INF-DIG-03,0.748579083785,2026-06,observado,,6396,21
4321956,INF-DIG-02,90.054844606947,2026-06,observado,2463,2735,
4321956,INF-DIG-03,0.581623146363,2026-06,observado,,2735,18
4322004,INF-DIG-02,95.789608395188,2026-06,observado,7485,7814,
4322004,INF-DIG-03,0.678912368047,2026-06,observado,,7814,19
4322103,INF-DIG-02,55.753526354863,2026-06,observado,751,1347,
4322103,INF-DIG-03,0.645508261919,2026-06,observado,,1347,18
4322152,INF-DIG-02,60.888888888889,2026-06,observado,548,900,
4322152,INF-DIG-03,0.289375308642,2026-06,observado,,900,10
4322186,INF-DIG-02,73.065476190476,2026-06,observado,491,672,
4322186,INF-DIG-03,0.225756448413,2026-06,observado,,672,10
4322202,INF-DIG-02,69.442211863045,2026-06,observado,4320,6221,
4322202,INF-DIG-03,0.703481456643,2026-06,observado,,6221,20
4322251,INF-DIG-02,84.533780011167,2026-06,observado,1514,1791,
4322251,INF-DIG-03,0.647609908841,2026-06,observado,,1791,9
4322301,INF-DIG-02,50.699161006792,2026-06,observado,1269,2503,
4322301,INF-DIG-03,0.740329343501,2026-06,observado,,2503,16
4322327,INF-DIG-02,46.20320855615,2026-06,observado,432,935,
4322327,INF-DIG-03,0.559176413395,2026-06,observado,,935,9
4322343,INF-DIG-02,79.467680608365,2026-06,observado,209,263,
4322343,INF-DIG-03,0.377886047218,2026-06,observado,,263,7
4322350,INF-DIG-02,66.666666666667,2026-06,observado,22,33,
4322350,INF-DIG-03,0.222222222222,2026-06,observado,,33,6
4322376,INF-DIG-02,86.180422264875,2026-06,observado,449,521,
4322376,INF-DIG-03,0.400204832726,2026-06,observado,,521,9
4322400,INF-DIG-02,73.206416358188,2026-06,observado,29071,39711,
4322400,INF-DIG-03,0.831366505656,2026-06,observado,,39711,27
4322509,INF-DIG-02,92.683844273086,2026-06,observado,24640,26585,
4322509,INF-DIG-03,0.835218976226,2026-06,observado,,26585,30
4322525,INF-DIG-02,91.586001489203,2026-06,observado,1230,1343,
4322525,INF-DIG-03,0.458302031049,2026-06,observado,,1343,11
4322533,INF-DIG-02,77.48502994012,2026-06,observado,647,835,
4322533,INF-DIG-03,0.597224712252,2026-06,observado,,835,18
4322541,INF-DIG-02,91.166077738516,2026-06,observado,1806,1981,
4322541,INF-DIG-03,0.547001155093,2026-06,observado,,1981,14
4322558,INF-DIG-02,94.54094292804,2026-06,observado,381,403,
4322558,INF-DIG-03,0.220492706685,2026-06,observado,,403,7
4322608,INF-DIG-02,92.386480027313,2026-06,observado,16236,17574,
4322608,INF-DIG-03,0.780798550535,2026-06,observado,,17574,26
4322707,INF-DIG-02,81.064791562029,2026-06,observado,3228,3982,
4322707,INF-DIG-03,0.793261288051,2026-06,observado,,3982,23
4322806,INF-DIG-02,90.389447236181,2026-06,observado,4317,4776,
4322806,INF-DIG-03,0.771779928397,2026-06,observado,,4776,21
4322855,INF-DIG-02,77.927927927928,2026-06,observado,173,222,
4322855,INF-DIG-03,0.499228958688,2026-06,observado,,222,6
4322905,INF-DIG-02,82.882011605416,2026-06,observado,857,1034,
4322905,INF-DIG-03,0.673809995922,2026-06,observado,,1034,15
4323002,INF-DIG-02,96.163394570512,2026-06,observado,71660,74519,
4323002,INF-DIG-03,0.762540459021,2026-06,observado,,74519,59
4323101,INF-DIG-02,71.35961383749,2026-06,observado,887,1243,
4323101,INF-DIG-03,0.49814213012,2026-06,observado,,1243,13
4323200,INF-DIG-02,94.124559341951,2026-06,observado,801,851,
4323200,INF-DIG-03,0.154377030686,2026-06,observado,,851,10
4323309,INF-DIG-02,87.878787878788,2026-06,observado,58,66,
4323309,INF-DIG-03,0.762626262626,2026-06,observado,,66,10
4323358,INF-DIG-02,96.205962059621,2026-06,observado,355,369,
4323358,INF-DIG-03,0.31849061038,2026-06,observado,,369,8
4323408,INF-DIG-02,76.121212121212,2026-06,observado,628,825,
4323408,INF-DIG-03,0.651809733701,2026-06,observado,,825,12
4323457,INF-DIG-02,75.269872423945,2026-06,observado,767,1019,
4323457,INF-DIG-03,0.345490633797,2026-06,observado,,1019,10
4323507,INF-DIG-02,74.538258575198,2026-06,observado,565,758,
4323507,INF-DIG-03,0.453672697907,2026-06,observado,,758,15
4323606,INF-DIG-02,66.666666666667,2026-06,observado,2,3,
4323606,INF-DIG-03,0.444444444444,2026-06,observado,,3,4
4323705,INF-DIG-02,66.591422121896,2026-06,observado,590,886,
4323705,INF-DIG-03,0.457706790863,2026-06,observado,,886,13
4323754,INF-DIG-02,66.801210898083,2026-06,observado,662,991,
4323754,INF-DIG-03,0.411206407618,2026-06,observado,,991,10
4323770,INF-DIG-02,92.479674796748,2026-06,observado,910,984,
4323770,INF-DIG-03,0.527666237028,2026-06,observado,,984,10
4323804,INF-DIG-02,70.562495027448,2026-06,observado,8869,12569,
4323804,INF-DIG-03,0.499595679221,2026-06,observado,,12569,18
4100103,INF-DIG-04,90.278338627261,2026-03,observado,,,
4100202,INF-DIG-04,70.029761828645,2026-03,observado,,,
4100301,INF-DIG-04,88.806981334897,2026-03,observado,,,
4100400,INF-DIG-04,99.129004047569,2026-03,observado,,,
4100459,INF-DIG-04,72.861582172702,2026-03,observado,,,
4100509,INF-DIG-04,96.963314480845,2026-03,observado,,,
4100608,INF-DIG-04,96.598234236825,2026-03,observado,,,
4100707,INF-DIG-04,96.828163873753,2026-03,observado,,,
4100806,INF-DIG-04,92.382581832268,2026-03,observado,,,
4100905,INF-DIG-04,96.230029399412,2026-03,observado,,,
4101002,INF-DIG-04,90.323375637105,2026-03,observado,,,
4101051,INF-DIG-04,97.886353666895,2026-03,observado,,,
4101101,INF-DIG-04,95.04910856223,2026-03,observado,,,
4101150,INF-DIG-04,99.229193199382,2026-03,observado,,,
4101200,INF-DIG-04,90.651360897684,2026-03,observado,,,
4101309,INF-DIG-04,70.265726702764,2026-03,observado,,,
4101408,INF-DIG-04,99.231251479245,2026-03,observado,,,
4101507,INF-DIG-04,99.58024182041,2026-03,observado,,,
4101606,INF-DIG-04,93.625652325717,2026-03,observado,,,
4101655,INF-DIG-04,86.976838673093,2026-03,observado,,,
4101705,INF-DIG-04,95.564682084915,2026-03,observado,,,
4101804,INF-DIG-04,98.316033455092,2026-03,observado,,,
4101853,INF-DIG-04,75.649643623873,2026-03,observado,,,
4101903,INF-DIG-04,92.166776835544,2026-03,observado,,,
4102000,INF-DIG-04,96.897194903282,2026-03,observado,,,
4102109,INF-DIG-04,96.638965260059,2026-03,observado,,,
4102208,INF-DIG-04,99.103052763819,2026-03,observado,,,
4102307,INF-DIG-04,97.795432624113,2026-03,observado,,,
4102406,INF-DIG-04,96.87036421194,2026-03,observado,,,
4102505,INF-DIG-04,84.636018527096,2026-03,observado,,,
4102604,INF-DIG-04,85.885573316938,2026-03,observado,,,
4102703,INF-DIG-04,95.671297085999,2026-03,observado,,,
4102752,INF-DIG-04,76.391485983627,2026-03,observado,,,
4102802,INF-DIG-04,98.068381986112,2026-03,observado,,,
4102901,INF-DIG-04,68.996095409773,2026-03,observado,,,
4103008,INF-DIG-04,98.869017112769,2026-03,observado,,,
4103024,INF-DIG-04,80.8183299389,2026-03,observado,,,
4103040,INF-DIG-04,56.090031357792,2026-03,observado,,,
4103057,INF-DIG-04,90.036318778395,2026-03,observado,,,
4103107,INF-DIG-04,64.527084743214,2026-03,observado,,,
4103156,INF-DIG-04,78.524746231156,2026-03,observado,,,
4103206,INF-DIG-04,94.495026591703,2026-03,observado,,,
4103222,INF-DIG-04,81.009834478451,2026-03,observado,,,
4103305,INF-DIG-04,94.402599870718,2026-03,observado,,,
4103354,INF-DIG-04,88.22899052328,2026-03,observado,,,
4103370,INF-DIG-04,95.640062028047,2026-03,observado,,,
4103404,INF-DIG-04,98.971103920822,2026-03,observado,,,
4103453,INF-DIG-04,97.297600673791,2026-03,observado,,,
4103479,INF-DIG-04,98.736651017214,2026-03,observado,,,
4103503,INF-DIG-04,97.429740528129,2026-03,observado,,,
4103602,INF-DIG-04,98.794893589523,2026-03,observado,,,
4103701,INF-DIG-04,99.754794977987,2026-03,observado,,,
4103800,INF-DIG-04,92.980845665962,2026-03,observado,,,
4103909,INF-DIG-04,94.191142275647,2026-03,observado,,,
4103958,INF-DIG-04,60.117416158537,2026-03,observado,,,
4104006,INF-DIG-04,97.977601672765,2026-03,observado,,,
4104055,INF-DIG-04,85.383429351875,2026-03,observado,,,
4104105,INF-DIG-04,86.734720298348,2026-03,observado,,,
4104204,INF-DIG-04,94.678723070265,2026-03,observado,,,
4104253,INF-DIG-04,92.091577586207,2026-03,observado,,,
4104303,INF-DIG-04,99.155485155684,2026-03,observado,,,
4104402,INF-DIG-04,55.966212280241,2026-03,observado,,,
4104428,INF-DIG-04,73.689495091164,2026-03,observado,,,
4104451,INF-DIG-04,86.593861703101,2026-03,observado,,,
4104501,INF-DIG-04,84.197843855281,2026-03,observado,,,
4104600,INF-DIG-04,93.876546286182,2026-03,observado,,,
4104659,INF-DIG-04,92.851647983507,2026-03,observado,,,
4104709,INF-DIG-04,93.511504880213,2026-03,observado,,,
4104808,INF-DIG-04,98.433057827732,2026-03,observado,,,
4104907,INF-DIG-04,87.800145740677,2026-03,observado,,,
4105003,INF-DIG-04,78.152195098602,2026-03,observado,,,
4105102,INF-DIG-04,97.53427437223,2026-03,observado,,,
4105201,INF-DIG-04,56.629892773026,2026-03,observado,,,
4105300,INF-DIG-04,93.821942815911,2026-03,observado,,,
4105409,INF-DIG-04,79.575595447,2026-03,observado,,,
4105508,INF-DIG-04,98.325384963597,2026-03,observado,,,
4105607,INF-DIG-04,98.916910264237,2026-03,observado,,,
4105706,INF-DIG-04,94.074772395488,2026-03,observado,,,
4105805,INF-DIG-04,98.680370824936,2026-03,observado,,,
4105904,INF-DIG-04,98.383892382949,2026-03,observado,,,
4106001,INF-DIG-04,84.843564903846,2026-03,observado,,,
4106100,INF-DIG-04,95.842900895695,2026-03,observado,,,
4106209,INF-DIG-04,93.733112191552,2026-03,observado,,,
4106308,INF-DIG-04,94.30922152261,2026-03,observado,,,
4106407,INF-DIG-04,98.656010706543,2026-03,observado,,,
4106456,INF-DIG-04,45.475112409276,2026-03,observado,,,
4106506,INF-DIG-04,84.464548026231,2026-03,observado,,,
4106555,INF-DIG-04,93.734255319149,2026-03,observado,,,
4106571,INF-DIG-04,82.94133559158,2026-03,observado,,,
4106605,INF-DIG-04,96.120416264529,2026-03,observado,,,
4106704,INF-DIG-04,96.162601246106,2026-03,observado,,,
4106803,INF-DIG-04,44.54631117787,2026-03,observado,,,
4106852,INF-DIG-04,79.140950899032,2026-03,observado,,,
4106902,INF-DIG-04,100,2026-03,observado,,,
4107009,INF-DIG-04,82.6003048289,2026-03,observado,,,
4107108,INF-DIG-04,97.776252430961,2026-03,observado,,,
4107124,INF-DIG-04,79.484919583728,2026-03,observado,,,
4107157,INF-DIG-04,71.854687294273,2026-03,observado,,,
4107207,INF-DIG-04,92.818504312554,2026-03,observado,,,
4107256,INF-DIG-04,98.165834515883,2026-03,observado,,,
4107306,INF-DIG-04,98.913717401612,2026-03,observado,,,
4107405,INF-DIG-04,74.487419569928,2026-03,observado,,,
4107504,INF-DIG-04,98.607228199775,2026-03,observado,,,
4107520,INF-DIG-04,96.290394808004,2026-03,observado,,,
4107538,INF-DIG-04,92.752710382514,2026-03,observado,,,
4107546,INF-DIG-04,54.7494246404,2026-03,observado,,,
4107553,INF-DIG-04,91.759381375452,2026-03,observado,,,
4107603,INF-DIG-04,94.300420403929,2026-03,observado,,,
4107652,INF-DIG-04,99.823732711774,2026-03,observado,,,
4107702,INF-DIG-04,93.767738201247,2026-03,observado,,,
4107736,INF-DIG-04,68.52167226219,2026-03,observado,,,
4107751,INF-DIG-04,93.996426445051,2026-03,observado,,,
4107801,INF-DIG-04,99.029419866444,2026-03,observado,,,
4107850,INF-DIG-04,54.415543079743,2026-03,observado,,,
4107900,INF-DIG-04,99.896692484223,2026-03,observado,,,
4108007,INF-DIG-04,97.813002795736,2026-03,observado,,,
4108106,INF-DIG-04,99.670852187029,2026-03,observado,,,
4108205,INF-DIG-04,96.812890635233,2026-03,observado,,,
4108304,INF-DIG-04,99.956279768057,2026-03,observado,,,
4108320,INF-DIG-04,97.879638984722,2026-03,observado,,,
4108403,INF-DIG-04,93.944554652101,2026-03,observado,,,
4108452,INF-DIG-04,96.632663418595,2026-03,observado,,,
4108502,INF-DIG-04,84.898072681251,2026-03,observado,,,
4108551,INF-DIG-04,80.76957003695,2026-03,observado,,,
4108601,INF-DIG-04,99.040736012941,2026-03,observado,,,
4108650,INF-DIG-04,55.420642704843,2026-03,observado,,,
4108700,INF-DIG-04,57.699471724871,2026-03,observado,,,
4108809,INF-DIG-04,98.353703149827,2026-03,observado,,,
4108908,INF-DIG-04,96.34570214058,2026-03,observado,,,
4108957,INF-DIG-04,84.213392311609,2026-03,observado,,,
4109005,INF-DIG-04,94.2382230869,2026-03,observado,,,
4109104,INF-DIG-04,98.860346873574,2026-03,observado,,,
4109203,INF-DIG-04,84.897877000842,2026-03,observado,,,
4109302,INF-DIG-04,73.611282854023,2026-03,observado,,,
4109401,INF-DIG-04,95.973624411702,2026-03,observado,,,
4109500,INF-DIG-04,67.989205921938,2026-03,observado,,,
4109609,INF-DIG-04,93.509849983358,2026-03,observado,,,
4109658,INF-DIG-04,64.315262092694,2026-03,observado,,,
4109708,INF-DIG-04,91.487695456122,2026-03,observado,,,
4109757,INF-DIG-04,95.255014474107,2026-03,observado,,,
4109807,INF-DIG-04,99.707162955642,2026-03,observado,,,
4109906,INF-DIG-04,88.841983094205,2026-03,observado,,,
4110003,INF-DIG-04,99.211519295616,2026-03,observado,,,
4110052,INF-DIG-04,94.119878731343,2026-03,observado,,,
4110078,INF-DIG-04,91.150170538283,2026-03,observado,,,
4110102,INF-DIG-04,86.734248429354,2026-03,observado,,,
4110201,INF-DIG-04,65.513020682523,2026-03,observado,,,
4110300,INF-DIG-04,97.900043375394,2026-03,observado,,,
4110409,INF-DIG-04,98.224865107914,2026-03,observado,,,
4110508,INF-DIG-04,62.1306986282,2026-03,observado,,,
4110607,INF-DIG-04,97.41768131589,2026-03,observado,,,
4110656,INF-DIG-04,98.975561246265,2026-03,observado,,,
4110706,INF-DIG-04,90.723457890295,2026-03,observado,,,
4110805,INF-DIG-04,79.195906963684,2026-03,observado,,,
4110904,INF-DIG-04,89.59156438295,2026-03,observado,,,
4110953,INF-DIG-04,96.521856334349,2026-03,observado,,,
4111001,INF-DIG-04,99.010057549086,2026-03,observado,,,
4111100,INF-DIG-04,98.531369661267,2026-03,observado,,,
4111209,INF-DIG-04,90.769911697991,2026-03,observado,,,
4111258,INF-DIG-04,85.433541659993,2026-03,observado,,,
4111308,INF-DIG-04,98.485831466965,2026-03,observado,,,
4111407,INF-DIG-04,64.180616826669,2026-03,observado,,,
4111506,INF-DIG-04,95.421397310513,2026-03,observado,,,
4111555,INF-DIG-04,99.127663592446,2026-03,observado,,,
4111605,INF-DIG-04,98.830908419498,2026-03,observado,,,
4111704,INF-DIG-04,93.441619679381,2026-03,observado,,,
4111803,INF-DIG-04,96.282403219814,2026-03,observado,,,
4111902,INF-DIG-04,97.500240047613,2026-03,observado,,,
4112009,INF-DIG-04,92.159537292621,2026-03,observado,,,
4112108,INF-DIG-04,95.875083613602,2026-03,observado,,,
4112207,INF-DIG-04,97.553867120954,2026-03,observado,,,
4112306,INF-DIG-04,97.325168946098,2026-03,observado,,,
4112405,INF-DIG-04,98.824603018373,2026-03,observado,,,
4112504,INF-DIG-04,85.209938353882,2026-03,observado,,,
4112603,INF-DIG-04,97.075480268057,2026-03,observado,,,
4112702,INF-DIG-04,99.078385676797,2026-03,observado,,,
4112751,INF-DIG-04,97.587411003236,2026-03,observado,,,
4112801,INF-DIG-04,96.793518627041,2026-03,observado,,,
4112900,INF-DIG-04,86.753183318332,2026-03,observado,,,
4112959,INF-DIG-04,98.402432119418,2026-03,observado,,,
4113007,INF-DIG-04,98.399062780269,2026-03,observado,,,
4113106,INF-DIG-04,84.625434308162,2026-03,observado,,,
4113205,INF-DIG-04,84.374137279737,2026-03,observado,,,
4113254,INF-DIG-04,58.265785714286,2026-03,observado,,,
4113304,INF-DIG-04,93.099554721197,2026-03,observado,,,
4113403,INF-DIG-04,86.219133795309,2026-03,observado,,,
4113429,INF-DIG-04,92.532026409345,2026-03,observado,,,
4113452,INF-DIG-04,80.155895652174,2026-03,observado,,,
4113502,INF-DIG-04,97.355888912809,2026-03,observado,,,
4113601,INF-DIG-04,97.382047381004,2026-03,observado,,,
4113700,INF-DIG-04,98.924601296844,2026-03,observado,,,
4113734,INF-DIG-04,80.417744394619,2026-03,observado,,,
4113759,INF-DIG-04,94.837029967159,2026-03,observado,,,
4113809,INF-DIG-04,99.81150841471,2026-03,observado,,,
4113908,INF-DIG-04,79.434735627048,2026-03,observado,,,
4114005,INF-DIG-04,82.571319506393,2026-03,observado,,,
4114104,INF-DIG-04,99.945706202117,2026-03,observado,,,
4114203,INF-DIG-04,98.561735210807,2026-03,observado,,,
4114302,INF-DIG-04,87.223444003061,2026-03,observado,,,
4114351,INF-DIG-04,57.506281588448,2026-03,observado,,,
4114401,INF-DIG-04,70.695614647955,2026-03,observado,,,
4114500,INF-DIG-04,79.430613764045,2026-03,observado,,,
4114609,INF-DIG-04,96.97387742675,2026-03,observado,,,
4114708,INF-DIG-04,89.645144075021,2026-03,observado,,,
4114807,INF-DIG-04,97.438833480681,2026-03,observado,,,
4114906,INF-DIG-04,92.943035611386,2026-03,observado,,,
4115002,INF-DIG-04,95.495949262374,2026-03,observado,,,
4115101,INF-DIG-04,94.527001117092,2026-03,observado,,,
4115200,INF-DIG-04,99.988357455139,2026-03,observado,,,
4115309,INF-DIG-04,89.963258515147,2026-03,observado,,,
4115358,INF-DIG-04,96.2313668955,2026-03,observado,,,
4115408,INF-DIG-04,80.206369410729,2026-03,observado,,,
4115457,INF-DIG-04,45.020854795737,2026-03,observado,,,
4115507,INF-DIG-04,94.668442221749,2026-03,observado,,,
4115606,INF-DIG-04,90.9474899729,2026-03,observado,,,
4115705,INF-DIG-04,99.784738276574,2026-03,observado,,,
4115739,INF-DIG-04,57.994315886134,2026-03,observado,,,
4115754,INF-DIG-04,98.601469679207,2026-03,observado,,,
4115804,INF-DIG-04,98.586067795987,2026-03,observado,,,
4115853,INF-DIG-04,88.432935424043,2026-03,observado,,,
4115903,INF-DIG-04,97.461014298481,2026-03,observado,,,
4116000,INF-DIG-04,98.194013224822,2026-03,observado,,,
4116059,INF-DIG-04,88.036409978308,2026-03,observado,,,
4116109,INF-DIG-04,97.529140044743,2026-03,observado,,,
4116208,INF-DIG-04,91.433892074936,2026-03,observado,,,
4116307,INF-DIG-04,95.627096937484,2026-03,observado,,,
4116406,INF-DIG-04,97.686742981739,2026-03,observado,,,
4116505,INF-DIG-04,97.507996976568,2026-03,observado,,,
4116604,INF-DIG-04,97.087637195122,2026-03,observado,,,
4116703,INF-DIG-04,93.337344714857,2026-03,observado,,,
4116802,INF-DIG-04,77.912565537555,2026-03,observado,,,
4116901,INF-DIG-04,99.362128643972,2026-03,observado,,,
4116950,INF-DIG-04,71.98625513668,2026-03,observado,,,
4117008,INF-DIG-04,93.978973010381,2026-03,observado,,,
4117057,INF-DIG-04,38.57467367898,2026-03,observado,,,
4117107,INF-DIG-04,97.774505919678,2026-03,observado,,,
4117206,INF-DIG-04,99.21937082119,2026-03,observado,,,
4117214,INF-DIG-04,99.517296845124,2026-03,observado,,,
4117222,INF-DIG-04,93.870844748858,2026-03,observado,,,
4117255,INF-DIG-04,80.267023387668,2026-03,observado,,,
4117271,INF-DIG-04,64.343021320093,2026-03,observado,,,
4117297,INF-DIG-04,78.2969664,2026-03,observado,,,
4117305,INF-DIG-04,69.304114583333,2026-03,observado,,,
4117404,INF-DIG-04,99.155258864136,2026-03,observado,,,
4117453,INF-DIG-04,89.881065585851,2026-03,observado,,,
4117503,INF-DIG-04,99.951984682999,2026-03,observado,,,
4117602,INF-DIG-04,93.988018736916,2026-03,observado,,,
4117701,INF-DIG-04,83.448541426673,2026-03,observado,,,
4117800,INF-DIG-04,67.141102585744,2026-03,observado,,,
4117909,INF-DIG-04,98.635085830168,2026-03,observado,,,
4118006,INF-DIG-04,99.208510381276,2026-03,observado,,,
4118105,INF-DIG-04,99.048337344355,2026-03,observado,,,
4118204,INF-DIG-04,99.096279752313,2026-03,observado,,,
4118303,INF-DIG-04,97.75871559633,2026-03,observado,,,
4118402,INF-DIG-04,99.109128052956,2026-03,observado,,,
4118451,INF-DIG-04,97.911100645386,2026-03,observado,,,
4118501,INF-DIG-04,98.035640489568,2026-03,observado,,,
4118600,INF-DIG-04,92.302550300035,2026-03,observado,,,
4118709,INF-DIG-04,83.790028377739,2026-03,observado,,,
4118808,INF-DIG-04,93.957997901993,2026-03,observado,,,
4118857,INF-DIG-04,97.660642648491,2026-03,observado,,,
4118907,INF-DIG-04,97.683458494696,2026-03,observado,,,
4119004,INF-DIG-04,89.312604082945,2026-03,observado,,,
4119103,INF-DIG-04,82.514128158184,2026-03,observado,,,
4119152,INF-DIG-04,100,2026-03,observado,,,
4119202,INF-DIG-04,89.975088333841,2026-03,observado,,,
4119251,INF-DIG-04,84.637370517928,2026-03,observado,,,
4119301,INF-DIG-04,69.934117981664,2026-03,observado,,,
4119400,INF-DIG-04,82.069153946979,2026-03,observado,,,
4119509,INF-DIG-04,99.927005474606,2026-03,observado,,,
4119608,INF-DIG-04,80.183269282331,2026-03,observado,,,
4119657,INF-DIG-04,99.470906106369,2026-03,observado,,,
4119707,INF-DIG-04,88.270628992629,2026-03,observado,,,
4119806,INF-DIG-04,82.608122999861,2026-03,observado,,,
4119905,INF-DIG-04,99.283922834158,2026-03,observado,,,
4119954,INF-DIG-04,99.80489663106,2026-03,observado,,,
4120002,INF-DIG-04,99.507067274604,2026-03,observado,,,
4120101,INF-DIG-04,95.51055636896,2026-03,observado,,,
4120150,INF-DIG-04,74.193225080386,2026-03,observado,,,
4120200,INF-DIG-04,87.730122564425,2026-03,observado,,,
4120309,INF-DIG-04,82.767689500281,2026-03,observado,,,
4120333,INF-DIG-04,97.206500404422,2026-03,observado,,,
4120358,INF-DIG-04,87.964073557609,2026-03,observado,,,
4120408,INF-DIG-04,99.970666512915,2026-03,observado,,,
4120507,INF-DIG-04,97.813142233684,2026-03,observado,,,
4120606,INF-DIG-04,76.421024031745,2026-03,observado,,,
4120655,INF-DIG-04,95.949183527731,2026-03,observado,,,
4120705,INF-DIG-04,98.818131868132,2026-03,observado,,,
4120804,INF-DIG-04,98.65667769005,2026-03,observado,,,
4120853,INF-DIG-04,95.477629464286,2026-03,observado,,,
4120903,INF-DIG-04,80.048899407899,2026-03,observado,,,
4121000,INF-DIG-04,78.035814693496,2026-03,observado,,,
4121109,INF-DIG-04,85.308296340732,2026-03,observado,,,
4121208,INF-DIG-04,68.354740189151,2026-03,observado,,,
4121257,INF-DIG-04,67.577263681592,2026-03,observado,,,
4121307,INF-DIG-04,97.48631833713,2026-03,observado,,,
4121356,INF-DIG-04,95.857501909855,2026-03,observado,,,
4121406,INF-DIG-04,94.548508338962,2026-03,observado,,,
4121505,INF-DIG-04,70.841641174039,2026-03,observado,,,
4121604,INF-DIG-04,83.681063550037,2026-03,observado,,,
4121703,INF-DIG-04,77.969251210678,2026-03,observado,,,
4121752,INF-DIG-04,71.943610560049,2026-03,observado,,,
4121802,INF-DIG-04,86.01668877386,2026-03,observado,,,
4121901,INF-DIG-04,97.440106431853,2026-03,observado,,,
4122008,INF-DIG-04,55.715535828877,2026-03,observado,,,
4122107,INF-DIG-04,91.038032530497,2026-03,observado,,,
4122156,INF-DIG-04,61.664418120468,2026-03,observado,,,
4122172,INF-DIG-04,60.657203256303,2026-03,observado,,,
4122206,INF-DIG-04,80.339815751637,2026-03,observado,,,
4122305,INF-DIG-04,88.232607585238,2026-03,observado,,,
4122404,INF-DIG-04,99.232739500488,2026-03,observado,,,
4122503,INF-DIG-04,81.261998044618,2026-03,observado,,,
4122602,INF-DIG-04,98.246992415082,2026-03,observado,,,
4122651,INF-DIG-04,77.294088316467,2026-03,observado,,,
4122701,INF-DIG-04,96.048165948764,2026-03,observado,,,
4122800,INF-DIG-04,82.799803680982,2026-03,observado,,,
4122909,INF-DIG-04,90.41188174114,2026-03,observado,,,
4123006,INF-DIG-04,77.838253957827,2026-03,observado,,,
4123105,INF-DIG-04,96.239964643489,2026-03,observado,,,
4123204,INF-DIG-04,97.293881129272,2026-03,observado,,,
4123303,INF-DIG-04,90.705946824568,2026-03,observado,,,
4123402,INF-DIG-04,99.092848479522,2026-03,observado,,,
4123501,INF-DIG-04,92.385153381453,2026-03,observado,,,
4123600,INF-DIG-04,73.99040617849,2026-03,observado,,,
4123709,INF-DIG-04,95.266678635548,2026-03,observado,,,
4123808,INF-DIG-04,81.049965174129,2026-03,observado,,,
4123824,INF-DIG-04,90.403479692645,2026-03,observado,,,
4123857,INF-DIG-04,49.768295751963,2026-03,observado,,,
4123907,INF-DIG-04,98.462611603109,2026-03,observado,,,
4123956,INF-DIG-04,60.317541716329,2026-03,observado,,,
4124004,INF-DIG-04,84.030658324266,2026-03,observado,,,
4124020,INF-DIG-04,96.289577956581,2026-03,observado,,,
4124053,INF-DIG-04,98.012547605309,2026-03,observado,,,
4124103,INF-DIG-04,94.839956275778,2026-03,observado,,,
4124202,INF-DIG-04,92.298439630967,2026-03,observado,,,
4124301,INF-DIG-04,96.973651764706,2026-03,observado,,,
4124400,INF-DIG-04,78.8196455878,2026-03,observado,,,
4124509,INF-DIG-04,96.951729493609,2026-03,observado,,,
4124608,INF-DIG-04,99.383848489449,2026-03,observado,,,
4124707,INF-DIG-04,79.502921514312,2026-03,observado,,,
4124806,INF-DIG-04,87.838462897527,2026-03,observado,,,
4124905,INF-DIG-04,97.23119763695,2026-03,observado,,,
4125001,INF-DIG-04,93.093378644417,2026-03,observado,,,
4125100,INF-DIG-04,47.62934795279,2026-03,observado,,,
4125209,INF-DIG-04,85.74466304116,2026-03,observado,,,
4125308,INF-DIG-04,98.526607972136,2026-03,observado,,,
4125357,INF-DIG-04,93.825484317343,2026-03,observado,,,
4125407,INF-DIG-04,77.385397350993,2026-03,observado,,,
4125456,INF-DIG-04,84.023917108921,2026-03,observado,,,
4125506,INF-DIG-04,99.305191518924,2026-03,observado,,,
4125555,INF-DIG-04,97.310851262862,2026-03,observado,,,
4125605,INF-DIG-04,78.51059458056,2026-03,observado,,,
4125704,INF-DIG-04,94.990084815603,2026-03,observado,,,
4125753,INF-DIG-04,91.017831950207,2026-03,observado,,,
4125803,INF-DIG-04,90.623317606444,2026-03,observado,,,
4125902,INF-DIG-04,67.456790680195,2026-03,observado,,,
4126009,INF-DIG-04,98.360910331142,2026-03,observado,,,
4126108,INF-DIG-04,99.122853593272,2026-03,observado,,,
4126207,INF-DIG-04,75.695943241225,2026-03,observado,,,
4126256,INF-DIG-04,99.986114558271,2026-03,observado,,,
4126272,INF-DIG-04,88.217067779961,2026-03,observado,,,
4126306,INF-DIG-04,76.170839606254,2026-03,observado,,,
4126355,INF-DIG-04,93.57243858598,2026-03,observado,,,
4126405,INF-DIG-04,96.597232905983,2026-03,observado,,,
4126504,INF-DIG-04,96.928566227244,2026-03,observado,,,
4126603,INF-DIG-04,94.775839288063,2026-03,observado,,,
4126652,INF-DIG-04,82.599212209302,2026-03,observado,,,
4126678,INF-DIG-04,78.093786308023,2026-03,observado,,,
4126702,INF-DIG-04,98.199006147541,2026-03,observado,,,
4126801,INF-DIG-04,98.240388178209,2026-03,observado,,,
4126900,INF-DIG-04,79.511829416884,2026-03,observado,,,
4127007,INF-DIG-04,81.40475751545,2026-03,observado,,,
4127106,INF-DIG-04,99.8561040484,2026-03,observado,,,
4127205,INF-DIG-04,98.594158697632,2026-03,observado,,,
4127304,INF-DIG-04,97.18533283924,2026-03,observado,,,
4127403,INF-DIG-04,90.105448976213,2026-03,observado,,,
4127502,INF-DIG-04,75.509117278693,2026-03,observado,,,
4127601,INF-DIG-04,82.914958855911,2026-03,observado,,,
4127700,INF-DIG-04,98.924171662125,2026-03,observado,,,
4127809,INF-DIG-04,71.703829812485,2026-03,observado,,,
4127858,INF-DIG-04,69.563472833408,2026-03,observado,,,
4127882,INF-DIG-04,82.405537867824,2026-03,observado,,,
4127908,INF-DIG-04,90.37129292178,2026-03,observado,,,
4127957,INF-DIG-04,99.375202426644,2026-03,observado,,,
4127965,INF-DIG-04,64.636293303352,2026-03,observado,,,
4128005,INF-DIG-04,96.733524586852,2026-03,observado,,,
4128104,INF-DIG-04,99.08342414279,2026-03,observado,,,
4128203,INF-DIG-04,96.766076899315,2026-03,observado,,,
4128302,INF-DIG-04,96.356966292135,2026-03,observado,,,
4128401,INF-DIG-04,98.617971362675,2026-03,observado,,,
4128500,INF-DIG-04,93.939733166562,2026-03,observado,,,
4128534,INF-DIG-04,83.464484040905,2026-03,observado,,,
4128559,INF-DIG-04,92.929516737675,2026-03,observado,,,
4128609,INF-DIG-04,79.476338880484,2026-03,observado,,,
4128625,INF-DIG-04,79.198301145663,2026-03,observado,,,
4128633,INF-DIG-04,39.523096366509,2026-03,observado,,,
4128658,INF-DIG-04,79.610918394122,2026-03,observado,,,
4128708,INF-DIG-04,93.397493303111,2026-03,observado,,,
4128807,INF-DIG-04,96.864234218696,2026-03,observado,,,
4200051,INF-DIG-04,64.808687451886,2026-03,observado,,,
4200101,INF-DIG-04,70.03072849586,2026-03,observado,,,
4200200,INF-DIG-04,93.206378525933,2026-03,observado,,,
4200309,INF-DIG-04,78.000173410405,2026-03,observado,,,
4200408,INF-DIG-04,66.977063614014,2026-03,observado,,,
4200507,INF-DIG-04,81.531797548045,2026-03,observado,,,
4200556,INF-DIG-04,83.704800986263,2026-03,observado,,,
4200606,INF-DIG-04,71.753014978496,2026-03,observado,,,
4200705,INF-DIG-04,48.738387558439,2026-03,observado,,,
4200754,INF-DIG-04,82.18921875,2026-03,observado,,,
4200804,INF-DIG-04,66.804943631163,2026-03,observado,,,
4200903,INF-DIG-04,28.266403508772,2026-03,observado,,,
4201000,INF-DIG-04,64.80788050694,2026-03,observado,,,
4201109,INF-DIG-04,51.524778736432,2026-03,observado,,,
4201208,INF-DIG-04,71.541225053457,2026-03,observado,,,
4201257,INF-DIG-04,69.086935072877,2026-03,observado,,,
4201273,INF-DIG-04,82.35241434445,2026-03,observado,,,
4201307,INF-DIG-04,99.335766623236,2026-03,observado,,,
4201406,INF-DIG-04,99.488117404966,2026-03,observado,,,
4201505,INF-DIG-04,87.12763414082,2026-03,observado,,,
4201604,INF-DIG-04,80.945464004499,2026-03,observado,,,
4201653,INF-DIG-04,65.886434262948,2026-03,observado,,,
4201703,INF-DIG-04,96.272494290179,2026-03,observado,,,
4201802,INF-DIG-04,80.876873256895,2026-03,observado,,,
4201901,INF-DIG-04,67.089331858407,2026-03,observado,,,
4201950,INF-DIG-04,99.91043426043,2026-03,observado,,,
4202008,INF-DIG-04,100,2026-03,observado,,,
4202057,INF-DIG-04,99.944254291845,2026-03,observado,,,
4202073,INF-DIG-04,98.86281894186,2026-03,observado,,,
4202081,INF-DIG-04,77.532220101781,2026-03,observado,,,
4202099,INF-DIG-04,78.702284172662,2026-03,observado,,,
4202107,INF-DIG-04,98.877060107122,2026-03,observado,,,
4202131,INF-DIG-04,43.808455381471,2026-03,observado,,,
4202156,INF-DIG-04,83.147889390519,2026-03,observado,,,
4202206,INF-DIG-04,64.825686311787,2026-03,observado,,,
4202305,INF-DIG-04,98.318613705339,2026-03,observado,,,
4202404,INF-DIG-04,98.912797035938,2026-03,observado,,,
4202438,INF-DIG-04,48.693911806543,2026-03,observado,,,
4202453,INF-DIG-04,99.819472823051,2026-03,observado,,,
4202503,INF-DIG-04,63.053107302534,2026-03,observado,,,
4202537,INF-DIG-04,90.409272596327,2026-03,observado,,,
4202578,INF-DIG-04,90.370685871056,2026-03,observado,,,
4202602,INF-DIG-04,80.510818484201,2026-03,observado,,,
4202701,INF-DIG-04,65.175765429797,2026-03,observado,,,
4202800,INF-DIG-04,94.604942705712,2026-03,observado,,,
4202859,INF-DIG-04,93.127424242424,2026-03,observado,,,
4202875,INF-DIG-04,78.227476898353,2026-03,observado,,,
4202909,INF-DIG-04,98.822069597199,2026-03,observado,,,
4203006,INF-DIG-04,94.484302495931,2026-03,observado,,,
4203105,INF-DIG-04,88.070696383249,2026-03,observado,,,
4203154,INF-DIG-04,71.406508858554,2026-03,observado,,,
4203204,INF-DIG-04,98.770622271378,2026-03,observado,,,
4203253,INF-DIG-04,51.790137142857,2026-03,observado,,,
4203303,INF-DIG-04,82.028241740661,2026-03,observado,,,
4203402,INF-DIG-04,71.341223646135,2026-03,observado,,,
4203501,INF-DIG-04,85.622967889432,2026-03,observado,,,
4203600,INF-DIG-04,84.88049198527,2026-03,observado,,,
4203709,INF-DIG-04,86.904941112238,2026-03,observado,,,
4203808,INF-DIG-04,84.785862476371,2026-03,observado,,,
4203907,INF-DIG-04,94.856517972034,2026-03,observado,,,
4203956,INF-DIG-04,99.925319290928,2026-03,observado,,,
4204004,INF-DIG-04,93.603774370623,2026-03,observado,,,
4204103,INF-DIG-04,80.985249241439,2026-03,observado,,,
4204152,INF-DIG-04,76.913907308378,2026-03,observado,,,
4204178,INF-DIG-04,44.822502261079,2026-03,observado,,,
4204194,INF-DIG-04,71.614610169492,2026-03,observado,,,
4204202,INF-DIG-04,97.703574857233,2026-03,observado,,,
4204251,INF-DIG-04,99.767849767981,2026-03,observado,,,
4204301,INF-DIG-04,90.705598682115,2026-03,observado,,,
4204350,INF-DIG-04,84.188755490483,2026-03,observado,,,
4204400,INF-DIG-04,86.90881690412,2026-03,observado,,,
4204459,INF-DIG-04,77.034382566586,2026-03,observado,,,
4204509,INF-DIG-04,84.469977074736,2026-03,observado,,,
4204558,INF-DIG-04,92.312585362752,2026-03,observado,,,
4204608,INF-DIG-04,99.41535677155,2026-03,observado,,,
4204707,INF-DIG-04,92.983344289236,2026-03,observado,,,
4204756,INF-DIG-04,84.610741869919,2026-03,observado,,,
4204806,INF-DIG-04,95.003442377326,2026-03,observado,,,
4204905,INF-DIG-04,72.16484056272,2026-03,observado,,,
4205001,INF-DIG-04,82.973033715352,2026-03,observado,,,
4205100,INF-DIG-04,74.124288083393,2026-03,observado,,,
4205159,INF-DIG-04,79.066252405829,2026-03,observado,,,
4205175,INF-DIG-04,78.860296884186,2026-03,observado,,,
4205191,INF-DIG-04,99.369184662847,2026-03,observado,,,
4205209,INF-DIG-04,85.812503582395,2026-03,observado,,,
4205308,INF-DIG-04,90.518095961401,2026-03,observado,,,
4205357,INF-DIG-04,77.943286595625,2026-03,observado,,,
4205407,INF-DIG-04,99.955388534486,2026-03,observado,,,
4205431,INF-DIG-04,85.964045488441,2026-03,observado,,,
4205456,INF-DIG-04,97.876626897013,2026-03,observado,,,
4205506,INF-DIG-04,90.824176398554,2026-03,observado,,,
4205555,INF-DIG-04,63.758432185815,2026-03,observado,,,
4205605,INF-DIG-04,90.645925233645,2026-03,observado,,,
4205704,INF-DIG-04,98.045296905771,2026-03,observado,,,
4205803,INF-DIG-04,93.047285521704,2026-03,observado,,,
4205902,INF-DIG-04,97.233073859722,2026-03,observado,,,
4206009,INF-DIG-04,99.002314513745,2026-03,observado,,,
4206108,INF-DIG-04,70.092388083479,2026-03,observado,,,
4206207,INF-DIG-04,92.91384318456,2026-03,observado,,,
4206306,INF-DIG-04,96.575700607098,2026-03,observado,,,
4206405,INF-DIG-04,76.075488143757,2026-03,observado,,,
4206504,INF-DIG-04,97.201220269316,2026-03,observado,,,
4206603,INF-DIG-04,91.009834334231,2026-03,observado,,,
4206652,INF-DIG-04,84.317614243323,2026-03,observado,,,
4206702,INF-DIG-04,94.304794236789,2026-03,observado,,,
4206751,INF-DIG-04,57.565328685259,2026-03,observado,,,
4206801,INF-DIG-04,82.888026919547,2026-03,observado,,,
4206900,INF-DIG-04,94.925838787635,2026-03,observado,,,
4207007,INF-DIG-04,99.957200643686,2026-03,observado,,,
4207106,INF-DIG-04,85.47025636513,2026-03,observado,,,
4207205,INF-DIG-04,55.202259069102,2026-03,observado,,,
4207304,INF-DIG-04,99.631464082619,2026-03,observado,,,
4207403,INF-DIG-04,84.342335339351,2026-03,observado,,,
4207502,INF-DIG-04,97.26907685642,2026-03,observado,,,
4207577,INF-DIG-04,83.626725755996,2026-03,observado,,,
4207601,INF-DIG-04,85.229030144168,2026-03,observado,,,
4207650,INF-DIG-04,80.454297803964,2026-03,observado,,,
4207684,INF-DIG-04,54.820470892626,2026-03,observado,,,
4207700,INF-DIG-04,64.356577533265,2026-03,observado,,,
4207759,INF-DIG-04,72.688976417461,2026-03,observado,,,
4207809,INF-DIG-04,78.9140362923,2026-03,observado,,,
4207858,INF-DIG-04,89.108274528758,2026-03,observado,,,
4207908,INF-DIG-04,55.377128828391,2026-03,observado,,,
4208005,INF-DIG-04,85.516445450686,2026-03,observado,,,
4208104,INF-DIG-04,67.458653122307,2026-03,observado,,,
4208203,INF-DIG-04,99.428693865649,2026-03,observado,,,
4208302,INF-DIG-04,99.928395575454,2026-03,observado,,,
4208401,INF-DIG-04,64.772692631326,2026-03,observado,,,
4208450,INF-DIG-04,97.991167804878,2026-03,observado,,,
4208500,INF-DIG-04,86.789186050895,2026-03,observado,,,
4208609,INF-DIG-04,82.610691415313,2026-03,observado,,,
4208708,INF-DIG-04,71.686998305723,2026-03,observado,,,
4208807,INF-DIG-04,98.590765153374,2026-03,observado,,,
4208906,INF-DIG-04,98.612995072813,2026-03,observado,,,
4208955,INF-DIG-04,92.301165540541,2026-03,observado,,,
4209003,INF-DIG-04,96.202613945465,2026-03,observado,,,
4209102,INF-DIG-04,99.530882727557,2026-03,observado,,,
4209151,INF-DIG-04,64.617328320802,2026-03,observado,,,
4209177,INF-DIG-04,89.175244618395,2026-03,observado,,,
4209201,INF-DIG-04,75.896583629893,2026-03,observado,,,
4209300,INF-DIG-04,98.639944660294,2026-03,observado,,,
4209409,INF-DIG-04,96.532626855206,2026-03,observado,,,
4209458,INF-DIG-04,88.14079905993,2026-03,observado,,,
4209508,INF-DIG-04,98.426950327786,2026-03,observado,,,
4209607,INF-DIG-04,94.846128920103,2026-03,observado,,,
4209706,INF-DIG-04,78.172262900976,2026-03,observado,,,
4209805,INF-DIG-04,50.433381381381,2026-03,observado,,,
4209854,INF-DIG-04,62.891914706529,2026-03,observado,,,
4209904,INF-DIG-04,89.477476889614,2026-03,observado,,,
4210001,INF-DIG-04,80.959756932557,2026-03,observado,,,
4210035,INF-DIG-04,84.708462202278,2026-03,observado,,,
4210050,INF-DIG-04,35.309128233971,2026-03,observado,,,
4210100,INF-DIG-04,85.419401475961,2026-03,observado,,,
4210209,INF-DIG-04,46.61121966397,2026-03,observado,,,
4210308,INF-DIG-04,58.993622895623,2026-03,observado,,,
4210407,INF-DIG-04,99.721003198976,2026-03,observado,,,
4210506,INF-DIG-04,97.360721390393,2026-03,observado,,,
4210555,INF-DIG-04,86.73815018315,2026-03,observado,,,
4210605,INF-DIG-04,83.406235287263,2026-03,observado,,,
4210704,INF-DIG-04,65.14790293372,2026-03,observado,,,
4210803,INF-DIG-04,93.336221809877,2026-03,observado,,,
4210852,INF-DIG-04,59.931397849462,2026-03,observado,,,
4210902,INF-DIG-04,96.674519607843,2026-03,observado,,,
4211009,INF-DIG-04,76.178641963044,2026-03,observado,,,
4211058,INF-DIG-04,94.391804321597,2026-03,observado,,,
4211108,INF-DIG-04,69.795271458118,2026-03,observado,,,
4211207,INF-DIG-04,99.970154286023,2026-03,observado,,,
4211256,INF-DIG-04,80.352754152824,2026-03,observado,,,
4211306,INF-DIG-04,99.783843242555,2026-03,observado,,,
4211405,INF-DIG-04,95.476989330747,2026-03,observado,,,
4211454,INF-DIG-04,70.143088624339,2026-03,observado,,,
4211504,INF-DIG-04,79.148522619655,2026-03,observado,,,
4211603,INF-DIG-04,93.660833577283,2026-03,observado,,,
4211652,INF-DIG-04,71.135637533106,2026-03,observado,,,
4211702,INF-DIG-04,87.773492667258,2026-03,observado,,,
4211751,INF-DIG-04,93.362880660813,2026-03,observado,,,
4211801,INF-DIG-04,78.348239476678,2026-03,observado,,,
4211850,INF-DIG-04,71.746620816139,2026-03,observado,,,
4211876,INF-DIG-04,76.529532952776,2026-03,observado,,,
4211892,INF-DIG-04,55.355670428894,2026-03,observado,,,
4211900,INF-DIG-04,99.953525278754,2026-03,observado,,,
4212007,INF-DIG-04,82.900312952005,2026-03,observado,,,
4212056,INF-DIG-04,74.579449433815,2026-03,observado,,,
4212106,INF-DIG-04,81.454383719442,2026-03,observado,,,
4212205,INF-DIG-04,77.65994151436,2026-03,observado,,,
4212239,INF-DIG-04,71.040906960394,2026-03,observado,,,
4212254,INF-DIG-04,99.932474218811,2026-03,observado,,,
4212270,INF-DIG-04,52.975384234011,2026-03,observado,,,
4212304,INF-DIG-04,92.983753723932,2026-03,observado,,,
4212403,INF-DIG-04,90.291276796231,2026-03,observado,,,
4212502,INF-DIG-04,99.405779936429,2026-03,observado,,,
4212601,INF-DIG-04,84.041330213904,2026-03,observado,,,
4212650,INF-DIG-04,93.965463199215,2026-03,observado,,,
4212700,INF-DIG-04,65.747322811197,2026-03,observado,,,
4212809,INF-DIG-04,98.850467062336,2026-03,observado,,,
4212908,INF-DIG-04,96.04558529037,2026-03,observado,,,
4213005,INF-DIG-04,92.646622516556,2026-03,observado,,,
4213104,INF-DIG-04,78.583357600971,2026-03,observado,,,
4213153,INF-DIG-04,74.24071622539,2026-03,observado,,,
4213203,INF-DIG-04,96.87256817055,2026-03,observado,,,
4213302,INF-DIG-04,82.89490872211,2026-03,observado,,,
4213351,INF-DIG-04,91.295489096573,2026-03,observado,,,
4213401,INF-DIG-04,91.284921588882,2026-03,observado,,,
4213500,INF-DIG-04,99.679062770875,2026-03,observado,,,
4213609,INF-DIG-04,90.760930239612,2026-03,observado,,,
4213708,INF-DIG-04,79.768060503416,2026-03,observado,,,
4213807,INF-DIG-04,86.131420798065,2026-03,observado,,,
4213906,INF-DIG-04,53.54342214328,2026-03,observado,,,
4214003,INF-DIG-04,89.00772013993,2026-03,observado,,,
4214102,INF-DIG-04,67.712220773577,2026-03,observado,,,
4214151,INF-DIG-04,86.124008097166,2026-03,observado,,,
4214201,INF-DIG-04,80.543311558701,2026-03,observado,,,
4214300,INF-DIG-04,68.992357426045,2026-03,observado,,,
4214409,INF-DIG-04,70.241560850792,2026-03,observado,,,
4214508,INF-DIG-04,68.185358028518,2026-03,observado,,,
4214607,INF-DIG-04,74.075014844456,2026-03,observado,,,
4214706,INF-DIG-04,70.995436723424,2026-03,observado,,,
4214805,INF-DIG-04,97.393493600783,2026-03,observado,,,
4214904,INF-DIG-04,74.87962863627,2026-03,observado,,,
4215000,INF-DIG-04,89.472587045669,2026-03,observado,,,
4215059,INF-DIG-04,66.641760534001,2026-03,observado,,,
4215075,INF-DIG-04,72.941333892617,2026-03,observado,,,
4215109,INF-DIG-04,91.832785137572,2026-03,observado,,,
4215208,INF-DIG-04,62.059506531205,2026-03,observado,,,
4215307,INF-DIG-04,82.884073975164,2026-03,observado,,,
4215356,INF-DIG-04,73.014966960352,2026-03,observado,,,
4215406,INF-DIG-04,94.517353075171,2026-03,observado,,,
4215455,INF-DIG-04,99.470404440304,2026-03,observado,,,
4215505,INF-DIG-04,89.733500578927,2026-03,observado,,,
4215554,INF-DIG-04,83.662878350515,2026-03,observado,,,
4215604,INF-DIG-04,54.612614942529,2026-03,observado,,,
4215653,INF-DIG-04,87.035460580065,2026-03,observado,,,
4215679,INF-DIG-04,45.23069799157,2026-03,observado,,,
4215687,INF-DIG-04,63.329402173913,2026-03,observado,,,
4215695,INF-DIG-04,91.836874621442,2026-03,observado,,,
4215703,INF-DIG-04,98.161939718392,2026-03,observado,,,
4215752,INF-DIG-04,68.892216840537,2026-03,observado,,,
4215802,INF-DIG-04,97.36665273725,2026-03,observado,,,
4215901,INF-DIG-04,40.304599456891,2026-03,observado,,,
4216008,INF-DIG-04,83.793161836219,2026-03,observado,,,
4216057,INF-DIG-04,91.492225509533,2026-03,observado,,,
4216107,INF-DIG-04,84.094949057013,2026-03,observado,,,
4216206,INF-DIG-04,98.420932718229,2026-03,observado,,,
4216255,INF-DIG-04,83.953602859412,2026-03,observado,,,
4216305,INF-DIG-04,97.597965552054,2026-03,observado,,,
4216354,INF-DIG-04,63.671655836881,2026-03,observado,,,
4216404,INF-DIG-04,88.699652745731,2026-03,observado,,,
4216503,INF-DIG-04,75.845268900112,2026-03,observado,,,
4216602,INF-DIG-04,99.970508584937,2026-03,observado,,,
4216701,INF-DIG-04,84.439002611703,2026-03,observado,,,
4216800,INF-DIG-04,34.575008038585,2026-03,observado,,,
4216909,INF-DIG-04,90.069438909282,2026-03,observado,,,
4217006,INF-DIG-04,94.656544525872,2026-03,observado,,,
4217105,INF-DIG-04,50.661970631424,2026-03,observado,,,
4217154,INF-DIG-04,80.626765861875,2026-03,observado,,,
4217204,INF-DIG-04,96.124201218137,2026-03,observado,,,
4217253,INF-DIG-04,81.360467451524,2026-03,observado,,,
4217303,INF-DIG-04,88.565617145641,2026-03,observado,,,
4217402,INF-DIG-04,94.061400229301,2026-03,observado,,,
4217501,INF-DIG-04,82.963273361976,2026-03,observado,,,
4217550,INF-DIG-04,88.751961852861,2026-03,observado,,,
4217600,INF-DIG-04,94.250226775558,2026-03,observado,,,
4217709,INF-DIG-04,99.076209196092,2026-03,observado,,,
4217758,INF-DIG-04,76.18302259887,2026-03,observado,,,
4217808,INF-DIG-04,77.026404150737,2026-03,observado,,,
4217907,INF-DIG-04,73.278545990421,2026-03,observado,,,
4217956,INF-DIG-04,92.385349935595,2026-03,observado,,,
4218004,INF-DIG-04,95.43786846798,2026-03,observado,,,
4218103,INF-DIG-04,72.454062383958,2026-03,observado,,,
4218202,INF-DIG-04,98.775521377904,2026-03,observado,,,
4218251,INF-DIG-04,73.212491146826,2026-03,observado,,,
4218301,INF-DIG-04,91.637726628178,2026-03,observado,,,
4218350,INF-DIG-04,87.968114754098,2026-03,observado,,,
4218400,INF-DIG-04,88.8995599022,2026-03,observado,,,
4218509,INF-DIG-04,90.524703539319,2026-03,observado,,,
4218608,INF-DIG-04,95.280305196591,2026-03,observado,,,
4218707,INF-DIG-04,98.949579245694,2026-03,observado,,,
4218756,INF-DIG-04,77.903877135883,2026-03,observado,,,
4218806,INF-DIG-04,91.641511155409,2026-03,observado,,,
4218855,INF-DIG-04,85.505129776496,2026-03,observado,,,
4218905,INF-DIG-04,76.613490862101,2026-03,observado,,,
4218954,INF-DIG-04,60.50032003012,2026-03,observado,,,
4219002,INF-DIG-04,92.537767579712,2026-03,observado,,,
4219101,INF-DIG-04,81.203885525592,2026-03,observado,,,
4219150,INF-DIG-04,66.108869432813,2026-03,observado,,,
4219176,INF-DIG-04,79.497475961538,2026-03,observado,,,
4219200,INF-DIG-04,61.197026983358,2026-03,observado,,,
4219309,INF-DIG-04,94.776503984423,2026-03,observado,,,
4219358,INF-DIG-04,51.623502793296,2026-03,observado,,,
4219408,INF-DIG-04,80.750669800235,2026-03,observado,,,
4219507,INF-DIG-04,97.150719863584,2026-03,observado,,,
4219606,INF-DIG-04,32.162885299754,2026-03,observado,,,
4219705,INF-DIG-04,95.29876715333,2026-03,observado,,,
4219853,INF-DIG-04,93.42772519084,2026-03,observado,,,
4220000,INF-DIG-04,99.99168762906,2026-03,observado,,,
4300034,INF-DIG-04,60.902625899281,2026-03,observado,,,
4300059,INF-DIG-04,81.329266359918,2026-03,observado,,,
4300109,INF-DIG-04,75.844737235833,2026-03,observado,,,
4300208,INF-DIG-04,87.747648809524,2026-03,observado,,,
4300307,INF-DIG-04,64.741641352278,2026-03,observado,,,
4300406,INF-DIG-04,93.28880857352,2026-03,observado,,,
4300455,INF-DIG-04,81.668394960285,2026-03,observado,,,
4300471,INF-DIG-04,93.042742508888,2026-03,observado,,,
4300505,INF-DIG-04,60.040056203457,2026-03,observado,,,
4300554,INF-DIG-04,96.022027777778,2026-03,observado,,,
4300570,INF-DIG-04,80.029654947917,2026-03,observado,,,
4300604,INF-DIG-04,100,2026-03,observado,,,
4300638,INF-DIG-04,61.10311299435,2026-03,observado,,,
4300646,INF-DIG-04,84.739373856209,2026-03,observado,,,
4300661,INF-DIG-04,68.305674008811,2026-03,observado,,,
4300703,INF-DIG-04,71.19027698506,2026-03,observado,,,
4300802,INF-DIG-04,87.985730931391,2026-03,observado,,,
4300851,INF-DIG-04,72.274114785992,2026-03,observado,,,
4300877,INF-DIG-04,99.97626744868,2026-03,observado,,,
4300901,INF-DIG-04,80.138864723122,2026-03,observado,,,
4301008,INF-DIG-04,96.223322251571,2026-03,observado,,,
4301057,INF-DIG-04,99.996903319164,2026-03,observado,,,
4301073,INF-DIG-04,81.818368603309,2026-03,observado,,,
4301107,INF-DIG-04,97.976933086775,2026-03,observado,,,
4301206,INF-DIG-04,82.447656327749,2026-03,observado,,,
4301305,INF-DIG-04,91.337494589361,2026-03,observado,,,
4301404,INF-DIG-04,80.1907973261,2026-03,observado,,,
4301503,INF-DIG-04,87.046884879004,2026-03,observado,,,
4301552,INF-DIG-04,77.759661366313,2026-03,observado,,,
4301602,INF-DIG-04,98.767420763452,2026-03,observado,,,
4301636,INF-DIG-04,100,2026-03,observado,,,
4301651,INF-DIG-04,80.818896455657,2026-03,observado,,,
4301701,INF-DIG-04,86.399701847704,2026-03,observado,,,
4301750,INF-DIG-04,24.787378162676,2026-03,observado,,,
4301800,INF-DIG-04,76.34814531153,2026-03,observado,,,
4301859,INF-DIG-04,83.810540968048,2026-03,observado,,,
4301875,INF-DIG-04,79.57845791087,2026-03,observado,,,
4301909,INF-DIG-04,93.05459795501,2026-03,observado,,,
4301925,INF-DIG-04,68.420795990566,2026-03,observado,,,
4301958,INF-DIG-04,98.854267413931,2026-03,observado,,,
4302006,INF-DIG-04,57.422881884682,2026-03,observado,,,
4302055,INF-DIG-04,77.390408261287,2026-03,observado,,,
4302105,INF-DIG-04,99.125801495725,2026-03,observado,,,
4302154,INF-DIG-04,88.827170201759,2026-03,observado,,,
4302204,INF-DIG-04,93.311821705426,2026-03,observado,,,
4302220,INF-DIG-04,72.588236877524,2026-03,observado,,,
4302238,INF-DIG-04,73.140849845883,2026-03,observado,,,
4302253,INF-DIG-04,71.121349406261,2026-03,observado,,,
4302303,INF-DIG-04,78.014282271023,2026-03,observado,,,
4302352,INF-DIG-04,93.911718155532,2026-03,observado,,,
4302378,INF-DIG-04,90.585424618321,2026-03,observado,,,
4302402,INF-DIG-04,96.844326500732,2026-03,observado,,,
4302451,INF-DIG-04,63.426031695214,2026-03,observado,,,
4302501,INF-DIG-04,63.607782682513,2026-03,observado,,,
4302584,INF-DIG-04,88.979251510925,2026-03,observado,,,
4302600,INF-DIG-04,87.75659118727,2026-03,observado,,,
4302659,INF-DIG-04,81.110364478453,2026-03,observado,,,
4302709,INF-DIG-04,97.62597516244,2026-03,observado,,,
4302808,INF-DIG-04,88.06807627249,2026-03,observado,,,
4302907,INF-DIG-04,91.804681365959,2026-03,observado,,,
4303004,INF-DIG-04,93.234749594105,2026-03,observado,,,
4303103,INF-DIG-04,100,2026-03,observado,,,
4303202,INF-DIG-04,61.979063654139,2026-03,observado,,,
4303301,INF-DIG-04,83.388350340136,2026-03,observado,,,
4303400,INF-DIG-04,56.221869313482,2026-03,observado,,,
4303509,INF-DIG-04,88.569173311897,2026-03,observado,,,
4303558,INF-DIG-04,79.762898356256,2026-03,observado,,,
4303608,INF-DIG-04,76.95170570665,2026-03,observado,,,
4303673,INF-DIG-04,71.967483035163,2026-03,observado,,,
4303707,INF-DIG-04,79.7138983339,2026-03,observado,,,
4303806,INF-DIG-04,92.423062074186,2026-03,observado,,,
4303905,INF-DIG-04,99.902289857838,2026-03,observado,,,
4304002,INF-DIG-04,95.513159798995,2026-03,observado,,,
4304101,INF-DIG-04,90.350553556601,2026-03,observado,,,
4304200,INF-DIG-04,80.17702276344,2026-03,observado,,,
4304309,INF-DIG-04,72.291204321576,2026-03,observado,,,
4304358,INF-DIG-04,77.605787114846,2026-03,observado,,,
4304408,INF-DIG-04,98.425761451395,2026-03,observado,,,
4304507,INF-DIG-04,56.695239130435,2026-03,observado,,,
4304606,INF-DIG-04,100,2026-03,observado,,,
4304614,INF-DIG-04,67.267717391304,2026-03,observado,,,
4304622,INF-DIG-04,59.734120023081,2026-03,observado,,,
4304630,INF-DIG-04,99.980508695789,2026-03,observado,,,
4304655,INF-DIG-04,61.152266752164,2026-03,observado,,,
4304663,INF-DIG-04,97.851071846566,2026-03,observado,,,
4304671,INF-DIG-04,96.549027812578,2026-03,observado,,,
4304689,INF-DIG-04,98.835591002778,2026-03,observado,,,
4304697,INF-DIG-04,83.414293050325,2026-03,observado,,,
4304705,INF-DIG-04,99.412060869847,2026-03,observado,,,
4304713,INF-DIG-04,50.454303489316,2026-03,observado,,,
4304804,INF-DIG-04,96.94588330046,2026-03,observado,,,
4304853,INF-DIG-04,61.100833333333,2026-03,observado,,,
4304903,INF-DIG-04,92.450488114105,2026-03,observado,,,
4304952,INF-DIG-04,82.563476666667,2026-03,observado,,,
4305009,INF-DIG-04,83.945744754439,2026-03,observado,,,
4305108,INF-DIG-04,98.141769597045,2026-03,observado,,,
4305116,INF-DIG-04,83.2569753767,2026-03,observado,,,
4305124,INF-DIG-04,64.402653236915,2026-03,observado,,,
4305132,INF-DIG-04,70.903574434508,2026-03,observado,,,
4305157,INF-DIG-04,85.769974779319,2026-03,observado,,,
4305173,INF-DIG-04,65.215748529091,2026-03,observado,,,
4305207,INF-DIG-04,98.325468077344,2026-03,observado,,,
4305306,INF-DIG-04,90.984632075472,2026-03,observado,,,
4305355,INF-DIG-04,99.651142179824,2026-03,observado,,,
4305371,INF-DIG-04,65.935043352601,2026-03,observado,,,
4305405,INF-DIG-04,85.30282647585,2026-03,observado,,,
4305439,INF-DIG-04,98.884841903545,2026-03,observado,,,
4305447,INF-DIG-04,62.291729388732,2026-03,observado,,,
4305454,INF-DIG-04,99.636673305606,2026-03,observado,,,
4305504,INF-DIG-04,83.406461798024,2026-03,observado,,,
4305587,INF-DIG-04,85.7650680974,2026-03,observado,,,
4305603,INF-DIG-04,69.81099140577,2026-03,observado,,,
4305702,INF-DIG-04,84.25631283172,2026-03,observado,,,
4305801,INF-DIG-04,93.013358690419,2026-03,observado,,,
4305835,INF-DIG-04,69.880217054264,2026-03,observado,,,
4305850,INF-DIG-04,79.062125734962,2026-03,observado,,,
4305871,INF-DIG-04,94.752785258682,2026-03,observado,,,
4305900,INF-DIG-04,90.043865559896,2026-03,observado,,,
4305934,INF-DIG-04,56.952389545737,2026-03,observado,,,
4305959,INF-DIG-04,75.212373894956,2026-03,observado,,,
4305975,INF-DIG-04,91.194124484439,2026-03,observado,,,
4306007,INF-DIG-04,84.398405246003,2026-03,observado,,,
4306056,INF-DIG-04,79.800095903548,2026-03,observado,,,
4306072,INF-DIG-04,86.168283803863,2026-03,observado,,,
4306106,INF-DIG-04,98.719688693497,2026-03,observado,,,
4306130,INF-DIG-04,61.490948012232,2026-03,observado,,,
4306205,INF-DIG-04,97.375171551724,2026-03,observado,,,
4306304,INF-DIG-04,72.336792409165,2026-03,observado,,,
4306320,INF-DIG-04,69.049603780443,2026-03,observado,,,
4306353,INF-DIG-04,55.618958915038,2026-03,observado,,,
4306379,INF-DIG-04,46.825324305061,2026-03,observado,,,
4306403,INF-DIG-04,99.934505519555,2026-03,observado,,,
4306429,INF-DIG-04,82.016339712919,2026-03,observado,,,
4306452,INF-DIG-04,83.180151759768,2026-03,observado,,,
4306502,INF-DIG-04,39.2681809823,2026-03,observado,,,
4306551,INF-DIG-04,97.993700234192,2026-03,observado,,,
4306601,INF-DIG-04,93.305575025013,2026-03,observado,,,
4306700,INF-DIG-04,88.002893796687,2026-03,observado,,,
4306734,INF-DIG-04,80.993058165548,2026-03,observado,,,
4306759,INF-DIG-04,77.009449152542,2026-03,observado,,,
4306767,INF-DIG-04,97.72405318638,2026-03,observado,,,
4306809,INF-DIG-04,95.051524257469,2026-03,observado,,,
4306908,INF-DIG-04,76.678460892565,2026-03,observado,,,
4306924,INF-DIG-04,93.92049382716,2026-03,observado,,,
4306932,INF-DIG-04,82.079677877266,2026-03,observado,,,
4306957,INF-DIG-04,85.74729981378,2026-03,observado,,,
4306973,INF-DIG-04,96.597285527177,2026-03,observado,,,
4307005,INF-DIG-04,99.13312312568,2026-03,observado,,,
4307054,INF-DIG-04,92.842415952538,2026-03,observado,,,
4307104,INF-DIG-04,74.113219189146,2026-03,observado,,,
4307203,INF-DIG-04,86.552186612576,2026-03,observado,,,
4307302,INF-DIG-04,85.802369235303,2026-03,observado,,,
4307401,INF-DIG-04,73.320666666667,2026-03,observado,,,
4307450,INF-DIG-04,76.296267823931,2026-03,observado,,,
4307500,INF-DIG-04,86.704324128386,2026-03,observado,,,
4307559,INF-DIG-04,98.934306700107,2026-03,observado,,,
4307609,INF-DIG-04,99.872246890911,2026-03,observado,,,
4307708,INF-DIG-04,100,2026-03,observado,,,
4307807,INF-DIG-04,99.565473697294,2026-03,observado,,,
4307815,INF-DIG-04,80.383221498371,2026-03,observado,,,
4307831,INF-DIG-04,79.99978731485,2026-03,observado,,,
4307864,INF-DIG-04,83.271827747467,2026-03,observado,,,
4307906,INF-DIG-04,97.132896024813,2026-03,observado,,,
4308003,INF-DIG-04,87.068721277231,2026-03,observado,,,
4308052,INF-DIG-04,85.873376984127,2026-03,observado,,,
4308078,INF-DIG-04,98.882281519459,2026-03,observado,,,
4308102,INF-DIG-04,95.326879540831,2026-03,observado,,,
4308201,INF-DIG-04,95.620601450214,2026-03,observado,,,
4308250,INF-DIG-04,57.607685851319,2026-03,observado,,,
4308300,INF-DIG-04,72.343131937173,2026-03,observado,,,
4308409,INF-DIG-04,65.300280679869,2026-03,observado,,,
4308433,INF-DIG-04,64.822273297117,2026-03,observado,,,
4308458,INF-DIG-04,84.126421710967,2026-03,observado,,,
4308508,INF-DIG-04,91.753345082294,2026-03,observado,,,
4308607,INF-DIG-04,97.972925586137,2026-03,observado,,,
4308656,INF-DIG-04,40.074523809524,2026-03,observado,,,
4308706,INF-DIG-04,87.095113857017,2026-03,observado,,,
4308805,INF-DIG-04,89.606391224383,2026-03,observado,,,
4308854,INF-DIG-04,90.006611238532,2026-03,observado,,,
4308904,INF-DIG-04,95.829166365498,2026-03,observado,,,
4309001,INF-DIG-04,90.464578779741,2026-03,observado,,,
4309050,INF-DIG-04,96.176252285192,2026-03,observado,,,
4309100,INF-DIG-04,98.005339363134,2026-03,observado,,,
4309126,INF-DIG-04,77.151112214499,2026-03,observado,,,
4309159,INF-DIG-04,49.596549636804,2026-03,observado,,,
4309209,INF-DIG-04,99.777367867086,2026-03,observado,,,
4309258,INF-DIG-04,73.326760762174,2026-03,observado,,,
4309308,INF-DIG-04,98.917276268779,2026-03,observado,,,
4309407,INF-DIG-04,95.717333781858,2026-03,observado,,,
4309506,INF-DIG-04,93.73353742414,2026-03,observado,,,
4309555,INF-DIG-04,97.342173670509,2026-03,observado,,,
4309571,INF-DIG-04,54.274764132554,2026-03,observado,,,
4309605,INF-DIG-04,95.256513182325,2026-03,observado,,,
4309654,INF-DIG-04,57.771057563588,2026-03,observado,,,
4309704,INF-DIG-04,92.321762443922,2026-03,observado,,,
4309753,INF-DIG-04,63.71649249732,2026-03,observado,,,
4309803,INF-DIG-04,78.075460569914,2026-03,observado,,,
4309902,INF-DIG-04,83.182128099174,2026-03,observado,,,
4309951,INF-DIG-04,87.04099113618,2026-03,observado,,,
4310009,INF-DIG-04,90.801817170922,2026-03,observado,,,
4310108,INF-DIG-04,98.98091532553,2026-03,observado,,,
4310207,INF-DIG-04,98.731507430998,2026-03,observado,,,
4310306,INF-DIG-04,79.438660091412,2026-03,observado,,,
4310330,INF-DIG-04,100,2026-03,observado,,,
4310363,INF-DIG-04,87.386590909091,2026-03,observado,,,
4310405,INF-DIG-04,89.916071261864,2026-03,observado,,,
4310413,INF-DIG-04,83.874836146971,2026-03,observado,,,
4310439,INF-DIG-04,77.446462307835,2026-03,observado,,,
4310462,INF-DIG-04,66.321319767442,2026-03,observado,,,
4310504,INF-DIG-04,81.870574712644,2026-03,observado,,,
4310538,INF-DIG-04,94.712099784637,2026-03,observado,,,
4310553,INF-DIG-04,55.941015025042,2026-03,observado,,,
4310579,INF-DIG-04,56.064135260712,2026-03,observado,,,
4310603,INF-DIG-04,91.118608532767,2026-03,observado,,,
4310652,INF-DIG-04,79.408373768006,2026-03,observado,,,
4310702,INF-DIG-04,78.354314214464,2026-03,observado,,,
4310751,INF-DIG-04,58.500637636081,2026-03,observado,,,
4310801,INF-DIG-04,99.814740025236,2026-03,observado,,,
4310850,INF-DIG-04,83.450084678486,2026-03,observado,,,
4310876,INF-DIG-04,62.529161764706,2026-03,observado,,,
4310900,INF-DIG-04,95.423936488916,2026-03,observado,,,
4311007,INF-DIG-04,96.308740743525,2026-03,observado,,,
4311106,INF-DIG-04,65.45180924473,2026-03,observado,,,
4311122,INF-DIG-04,71.843306233062,2026-03,observado,,,
4311130,INF-DIG-04,30.877336518364,2026-03,observado,,,
4311155,INF-DIG-04,51.545630567929,2026-03,observado,,,
4311205,INF-DIG-04,88.588508723801,2026-03,observado,,,
4311239,INF-DIG-04,76.13676143936,2026-03,observado,,,
4311254,INF-DIG-04,56.17735442801,2026-03,observado,,,
4311270,INF-DIG-04,97.031524741082,2026-03,observado,,,
4311304,INF-DIG-04,93.198476083734,2026-03,observado,,,
4311403,INF-DIG-04,99.708133502766,2026-03,observado,,,
4311429,INF-DIG-04,84.61522875817,2026-03,observado,,,
4311502,INF-DIG-04,84.68848539891,2026-03,observado,,,
4311601,INF-DIG-04,62.614647563271,2026-03,observado,,,
4311627,INF-DIG-04,99.475817861716,2026-03,observado,,,
4311643,INF-DIG-04,73.21238265003,2026-03,observado,,,
4311700,INF-DIG-04,85.826073234525,2026-03,observado,,,
4311718,INF-DIG-04,52.176433898305,2026-03,observado,,,
4311734,INF-DIG-04,70.557496007665,2026-03,observado,,,
4311759,INF-DIG-04,77.394816938685,2026-03,observado,,,
4311775,INF-DIG-04,84.037360474521,2026-03,observado,,,
4311791,INF-DIG-04,88.779502024291,2026-03,observado,,,
4311809,INF-DIG-04,96.274632789646,2026-03,observado,,,
4311908,INF-DIG-04,75.807354166667,2026-03,observado,,,
4311981,INF-DIG-04,54.402719611849,2026-03,observado,,,
4312005,INF-DIG-04,71.34280409042,2026-03,observado,,,
4312054,INF-DIG-04,85.375258251449,2026-03,observado,,,
4312104,INF-DIG-04,66.525021285653,2026-03,observado,,,
4312138,INF-DIG-04,80.12535448492,2026-03,observado,,,
4312153,INF-DIG-04,97.567343074707,2026-03,observado,,,
4312179,INF-DIG-04,89.577353760446,2026-03,observado,,,
4312203,INF-DIG-04,82.117664041995,2026-03,observado,,,
4312252,INF-DIG-04,98.208329113924,2026-03,observado,,,
4312302,INF-DIG-04,77.898933815225,2026-03,observado,,,
4312351,INF-DIG-04,86.077338225484,2026-03,observado,,,
4312377,INF-DIG-04,47.457698113208,2026-03,observado,,,
4312385,INF-DIG-04,83.644149393821,2026-03,observado,,,
4312401,INF-DIG-04,97.872643729984,2026-03,observado,,,
4312427,INF-DIG-04,85.371661828737,2026-03,observado,,,
4312443,INF-DIG-04,88.822067730381,2026-03,observado,,,
4312450,INF-DIG-04,85.975094277208,2026-03,observado,,,
4312476,INF-DIG-04,85.122691988721,2026-03,observado,,,
4312500,INF-DIG-04,84.141605459057,2026-03,observado,,,
4312609,INF-DIG-04,88.273579656596,2026-03,observado,,,
4312617,INF-DIG-04,45.528252865578,2026-03,observado,,,
4312625,INF-DIG-04,82.030063916328,2026-03,observado,,,
4312658,INF-DIG-04,96.455134093195,2026-03,observado,,,
4312674,INF-DIG-04,87.151273291925,2026-03,observado,,,
4312708,INF-DIG-04,88.151345579124,2026-03,observado,,,
4312757,INF-DIG-04,67.120859943092,2026-03,observado,,,
4312807,INF-DIG-04,94.611616875252,2026-03,observado,,,
4312906,INF-DIG-04,89.602365011918,2026-03,observado,,,
4312955,INF-DIG-04,97.703628795299,2026-03,observado,,,
4313003,INF-DIG-04,75.069655059133,2026-03,observado,,,
4313011,INF-DIG-04,81.381457040183,2026-03,observado,,,
4313037,INF-DIG-04,88.28914696814,2026-03,observado,,,
4313060,INF-DIG-04,99.535091099164,2026-03,observado,,,
4313086,INF-DIG-04,60.099995731968,2026-03,observado,,,
4313102,INF-DIG-04,76.170418904404,2026-03,observado,,,
4313201,INF-DIG-04,93.404977253219,2026-03,observado,,,
4313300,INF-DIG-04,94.103934687841,2026-03,observado,,,
4313334,INF-DIG-04,78.173934350439,2026-03,observado,,,
4313359,INF-DIG-04,73.089818234276,2026-03,observado,,,
4313375,INF-DIG-04,98.368264884234,2026-03,observado,,,
4313391,INF-DIG-04,85.689293721973,2026-03,observado,,,
4313409,INF-DIG-04,99.43344407545,2026-03,observado,,,
4313425,INF-DIG-04,75.328183239525,2026-03,observado,,,
4313441,INF-DIG-04,84.209161230196,2026-03,observado,,,
4313466,INF-DIG-04,94.388839611179,2026-03,observado,,,
4313490,INF-DIG-04,86.801289794008,2026-03,observado,,,
4313508,INF-DIG-04,98.659417461389,2026-03,observado,,,
4313607,INF-DIG-04,81.292041884817,2026-03,observado,,,
4313656,INF-DIG-04,86.56910697602,2026-03,observado,,,
4313706,INF-DIG-04,92.575332068882,2026-03,observado,,,
4313805,INF-DIG-04,73.877409108305,2026-03,observado,,,
4313904,INF-DIG-04,98.434777433069,2026-03,observado,,,
4313953,INF-DIG-04,93.613876811594,2026-03,observado,,,
4314001,INF-DIG-04,88.521194050598,2026-03,observado,,,
4314027,INF-DIG-04,66.260684154011,2026-03,observado,,,
4314035,INF-DIG-04,98.940662190322,2026-03,observado,,,
4314050,INF-DIG-04,99.960808137078,2026-03,observado,,,
4314068,INF-DIG-04,42.414260607582,2026-03,observado,,,
4314076,INF-DIG-04,65.8833593361,2026-03,observado,,,
4314100,INF-DIG-04,99.615827752588,2026-03,observado,,,
4314134,INF-DIG-04,80.693871268657,2026-03,observado,,,
4314159,INF-DIG-04,83.529390824768,2026-03,observado,,,
4314175,INF-DIG-04,38.414900533721,2026-03,observado,,,
4314209,INF-DIG-04,96.79166889364,2026-03,observado,,,
4314308,INF-DIG-04,93.0042376502,2026-03,observado,,,
4314407,INF-DIG-04,97.9336783395,2026-03,observado,,,
4314423,INF-DIG-04,94.339596337133,2026-03,observado,,,
4314456,INF-DIG-04,84.166610341332,2026-03,observado,,,
4314464,INF-DIG-04,49.055894128114,2026-03,observado,,,
4314472,INF-DIG-04,69.091106438896,2026-03,observado,,,
4314498,INF-DIG-04,69.015251101322,2026-03,observado,,,
4314506,INF-DIG-04,82.541571250223,2026-03,observado,,,
4314548,INF-DIG-04,79.424366507528,2026-03,observado,,,
4314555,INF-DIG-04,73.942269911504,2026-03,observado,,,
4314605,INF-DIG-04,73.039722349177,2026-03,observado,,,
4314704,INF-DIG-04,85.161260811071,2026-03,observado,,,
4314753,INF-DIG-04,67.903578995854,2026-03,observado,,,
4314779,INF-DIG-04,79.290503640777,2026-03,observado,,,
4314787,INF-DIG-04,85.804253968254,2026-03,observado,,,
4314803,INF-DIG-04,99.113449267706,2026-03,observado,,,
4314902,INF-DIG-04,99.980695324663,2026-03,observado,,,
4315008,INF-DIG-04,65.289651376147,2026-03,observado,,,
4315057,INF-DIG-04,80.63799719888,2026-03,observado,,,
4315073,INF-DIG-04,60.663974358974,2026-03,observado,,,
4315107,INF-DIG-04,81.462402897967,2026-03,observado,,,
4315131,INF-DIG-04,80.168234617596,2026-03,observado,,,
4315149,INF-DIG-04,99.26442638934,2026-03,observado,,,
4315156,INF-DIG-04,55.69256928839,2026-03,observado,,,
4315172,INF-DIG-04,58.811659259259,2026-03,observado,,,
4315206,INF-DIG-04,59.599879903923,2026-03,observado,,,
4315305,INF-DIG-04,93.365878297872,2026-03,observado,,,
4315313,INF-DIG-04,77.938595360825,2026-03,observado,,,
4315321,INF-DIG-04,52.945700039888,2026-03,observado,,,
4315354,INF-DIG-04,85.751401534527,2026-03,observado,,,
4315404,INF-DIG-04,86.87960669542,2026-03,observado,,,
4315453,INF-DIG-04,80.347394209354,2026-03,observado,,,
4315503,INF-DIG-04,88.391155365152,2026-03,observado,,,
4315552,INF-DIG-04,51.962779541446,2026-03,observado,,,
4315602,INF-DIG-04,98.255647316311,2026-03,observado,,,
4315701,INF-DIG-04,82.403955098978,2026-03,observado,,,
4315750,INF-DIG-04,75.226013860943,2026-03,observado,,,
4315800,INF-DIG-04,90.464569975043,2026-03,observado,,,
4315909,INF-DIG-04,95.419323715059,2026-03,observado,,,
4315958,INF-DIG-04,61.02954604976,2026-03,observado,,,
4316006,INF-DIG-04,90.189672516821,2026-03,observado,,,
4316105,INF-DIG-04,88.469136749514,2026-03,observado,,,
4316204,INF-DIG-04,82.23782408335,2026-03,observado,,,
4316303,INF-DIG-04,78.603270985401,2026-03,observado,,,
4316402,INF-DIG-04,93.196248976249,2026-03,observado,,,
4316428,INF-DIG-04,97.607084677419,2026-03,observado,,,
4316436,INF-DIG-04,91.573782524272,2026-03,observado,,,
4316451,INF-DIG-04,91.913803783201,2026-03,observado,,,
4316477,INF-DIG-04,95.086534584637,2026-03,observado,,,
4316501,INF-DIG-04,85.740629451955,2026-03,observado,,,
4316600,INF-DIG-04,86.612450149399,2026-03,observado,,,
4316709,INF-DIG-04,86.001880078798,2026-03,observado,,,
4316733,INF-DIG-04,67.576129032258,2026-03,observado,,,
4316758,INF-DIG-04,81.426242195441,2026-03,observado,,,
4316808,INF-DIG-04,95.16625061923,2026-03,observado,,,
4316907,INF-DIG-04,98.928655013156,2026-03,observado,,,
4316956,INF-DIG-04,78.508386435331,2026-03,observado,,,
4316972,INF-DIG-04,55.138166409861,2026-03,observado,,,
4317004,INF-DIG-04,63.609023348519,2026-03,observado,,,
4317103,INF-DIG-04,94.813805688158,2026-03,observado,,,
4317202,INF-DIG-04,96.560654730195,2026-03,observado,,,
4317251,INF-DIG-04,84.295275747508,2026-03,observado,,,
4317301,INF-DIG-04,92.106480650679,2026-03,observado,,,
4317400,INF-DIG-04,93.306440189628,2026-03,observado,,,
4317509,INF-DIG-04,96.929949295994,2026-03,observado,,,
4317558,INF-DIG-04,80.867092300335,2026-03,observado,,,
4317608,INF-DIG-04,91.943150161827,2026-03,observado,,,
4317707,INF-DIG-04,74.072104854369,2026-03,observado,,,
4317756,INF-DIG-04,97.395385351843,2026-03,observado,,,
4317806,INF-DIG-04,93.685694864048,2026-03,observado,,,
4317905,INF-DIG-04,84.230811357702,2026-03,observado,,,
4317954,INF-DIG-04,80.209348659004,2026-03,observado,,,
4318002,INF-DIG-04,90.938895535894,2026-03,observado,,,
4318051,INF-DIG-04,77.270130718954,2026-03,observado,,,
4318101,INF-DIG-04,76.308986831649,2026-03,observado,,,
4318200,INF-DIG-04,81.363829534554,2026-03,observado,,,
4318309,INF-DIG-04,92.012761810317,2026-03,observado,,,
4318408,INF-DIG-04,82.722129541564,2026-03,observado,,,
4318424,INF-DIG-04,80.066496301278,2026-03,observado,,,
4318432,INF-DIG-04,90.661627029068,2026-03,observado,,,
4318440,INF-DIG-04,76.996864697802,2026-03,observado,,,
4318457,INF-DIG-04,83.26132938188,2026-03,observado,,,
4318465,INF-DIG-04,71.574905362776,2026-03,observado,,,
4318481,INF-DIG-04,97.142228468631,2026-03,observado,,,
4318499,INF-DIG-04,80.669272651704,2026-03,observado,,,
4318507,INF-DIG-04,80.070172149511,2026-03,observado,,,
4318606,INF-DIG-04,91.942066139889,2026-03,observado,,,
4318614,INF-DIG-04,90.357105042017,2026-03,observado,,,
4318622,INF-DIG-04,66.728113614573,2026-03,observado,,,
4318705,INF-DIG-04,99.999694492868,2026-03,observado,,,
4318804,INF-DIG-04,79.960228154993,2026-03,observado,,,
4318903,INF-DIG-04,92.622973929558,2026-03,observado,,,
4319000,INF-DIG-04,95.63703471827,2026-03,observado,,,
4319109,INF-DIG-04,88.914455391352,2026-03,observado,,,
4319125,INF-DIG-04,56.523688811189,2026-03,observado,,,
4319158,INF-DIG-04,63.304943310658,2026-03,observado,,,
4319208,INF-DIG-04,79.107076983197,2026-03,observado,,,
4319307,INF-DIG-04,77.28287889155,2026-03,observado,,,
4319356,INF-DIG-04,91.287962232244,2026-03,observado,,,
4319364,INF-DIG-04,92.490147979511,2026-03,observado,,,
4319372,INF-DIG-04,93.070286644951,2026-03,observado,,,
4319406,INF-DIG-04,85.952187199076,2026-03,observado,,,
4319505,INF-DIG-04,99.61038848862,2026-03,observado,,,
4319604,INF-DIG-04,86.816131297422,2026-03,observado,,,
4319703,INF-DIG-04,82.500343137255,2026-03,observado,,,
4319711,INF-DIG-04,76.600575441776,2026-03,observado,,,
4319737,INF-DIG-04,85.524176169878,2026-03,observado,,,
4319752,INF-DIG-04,95.585770768547,2026-03,observado,,,
4319802,INF-DIG-04,79.043609979005,2026-03,observado,,,
4319901,INF-DIG-04,99.200479986252,2026-03,observado,,,
4320008,INF-DIG-04,100,2026-03,observado,,,
4320107,INF-DIG-04,97.355422082185,2026-03,observado,,,
4320206,INF-DIG-04,84.641426778243,2026-03,observado,,,
4320230,INF-DIG-04,89.435913461538,2026-03,observado,,,
4320263,INF-DIG-04,71.434080545848,2026-03,observado,,,
4320305,INF-DIG-04,95.670256510672,2026-03,observado,,,
4320321,INF-DIG-04,93.774377104377,2026-03,observado,,,
4320354,INF-DIG-04,62.561858273652,2026-03,observado,,,
4320404,INF-DIG-04,93.323853546371,2026-03,observado,,,
4320453,INF-DIG-04,56.820437918599,2026-03,observado,,,
4320503,INF-DIG-04,81.998992961559,2026-03,observado,,,
4320552,INF-DIG-04,74.774456762749,2026-03,observado,,,
4320578,INF-DIG-04,68.063289617486,2026-03,observado,,,
4320602,INF-DIG-04,81.649442160893,2026-03,observado,,,
4320651,INF-DIG-04,79.134906311637,2026-03,observado,,,
4320677,INF-DIG-04,35.700607367685,2026-03,observado,,,
4320701,INF-DIG-04,96.457158020526,2026-03,observado,,,
4320800,INF-DIG-04,90.890532493081,2026-03,observado,,,
4320859,INF-DIG-04,83.727619367855,2026-03,observado,,,
4320909,INF-DIG-04,97.158305574785,2026-03,observado,,,
4321006,INF-DIG-04,98.297996601208,2026-03,observado,,,
4321105,INF-DIG-04,95.377987750936,2026-03,observado,,,
4321204,INF-DIG-04,92.65525355922,2026-03,observado,,,
4321303,INF-DIG-04,96.85480196841,2026-03,observado,,,
4321329,INF-DIG-04,89.418416159025,2026-03,observado,,,
4321352,INF-DIG-04,90.615966999233,2026-03,observado,,,
4321402,INF-DIG-04,80.455412154239,2026-03,observado,,,
4321436,INF-DIG-04,99.610656086704,2026-03,observado,,,
4321451,INF-DIG-04,98.776216422234,2026-03,observado,,,
4321469,INF-DIG-04,97.58569023569,2026-03,observado,,,
4321477,INF-DIG-04,80.13809709495,2026-03,observado,,,
4321493,INF-DIG-04,44.932458888019,2026-03,observado,,,
4321501,INF-DIG-04,99.079711144643,2026-03,observado,,,
4321600,INF-DIG-04,99.727924504018,2026-03,observado,,,
4321626,INF-DIG-04,85.960436802974,2026-03,observado,,,
4321634,INF-DIG-04,78.436935546121,2026-03,observado,,,
4321667,INF-DIG-04,94.565057471264,2026-03,observado,,,
4321709,INF-DIG-04,97.171441146366,2026-03,observado,,,
4321808,INF-DIG-04,93.345442286081,2026-03,observado,,,
4321832,INF-DIG-04,61.276923913043,2026-03,observado,,,
4321857,INF-DIG-04,82.139709499576,2026-03,observado,,,
4321907,INF-DIG-04,92.952478770247,2026-03,observado,,,
4321956,INF-DIG-04,80.63277130757,2026-03,observado,,,
4322004,INF-DIG-04,92.352211797222,2026-03,observado,,,
4322103,INF-DIG-04,93.994769036449,2026-03,observado,,,
4322152,INF-DIG-04,72.33082857919,2026-03,observado,,,
4322186,INF-DIG-04,63.420742358079,2026-03,observado,,,
4322202,INF-DIG-04,87.41648387903,2026-03,observado,,,
4322251,INF-DIG-04,93.438874527739,2026-03,observado,,,
4322301,INF-DIG-04,86.405372473993,2026-03,observado,,,
4322327,INF-DIG-04,80.089833284586,2026-03,observado,,,
4322343,INF-DIG-04,80.700692076229,2026-03,observado,,,
4322350,INF-DIG-04,63.382068376068,2026-03,observado,,,
4322376,INF-DIG-04,57.769243107769,2026-03,observado,,,
4322400,INF-DIG-04,95.810032847027,2026-03,observado,,,
4322509,INF-DIG-04,96.876422418493,2026-03,observado,,,
4322525,INF-DIG-04,66.361765079365,2026-03,observado,,,
4322533,INF-DIG-04,74.217787208245,2026-03,observado,,,
4322541,INF-DIG-04,97.055883129746,2026-03,observado,,,
4322558,INF-DIG-04,80.135513972056,2026-03,observado,,,
4322608,INF-DIG-04,92.011470703721,2026-03,observado,,,
4322707,INF-DIG-04,93.598201422688,2026-03,observado,,,
4322806,INF-DIG-04,96.287970942092,2026-03,observado,,,
4322855,INF-DIG-04,79.367508250825,2026-03,observado,,,
4322905,INF-DIG-04,76.586334661355,2026-03,observado,,,
4323002,INF-DIG-04,98.810510994503,2026-03,observado,,,
4323101,INF-DIG-04,77.472786709539,2026-03,observado,,,
4323200,INF-DIG-04,85.609600719424,2026-03,observado,,,
4323309,INF-DIG-04,90.179023587493,2026-03,observado,,,
4323358,INF-DIG-04,74.76126022126,2026-03,observado,,,
4323408,INF-DIG-04,93.543759347383,2026-03,observado,,,
4323457,INF-DIG-04,71.786254206575,2026-03,observado,,,
4323507,INF-DIG-04,78.734808270677,2026-03,observado,,,
4323606,INF-DIG-04,77.499918238994,2026-03,observado,,,
4323705,INF-DIG-04,85.176694214876,2026-03,observado,,,
4323754,INF-DIG-04,56.194463190184,2026-03,observado,,,
4323770,INF-DIG-04,85.847998708844,2026-03,observado,,,
4323804,INF-DIG-04,100,2026-03,observado,,,
