municipio_id,indicador_id,valor_bruto,periodo_referencia,flag_qualidade,metodo_territorializacao,territorializacao_aproximada
4100103,INF-ENE-01,6.835,2025,territorializacao_aproximada,nivel_4,True
4100103,INF-ENE-02,3.215,2025,territorializacao_aproximada,nivel_4,True
4100202,INF-ENE-01,41.75,2025,observado,nivel_1,False
4100202,INF-ENE-02,20.03,2025,observado,nivel_1,False
4100301,INF-ENE-01,15.57,2025,observado,nivel_1,False
4100301,INF-ENE-02,12.44,2025,observado,nivel_1,False
4100400,INF-ENE-01,12.202,2025,territorializacao_aproximada,nivel_4,True
4100400,INF-ENE-02,9.614,2025,territorializacao_aproximada,nivel_4,True
4100459,INF-ENE-01,13.705,2025,territorializacao_aproximada,nivel_4,True
4100459,INF-ENE-02,9.18,2025,territorializacao_aproximada,nivel_4,True
4100509,INF-ENE-01,4.53,2025,observado,nivel_1,False
4100509,INF-ENE-02,2.93,2025,observado,nivel_1,False
4100608,INF-ENE-01,8.24,2025,territorializacao_aproximada,nivel_4,True
4100608,INF-ENE-02,5.13,2025,territorializacao_aproximada,nivel_4,True
4100707,INF-ENE-01,9.4,2025,territorializacao_aproximada,nivel_4,True
4100707,INF-ENE-02,6.63,2025,territorializacao_aproximada,nivel_4,True
4100806,INF-ENE-01,8.88,2025,observado,nivel_1,False
4100806,INF-ENE-02,5.17,2025,observado,nivel_1,False
4100905,INF-ENE-01,6.78,2025,territorializacao_aproximada,nivel_4,True
4100905,INF-ENE-02,4.89,2025,territorializacao_aproximada,nivel_4,True
4101002,INF-ENE-01,11.4,2025,territorializacao_aproximada,nivel_4,True
4101002,INF-ENE-02,6.766667,2025,territorializacao_aproximada,nivel_4,True
4101051,INF-ENE-01,9.82,2025,territorializacao_aproximada,nivel_4,True
4101051,INF-ENE-02,6.76,2025,territorializacao_aproximada,nivel_4,True
4101101,INF-ENE-01,4.69,2025,observado,nivel_1,False
4101101,INF-ENE-02,2.2,2025,observado,nivel_1,False
4101150,INF-ENE-01,5.585,2025,territorializacao_aproximada,nivel_4,True
4101150,INF-ENE-02,3.7,2025,territorializacao_aproximada,nivel_4,True
4101200,INF-ENE-01,29.933333,2025,territorializacao_aproximada,nivel_4,True
4101200,INF-ENE-02,13.01,2025,territorializacao_aproximada,nivel_4,True
4101309,INF-ENE-01,10.795,2025,territorializacao_aproximada,nivel_4,True
4101309,INF-ENE-02,6.54,2025,territorializacao_aproximada,nivel_4,True
4101408,INF-ENE-01,4.9875,2025,territorializacao_aproximada,nivel_4,True
4101408,INF-ENE-02,3.465,2025,territorializacao_aproximada,nivel_4,True
4101507,INF-ENE-01,4.202,2025,territorializacao_aproximada,nivel_4,True
4101507,INF-ENE-02,3.084,2025,territorializacao_aproximada,nivel_4,True
4101606,INF-ENE-01,12.617143,2025,territorializacao_aproximada,nivel_4,True
4101606,INF-ENE-02,6.108571,2025,territorializacao_aproximada,nivel_4,True
4101655,INF-ENE-01,9.92,2025,observado,nivel_1,False
4101655,INF-ENE-02,5.35,2025,observado,nivel_1,False
4101705,INF-ENE-01,5.63,2025,observado,nivel_1,False
4101705,INF-ENE-02,3.49,2025,observado,nivel_1,False
4101804,INF-ENE-01,7.761429,2025,territorializacao_aproximada,nivel_4,True
4101804,INF-ENE-02,4.952857,2025,territorializacao_aproximada,nivel_4,True
4101853,INF-ENE-01,9.92,2025,observado,nivel_1,False
4101853,INF-ENE-02,5.35,2025,observado,nivel_1,False
4101903,INF-ENE-01,7.375,2025,territorializacao_aproximada,nivel_4,True
4101903,INF-ENE-02,4.115,2025,territorializacao_aproximada,nivel_4,True
4102000,INF-ENE-01,8.788,2025,territorializacao_aproximada,nivel_4,True
4102000,INF-ENE-02,6.064,2025,territorializacao_aproximada,nivel_4,True
4102109,INF-ENE-01,5.4975,2025,territorializacao_aproximada,nivel_4,True
4102109,INF-ENE-02,3.5125,2025,territorializacao_aproximada,nivel_4,True
4102208,INF-ENE-01,6.36,2025,territorializacao_aproximada,nivel_4,True
4102208,INF-ENE-02,4.285,2025,territorializacao_aproximada,nivel_4,True
4102307,INF-ENE-01,13.186667,2025,territorializacao_aproximada,nivel_4,True
4102307,INF-ENE-02,7.72,2025,territorializacao_aproximada,nivel_4,True
4102406,INF-ENE-01,5.573333,2025,territorializacao_aproximada,nivel_4,True
4102406,INF-ENE-02,2.51,2025,territorializacao_aproximada,nivel_4,True
4102505,INF-ENE-01,8.766667,2025,territorializacao_aproximada,nivel_4,True
4102505,INF-ENE-02,4.336667,2025,territorializacao_aproximada,nivel_4,True
4102604,INF-ENE-01,10.63,2025,territorializacao_aproximada,nivel_4,True
4102604,INF-ENE-02,6.285,2025,territorializacao_aproximada,nivel_4,True
4102703,INF-ENE-01,4.27,2025,territorializacao_aproximada,nivel_4,True
4102703,INF-ENE-02,1.98,2025,territorializacao_aproximada,nivel_4,True
4102752,INF-ENE-01,12.94,2025,observado,nivel_1,False
4102752,INF-ENE-02,7.73,2025,observado,nivel_1,False
4102802,INF-ENE-01,5.95,2025,territorializacao_aproximada,nivel_4,True
4102802,INF-ENE-02,3.35,2025,territorializacao_aproximada,nivel_4,True
4102901,INF-ENE-01,9.885,2025,territorializacao_aproximada,nivel_4,True
4102901,INF-ENE-02,5.14,2025,territorializacao_aproximada,nivel_4,True
4103008,INF-ENE-01,11.965,2025,territorializacao_aproximada,nivel_4,True
4103008,INF-ENE-02,7.76,2025,territorializacao_aproximada,nivel_4,True
4103024,INF-ENE-01,15.28,2025,observado,nivel_1,False
4103024,INF-ENE-02,11.1,2025,observado,nivel_1,False
4103040,INF-ENE-01,13.685,2025,territorializacao_aproximada,nivel_4,True
4103040,INF-ENE-02,8.365,2025,territorializacao_aproximada,nivel_4,True
4103057,INF-ENE-01,14.11,2025,territorializacao_aproximada,nivel_4,True
4103057,INF-ENE-02,9.415,2025,territorializacao_aproximada,nivel_4,True
4103107,INF-ENE-01,20.65,2025,territorializacao_aproximada,nivel_4,True
4103107,INF-ENE-02,12.53,2025,territorializacao_aproximada,nivel_4,True
4103156,INF-ENE-01,10.63,2025,territorializacao_aproximada,nivel_4,True
4103156,INF-ENE-02,6.285,2025,territorializacao_aproximada,nivel_4,True
4103206,INF-ENE-01,6.4725,2025,territorializacao_aproximada,nivel_4,True
4103206,INF-ENE-02,3.9975,2025,territorializacao_aproximada,nivel_4,True
4103222,INF-ENE-01,8.945,2025,territorializacao_aproximada,nivel_4,True
4103222,INF-ENE-02,6.335,2025,territorializacao_aproximada,nivel_4,True
4103305,INF-ENE-01,8.87,2025,territorializacao_aproximada,nivel_4,True
4103305,INF-ENE-02,4.58,2025,territorializacao_aproximada,nivel_4,True
4103354,INF-ENE-01,9.573333,2025,territorializacao_aproximada,nivel_4,True
4103354,INF-ENE-02,6.806667,2025,territorializacao_aproximada,nivel_4,True
4103370,INF-ENE-01,9.4,2025,territorializacao_aproximada,nivel_4,True
4103370,INF-ENE-02,6.63,2025,territorializacao_aproximada,nivel_4,True
4103404,INF-ENE-01,5.68,2025,territorializacao_aproximada,nivel_4,True
4103404,INF-ENE-02,3.16,2025,territorializacao_aproximada,nivel_4,True
4103453,INF-ENE-01,9.835,2025,territorializacao_aproximada,nivel_4,True
4103453,INF-ENE-02,6.7225,2025,territorializacao_aproximada,nivel_4,True
4103479,INF-ENE-01,6.465,2025,territorializacao_aproximada,nivel_4,True
4103479,INF-ENE-02,5.085,2025,territorializacao_aproximada,nivel_4,True
4103503,INF-ENE-01,8.0,2025,observado,nivel_1,False
4103503,INF-ENE-02,5.97,2025,observado,nivel_1,False
4103602,INF-ENE-01,4.69,2025,observado,nivel_1,False
4103602,INF-ENE-02,2.2,2025,observado,nivel_1,False
4103701,INF-ENE-01,4.224286,2025,territorializacao_aproximada,nivel_4,True
4103701,INF-ENE-02,2.692857,2025,territorializacao_aproximada,nivel_4,True
4103800,INF-ENE-01,7.785,2025,territorializacao_aproximada,nivel_4,True
4103800,INF-ENE-02,4.58,2025,territorializacao_aproximada,nivel_4,True
4103909,INF-ENE-01,11.1625,2025,territorializacao_aproximada,nivel_4,True
4103909,INF-ENE-02,7.9325,2025,territorializacao_aproximada,nivel_4,True
4103958,INF-ENE-01,12.535,2025,territorializacao_aproximada,nivel_4,True
4103958,INF-ENE-02,7.4825,2025,territorializacao_aproximada,nivel_4,True
4104006,INF-ENE-01,25.94,2025,territorializacao_aproximada,nivel_4,True
4104006,INF-ENE-02,11.453333,2025,territorializacao_aproximada,nivel_4,True
4104055,INF-ENE-01,9.573333,2025,territorializacao_aproximada,nivel_4,True
4104055,INF-ENE-02,6.806667,2025,territorializacao_aproximada,nivel_4,True
4104105,INF-ENE-01,14.34,2025,observado,nivel_1,False
4104105,INF-ENE-02,9.17,2025,observado,nivel_1,False
4104204,INF-ENE-01,11.855,2025,territorializacao_aproximada,nivel_4,True
4104204,INF-ENE-02,8.0125,2025,territorializacao_aproximada,nivel_4,True
4104253,INF-ENE-01,13.58,2025,territorializacao_aproximada,nivel_4,True
4104253,INF-ENE-02,10.3,2025,territorializacao_aproximada,nivel_4,True
4104303,INF-ENE-01,10.1975,2025,territorializacao_aproximada,nivel_4,True
4104303,INF-ENE-02,6.11,2025,territorializacao_aproximada,nivel_4,True
4104402,INF-ENE-01,12.92,2025,territorializacao_aproximada,nivel_4,True
4104402,INF-ENE-02,8.515,2025,territorializacao_aproximada,nivel_4,True
4104428,INF-ENE-01,11.44,2025,territorializacao_aproximada,nivel_4,True
4104428,INF-ENE-02,6.674,2025,territorializacao_aproximada,nivel_4,True
4104451,INF-ENE-01,16.51,2025,territorializacao_aproximada,nivel_4,True
4104451,INF-ENE-02,9.665,2025,territorializacao_aproximada,nivel_4,True
4104501,INF-ENE-01,12.94,2025,observado,nivel_1,False
4104501,INF-ENE-02,7.73,2025,observado,nivel_1,False
4104600,INF-ENE-01,12.94,2025,observado,nivel_1,False
4104600,INF-ENE-02,7.73,2025,observado,nivel_1,False
4104659,INF-ENE-01,10.12,2025,territorializacao_aproximada,nivel_4,True
4104659,INF-ENE-02,5.925,2025,territorializacao_aproximada,nivel_4,True
4104709,INF-ENE-01,9.055,2025,territorializacao_aproximada,nivel_4,True
4104709,INF-ENE-02,4.77,2025,territorializacao_aproximada,nivel_4,True
4104808,INF-ENE-01,8.18625,2025,territorializacao_aproximada,nivel_4,True
4104808,INF-ENE-02,5.62,2025,territorializacao_aproximada,nivel_4,True
4104907,INF-ENE-01,14.035,2025,territorializacao_aproximada,nivel_4,True
4104907,INF-ENE-02,9.5975,2025,territorializacao_aproximada,nivel_4,True
4105003,INF-ENE-01,11.105,2025,territorializacao_aproximada,nivel_4,True
4105003,INF-ENE-02,7.405,2025,territorializacao_aproximada,nivel_4,True
4105102,INF-ENE-01,4.66,2025,observado,nivel_1,False
4105102,INF-ENE-02,2.01,2025,observado,nivel_1,False
4105201,INF-ENE-01,26.4,2025,territorializacao_aproximada,nivel_4,True
4105201,INF-ENE-02,15.8,2025,territorializacao_aproximada,nivel_4,True
4105300,INF-ENE-01,10.14,2025,territorializacao_aproximada,nivel_4,True
4105300,INF-ENE-02,6.75,2025,territorializacao_aproximada,nivel_4,True
4105409,INF-ENE-01,12.0975,2025,territorializacao_aproximada,nivel_4,True
4105409,INF-ENE-02,8.21,2025,territorializacao_aproximada,nivel_4,True
4105508,INF-ENE-01,6.97,2025,territorializacao_aproximada,nivel_4,True
4105508,INF-ENE-02,5.11,2025,territorializacao_aproximada,nivel_4,True
4105607,INF-ENE-01,9.26,2025,observado,nivel_1,False
4105607,INF-ENE-02,6.41,2025,observado,nivel_1,False
4105706,INF-ENE-01,13.416667,2025,territorializacao_aproximada,nivel_4,True
4105706,INF-ENE-02,8.636667,2025,territorializacao_aproximada,nivel_4,True
4105805,INF-ENE-01,10.578571,2025,territorializacao_aproximada,nivel_4,True
4105805,INF-ENE-02,8.245714,2025,territorializacao_aproximada,nivel_4,True
4105904,INF-ENE-01,9.5125,2025,territorializacao_aproximada,nivel_4,True
4105904,INF-ENE-02,6.185,2025,territorializacao_aproximada,nivel_4,True
4106001,INF-ENE-01,7.835,2025,territorializacao_aproximada,nivel_4,True
4106001,INF-ENE-02,3.705,2025,territorializacao_aproximada,nivel_4,True
4106100,INF-ENE-01,9.87,2025,observado,nivel_1,False
4106100,INF-ENE-02,4.26,2025,observado,nivel_1,False
4106209,INF-ENE-01,13.1,2025,territorializacao_aproximada,nivel_4,True
4106209,INF-ENE-02,7.7175,2025,territorializacao_aproximada,nivel_4,True
4106308,INF-ENE-01,9.573333,2025,territorializacao_aproximada,nivel_4,True
4106308,INF-ENE-02,6.806667,2025,territorializacao_aproximada,nivel_4,True
4106407,INF-ENE-01,5.68,2025,observado,nivel_1,False
4106407,INF-ENE-02,2.85,2025,observado,nivel_1,False
4106456,INF-ENE-01,13.0225,2025,territorializacao_aproximada,nivel_4,True
4106456,INF-ENE-02,7.21,2025,territorializacao_aproximada,nivel_4,True
4106506,INF-ENE-01,9.3625,2025,territorializacao_aproximada,nivel_4,True
4106506,INF-ENE-02,6.9225,2025,territorializacao_aproximada,nivel_4,True
4106555,INF-ENE-01,7.07,2025,territorializacao_aproximada,nivel_4,True
4106555,INF-ENE-02,3.64,2025,territorializacao_aproximada,nivel_4,True
4106571,INF-ENE-01,15.28,2025,observado,nivel_1,False
4106571,INF-ENE-02,11.1,2025,observado,nivel_1,False
4106605,INF-ENE-01,8.583333,2025,territorializacao_aproximada,nivel_4,True
4106605,INF-ENE-02,6.643333,2025,territorializacao_aproximada,nivel_4,True
4106704,INF-ENE-01,7.726667,2025,territorializacao_aproximada,nivel_4,True
4106704,INF-ENE-02,4.856667,2025,territorializacao_aproximada,nivel_4,True
4106803,INF-ENE-01,9.443333,2025,territorializacao_aproximada,nivel_4,True
4106803,INF-ENE-02,5.213333,2025,territorializacao_aproximada,nivel_4,True
4106852,INF-ENE-01,10.67,2025,observado,nivel_1,False
4106852,INF-ENE-02,5.79,2025,observado,nivel_1,False
4106902,INF-ENE-01,3.428235,2025,territorializacao_aproximada,nivel_4,True
4106902,INF-ENE-02,2.512353,2025,territorializacao_aproximada,nivel_4,True
4107009,INF-ENE-01,11.458,2025,territorializacao_aproximada,nivel_4,True
4107009,INF-ENE-02,6.348,2025,territorializacao_aproximada,nivel_4,True
4107108,INF-ENE-01,7.61,2025,observado,nivel_1,False
4107108,INF-ENE-02,6.44,2025,observado,nivel_1,False
4107124,INF-ENE-01,9.56,2025,territorializacao_aproximada,nivel_4,True
4107124,INF-ENE-02,7.02,2025,territorializacao_aproximada,nivel_4,True
4107157,INF-ENE-01,12.213333,2025,territorializacao_aproximada,nivel_4,True
4107157,INF-ENE-02,7.256667,2025,territorializacao_aproximada,nivel_4,True
4107207,INF-ENE-01,15.28,2025,observado,nivel_1,False
4107207,INF-ENE-02,11.1,2025,observado,nivel_1,False
4107256,INF-ENE-01,6.465,2025,territorializacao_aproximada,nivel_4,True
4107256,INF-ENE-02,5.085,2025,territorializacao_aproximada,nivel_4,True
4107306,INF-ENE-01,5.756667,2025,territorializacao_aproximada,nivel_4,True
4107306,INF-ENE-02,4.51,2025,territorializacao_aproximada,nivel_4,True
4107405,INF-ENE-01,12.503333,2025,territorializacao_aproximada,nivel_4,True
4107405,INF-ENE-02,8.193333,2025,territorializacao_aproximada,nivel_4,True
4107504,INF-ENE-01,5.895,2025,territorializacao_aproximada,nivel_4,True
4107504,INF-ENE-02,4.235,2025,territorializacao_aproximada,nivel_4,True
4107520,INF-ENE-01,4.53,2025,observado,nivel_1,False
4107520,INF-ENE-02,2.93,2025,observado,nivel_1,False
4107538,INF-ENE-01,13.285,2025,territorializacao_aproximada,nivel_4,True
4107538,INF-ENE-02,7.585,2025,territorializacao_aproximada,nivel_4,True
4107546,INF-ENE-01,12.76,2025,observado,nivel_1,False
4107546,INF-ENE-02,7.81,2025,observado,nivel_1,False
4107553,INF-ENE-01,10.78,2025,territorializacao_aproximada,nivel_4,True
4107553,INF-ENE-02,7.4,2025,territorializacao_aproximada,nivel_4,True
4107603,INF-ENE-01,13.72,2025,territorializacao_aproximada,nivel_4,True
4107603,INF-ENE-02,8.405,2025,territorializacao_aproximada,nivel_4,True
4107652,INF-ENE-01,6.35,2025,territorializacao_aproximada,nivel_4,True
4107652,INF-ENE-02,4.616,2025,territorializacao_aproximada,nivel_4,True
4107702,INF-ENE-01,7.0,2025,territorializacao_aproximada,nivel_4,True
4107702,INF-ENE-02,3.54,2025,territorializacao_aproximada,nivel_4,True
4107736,INF-ENE-01,10.535,2025,territorializacao_aproximada,nivel_4,True
4107736,INF-ENE-02,7.885,2025,territorializacao_aproximada,nivel_4,True
4107751,INF-ENE-01,9.99,2025,observado,nivel_1,False
4107751,INF-ENE-02,4.56,2025,observado,nivel_1,False
4107801,INF-ENE-01,7.073333,2025,territorializacao_aproximada,nivel_4,True
4107801,INF-ENE-02,4.6,2025,territorializacao_aproximada,nivel_4,True
4107850,INF-ENE-01,9.29,2025,observado,nivel_1,False
4107850,INF-ENE-02,5.75,2025,observado,nivel_1,False
4107900,INF-ENE-01,5.09,2025,territorializacao_aproximada,nivel_4,True
4107900,INF-ENE-02,3.403333,2025,territorializacao_aproximada,nivel_4,True
4108007,INF-ENE-01,4.66,2025,observado,nivel_1,False
4108007,INF-ENE-02,2.01,2025,observado,nivel_1,False
4108106,INF-ENE-01,7.036667,2025,territorializacao_aproximada,nivel_4,True
4108106,INF-ENE-02,4.4,2025,territorializacao_aproximada,nivel_4,True
4108205,INF-ENE-01,10.15,2025,territorializacao_aproximada,nivel_4,True
4108205,INF-ENE-02,6.505,2025,territorializacao_aproximada,nivel_4,True
4108304,INF-ENE-01,6.093333,2025,territorializacao_aproximada,nivel_4,True
4108304,INF-ENE-02,4.093333,2025,territorializacao_aproximada,nivel_4,True
4108320,INF-ENE-01,7.845,2025,territorializacao_aproximada,nivel_4,True
4108320,INF-ENE-02,5.1,2025,territorializacao_aproximada,nivel_4,True
4108403,INF-ENE-01,11.056667,2025,territorializacao_aproximada,nivel_4,True
4108403,INF-ENE-02,7.923333,2025,territorializacao_aproximada,nivel_4,True
4108452,INF-ENE-01,12.255,2025,territorializacao_aproximada,nivel_4,True
4108452,INF-ENE-02,7.41,2025,territorializacao_aproximada,nivel_4,True
4108502,INF-ENE-01,11.29,2025,territorializacao_aproximada,nivel_4,True
4108502,INF-ENE-02,6.695,2025,territorializacao_aproximada,nivel_4,True
4108551,INF-ENE-01,8.5,2025,territorializacao_aproximada,nivel_4,True
4108551,INF-ENE-02,4.17,2025,territorializacao_aproximada,nivel_4,True
4108601,INF-ENE-01,9.31,2025,territorializacao_aproximada,nivel_4,True
4108601,INF-ENE-02,5.34,2025,territorializacao_aproximada,nivel_4,True
4108650,INF-ENE-01,15.76,2025,territorializacao_aproximada,nivel_4,True
4108650,INF-ENE-02,9.273333,2025,territorializacao_aproximada,nivel_4,True
4108700,INF-ENE-01,10.295,2025,territorializacao_aproximada,nivel_4,True
4108700,INF-ENE-02,5.57,2025,territorializacao_aproximada,nivel_4,True
4108809,INF-ENE-01,11.16,2025,observado,nivel_1,False
4108809,INF-ENE-02,7.27,2025,observado,nivel_1,False
4108908,INF-ENE-01,6.78,2025,territorializacao_aproximada,nivel_4,True
4108908,INF-ENE-02,4.89,2025,territorializacao_aproximada,nivel_4,True
4108957,INF-ENE-01,10.956667,2025,territorializacao_aproximada,nivel_4,True
4108957,INF-ENE-02,7.563333,2025,territorializacao_aproximada,nivel_4,True
4109005,INF-ENE-01,9.055,2025,territorializacao_aproximada,nivel_4,True
4109005,INF-ENE-02,4.77,2025,territorializacao_aproximada,nivel_4,True
4109104,INF-ENE-01,9.26,2025,observado,nivel_1,False
4109104,INF-ENE-02,6.41,2025,observado,nivel_1,False
4109203,INF-ENE-01,5.68,2025,territorializacao_aproximada,nivel_4,True
4109203,INF-ENE-02,3.16,2025,territorializacao_aproximada,nivel_4,True
4109302,INF-ENE-01,10.36,2025,territorializacao_aproximada,nivel_4,True
4109302,INF-ENE-02,7.2175,2025,territorializacao_aproximada,nivel_4,True
4109401,INF-ENE-01,9.896667,2025,territorializacao_aproximada,nivel_4,True
4109401,INF-ENE-02,5.837778,2025,territorializacao_aproximada,nivel_4,True
4109500,INF-ENE-01,54.41,2025,observado,nivel_1,False
4109500,INF-ENE-02,18.94,2025,observado,nivel_1,False
4109609,INF-ENE-01,13.206667,2025,territorializacao_aproximada,nivel_4,True
4109609,INF-ENE-02,6.68,2025,territorializacao_aproximada,nivel_4,True
4109658,INF-ENE-01,11.795,2025,territorializacao_aproximada,nivel_4,True
4109658,INF-ENE-02,8.365,2025,territorializacao_aproximada,nivel_4,True
4109708,INF-ENE-01,8.736667,2025,territorializacao_aproximada,nivel_4,True
4109708,INF-ENE-02,3.766667,2025,territorializacao_aproximada,nivel_4,True
4109757,INF-ENE-01,9.36,2025,territorializacao_aproximada,nivel_4,True
4109757,INF-ENE-02,7.04,2025,territorializacao_aproximada,nivel_4,True
4109807,INF-ENE-01,6.025,2025,territorializacao_aproximada,nivel_4,True
4109807,INF-ENE-02,3.6775,2025,territorializacao_aproximada,nivel_4,True
4109906,INF-ENE-01,6.465,2025,territorializacao_aproximada,nivel_4,True
4109906,INF-ENE-02,5.085,2025,territorializacao_aproximada,nivel_4,True
4110003,INF-ENE-01,5.585,2025,territorializacao_aproximada,nivel_4,True
4110003,INF-ENE-02,3.7,2025,territorializacao_aproximada,nivel_4,True
4110052,INF-ENE-01,9.82,2025,territorializacao_aproximada,nivel_4,True
4110052,INF-ENE-02,6.76,2025,territorializacao_aproximada,nivel_4,True
4110078,INF-ENE-01,13.475,2025,territorializacao_aproximada,nivel_4,True
4110078,INF-ENE-02,8.685,2025,territorializacao_aproximada,nivel_4,True
4110102,INF-ENE-01,10.956667,2025,territorializacao_aproximada,nivel_4,True
4110102,INF-ENE-02,7.563333,2025,territorializacao_aproximada,nivel_4,True
4110201,INF-ENE-01,9.073333,2025,territorializacao_aproximada,nivel_4,True
4110201,INF-ENE-02,5.04,2025,territorializacao_aproximada,nivel_4,True
4110300,INF-ENE-01,8.5,2025,observado,nivel_1,False
4110300,INF-ENE-02,5.23,2025,observado,nivel_1,False
4110409,INF-ENE-01,8.31,2025,observado,nivel_1,False
4110409,INF-ENE-02,6.73,2025,observado,nivel_1,False
4110508,INF-ENE-01,11.5875,2025,territorializacao_aproximada,nivel_4,True
4110508,INF-ENE-02,7.865,2025,territorializacao_aproximada,nivel_4,True
4110607,INF-ENE-01,7.776667,2025,territorializacao_aproximada,nivel_4,True
4110607,INF-ENE-02,5.396667,2025,territorializacao_aproximada,nivel_4,True
4110656,INF-ENE-01,10.15,2025,territorializacao_aproximada,nivel_4,True
4110656,INF-ENE-02,6.505,2025,territorializacao_aproximada,nivel_4,True
4110706,INF-ENE-01,11.1375,2025,territorializacao_aproximada,nivel_4,True
4110706,INF-ENE-02,7.3975,2025,territorializacao_aproximada,nivel_4,True
4110805,INF-ENE-01,11.72,2025,territorializacao_aproximada,nivel_4,True
4110805,INF-ENE-02,6.983333,2025,territorializacao_aproximada,nivel_4,True
4110904,INF-ENE-01,6.7,2025,observado,nivel_1,False
4110904,INF-ENE-02,4.31,2025,observado,nivel_1,False
4110953,INF-ENE-01,8.91,2025,observado,nivel_1,False
4110953,INF-ENE-02,5.83,2025,observado,nivel_1,False
4111001,INF-ENE-01,6.35,2025,observado,nivel_1,False
4111001,INF-ENE-02,2.48,2025,observado,nivel_1,False
4111100,INF-ENE-01,6.305,2025,territorializacao_aproximada,nivel_4,True
4111100,INF-ENE-02,3.47,2025,territorializacao_aproximada,nivel_4,True
4111209,INF-ENE-01,11.056667,2025,territorializacao_aproximada,nivel_4,True
4111209,INF-ENE-02,7.923333,2025,territorializacao_aproximada,nivel_4,True
4111258,INF-ENE-01,17.72,2025,territorializacao_aproximada,nivel_4,True
4111258,INF-ENE-02,13.46,2025,territorializacao_aproximada,nivel_4,True
4111308,INF-ENE-01,7.61,2025,observado,nivel_1,False
4111308,INF-ENE-02,6.44,2025,observado,nivel_1,False
4111407,INF-ENE-01,12.41,2025,territorializacao_aproximada,nivel_4,True
4111407,INF-ENE-02,8.4275,2025,territorializacao_aproximada,nivel_4,True
4111506,INF-ENE-01,9.92,2025,observado,nivel_1,False
4111506,INF-ENE-02,5.35,2025,observado,nivel_1,False
4111555,INF-ENE-01,6.465,2025,territorializacao_aproximada,nivel_4,True
4111555,INF-ENE-02,5.085,2025,territorializacao_aproximada,nivel_4,True
4111605,INF-ENE-01,4.22,2025,observado,nivel_1,False
4111605,INF-ENE-02,3.26,2025,observado,nivel_1,False
4111704,INF-ENE-01,10.33,2025,territorializacao_aproximada,nivel_4,True
4111704,INF-ENE-02,4.925,2025,territorializacao_aproximada,nivel_4,True
4111803,INF-ENE-01,5.603333,2025,territorializacao_aproximada,nivel_4,True
4111803,INF-ENE-02,2.873333,2025,territorializacao_aproximada,nivel_4,True
4111902,INF-ENE-01,4.415,2025,territorializacao_aproximada,nivel_4,True
4111902,INF-ENE-02,2.4675,2025,territorializacao_aproximada,nivel_4,True
4112009,INF-ENE-01,14.554,2025,territorializacao_aproximada,nivel_4,True
4112009,INF-ENE-02,6.78,2025,territorializacao_aproximada,nivel_4,True
4112108,INF-ENE-01,6.823333,2025,territorializacao_aproximada,nivel_4,True
4112108,INF-ENE-02,4.176667,2025,territorializacao_aproximada,nivel_4,True
4112207,INF-ENE-01,11.965,2025,territorializacao_aproximada,nivel_4,True
4112207,INF-ENE-02,7.76,2025,territorializacao_aproximada,nivel_4,True
4112306,INF-ENE-01,9.87,2025,observado,nivel_1,False
4112306,INF-ENE-02,4.26,2025,observado,nivel_1,False
4112405,INF-ENE-01,8.405,2025,territorializacao_aproximada,nivel_4,True
4112405,INF-ENE-02,5.98,2025,territorializacao_aproximada,nivel_4,True
4112504,INF-ENE-01,9.215,2025,territorializacao_aproximada,nivel_4,True
4112504,INF-ENE-02,4.57,2025,territorializacao_aproximada,nivel_4,True
4112603,INF-ENE-01,6.7,2025,observado,nivel_1,False
4112603,INF-ENE-02,4.31,2025,observado,nivel_1,False
4112702,INF-ENE-01,7.375,2025,territorializacao_aproximada,nivel_4,True
4112702,INF-ENE-02,4.115,2025,territorializacao_aproximada,nivel_4,True
4112751,INF-ENE-01,10.15,2025,territorializacao_aproximada,nivel_4,True
4112751,INF-ENE-02,6.505,2025,territorializacao_aproximada,nivel_4,True
4112801,INF-ENE-01,9.055,2025,territorializacao_aproximada,nivel_4,True
4112801,INF-ENE-02,4.77,2025,territorializacao_aproximada,nivel_4,True
4112900,INF-ENE-01,8.11,2025,territorializacao_aproximada,nivel_4,True
4112900,INF-ENE-02,3.37,2025,territorializacao_aproximada,nivel_4,True
4112959,INF-ENE-01,11.296667,2025,territorializacao_aproximada,nivel_4,True
4112959,INF-ENE-02,7.5,2025,territorializacao_aproximada,nivel_4,True
4113007,INF-ENE-01,6.265,2025,territorializacao_aproximada,nivel_4,True
4113007,INF-ENE-02,4.995,2025,territorializacao_aproximada,nivel_4,True
4113106,INF-ENE-01,7.86,2025,territorializacao_aproximada,nivel_4,True
4113106,INF-ENE-02,4.376667,2025,territorializacao_aproximada,nivel_4,True
4113205,INF-ENE-01,9.72,2025,territorializacao_aproximada,nivel_4,True
4113205,INF-ENE-02,6.55,2025,territorializacao_aproximada,nivel_4,True
4113254,INF-ENE-01,13.705,2025,territorializacao_aproximada,nivel_4,True
4113254,INF-ENE-02,9.18,2025,territorializacao_aproximada,nivel_4,True
4113304,INF-ENE-01,18.03,2025,observado,nivel_1,False
4113304,INF-ENE-02,9.52,2025,observado,nivel_1,False
4113403,INF-ENE-01,5.68,2025,observado,nivel_1,False
4113403,INF-ENE-02,2.85,2025,observado,nivel_1,False
4113429,INF-ENE-01,9.22,2025,territorializacao_aproximada,nivel_4,True
4113429,INF-ENE-02,4.836667,2025,territorializacao_aproximada,nivel_4,True
4113452,INF-ENE-01,10.553333,2025,territorializacao_aproximada,nivel_4,True
4113452,INF-ENE-02,7.27,2025,territorializacao_aproximada,nivel_4,True
4113502,INF-ENE-01,7.61,2025,observado,nivel_1,False
4113502,INF-ENE-02,6.44,2025,observado,nivel_1,False
4113601,INF-ENE-01,7.21,2025,territorializacao_aproximada,nivel_4,True
4113601,INF-ENE-02,4.466667,2025,territorializacao_aproximada,nivel_4,True
4113700,INF-ENE-01,4.530667,2025,territorializacao_aproximada,nivel_4,True
4113700,INF-ENE-02,2.903333,2025,territorializacao_aproximada,nivel_4,True
4113734,INF-ENE-01,11.28,2025,territorializacao_aproximada,nivel_4,True
4113734,INF-ENE-02,6.9825,2025,territorializacao_aproximada,nivel_4,True
4113759,INF-ENE-01,8.495,2025,territorializacao_aproximada,nivel_4,True
4113759,INF-ENE-02,4.36,2025,territorializacao_aproximada,nivel_4,True
4113809,INF-ENE-01,5.68,2025,territorializacao_aproximada,nivel_4,True
4113809,INF-ENE-02,3.16,2025,territorializacao_aproximada,nivel_4,True
4113908,INF-ENE-01,9.995,2025,territorializacao_aproximada,nivel_4,True
4113908,INF-ENE-02,5.775,2025,territorializacao_aproximada,nivel_4,True
4114005,INF-ENE-01,12.945,2025,territorializacao_aproximada,nivel_4,True
4114005,INF-ENE-02,9.145,2025,territorializacao_aproximada,nivel_4,True
4114104,INF-ENE-01,5.646667,2025,territorializacao_aproximada,nivel_4,True
4114104,INF-ENE-02,3.943333,2025,territorializacao_aproximada,nivel_4,True
4114203,INF-ENE-01,6.4725,2025,territorializacao_aproximada,nivel_4,True
4114203,INF-ENE-02,3.9975,2025,territorializacao_aproximada,nivel_4,True
4114302,INF-ENE-01,14.458,2025,territorializacao_aproximada,nivel_4,True
4114302,INF-ENE-02,8.674,2025,territorializacao_aproximada,nivel_4,True
4114351,INF-ENE-01,10.63,2025,territorializacao_aproximada,nivel_4,True
4114351,INF-ENE-02,6.285,2025,territorializacao_aproximada,nivel_4,True
4114401,INF-ENE-01,12.4425,2025,territorializacao_aproximada,nivel_4,True
4114401,INF-ENE-02,7.73,2025,territorializacao_aproximada,nivel_4,True
4114500,INF-ENE-01,13.685,2025,territorializacao_aproximada,nivel_4,True
4114500,INF-ENE-02,8.365,2025,territorializacao_aproximada,nivel_4,True
4114609,INF-ENE-01,7.69,2025,territorializacao_aproximada,nivel_4,True
4114609,INF-ENE-02,5.2,2025,territorializacao_aproximada,nivel_4,True
4114708,INF-ENE-01,7.396667,2025,territorializacao_aproximada,nivel_4,True
4114708,INF-ENE-02,5.526667,2025,territorializacao_aproximada,nivel_4,True
4114807,INF-ENE-01,4.774286,2025,territorializacao_aproximada,nivel_4,True
4114807,INF-ENE-02,3.204286,2025,territorializacao_aproximada,nivel_4,True
4114906,INF-ENE-01,8.44,2025,territorializacao_aproximada,nivel_4,True
4114906,INF-ENE-02,5.076667,2025,territorializacao_aproximada,nivel_4,True
4115002,INF-ENE-01,7.61,2025,observado,nivel_1,False
4115002,INF-ENE-02,6.44,2025,observado,nivel_1,False
4115101,INF-ENE-01,8.933333,2025,territorializacao_aproximada,nivel_4,True
4115101,INF-ENE-02,5.823333,2025,territorializacao_aproximada,nivel_4,True
4115200,INF-ENE-01,3.966667,2025,territorializacao_aproximada,nivel_4,True
4115200,INF-ENE-02,2.918333,2025,territorializacao_aproximada,nivel_4,True
4115309,INF-ENE-01,12.63,2025,territorializacao_aproximada,nivel_4,True
4115309,INF-ENE-02,8.05,2025,territorializacao_aproximada,nivel_4,True
4115358,INF-ENE-01,8.593333,2025,territorializacao_aproximada,nivel_4,True
4115358,INF-ENE-02,5.946667,2025,territorializacao_aproximada,nivel_4,True
4115408,INF-ENE-01,9.29,2025,observado,nivel_1,False
4115408,INF-ENE-02,5.75,2025,observado,nivel_1,False
4115457,INF-ENE-01,18.03,2025,observado,nivel_1,False
4115457,INF-ENE-02,9.52,2025,observado,nivel_1,False
4115507,INF-ENE-01,7.535,2025,territorializacao_aproximada,nivel_4,True
4115507,INF-ENE-02,4.67,2025,territorializacao_aproximada,nivel_4,True
4115606,INF-ENE-01,10.39,2025,territorializacao_aproximada,nivel_4,True
4115606,INF-ENE-02,6.535,2025,territorializacao_aproximada,nivel_4,True
4115705,INF-ENE-01,6.3,2025,territorializacao_aproximada,nivel_4,True
4115705,INF-ENE-02,3.696667,2025,territorializacao_aproximada,nivel_4,True
4115739,INF-ENE-01,15.93,2025,observado,nivel_1,False
4115739,INF-ENE-02,11.31,2025,observado,nivel_1,False
4115754,INF-ENE-01,13.72,2025,territorializacao_aproximada,nivel_4,True
4115754,INF-ENE-02,8.405,2025,territorializacao_aproximada,nivel_4,True
4115804,INF-ENE-01,8.91,2025,observado,nivel_1,False
4115804,INF-ENE-02,5.83,2025,observado,nivel_1,False
4115853,INF-ENE-01,8.59,2025,observado,nivel_1,False
4115853,INF-ENE-02,5.52,2025,observado,nivel_1,False
4115903,INF-ENE-01,5.95,2025,observado,nivel_1,False
4115903,INF-ENE-02,3.34,2025,observado,nivel_1,False
4116000,INF-ENE-01,5.545,2025,territorializacao_aproximada,nivel_4,True
4116000,INF-ENE-02,2.935,2025,territorializacao_aproximada,nivel_4,True
4116059,INF-ENE-01,13.445,2025,territorializacao_aproximada,nivel_4,True
4116059,INF-ENE-02,7.74,2025,territorializacao_aproximada,nivel_4,True
4116109,INF-ENE-01,8.09,2025,territorializacao_aproximada,nivel_4,True
4116109,INF-ENE-02,5.5,2025,territorializacao_aproximada,nivel_4,True
4116208,INF-ENE-01,13.43,2025,territorializacao_aproximada,nivel_4,True
4116208,INF-ENE-02,7.71,2025,territorializacao_aproximada,nivel_4,True
4116307,INF-ENE-01,6.43,2025,observado,nivel_1,False
4116307,INF-ENE-02,3.86,2025,observado,nivel_1,False
4116406,INF-ENE-01,6.565,2025,territorializacao_aproximada,nivel_4,True
4116406,INF-ENE-02,4.085,2025,territorializacao_aproximada,nivel_4,True
4116505,INF-ENE-01,5.95,2025,observado,nivel_1,False
4116505,INF-ENE-02,3.34,2025,observado,nivel_1,False
4116604,INF-ENE-01,9.65,2025,observado,nivel_1,False
4116604,INF-ENE-02,4.49,2025,observado,nivel_1,False
4116703,INF-ENE-01,10.086667,2025,territorializacao_aproximada,nivel_4,True
4116703,INF-ENE-02,6.663333,2025,territorializacao_aproximada,nivel_4,True
4116802,INF-ENE-01,9.96,2025,observado,nivel_1,False
4116802,INF-ENE-02,6.98,2025,observado,nivel_1,False
4116901,INF-ENE-01,6.7925,2025,territorializacao_aproximada,nivel_4,True
4116901,INF-ENE-02,4.285,2025,territorializacao_aproximada,nivel_4,True
4116950,INF-ENE-01,12.503333,2025,territorializacao_aproximada,nivel_4,True
4116950,INF-ENE-02,8.193333,2025,territorializacao_aproximada,nivel_4,True
4117008,INF-ENE-01,7.835,2025,territorializacao_aproximada,nivel_4,True
4117008,INF-ENE-02,3.705,2025,territorializacao_aproximada,nivel_4,True
4117057,INF-ENE-01,13.476667,2025,territorializacao_aproximada,nivel_4,True
4117057,INF-ENE-02,8.17,2025,territorializacao_aproximada,nivel_4,True
4117107,INF-ENE-01,7.61,2025,observado,nivel_1,False
4117107,INF-ENE-02,6.44,2025,observado,nivel_1,False
4117206,INF-ENE-01,9.26,2025,observado,nivel_1,False
4117206,INF-ENE-02,6.41,2025,observado,nivel_1,False
4117214,INF-ENE-01,9.82,2025,territorializacao_aproximada,nivel_4,True
4117214,INF-ENE-02,4.525,2025,territorializacao_aproximada,nivel_4,True
4117222,INF-ENE-01,8.593333,2025,territorializacao_aproximada,nivel_4,True
4117222,INF-ENE-02,5.946667,2025,territorializacao_aproximada,nivel_4,True
4117255,INF-ENE-01,14.11,2025,territorializacao_aproximada,nivel_4,True
4117255,INF-ENE-02,9.415,2025,territorializacao_aproximada,nivel_4,True
4117271,INF-ENE-01,11.72,2025,territorializacao_aproximada,nivel_4,True
4117271,INF-ENE-02,6.983333,2025,territorializacao_aproximada,nivel_4,True
4117297,INF-ENE-01,8.58,2025,territorializacao_aproximada,nivel_4,True
4117297,INF-ENE-02,5.043333,2025,territorializacao_aproximada,nivel_4,True
4117305,INF-ENE-01,10.696667,2025,territorializacao_aproximada,nivel_4,True
4117305,INF-ENE-02,6.09,2025,territorializacao_aproximada,nivel_4,True
4117404,INF-ENE-01,4.48,2025,territorializacao_aproximada,nivel_4,True
4117404,INF-ENE-02,3.4,2025,territorializacao_aproximada,nivel_4,True
4117453,INF-ENE-01,6.79,2025,observado,nivel_1,False
4117453,INF-ENE-02,4.88,2025,observado,nivel_1,False
4117503,INF-ENE-01,4.48,2025,territorializacao_aproximada,nivel_4,True
4117503,INF-ENE-02,3.4,2025,territorializacao_aproximada,nivel_4,True
4117602,INF-ENE-01,12.055,2025,territorializacao_aproximada,nivel_4,True
4117602,INF-ENE-02,6.6975,2025,territorializacao_aproximada,nivel_4,True
4117701,INF-ENE-01,8.893333,2025,territorializacao_aproximada,nivel_4,True
4117701,INF-ENE-02,5.526667,2025,territorializacao_aproximada,nivel_4,True
4117800,INF-ENE-01,15.3425,2025,territorializacao_aproximada,nivel_4,True
4117800,INF-ENE-02,9.7975,2025,territorializacao_aproximada,nivel_4,True
4117909,INF-ENE-01,9.27,2025,territorializacao_aproximada,nivel_4,True
4117909,INF-ENE-02,6.263333,2025,territorializacao_aproximada,nivel_4,True
4118006,INF-ENE-01,7.605,2025,territorializacao_aproximada,nivel_4,True
4118006,INF-ENE-02,4.875,2025,territorializacao_aproximada,nivel_4,True
4118105,INF-ENE-01,7.6,2025,territorializacao_aproximada,nivel_4,True
4118105,INF-ENE-02,4.77,2025,territorializacao_aproximada,nivel_4,True
4118204,INF-ENE-01,14.704,2025,territorializacao_aproximada,nivel_4,True
4118204,INF-ENE-02,6.228,2025,territorializacao_aproximada,nivel_4,True
4118303,INF-ENE-01,7.6,2025,territorializacao_aproximada,nivel_4,True
4118303,INF-ENE-02,4.77,2025,territorializacao_aproximada,nivel_4,True
4118402,INF-ENE-01,7.225,2025,territorializacao_aproximada,nivel_4,True
4118402,INF-ENE-02,4.285,2025,territorializacao_aproximada,nivel_4,True
4118451,INF-ENE-01,8.59,2025,observado,nivel_1,False
4118451,INF-ENE-02,5.52,2025,observado,nivel_1,False
4118501,INF-ENE-01,8.6,2025,observado,nivel_1,False
4118501,INF-ENE-02,6.92,2025,observado,nivel_1,False
4118600,INF-ENE-01,9.995,2025,territorializacao_aproximada,nivel_4,True
4118600,INF-ENE-02,5.775,2025,territorializacao_aproximada,nivel_4,True
4118709,INF-ENE-01,9.995,2025,territorializacao_aproximada,nivel_4,True
4118709,INF-ENE-02,5.775,2025,territorializacao_aproximada,nivel_4,True
4118808,INF-ENE-01,7.07,2025,territorializacao_aproximada,nivel_4,True
4118808,INF-ENE-02,3.64,2025,territorializacao_aproximada,nivel_4,True
4118857,INF-ENE-01,8.18,2025,observado,nivel_1,False
4118857,INF-ENE-02,6.79,2025,observado,nivel_1,False
4118907,INF-ENE-01,4.64,2025,territorializacao_aproximada,nivel_4,True
4118907,INF-ENE-02,3.155,2025,territorializacao_aproximada,nivel_4,True
4119004,INF-ENE-01,12.94,2025,observado,nivel_1,False
4119004,INF-ENE-02,7.73,2025,observado,nivel_1,False
4119103,INF-ENE-01,15.57,2025,observado,nivel_1,False
4119103,INF-ENE-02,12.44,2025,observado,nivel_1,False
4119152,INF-ENE-01,3.42,2025,territorializacao_aproximada,nivel_4,True
4119152,INF-ENE-02,2.462,2025,territorializacao_aproximada,nivel_4,True
4119202,INF-ENE-01,10.38,2025,territorializacao_aproximada,nivel_4,True
4119202,INF-ENE-02,5.133333,2025,territorializacao_aproximada,nivel_4,True
4119251,INF-ENE-01,10.63,2025,territorializacao_aproximada,nivel_4,True
4119251,INF-ENE-02,6.285,2025,territorializacao_aproximada,nivel_4,True
4119301,INF-ENE-01,11.5275,2025,territorializacao_aproximada,nivel_4,True
4119301,INF-ENE-02,6.2625,2025,territorializacao_aproximada,nivel_4,True
4119400,INF-ENE-01,14.432,2025,territorializacao_aproximada,nivel_4,True
4119400,INF-ENE-02,6.932,2025,territorializacao_aproximada,nivel_4,True
4119509,INF-ENE-01,7.6675,2025,territorializacao_aproximada,nivel_4,True
4119509,INF-ENE-02,4.8975,2025,territorializacao_aproximada,nivel_4,True
4119608,INF-ENE-01,13.505,2025,territorializacao_aproximada,nivel_4,True
4119608,INF-ENE-02,8.4725,2025,territorializacao_aproximada,nivel_4,True
4119657,INF-ENE-01,6.43,2025,observado,nivel_1,False
4119657,INF-ENE-02,3.86,2025,observado,nivel_1,False
4119707,INF-ENE-01,7.61,2025,observado,nivel_1,False
4119707,INF-ENE-02,6.44,2025,observado,nivel_1,False
4119806,INF-ENE-01,12.94,2025,observado,nivel_1,False
4119806,INF-ENE-02,7.73,2025,observado,nivel_1,False
4119905,INF-ENE-01,7.162857,2025,territorializacao_aproximada,nivel_4,True
4119905,INF-ENE-02,4.914286,2025,territorializacao_aproximada,nivel_4,True
4119954,INF-ENE-01,6.56,2025,observado,nivel_1,False
4119954,INF-ENE-02,4.13,2025,observado,nivel_1,False
4120002,INF-ENE-01,4.66,2025,observado,nivel_1,False
4120002,INF-ENE-02,2.01,2025,observado,nivel_1,False
4120101,INF-ENE-01,7.81,2025,observado,nivel_1,False
4120101,INF-ENE-02,5.16,2025,observado,nivel_1,False
4120150,INF-ENE-01,14.18,2025,territorializacao_aproximada,nivel_4,True
4120150,INF-ENE-02,8.113333,2025,territorializacao_aproximada,nivel_4,True
4120200,INF-ENE-01,7.61,2025,observado,nivel_1,False
4120200,INF-ENE-02,6.44,2025,observado,nivel_1,False
4120309,INF-ENE-01,9.885,2025,territorializacao_aproximada,nivel_4,True
4120309,INF-ENE-02,5.14,2025,territorializacao_aproximada,nivel_4,True
4120333,INF-ENE-01,3.84,2025,territorializacao_aproximada,nivel_4,True
4120333,INF-ENE-02,1.77,2025,territorializacao_aproximada,nivel_4,True
4120358,INF-ENE-01,12.455,2025,territorializacao_aproximada,nivel_4,True
4120358,INF-ENE-02,7.275,2025,territorializacao_aproximada,nivel_4,True
4120408,INF-ENE-01,6.36,2025,territorializacao_aproximada,nivel_4,True
4120408,INF-ENE-02,4.285,2025,territorializacao_aproximada,nivel_4,True
4120507,INF-ENE-01,8.88,2025,observado,nivel_1,False
4120507,INF-ENE-02,5.17,2025,observado,nivel_1,False
4120606,INF-ENE-01,12.58,2025,territorializacao_aproximada,nivel_4,True
4120606,INF-ENE-02,8.5175,2025,territorializacao_aproximada,nivel_4,True
4120655,INF-ENE-01,9.565,2025,territorializacao_aproximada,nivel_4,True
4120655,INF-ENE-02,6.05,2025,territorializacao_aproximada,nivel_4,True
4120705,INF-ENE-01,10.79,2025,observado,nivel_1,False
4120705,INF-ENE-02,5.59,2025,observado,nivel_1,False
4120804,INF-ENE-01,18.59,2025,observado,nivel_1,False
4120804,INF-ENE-02,11.28,2025,observado,nivel_1,False
4120853,INF-ENE-01,7.69,2025,territorializacao_aproximada,nivel_4,True
4120853,INF-ENE-02,5.2,2025,territorializacao_aproximada,nivel_4,True
4120903,INF-ENE-01,14.02,2025,territorializacao_aproximada,nivel_4,True
4120903,INF-ENE-02,9.455,2025,territorializacao_aproximada,nivel_4,True
4121000,INF-ENE-01,7.61,2025,observado,nivel_1,False
4121000,INF-ENE-02,6.44,2025,observado,nivel_1,False
4121109,INF-ENE-01,6.52,2025,territorializacao_aproximada,nivel_4,True
4121109,INF-ENE-02,3.58,2025,territorializacao_aproximada,nivel_4,True
4121208,INF-ENE-01,12.44,2025,territorializacao_aproximada,nivel_4,True
4121208,INF-ENE-02,8.66,2025,territorializacao_aproximada,nivel_4,True
4121257,INF-ENE-01,12.92,2025,territorializacao_aproximada,nivel_4,True
4121257,INF-ENE-02,7.573333,2025,territorializacao_aproximada,nivel_4,True
4121307,INF-ENE-01,5.68,2025,observado,nivel_1,False
4121307,INF-ENE-02,2.85,2025,observado,nivel_1,False
4121356,INF-ENE-01,8.0,2025,observado,nivel_1,False
4121356,INF-ENE-02,4.21,2025,observado,nivel_1,False
4121406,INF-ENE-01,12.94,2025,observado,nivel_1,False
4121406,INF-ENE-02,7.73,2025,observado,nivel_1,False
4121505,INF-ENE-01,10.12,2025,territorializacao_aproximada,nivel_4,True
4121505,INF-ENE-02,6.13,2025,territorializacao_aproximada,nivel_4,True
4121604,INF-ENE-01,8.945,2025,territorializacao_aproximada,nivel_4,True
4121604,INF-ENE-02,6.335,2025,territorializacao_aproximada,nivel_4,True
4121703,INF-ENE-01,13.366,2025,territorializacao_aproximada,nivel_4,True
4121703,INF-ENE-02,8.902,2025,territorializacao_aproximada,nivel_4,True
4121752,INF-ENE-01,12.6,2025,territorializacao_aproximada,nivel_4,True
4121752,INF-ENE-02,6.8,2025,territorializacao_aproximada,nivel_4,True
4121802,INF-ENE-01,5.5325,2025,territorializacao_aproximada,nivel_4,True
4121802,INF-ENE-02,2.6925,2025,territorializacao_aproximada,nivel_4,True
4121901,INF-ENE-01,7.34,2025,territorializacao_aproximada,nivel_4,True
4121901,INF-ENE-02,3.296667,2025,territorializacao_aproximada,nivel_4,True
4122008,INF-ENE-01,10.12,2025,territorializacao_aproximada,nivel_4,True
4122008,INF-ENE-02,6.13,2025,territorializacao_aproximada,nivel_4,True
4122107,INF-ENE-01,9.335,2025,territorializacao_aproximada,nivel_4,True
4122107,INF-ENE-02,5.88,2025,territorializacao_aproximada,nivel_4,True
4122156,INF-ENE-01,14.276667,2025,territorializacao_aproximada,nivel_4,True
4122156,INF-ENE-02,8.543333,2025,territorializacao_aproximada,nivel_4,True
4122172,INF-ENE-01,13.685,2025,territorializacao_aproximada,nivel_4,True
4122172,INF-ENE-02,8.365,2025,territorializacao_aproximada,nivel_4,True
4122206,INF-ENE-01,24.16,2025,territorializacao_aproximada,nivel_4,True
4122206,INF-ENE-02,15.5175,2025,territorializacao_aproximada,nivel_4,True
4122305,INF-ENE-01,10.5,2025,territorializacao_aproximada,nivel_4,True
4122305,INF-ENE-02,6.91,2025,territorializacao_aproximada,nivel_4,True
4122404,INF-ENE-01,3.881667,2025,territorializacao_aproximada,nivel_4,True
4122404,INF-ENE-02,2.69,2025,territorializacao_aproximada,nivel_4,True
4122503,INF-ENE-01,12.203333,2025,territorializacao_aproximada,nivel_4,True
4122503,INF-ENE-02,8.046667,2025,territorializacao_aproximada,nivel_4,True
4122602,INF-ENE-01,8.583333,2025,territorializacao_aproximada,nivel_4,True
4122602,INF-ENE-02,6.643333,2025,territorializacao_aproximada,nivel_4,True
4122651,INF-ENE-01,13.345,2025,territorializacao_aproximada,nivel_4,True
4122651,INF-ENE-02,8.185,2025,territorializacao_aproximada,nivel_4,True
4122701,INF-ENE-01,5.57,2025,territorializacao_aproximada,nivel_4,True
4122701,INF-ENE-02,3.7625,2025,territorializacao_aproximada,nivel_4,True
4122800,INF-ENE-01,9.29,2025,observado,nivel_1,False
4122800,INF-ENE-02,5.75,2025,observado,nivel_1,False
4122909,INF-ENE-01,10.79,2025,observado,nivel_1,False
4122909,INF-ENE-02,5.59,2025,observado,nivel_1,False
4123006,INF-ENE-01,12.503333,2025,territorializacao_aproximada,nivel_4,True
4123006,INF-ENE-02,8.193333,2025,territorializacao_aproximada,nivel_4,True
4123105,INF-ENE-01,6.35,2025,observado,nivel_1,False
4123105,INF-ENE-02,2.48,2025,observado,nivel_1,False
4123204,INF-ENE-01,9.65,2025,observado,nivel_1,False
4123204,INF-ENE-02,4.49,2025,observado,nivel_1,False
4123303,INF-ENE-01,7.61,2025,observado,nivel_1,False
4123303,INF-ENE-02,6.44,2025,observado,nivel_1,False
4123402,INF-ENE-01,6.565,2025,territorializacao_aproximada,nivel_4,True
4123402,INF-ENE-02,4.085,2025,territorializacao_aproximada,nivel_4,True
4123501,INF-ENE-01,10.5675,2025,territorializacao_aproximada,nivel_4,True
4123501,INF-ENE-02,6.47,2025,territorializacao_aproximada,nivel_4,True
4123600,INF-ENE-01,6.7,2025,observado,nivel_1,False
4123600,INF-ENE-02,4.31,2025,observado,nivel_1,False
4123709,INF-ENE-01,7.61,2025,observado,nivel_1,False
4123709,INF-ENE-02,6.44,2025,observado,nivel_1,False
4123808,INF-ENE-01,14.11,2025,territorializacao_aproximada,nivel_4,True
4123808,INF-ENE-02,9.415,2025,territorializacao_aproximada,nivel_4,True
4123824,INF-ENE-01,12.94,2025,observado,nivel_1,False
4123824,INF-ENE-02,7.73,2025,observado,nivel_1,False
4123857,INF-ENE-01,17.45,2025,observado,nivel_1,False
4123857,INF-ENE-02,11.38,2025,observado,nivel_1,False
4123907,INF-ENE-01,6.015,2025,territorializacao_aproximada,nivel_4,True
4123907,INF-ENE-02,2.665,2025,territorializacao_aproximada,nivel_4,True
4123956,INF-ENE-01,7.61,2025,observado,nivel_1,False
4123956,INF-ENE-02,6.44,2025,observado,nivel_1,False
4124004,INF-ENE-01,10.79,2025,observado,nivel_1,False
4124004,INF-ENE-02,5.59,2025,observado,nivel_1,False
4124020,INF-ENE-01,9.36,2025,territorializacao_aproximada,nivel_4,True
4124020,INF-ENE-02,7.04,2025,territorializacao_aproximada,nivel_4,True
4124053,INF-ENE-01,5.71,2025,observado,nivel_1,False
4124053,INF-ENE-02,3.91,2025,observado,nivel_1,False
4124103,INF-ENE-01,9.055,2025,territorializacao_aproximada,nivel_4,True
4124103,INF-ENE-02,4.77,2025,territorializacao_aproximada,nivel_4,True
4124202,INF-ENE-01,8.5,2025,observado,nivel_1,False
4124202,INF-ENE-02,5.23,2025,observado,nivel_1,False
4124301,INF-ENE-01,9.99,2025,observado,nivel_1,False
4124301,INF-ENE-02,4.56,2025,observado,nivel_1,False
4124400,INF-ENE-01,11.97,2025,observado,nivel_1,False
4124400,INF-ENE-02,6.82,2025,observado,nivel_1,False
4124509,INF-ENE-01,6.7,2025,observado,nivel_1,False
4124509,INF-ENE-02,4.31,2025,observado,nivel_1,False
4124608,INF-ENE-01,6.278,2025,territorializacao_aproximada,nivel_4,True
4124608,INF-ENE-02,4.08,2025,territorializacao_aproximada,nivel_4,True
4124707,INF-ENE-01,10.765,2025,territorializacao_aproximada,nivel_4,True
4124707,INF-ENE-02,5.885,2025,territorializacao_aproximada,nivel_4,True
4124806,INF-ENE-01,11.133333,2025,territorializacao_aproximada,nivel_4,True
4124806,INF-ENE-02,7.676667,2025,territorializacao_aproximada,nivel_4,True
4124905,INF-ENE-01,8.5,2025,observado,nivel_1,False
4124905,INF-ENE-02,5.23,2025,observado,nivel_1,False
4125001,INF-ENE-01,8.51,2025,observado,nivel_1,False
4125001,INF-ENE-02,3.79,2025,observado,nivel_1,False
4125100,INF-ENE-01,8.825,2025,territorializacao_aproximada,nivel_4,True
4125100,INF-ENE-02,5.3325,2025,territorializacao_aproximada,nivel_4,True
4125209,INF-ENE-01,15.28,2025,observado,nivel_1,False
4125209,INF-ENE-02,11.1,2025,observado,nivel_1,False
4125308,INF-ENE-01,6.803333,2025,territorializacao_aproximada,nivel_4,True
4125308,INF-ENE-02,4.526667,2025,territorializacao_aproximada,nivel_4,True
4125357,INF-ENE-01,4.53,2025,observado,nivel_1,False
4125357,INF-ENE-02,2.93,2025,observado,nivel_1,False
4125407,INF-ENE-01,13.93,2025,territorializacao_aproximada,nivel_4,True
4125407,INF-ENE-02,6.193333,2025,territorializacao_aproximada,nivel_4,True
4125456,INF-ENE-01,11.12,2025,territorializacao_aproximada,nivel_4,True
4125456,INF-ENE-02,6.683333,2025,territorializacao_aproximada,nivel_4,True
4125506,INF-ENE-01,9.476364,2025,territorializacao_aproximada,nivel_4,True
4125506,INF-ENE-02,5.382727,2025,territorializacao_aproximada,nivel_4,True
4125555,INF-ENE-01,8.785,2025,territorializacao_aproximada,nivel_4,True
4125555,INF-ENE-02,6.57,2025,territorializacao_aproximada,nivel_4,True
4125605,INF-ENE-01,9.465,2025,territorializacao_aproximada,nivel_4,True
4125605,INF-ENE-02,5.405,2025,territorializacao_aproximada,nivel_4,True
4125704,INF-ENE-01,7.31,2025,territorializacao_aproximada,nivel_4,True
4125704,INF-ENE-02,4.87,2025,territorializacao_aproximada,nivel_4,True
4125753,INF-ENE-01,8.766,2025,territorializacao_aproximada,nivel_4,True
4125753,INF-ENE-02,6.238,2025,territorializacao_aproximada,nivel_4,True
4125803,INF-ENE-01,7.0,2025,territorializacao_aproximada,nivel_4,True
4125803,INF-ENE-02,3.54,2025,territorializacao_aproximada,nivel_4,True
4125902,INF-ENE-01,7.61,2025,observado,nivel_1,False
4125902,INF-ENE-02,6.44,2025,observado,nivel_1,False
4126009,INF-ENE-01,7.665,2025,territorializacao_aproximada,nivel_4,True
4126009,INF-ENE-02,3.67,2025,territorializacao_aproximada,nivel_4,True
4126108,INF-ENE-01,6.4425,2025,territorializacao_aproximada,nivel_4,True
4126108,INF-ENE-02,4.69,2025,territorializacao_aproximada,nivel_4,True
4126207,INF-ENE-01,12.136667,2025,territorializacao_aproximada,nivel_4,True
4126207,INF-ENE-02,6.69,2025,territorializacao_aproximada,nivel_4,True
4126256,INF-ENE-01,6.892,2025,territorializacao_aproximada,nivel_4,True
4126256,INF-ENE-02,4.69,2025,territorializacao_aproximada,nivel_4,True
4126272,INF-ENE-01,12.4,2025,territorializacao_aproximada,nivel_4,True
4126272,INF-ENE-02,8.055,2025,territorializacao_aproximada,nivel_4,True
4126306,INF-ENE-01,11.92,2025,territorializacao_aproximada,nivel_4,True
4126306,INF-ENE-02,5.816667,2025,territorializacao_aproximada,nivel_4,True
4126355,INF-ENE-01,8.91,2025,observado,nivel_1,False
4126355,INF-ENE-02,5.83,2025,observado,nivel_1,False
4126405,INF-ENE-01,5.68,2025,observado,nivel_1,False
4126405,INF-ENE-02,2.85,2025,observado,nivel_1,False
4126504,INF-ENE-01,7.28,2025,territorializacao_aproximada,nivel_4,True
4126504,INF-ENE-02,4.01,2025,territorializacao_aproximada,nivel_4,True
4126603,INF-ENE-01,10.79,2025,observado,nivel_1,False
4126603,INF-ENE-02,5.59,2025,observado,nivel_1,False
4126652,INF-ENE-01,12.4,2025,territorializacao_aproximada,nivel_4,True
4126652,INF-ENE-02,8.055,2025,territorializacao_aproximada,nivel_4,True
4126678,INF-ENE-01,11.363333,2025,territorializacao_aproximada,nivel_4,True
4126678,INF-ENE-02,6.76,2025,territorializacao_aproximada,nivel_4,True
4126702,INF-ENE-01,7.225,2025,territorializacao_aproximada,nivel_4,True
4126702,INF-ENE-02,4.285,2025,territorializacao_aproximada,nivel_4,True
4126801,INF-ENE-01,11.243333,2025,territorializacao_aproximada,nivel_4,True
4126801,INF-ENE-02,7.6,2025,territorializacao_aproximada,nivel_4,True
4126900,INF-ENE-01,8.72,2025,territorializacao_aproximada,nivel_4,True
4126900,INF-ENE-02,6.6,2025,territorializacao_aproximada,nivel_4,True
4127007,INF-ENE-01,9.86,2025,territorializacao_aproximada,nivel_4,True
4127007,INF-ENE-02,6.813333,2025,territorializacao_aproximada,nivel_4,True
4127106,INF-ENE-01,11.855,2025,territorializacao_aproximada,nivel_4,True
4127106,INF-ENE-02,6.87,2025,territorializacao_aproximada,nivel_4,True
4127205,INF-ENE-01,6.053333,2025,territorializacao_aproximada,nivel_4,True
4127205,INF-ENE-02,4.493333,2025,territorializacao_aproximada,nivel_4,True
4127304,INF-ENE-01,6.78,2025,territorializacao_aproximada,nivel_4,True
4127304,INF-ENE-02,4.89,2025,territorializacao_aproximada,nivel_4,True
4127403,INF-ENE-01,10.05,2025,territorializacao_aproximada,nivel_4,True
4127403,INF-ENE-02,6.743333,2025,territorializacao_aproximada,nivel_4,True
4127502,INF-ENE-01,11.306,2025,territorializacao_aproximada,nivel_4,True
4127502,INF-ENE-02,7.562,2025,territorializacao_aproximada,nivel_4,True
4127601,INF-ENE-01,23.483333,2025,territorializacao_aproximada,nivel_4,True
4127601,INF-ENE-02,12.683333,2025,territorializacao_aproximada,nivel_4,True
4127700,INF-ENE-01,8.306,2025,territorializacao_aproximada,nivel_4,True
4127700,INF-ENE-02,5.752,2025,territorializacao_aproximada,nivel_4,True
4127809,INF-ENE-01,10.33,2025,territorializacao_aproximada,nivel_4,True
4127809,INF-ENE-02,4.925,2025,territorializacao_aproximada,nivel_4,True
4127858,INF-ENE-01,13.66,2025,territorializacao_aproximada,nivel_4,True
4127858,INF-ENE-02,8.88,2025,territorializacao_aproximada,nivel_4,True
4127882,INF-ENE-01,30.17,2025,territorializacao_aproximada,nivel_4,True
4127882,INF-ENE-02,15.655,2025,territorializacao_aproximada,nivel_4,True
4127908,INF-ENE-01,8.245,2025,territorializacao_aproximada,nivel_4,True
4127908,INF-ENE-02,6.76,2025,territorializacao_aproximada,nivel_4,True
4127957,INF-ENE-01,8.916667,2025,territorializacao_aproximada,nivel_4,True
4127957,INF-ENE-02,6.0,2025,territorializacao_aproximada,nivel_4,True
4127965,INF-ENE-01,14.625,2025,territorializacao_aproximada,nivel_4,True
4127965,INF-ENE-02,9.15,2025,territorializacao_aproximada,nivel_4,True
4128005,INF-ENE-01,9.213333,2025,territorializacao_aproximada,nivel_4,True
4128005,INF-ENE-02,5.91,2025,territorializacao_aproximada,nivel_4,True
4128104,INF-ENE-01,6.465,2025,territorializacao_aproximada,nivel_4,True
4128104,INF-ENE-02,5.085,2025,territorializacao_aproximada,nivel_4,True
4128203,INF-ENE-01,9.885,2025,territorializacao_aproximada,nivel_4,True
4128203,INF-ENE-02,5.14,2025,territorializacao_aproximada,nivel_4,True
4128302,INF-ENE-01,8.24,2025,territorializacao_aproximada,nivel_4,True
4128302,INF-ENE-02,5.13,2025,territorializacao_aproximada,nivel_4,True
4128401,INF-ENE-01,7.665,2025,territorializacao_aproximada,nivel_4,True
4128401,INF-ENE-02,3.67,2025,territorializacao_aproximada,nivel_4,True
4128500,INF-ENE-01,10.635,2025,territorializacao_aproximada,nivel_4,True
4128500,INF-ENE-02,5.57,2025,territorializacao_aproximada,nivel_4,True
4128534,INF-ENE-01,11.402,2025,territorializacao_aproximada,nivel_4,True
4128534,INF-ENE-02,5.946,2025,territorializacao_aproximada,nivel_4,True
4128559,INF-ENE-01,11.57,2025,territorializacao_aproximada,nivel_4,True
4128559,INF-ENE-02,7.2375,2025,territorializacao_aproximada,nivel_4,True
4128609,INF-ENE-01,11.056667,2025,territorializacao_aproximada,nivel_4,True
4128609,INF-ENE-02,7.923333,2025,territorializacao_aproximada,nivel_4,True
4128625,INF-ENE-01,8.18,2025,observado,nivel_1,False
4128625,INF-ENE-02,6.79,2025,observado,nivel_1,False
4128633,INF-ENE-01,24.243333,2025,territorializacao_aproximada,nivel_4,True
4128633,INF-ENE-02,11.783333,2025,territorializacao_aproximada,nivel_4,True
4128658,INF-ENE-01,16.51,2025,territorializacao_aproximada,nivel_4,True
4128658,INF-ENE-02,9.665,2025,territorializacao_aproximada,nivel_4,True
4128708,INF-ENE-01,8.945,2025,territorializacao_aproximada,nivel_4,True
4128708,INF-ENE-02,6.335,2025,territorializacao_aproximada,nivel_4,True
4128807,INF-ENE-01,5.82,2025,territorializacao_aproximada,nivel_4,True
4128807,INF-ENE-02,4.366667,2025,territorializacao_aproximada,nivel_4,True
4200051,INF-ENE-01,9.18,2025,observado,nivel_1,False
4200051,INF-ENE-02,5.46,2025,observado,nivel_1,False
4200101,INF-ENE-01,15.646667,2025,territorializacao_aproximada,nivel_4,True
4200101,INF-ENE-02,9.076667,2025,territorializacao_aproximada,nivel_4,True
4200200,INF-ENE-01,13.9,2025,territorializacao_aproximada,nivel_4,True
4200200,INF-ENE-02,8.435,2025,territorializacao_aproximada,nivel_4,True
4200309,INF-ENE-01,12.72,2025,territorializacao_aproximada,nivel_4,True
4200309,INF-ENE-02,7.51,2025,territorializacao_aproximada,nivel_4,True
4200408,INF-ENE-01,11.184,2025,territorializacao_aproximada,nivel_4,True
4200408,INF-ENE-02,7.494,2025,territorializacao_aproximada,nivel_4,True
4200507,INF-ENE-01,12.08,2025,territorializacao_aproximada,nivel_4,True
4200507,INF-ENE-02,8.226667,2025,territorializacao_aproximada,nivel_4,True
4200556,INF-ENE-01,15.26,2025,territorializacao_aproximada,nivel_4,True
4200556,INF-ENE-02,8.25,2025,territorializacao_aproximada,nivel_4,True
4200606,INF-ENE-01,20.46,2025,territorializacao_aproximada,nivel_4,True
4200606,INF-ENE-02,9.16,2025,territorializacao_aproximada,nivel_4,True
4200705,INF-ENE-01,21.305,2025,territorializacao_aproximada,nivel_4,True
4200705,INF-ENE-02,10.795,2025,territorializacao_aproximada,nivel_4,True
4200754,INF-ENE-01,8.56,2025,observado,nivel_1,False
4200754,INF-ENE-02,5.67,2025,observado,nivel_1,False
4200804,INF-ENE-01,10.336667,2025,territorializacao_aproximada,nivel_4,True
4200804,INF-ENE-02,6.663333,2025,territorializacao_aproximada,nivel_4,True
4200903,INF-ENE-01,20.46,2025,territorializacao_aproximada,nivel_4,True
4200903,INF-ENE-02,9.16,2025,territorializacao_aproximada,nivel_4,True
4201000,INF-ENE-01,14.86,2025,observado,nivel_1,False
4201000,INF-ENE-02,7.91,2025,observado,nivel_1,False
4201109,INF-ENE-01,,2025,ausente,,False
4201109,INF-ENE-02,,2025,ausente,,False
4201208,INF-ENE-01,16.895,2025,territorializacao_aproximada,nivel_4,True
4201208,INF-ENE-02,8.525,2025,territorializacao_aproximada,nivel_4,True
4201257,INF-ENE-01,12.566667,2025,territorializacao_aproximada,nivel_4,True
4201257,INF-ENE-02,8.036667,2025,territorializacao_aproximada,nivel_4,True
4201273,INF-ENE-01,13.14,2025,territorializacao_aproximada,nivel_4,True
4201273,INF-ENE-02,8.445,2025,territorializacao_aproximada,nivel_4,True
4201307,INF-ENE-01,7.0,2025,territorializacao_aproximada,nivel_4,True
4201307,INF-ENE-02,4.268,2025,territorializacao_aproximada,nivel_4,True
4201406,INF-ENE-01,8.616,2025,territorializacao_aproximada,nivel_4,True
4201406,INF-ENE-02,5.984,2025,territorializacao_aproximada,nivel_4,True
4201505,INF-ENE-01,6.58,2025,territorializacao_aproximada,nivel_4,True
4201505,INF-ENE-02,5.61,2025,territorializacao_aproximada,nivel_4,True
4201604,INF-ENE-01,9.99,2025,territorializacao_aproximada,nivel_4,True
4201604,INF-ENE-02,6.885,2025,territorializacao_aproximada,nivel_4,True
4201653,INF-ENE-01,14.54,2025,observado,nivel_1,False
4201653,INF-ENE-02,10.62,2025,observado,nivel_1,False
4201703,INF-ENE-01,9.68,2025,observado,nivel_1,False
4201703,INF-ENE-02,6.43,2025,observado,nivel_1,False
4201802,INF-ENE-01,15.65,2025,observado,nivel_1,False
4201802,INF-ENE-02,9.24,2025,observado,nivel_1,False
4201901,INF-ENE-01,11.725,2025,territorializacao_aproximada,nivel_4,True
4201901,INF-ENE-02,7.4,2025,territorializacao_aproximada,nivel_4,True
4201950,INF-ENE-01,7.5225,2025,territorializacao_aproximada,nivel_4,True
4201950,INF-ENE-02,5.25,2025,territorializacao_aproximada,nivel_4,True
4202008,INF-ENE-01,7.105,2025,territorializacao_aproximada,nivel_4,True
4202008,INF-ENE-02,4.655,2025,territorializacao_aproximada,nivel_4,True
4202057,INF-ENE-01,10.7,2025,observado,nivel_1,False
4202057,INF-ENE-02,6.3,2025,observado,nivel_1,False
4202073,INF-ENE-01,8.87,2025,observado,nivel_1,False
4202073,INF-ENE-02,8.55,2025,observado,nivel_1,False
4202081,INF-ENE-01,11.59,2025,observado,nivel_1,False
4202081,INF-ENE-02,7.4,2025,observado,nivel_1,False
4202099,INF-ENE-01,11.59,2025,observado,nivel_1,False
4202099,INF-ENE-02,7.4,2025,observado,nivel_1,False
4202107,INF-ENE-01,10.015,2025,territorializacao_aproximada,nivel_4,True
4202107,INF-ENE-02,6.115,2025,territorializacao_aproximada,nivel_4,True
4202131,INF-ENE-01,12.085,2025,territorializacao_aproximada,nivel_4,True
4202131,INF-ENE-02,6.49,2025,territorializacao_aproximada,nivel_4,True
4202156,INF-ENE-01,11.59,2025,observado,nivel_1,False
4202156,INF-ENE-02,7.4,2025,observado,nivel_1,False
4202206,INF-ENE-01,6.68,2025,territorializacao_aproximada,nivel_4,True
4202206,INF-ENE-02,5.91,2025,territorializacao_aproximada,nivel_4,True
4202305,INF-ENE-01,11.505,2025,territorializacao_aproximada,nivel_4,True
4202305,INF-ENE-02,6.1125,2025,territorializacao_aproximada,nivel_4,True
4202404,INF-ENE-01,7.612857,2025,territorializacao_aproximada,nivel_4,True
4202404,INF-ENE-02,5.66,2025,territorializacao_aproximada,nivel_4,True
4202438,INF-ENE-01,17.515,2025,territorializacao_aproximada,nivel_4,True
4202438,INF-ENE-02,8.225,2025,territorializacao_aproximada,nivel_4,True
4202453,INF-ENE-01,,2025,ausente,,False
4202453,INF-ENE-02,,2025,ausente,,False
4202503,INF-ENE-01,20.26,2025,observado,nivel_1,False
4202503,INF-ENE-02,7.26,2025,observado,nivel_1,False
4202537,INF-ENE-01,10.54,2025,observado,nivel_1,False
4202537,INF-ENE-02,6.79,2025,observado,nivel_1,False
4202578,INF-ENE-01,10.87,2025,observado,nivel_1,False
4202578,INF-ENE-02,7.72,2025,observado,nivel_1,False
4202602,INF-ENE-01,21.305,2025,territorializacao_aproximada,nivel_4,True
4202602,INF-ENE-02,10.795,2025,territorializacao_aproximada,nivel_4,True
4202701,INF-ENE-01,16.47,2025,observado,nivel_1,False
4202701,INF-ENE-02,8.08,2025,observado,nivel_1,False
4202800,INF-ENE-01,6.893333,2025,territorializacao_aproximada,nivel_4,True
4202800,INF-ENE-02,5.543333,2025,territorializacao_aproximada,nivel_4,True
4202859,INF-ENE-01,12.15,2025,observado,nivel_1,False
4202859,INF-ENE-02,7.63,2025,observado,nivel_1,False
4202875,INF-ENE-01,10.525,2025,territorializacao_aproximada,nivel_4,True
4202875,INF-ENE-02,5.48,2025,territorializacao_aproximada,nivel_4,True
4202909,INF-ENE-01,10.51,2025,territorializacao_aproximada,nivel_4,True
4202909,INF-ENE-02,5.88,2025,territorializacao_aproximada,nivel_4,True
4203006,INF-ENE-01,9.0,2025,territorializacao_aproximada,nivel_4,True
4203006,INF-ENE-02,5.86,2025,territorializacao_aproximada,nivel_4,True
4203105,INF-ENE-01,13.845,2025,territorializacao_aproximada,nivel_4,True
4203105,INF-ENE-02,9.375,2025,territorializacao_aproximada,nivel_4,True
4203154,INF-ENE-01,8.01,2025,territorializacao_aproximada,nivel_4,True
4203154,INF-ENE-02,4.835,2025,territorializacao_aproximada,nivel_4,True
4203204,INF-ENE-01,7.826667,2025,territorializacao_aproximada,nivel_4,True
4203204,INF-ENE-02,5.12,2025,territorializacao_aproximada,nivel_4,True
4203253,INF-ENE-01,14.86,2025,observado,nivel_1,False
4203253,INF-ENE-02,7.91,2025,observado,nivel_1,False
4203303,INF-ENE-01,8.21,2025,territorializacao_aproximada,nivel_4,True
4203303,INF-ENE-02,4.94,2025,territorializacao_aproximada,nivel_4,True
4203402,INF-ENE-01,14.86,2025,observado,nivel_1,False
4203402,INF-ENE-02,7.91,2025,observado,nivel_1,False
4203501,INF-ENE-01,12.07,2025,territorializacao_aproximada,nivel_4,True
4203501,INF-ENE-02,7.635,2025,territorializacao_aproximada,nivel_4,True
4203600,INF-ENE-01,8.41,2025,territorializacao_aproximada,nivel_4,True
4203600,INF-ENE-02,5.415,2025,territorializacao_aproximada,nivel_4,True
4203709,INF-ENE-01,16.895,2025,territorializacao_aproximada,nivel_4,True
4203709,INF-ENE-02,8.525,2025,territorializacao_aproximada,nivel_4,True
4203808,INF-ENE-01,15.32,2025,territorializacao_aproximada,nivel_4,True
4203808,INF-ENE-02,9.925,2025,territorializacao_aproximada,nivel_4,True
4203907,INF-ENE-01,9.38,2025,observado,nivel_1,False
4203907,INF-ENE-02,6.37,2025,observado,nivel_1,False
4203956,INF-ENE-01,5.535,2025,territorializacao_aproximada,nivel_4,True
4203956,INF-ENE-02,4.745,2025,territorializacao_aproximada,nivel_4,True
4204004,INF-ENE-01,10.226667,2025,territorializacao_aproximada,nivel_4,True
4204004,INF-ENE-02,7.056667,2025,territorializacao_aproximada,nivel_4,True
4204103,INF-ENE-01,12.685,2025,territorializacao_aproximada,nivel_4,True
4204103,INF-ENE-02,8.48,2025,territorializacao_aproximada,nivel_4,True
4204152,INF-ENE-01,14.86,2025,observado,nivel_1,False
4204152,INF-ENE-02,7.91,2025,observado,nivel_1,False
4204178,INF-ENE-01,14.86,2025,observado,nivel_1,False
4204178,INF-ENE-02,7.91,2025,observado,nivel_1,False
4204194,INF-ENE-01,15.65,2025,observado,nivel_1,False
4204194,INF-ENE-02,9.24,2025,observado,nivel_1,False
4204202,INF-ENE-01,10.44,2025,territorializacao_aproximada,nivel_4,True
4204202,INF-ENE-02,7.3375,2025,territorializacao_aproximada,nivel_4,True
4204251,INF-ENE-01,2.995,2025,territorializacao_aproximada,nivel_4,True
4204251,INF-ENE-02,2.995,2025,territorializacao_aproximada,nivel_4,True
4204301,INF-ENE-01,13.14,2025,territorializacao_aproximada,nivel_4,True
4204301,INF-ENE-02,8.445,2025,territorializacao_aproximada,nivel_4,True
4204350,INF-ENE-01,8.203333,2025,territorializacao_aproximada,nivel_4,True
4204350,INF-ENE-02,5.796667,2025,territorializacao_aproximada,nivel_4,True
4204400,INF-ENE-01,12.4025,2025,territorializacao_aproximada,nivel_4,True
4204400,INF-ENE-02,7.305,2025,territorializacao_aproximada,nivel_4,True
4204459,INF-ENE-01,17.99,2025,observado,nivel_1,False
4204459,INF-ENE-02,10.23,2025,observado,nivel_1,False
4204509,INF-ENE-01,9.26,2025,territorializacao_aproximada,nivel_4,True
4204509,INF-ENE-02,6.415,2025,territorializacao_aproximada,nivel_4,True
4204558,INF-ENE-01,11.825,2025,territorializacao_aproximada,nivel_4,True
4204558,INF-ENE-02,6.05,2025,territorializacao_aproximada,nivel_4,True
4204608,INF-ENE-01,5.818,2025,territorializacao_aproximada,nivel_4,True
4204608,INF-ENE-02,4.137,2025,territorializacao_aproximada,nivel_4,True
4204707,INF-ENE-01,11.4875,2025,territorializacao_aproximada,nivel_4,True
4204707,INF-ENE-02,7.5975,2025,territorializacao_aproximada,nivel_4,True
4204756,INF-ENE-01,16.82,2025,observado,nivel_1,False
4204756,INF-ENE-02,11.03,2025,observado,nivel_1,False
4204806,INF-ENE-01,11.87,2025,observado,nivel_1,False
4204806,INF-ENE-02,5.5,2025,observado,nivel_1,False
4204905,INF-ENE-01,14.205,2025,territorializacao_aproximada,nivel_4,True
4204905,INF-ENE-02,9.215,2025,territorializacao_aproximada,nivel_4,True
4205001,INF-ENE-01,12.75,2025,observado,nivel_1,False
4205001,INF-ENE-02,8.35,2025,observado,nivel_1,False
4205100,INF-ENE-01,11.0025,2025,territorializacao_aproximada,nivel_4,True
4205100,INF-ENE-02,6.7,2025,territorializacao_aproximada,nivel_4,True
4205159,INF-ENE-01,13.0375,2025,territorializacao_aproximada,nivel_4,True
4205159,INF-ENE-02,7.3025,2025,territorializacao_aproximada,nivel_4,True
4205175,INF-ENE-01,10.54,2025,observado,nivel_1,False
4205175,INF-ENE-02,6.79,2025,observado,nivel_1,False
4205191,INF-ENE-01,7.482,2025,territorializacao_aproximada,nivel_4,True
4205191,INF-ENE-02,5.772,2025,territorializacao_aproximada,nivel_4,True
4205209,INF-ENE-01,8.26,2025,territorializacao_aproximada,nivel_4,True
4205209,INF-ENE-02,5.216667,2025,territorializacao_aproximada,nivel_4,True
4205308,INF-ENE-01,14.63,2025,territorializacao_aproximada,nivel_4,True
4205308,INF-ENE-02,9.465,2025,territorializacao_aproximada,nivel_4,True
4205357,INF-ENE-01,9.13,2025,territorializacao_aproximada,nivel_4,True
4205357,INF-ENE-02,5.82,2025,territorializacao_aproximada,nivel_4,True
4205407,INF-ENE-01,4.92875,2025,territorializacao_aproximada,nivel_4,True
4205407,INF-ENE-02,2.975,2025,territorializacao_aproximada,nivel_4,True
4205431,INF-ENE-01,18.82,2025,territorializacao_aproximada,nivel_4,True
4205431,INF-ENE-02,9.505,2025,territorializacao_aproximada,nivel_4,True
4205456,INF-ENE-01,3.38,2025,territorializacao_aproximada,nivel_4,True
4205456,INF-ENE-02,3.205,2025,territorializacao_aproximada,nivel_4,True
4205506,INF-ENE-01,9.1675,2025,territorializacao_aproximada,nivel_4,True
4205506,INF-ENE-02,4.9025,2025,territorializacao_aproximada,nivel_4,True
4205555,INF-ENE-01,11.87,2025,observado,nivel_1,False
4205555,INF-ENE-02,5.5,2025,observado,nivel_1,False
4205605,INF-ENE-01,17.99,2025,observado,nivel_1,False
4205605,INF-ENE-02,10.23,2025,observado,nivel_1,False
4205704,INF-ENE-01,5.276667,2025,territorializacao_aproximada,nivel_4,True
4205704,INF-ENE-02,5.916667,2025,territorializacao_aproximada,nivel_4,True
4205803,INF-ENE-01,10.04,2025,observado,nivel_1,False
4205803,INF-ENE-02,4.48,2025,observado,nivel_1,False
4205902,INF-ENE-01,7.856,2025,territorializacao_aproximada,nivel_4,True
4205902,INF-ENE-02,5.33,2025,territorializacao_aproximada,nivel_4,True
4206009,INF-ENE-01,10.536,2025,territorializacao_aproximada,nivel_4,True
4206009,INF-ENE-02,5.682,2025,territorializacao_aproximada,nivel_4,True
4206108,INF-ENE-01,6.3,2025,territorializacao_aproximada,nivel_4,True
4206108,INF-ENE-02,5.93,2025,territorializacao_aproximada,nivel_4,True
4206207,INF-ENE-01,5.765,2025,territorializacao_aproximada,nivel_4,True
4206207,INF-ENE-02,5.16,2025,territorializacao_aproximada,nivel_4,True
4206306,INF-ENE-01,11.47,2025,territorializacao_aproximada,nivel_4,True
4206306,INF-ENE-02,5.78,2025,territorializacao_aproximada,nivel_4,True
4206405,INF-ENE-01,12.17,2025,territorializacao_aproximada,nivel_4,True
4206405,INF-ENE-02,7.875,2025,territorializacao_aproximada,nivel_4,True
4206504,INF-ENE-01,7.69,2025,territorializacao_aproximada,nivel_4,True
4206504,INF-ENE-02,5.448333,2025,territorializacao_aproximada,nivel_4,True
4206603,INF-ENE-01,12.75,2025,observado,nivel_1,False
4206603,INF-ENE-02,8.35,2025,observado,nivel_1,False
4206652,INF-ENE-01,10.296667,2025,territorializacao_aproximada,nivel_4,True
4206652,INF-ENE-02,7.21,2025,territorializacao_aproximada,nivel_4,True
4206702,INF-ENE-01,6.22,2025,observado,nivel_1,False
4206702,INF-ENE-02,3.82,2025,observado,nivel_1,False
4206751,INF-ENE-01,7.54,2025,territorializacao_aproximada,nivel_4,True
4206751,INF-ENE-02,4.915,2025,territorializacao_aproximada,nivel_4,True
4206801,INF-ENE-01,8.733333,2025,territorializacao_aproximada,nivel_4,True
4206801,INF-ENE-02,5.863333,2025,territorializacao_aproximada,nivel_4,True
4206900,INF-ENE-01,10.085,2025,territorializacao_aproximada,nivel_4,True
4206900,INF-ENE-02,7.0,2025,territorializacao_aproximada,nivel_4,True
4207007,INF-ENE-01,3.583333,2025,territorializacao_aproximada,nivel_4,True
4207007,INF-ENE-02,3.226667,2025,territorializacao_aproximada,nivel_4,True
4207106,INF-ENE-01,10.92,2025,territorializacao_aproximada,nivel_4,True
4207106,INF-ENE-02,7.163333,2025,territorializacao_aproximada,nivel_4,True
4207205,INF-ENE-01,5.025,2025,territorializacao_aproximada,nivel_4,True
4207205,INF-ENE-02,4.86,2025,territorializacao_aproximada,nivel_4,True
4207304,INF-ENE-01,5.425,2025,territorializacao_aproximada,nivel_4,True
4207304,INF-ENE-02,5.91,2025,territorializacao_aproximada,nivel_4,True
4207403,INF-ENE-01,15.65,2025,observado,nivel_1,False
4207403,INF-ENE-02,9.24,2025,observado,nivel_1,False
4207502,INF-ENE-01,7.316,2025,territorializacao_aproximada,nivel_4,True
4207502,INF-ENE-02,5.436,2025,territorializacao_aproximada,nivel_4,True
4207577,INF-ENE-01,9.99,2025,territorializacao_aproximada,nivel_4,True
4207577,INF-ENE-02,6.885,2025,territorializacao_aproximada,nivel_4,True
4207601,INF-ENE-01,8.97,2025,territorializacao_aproximada,nivel_4,True
4207601,INF-ENE-02,6.02,2025,territorializacao_aproximada,nivel_4,True
4207650,INF-ENE-01,11.743333,2025,territorializacao_aproximada,nivel_4,True
4207650,INF-ENE-02,7.84,2025,territorializacao_aproximada,nivel_4,True
4207684,INF-ENE-01,14.475,2025,territorializacao_aproximada,nivel_4,True
4207684,INF-ENE-02,8.5,2025,territorializacao_aproximada,nivel_4,True
4207700,INF-ENE-01,13.605,2025,territorializacao_aproximada,nivel_4,True
4207700,INF-ENE-02,8.66,2025,territorializacao_aproximada,nivel_4,True
4207759,INF-ENE-01,13.093333,2025,territorializacao_aproximada,nivel_4,True
4207759,INF-ENE-02,8.716667,2025,territorializacao_aproximada,nivel_4,True
4207809,INF-ENE-01,12.426667,2025,territorializacao_aproximada,nivel_4,True
4207809,INF-ENE-02,8.21,2025,territorializacao_aproximada,nivel_4,True
4207858,INF-ENE-01,15.26,2025,territorializacao_aproximada,nivel_4,True
4207858,INF-ENE-02,8.25,2025,territorializacao_aproximada,nivel_4,True
4207908,INF-ENE-01,15.32,2025,territorializacao_aproximada,nivel_4,True
4207908,INF-ENE-02,9.925,2025,territorializacao_aproximada,nivel_4,True
4208005,INF-ENE-01,11.55,2025,territorializacao_aproximada,nivel_4,True
4208005,INF-ENE-02,8.145,2025,territorializacao_aproximada,nivel_4,True
4208104,INF-ENE-01,14.77,2025,territorializacao_aproximada,nivel_4,True
4208104,INF-ENE-02,7.15,2025,territorializacao_aproximada,nivel_4,True
4208203,INF-ENE-01,9.335,2025,territorializacao_aproximada,nivel_4,True
4208203,INF-ENE-02,6.3475,2025,territorializacao_aproximada,nivel_4,True
4208302,INF-ENE-01,7.62,2025,territorializacao_aproximada,nivel_4,True
4208302,INF-ENE-02,4.67,2025,territorializacao_aproximada,nivel_4,True
4208401,INF-ENE-01,12.44,2025,observado,nivel_1,False
4208401,INF-ENE-02,8.42,2025,observado,nivel_1,False
4208450,INF-ENE-01,7.82,2025,territorializacao_aproximada,nivel_4,True
4208450,INF-ENE-02,3.865,2025,territorializacao_aproximada,nivel_4,True
4208500,INF-ENE-01,15.65,2025,observado,nivel_1,False
4208500,INF-ENE-02,9.24,2025,observado,nivel_1,False
4208609,INF-ENE-01,8.593333,2025,territorializacao_aproximada,nivel_4,True
4208609,INF-ENE-02,5.743333,2025,territorializacao_aproximada,nivel_4,True
4208708,INF-ENE-01,6.245,2025,territorializacao_aproximada,nivel_4,True
4208708,INF-ENE-02,5.25,2025,territorializacao_aproximada,nivel_4,True
4208807,INF-ENE-01,5.486667,2025,territorializacao_aproximada,nivel_4,True
4208807,INF-ENE-02,4.82,2025,territorializacao_aproximada,nivel_4,True
4208906,INF-ENE-01,8.55625,2025,territorializacao_aproximada,nivel_4,True
4208906,INF-ENE-02,6.32625,2025,territorializacao_aproximada,nivel_4,True
4208955,INF-ENE-01,15.26,2025,territorializacao_aproximada,nivel_4,True
4208955,INF-ENE-02,8.25,2025,territorializacao_aproximada,nivel_4,True
4209003,INF-ENE-01,9.43,2025,territorializacao_aproximada,nivel_4,True
4209003,INF-ENE-02,6.4225,2025,territorializacao_aproximada,nivel_4,True
4209102,INF-ENE-01,6.683846,2025,territorializacao_aproximada,nivel_4,True
4209102,INF-ENE-02,3.832308,2025,territorializacao_aproximada,nivel_4,True
4209151,INF-ENE-01,13.0875,2025,territorializacao_aproximada,nivel_4,True
4209151,INF-ENE-02,8.3975,2025,territorializacao_aproximada,nivel_4,True
4209177,INF-ENE-01,17.99,2025,observado,nivel_1,False
4209177,INF-ENE-02,10.23,2025,observado,nivel_1,False
4209201,INF-ENE-01,7.8,2025,territorializacao_aproximada,nivel_4,True
4209201,INF-ENE-02,5.095,2025,territorializacao_aproximada,nivel_4,True
4209300,INF-ENE-01,14.396667,2025,territorializacao_aproximada,nivel_4,True
4209300,INF-ENE-02,6.423333,2025,territorializacao_aproximada,nivel_4,True
4209409,INF-ENE-01,5.025,2025,territorializacao_aproximada,nivel_4,True
4209409,INF-ENE-02,4.04,2025,territorializacao_aproximada,nivel_4,True
4209458,INF-ENE-01,10.54,2025,observado,nivel_1,False
4209458,INF-ENE-02,6.79,2025,observado,nivel_1,False
4209508,INF-ENE-01,10.36,2025,observado,nivel_1,False
4209508,INF-ENE-02,5.66,2025,observado,nivel_1,False
4209607,INF-ENE-01,9.31,2025,territorializacao_aproximada,nivel_4,True
4209607,INF-ENE-02,5.7725,2025,territorializacao_aproximada,nivel_4,True
4209706,INF-ENE-01,8.9475,2025,territorializacao_aproximada,nivel_4,True
4209706,INF-ENE-02,4.8325,2025,territorializacao_aproximada,nivel_4,True
4209805,INF-ENE-01,19.605,2025,territorializacao_aproximada,nivel_4,True
4209805,INF-ENE-02,9.825,2025,territorializacao_aproximada,nivel_4,True
4209854,INF-ENE-01,11.923333,2025,territorializacao_aproximada,nivel_4,True
4209854,INF-ENE-02,7.663333,2025,territorializacao_aproximada,nivel_4,True
4209904,INF-ENE-01,11.94,2025,territorializacao_aproximada,nivel_4,True
4209904,INF-ENE-02,7.746667,2025,territorializacao_aproximada,nivel_4,True
4210001,INF-ENE-01,11.83,2025,observado,nivel_1,False
4210001,INF-ENE-02,7.56,2025,observado,nivel_1,False
4210035,INF-ENE-01,8.67,2025,territorializacao_aproximada,nivel_4,True
4210035,INF-ENE-02,5.79,2025,territorializacao_aproximada,nivel_4,True
4210050,INF-ENE-01,9.32,2025,territorializacao_aproximada,nivel_4,True
4210050,INF-ENE-02,6.5,2025,territorializacao_aproximada,nivel_4,True
4210100,INF-ENE-01,10.03,2025,territorializacao_aproximada,nivel_4,True
4210100,INF-ENE-02,6.26,2025,territorializacao_aproximada,nivel_4,True
4210209,INF-ENE-01,16.895,2025,territorializacao_aproximada,nivel_4,True
4210209,INF-ENE-02,8.525,2025,territorializacao_aproximada,nivel_4,True
4210308,INF-ENE-01,12.085,2025,territorializacao_aproximada,nivel_4,True
4210308,INF-ENE-02,6.49,2025,territorializacao_aproximada,nivel_4,True
4210407,INF-ENE-01,8.645,2025,territorializacao_aproximada,nivel_4,True
4210407,INF-ENE-02,5.315,2025,territorializacao_aproximada,nivel_4,True
4210506,INF-ENE-01,9.71,2025,territorializacao_aproximada,nivel_4,True
4210506,INF-ENE-02,6.453333,2025,territorializacao_aproximada,nivel_4,True
4210555,INF-ENE-01,10.54,2025,observado,nivel_1,False
4210555,INF-ENE-02,6.79,2025,observado,nivel_1,False
4210605,INF-ENE-01,8.2725,2025,territorializacao_aproximada,nivel_4,True
4210605,INF-ENE-02,5.575,2025,territorializacao_aproximada,nivel_4,True
4210704,INF-ENE-01,9.72,2025,territorializacao_aproximada,nivel_4,True
4210704,INF-ENE-02,5.68,2025,territorializacao_aproximada,nivel_4,True
4210803,INF-ENE-01,6.515,2025,territorializacao_aproximada,nivel_4,True
4210803,INF-ENE-02,4.355,2025,territorializacao_aproximada,nivel_4,True
4210852,INF-ENE-01,17.78,2025,observado,nivel_1,False
4210852,INF-ENE-02,9.71,2025,observado,nivel_1,False
4210902,INF-ENE-01,10.87,2025,observado,nivel_1,False
4210902,INF-ENE-02,7.72,2025,observado,nivel_1,False
4211009,INF-ENE-01,9.63,2025,territorializacao_aproximada,nivel_4,True
4211009,INF-ENE-02,6.755,2025,territorializacao_aproximada,nivel_4,True
4211058,INF-ENE-01,9.543333,2025,territorializacao_aproximada,nivel_4,True
4211058,INF-ENE-02,5.223333,2025,territorializacao_aproximada,nivel_4,True
4211108,INF-ENE-01,14.933333,2025,territorializacao_aproximada,nivel_4,True
4211108,INF-ENE-02,8.29,2025,territorializacao_aproximada,nivel_4,True
4211207,INF-ENE-01,2.87,2025,territorializacao_aproximada,nivel_4,True
4211207,INF-ENE-02,2.64,2025,territorializacao_aproximada,nivel_4,True
4211256,INF-ENE-01,4.04,2025,observado,nivel_1,False
4211256,INF-ENE-02,3.66,2025,observado,nivel_1,False
4211306,INF-ENE-01,10.66,2025,territorializacao_aproximada,nivel_4,True
4211306,INF-ENE-02,7.505,2025,territorializacao_aproximada,nivel_4,True
4211405,INF-ENE-01,10.87,2025,observado,nivel_1,False
4211405,INF-ENE-02,7.72,2025,observado,nivel_1,False
4211454,INF-ENE-01,12.08,2025,territorializacao_aproximada,nivel_4,True
4211454,INF-ENE-02,8.226667,2025,territorializacao_aproximada,nivel_4,True
4211504,INF-ENE-01,16.895,2025,territorializacao_aproximada,nivel_4,True
4211504,INF-ENE-02,8.525,2025,territorializacao_aproximada,nivel_4,True
4211603,INF-ENE-01,5.095,2025,territorializacao_aproximada,nivel_4,True
4211603,INF-ENE-02,3.91,2025,territorializacao_aproximada,nivel_4,True
4211652,INF-ENE-01,18.82,2025,territorializacao_aproximada,nivel_4,True
4211652,INF-ENE-02,9.505,2025,territorializacao_aproximada,nivel_4,True
4211702,INF-ENE-01,6.296,2025,territorializacao_aproximada,nivel_4,True
4211702,INF-ENE-02,5.274,2025,territorializacao_aproximada,nivel_4,True
4211751,INF-ENE-01,14.533333,2025,territorializacao_aproximada,nivel_4,True
4211751,INF-ENE-02,7.585,2025,territorializacao_aproximada,nivel_4,True
4211801,INF-ENE-01,9.38,2025,observado,nivel_1,False
4211801,INF-ENE-02,6.37,2025,observado,nivel_1,False
4211850,INF-ENE-01,18.41,2025,observado,nivel_1,False
4211850,INF-ENE-02,10.21,2025,observado,nivel_1,False
4211876,INF-ENE-01,14.54,2025,observado,nivel_1,False
4211876,INF-ENE-02,10.62,2025,observado,nivel_1,False
4211892,INF-ENE-01,14.165,2025,territorializacao_aproximada,nivel_4,True
4211892,INF-ENE-02,5.68,2025,territorializacao_aproximada,nivel_4,True
4211900,INF-ENE-01,11.6375,2025,territorializacao_aproximada,nivel_4,True
4211900,INF-ENE-02,6.11,2025,territorializacao_aproximada,nivel_4,True
4212007,INF-ENE-01,12.75,2025,observado,nivel_1,False
4212007,INF-ENE-02,8.35,2025,observado,nivel_1,False
4212056,INF-ENE-01,10.285,2025,territorializacao_aproximada,nivel_4,True
4212056,INF-ENE-02,5.395,2025,territorializacao_aproximada,nivel_4,True
4212106,INF-ENE-01,16.82,2025,observado,nivel_1,False
4212106,INF-ENE-02,11.03,2025,observado,nivel_1,False
4212205,INF-ENE-01,16.02,2025,observado,nivel_1,False
4212205,INF-ENE-02,10.55,2025,observado,nivel_1,False
4212239,INF-ENE-01,11.59,2025,observado,nivel_1,False
4212239,INF-ENE-02,7.4,2025,observado,nivel_1,False
4212254,INF-ENE-01,7.706667,2025,territorializacao_aproximada,nivel_4,True
4212254,INF-ENE-02,6.703333,2025,territorializacao_aproximada,nivel_4,True
4212270,INF-ENE-01,14.86,2025,territorializacao_aproximada,nivel_4,True
4212270,INF-ENE-02,9.94,2025,territorializacao_aproximada,nivel_4,True
4212304,INF-ENE-01,3.28,2025,observado,nivel_1,False
4212304,INF-ENE-02,5.83,2025,observado,nivel_1,False
4212403,INF-ENE-01,5.094,2025,territorializacao_aproximada,nivel_4,True
4212403,INF-ENE-02,4.4,2025,territorializacao_aproximada,nivel_4,True
4212502,INF-ENE-01,8.2,2025,observado,nivel_1,False
4212502,INF-ENE-02,4.67,2025,observado,nivel_1,False
4212601,INF-ENE-01,8.56,2025,observado,nivel_1,False
4212601,INF-ENE-02,5.67,2025,observado,nivel_1,False
4212650,INF-ENE-01,3.49,2025,observado,nivel_1,False
4212650,INF-ENE-02,2.44,2025,observado,nivel_1,False
4212700,INF-ENE-01,15.65,2025,observado,nivel_1,False
4212700,INF-ENE-02,9.24,2025,observado,nivel_1,False
4212809,INF-ENE-01,8.2,2025,observado,nivel_1,False
4212809,INF-ENE-02,4.67,2025,observado,nivel_1,False
4212908,INF-ENE-01,10.87,2025,observado,nivel_1,False
4212908,INF-ENE-02,7.72,2025,observado,nivel_1,False
4213005,INF-ENE-01,9.99,2025,territorializacao_aproximada,nivel_4,True
4213005,INF-ENE-02,6.885,2025,territorializacao_aproximada,nivel_4,True
4213104,INF-ENE-01,9.38,2025,observado,nivel_1,False
4213104,INF-ENE-02,6.37,2025,observado,nivel_1,False
4213153,INF-ENE-01,12.08,2025,territorializacao_aproximada,nivel_4,True
4213153,INF-ENE-02,8.226667,2025,territorializacao_aproximada,nivel_4,True
4213203,INF-ENE-01,9.7525,2025,territorializacao_aproximada,nivel_4,True
4213203,INF-ENE-02,6.38,2025,territorializacao_aproximada,nivel_4,True
4213302,INF-ENE-01,9.97,2025,territorializacao_aproximada,nivel_4,True
4213302,INF-ENE-02,4.8,2025,territorializacao_aproximada,nivel_4,True
4213351,INF-ENE-01,11.87,2025,observado,nivel_1,False
4213351,INF-ENE-02,5.5,2025,observado,nivel_1,False
4213401,INF-ENE-01,14.2325,2025,territorializacao_aproximada,nivel_4,True
4213401,INF-ENE-02,9.3,2025,territorializacao_aproximada,nivel_4,True
4213500,INF-ENE-01,10.51,2025,territorializacao_aproximada,nivel_4,True
4213500,INF-ENE-02,6.096667,2025,territorializacao_aproximada,nivel_4,True
4213609,INF-ENE-01,14.383333,2025,territorializacao_aproximada,nivel_4,True
4213609,INF-ENE-02,8.656667,2025,territorializacao_aproximada,nivel_4,True
4213708,INF-ENE-01,13.43,2025,territorializacao_aproximada,nivel_4,True
4213708,INF-ENE-02,7.666667,2025,territorializacao_aproximada,nivel_4,True
4213807,INF-ENE-01,6.96,2025,territorializacao_aproximada,nivel_4,True
4213807,INF-ENE-02,6.03,2025,territorializacao_aproximada,nivel_4,True
4213906,INF-ENE-01,8.97,2025,territorializacao_aproximada,nivel_4,True
4213906,INF-ENE-02,6.02,2025,territorializacao_aproximada,nivel_4,True
4214003,INF-ENE-01,11.0025,2025,territorializacao_aproximada,nivel_4,True
4214003,INF-ENE-02,6.7,2025,territorializacao_aproximada,nivel_4,True
4214102,INF-ENE-01,12.566667,2025,territorializacao_aproximada,nivel_4,True
4214102,INF-ENE-02,8.036667,2025,territorializacao_aproximada,nivel_4,True
4214151,INF-ENE-01,12.75,2025,observado,nivel_1,False
4214151,INF-ENE-02,8.35,2025,observado,nivel_1,False
4214201,INF-ENE-01,19.65,2025,observado,nivel_1,False
4214201,INF-ENE-02,8.78,2025,observado,nivel_1,False
4214300,INF-ENE-01,22.626667,2025,territorializacao_aproximada,nivel_4,True
4214300,INF-ENE-02,10.223333,2025,territorializacao_aproximada,nivel_4,True
4214409,INF-ENE-01,8.195,2025,territorializacao_aproximada,nivel_4,True
4214409,INF-ENE-02,4.96,2025,territorializacao_aproximada,nivel_4,True
4214508,INF-ENE-01,15.63,2025,territorializacao_aproximada,nivel_4,True
4214508,INF-ENE-02,8.425,2025,territorializacao_aproximada,nivel_4,True
4214607,INF-ENE-01,13.43,2025,territorializacao_aproximada,nivel_4,True
4214607,INF-ENE-02,7.666667,2025,territorializacao_aproximada,nivel_4,True
4214706,INF-ENE-01,16.625,2025,territorializacao_aproximada,nivel_4,True
4214706,INF-ENE-02,7.15,2025,territorializacao_aproximada,nivel_4,True
4214805,INF-ENE-01,10.176667,2025,territorializacao_aproximada,nivel_4,True
4214805,INF-ENE-02,6.553333,2025,territorializacao_aproximada,nivel_4,True
4214904,INF-ENE-01,6.3,2025,territorializacao_aproximada,nivel_4,True
4214904,INF-ENE-02,5.93,2025,territorializacao_aproximada,nivel_4,True
4215000,INF-ENE-01,14.363333,2025,territorializacao_aproximada,nivel_4,True
4215000,INF-ENE-02,7.086667,2025,territorializacao_aproximada,nivel_4,True
4215059,INF-ENE-01,18.43,2025,territorializacao_aproximada,nivel_4,True
4215059,INF-ENE-02,7.903333,2025,territorializacao_aproximada,nivel_4,True
4215075,INF-ENE-01,11.743333,2025,territorializacao_aproximada,nivel_4,True
4215075,INF-ENE-02,7.84,2025,territorializacao_aproximada,nivel_4,True
4215109,INF-ENE-01,10.08,2025,territorializacao_aproximada,nivel_4,True
4215109,INF-ENE-02,6.945,2025,territorializacao_aproximada,nivel_4,True
4215208,INF-ENE-01,9.13,2025,territorializacao_aproximada,nivel_4,True
4215208,INF-ENE-02,5.82,2025,territorializacao_aproximada,nivel_4,True
4215307,INF-ENE-01,15.63,2025,territorializacao_aproximada,nivel_4,True
4215307,INF-ENE-02,8.425,2025,territorializacao_aproximada,nivel_4,True
4215356,INF-ENE-01,10.87,2025,observado,nivel_1,False
4215356,INF-ENE-02,7.72,2025,observado,nivel_1,False
4215406,INF-ENE-01,9.99,2025,territorializacao_aproximada,nivel_4,True
4215406,INF-ENE-02,6.885,2025,territorializacao_aproximada,nivel_4,True
4215455,INF-ENE-01,6.57,2025,territorializacao_aproximada,nivel_4,True
4215455,INF-ENE-02,5.325,2025,territorializacao_aproximada,nivel_4,True
4215505,INF-ENE-01,11.87,2025,observado,nivel_1,False
4215505,INF-ENE-02,5.5,2025,observado,nivel_1,False
4215554,INF-ENE-01,9.205,2025,territorializacao_aproximada,nivel_4,True
4215554,INF-ENE-02,6.245,2025,territorializacao_aproximada,nivel_4,True
4215604,INF-ENE-01,6.4,2025,observado,nivel_1,False
4215604,INF-ENE-02,4.6,2025,observado,nivel_1,False
4215653,INF-ENE-01,9.946667,2025,territorializacao_aproximada,nivel_4,True
4215653,INF-ENE-02,6.9,2025,territorializacao_aproximada,nivel_4,True
4215679,INF-ENE-01,15.76,2025,territorializacao_aproximada,nivel_4,True
4215679,INF-ENE-02,9.133333,2025,territorializacao_aproximada,nivel_4,True
4215687,INF-ENE-01,11.843333,2025,territorializacao_aproximada,nivel_4,True
4215687,INF-ENE-02,7.396667,2025,territorializacao_aproximada,nivel_4,True
4215695,INF-ENE-01,18.82,2025,territorializacao_aproximada,nivel_4,True
4215695,INF-ENE-02,9.505,2025,territorializacao_aproximada,nivel_4,True
4215703,INF-ENE-01,15.91,2025,territorializacao_aproximada,nivel_4,True
4215703,INF-ENE-02,8.235,2025,territorializacao_aproximada,nivel_4,True
4215752,INF-ENE-01,14.43,2025,territorializacao_aproximada,nivel_4,True
4215752,INF-ENE-02,8.975,2025,territorializacao_aproximada,nivel_4,True
4215802,INF-ENE-01,8.57,2025,territorializacao_aproximada,nivel_4,True
4215802,INF-ENE-02,5.755,2025,territorializacao_aproximada,nivel_4,True
4215901,INF-ENE-01,5.76,2025,observado,nivel_1,False
4215901,INF-ENE-02,5.18,2025,observado,nivel_1,False
4216008,INF-ENE-01,16.82,2025,observado,nivel_1,False
4216008,INF-ENE-02,11.03,2025,observado,nivel_1,False
4216057,INF-ENE-01,9.97,2025,territorializacao_aproximada,nivel_4,True
4216057,INF-ENE-02,4.8,2025,territorializacao_aproximada,nivel_4,True
4216107,INF-ENE-01,18.2,2025,territorializacao_aproximada,nivel_4,True
4216107,INF-ENE-02,10.22,2025,territorializacao_aproximada,nivel_4,True
4216206,INF-ENE-01,7.035,2025,territorializacao_aproximada,nivel_4,True
4216206,INF-ENE-02,4.19,2025,territorializacao_aproximada,nivel_4,True
4216255,INF-ENE-01,10.283333,2025,territorializacao_aproximada,nivel_4,True
4216255,INF-ENE-02,6.97,2025,territorializacao_aproximada,nivel_4,True
4216305,INF-ENE-01,10.23,2025,observado,nivel_1,False
4216305,INF-ENE-02,6.64,2025,observado,nivel_1,False
4216354,INF-ENE-01,9.38,2025,territorializacao_aproximada,nivel_4,True
4216354,INF-ENE-02,5.693333,2025,territorializacao_aproximada,nivel_4,True
4216404,INF-ENE-01,7.013333,2025,territorializacao_aproximada,nivel_4,True
4216404,INF-ENE-02,6.873333,2025,territorializacao_aproximada,nivel_4,True
4216503,INF-ENE-01,14.165,2025,territorializacao_aproximada,nivel_4,True
4216503,INF-ENE-02,5.68,2025,territorializacao_aproximada,nivel_4,True
4216602,INF-ENE-01,7.7075,2025,territorializacao_aproximada,nivel_4,True
4216602,INF-ENE-02,4.38375,2025,territorializacao_aproximada,nivel_4,True
4216701,INF-ENE-01,12.17,2025,territorializacao_aproximada,nivel_4,True
4216701,INF-ENE-02,7.875,2025,territorializacao_aproximada,nivel_4,True
4216800,INF-ENE-01,11.6,2025,territorializacao_aproximada,nivel_4,True
4216800,INF-ENE-02,5.836667,2025,territorializacao_aproximada,nivel_4,True
4216909,INF-ENE-01,14.43,2025,territorializacao_aproximada,nivel_4,True
4216909,INF-ENE-02,8.975,2025,territorializacao_aproximada,nivel_4,True
4217006,INF-ENE-01,8.08,2025,observado,nivel_1,False
4217006,INF-ENE-02,4.77,2025,observado,nivel_1,False
4217105,INF-ENE-01,5.76,2025,observado,nivel_1,False
4217105,INF-ENE-02,5.18,2025,observado,nivel_1,False
4217154,INF-ENE-01,9.71,2025,territorializacao_aproximada,nivel_4,True
4217154,INF-ENE-02,6.453333,2025,territorializacao_aproximada,nivel_4,True
4217204,INF-ENE-01,11.59,2025,observado,nivel_1,False
4217204,INF-ENE-02,7.4,2025,observado,nivel_1,False
4217253,INF-ENE-01,12.282,2025,territorializacao_aproximada,nivel_4,True
4217253,INF-ENE-02,6.356,2025,territorializacao_aproximada,nivel_4,True
4217303,INF-ENE-01,13.845,2025,territorializacao_aproximada,nivel_4,True
4217303,INF-ENE-02,9.375,2025,territorializacao_aproximada,nivel_4,True
4217402,INF-ENE-01,7.575,2025,territorializacao_aproximada,nivel_4,True
4217402,INF-ENE-02,5.9,2025,territorializacao_aproximada,nivel_4,True
4217501,INF-ENE-01,12.5775,2025,territorializacao_aproximada,nivel_4,True
4217501,INF-ENE-02,8.4025,2025,territorializacao_aproximada,nivel_4,True
4217550,INF-ENE-01,10.87,2025,observado,nivel_1,False
4217550,INF-ENE-02,7.72,2025,observado,nivel_1,False
4217600,INF-ENE-01,6.6375,2025,territorializacao_aproximada,nivel_4,True
4217600,INF-ENE-02,5.1175,2025,territorializacao_aproximada,nivel_4,True
4217709,INF-ENE-01,6.9475,2025,territorializacao_aproximada,nivel_4,True
4217709,INF-ENE-02,5.43,2025,territorializacao_aproximada,nivel_4,True
4217758,INF-ENE-01,15.26,2025,territorializacao_aproximada,nivel_4,True
4217758,INF-ENE-02,8.25,2025,territorializacao_aproximada,nivel_4,True
4217808,INF-ENE-01,13.3725,2025,territorializacao_aproximada,nivel_4,True
4217808,INF-ENE-02,7.0025,2025,territorializacao_aproximada,nivel_4,True
4217907,INF-ENE-01,7.54,2025,territorializacao_aproximada,nivel_4,True
4217907,INF-ENE-02,4.915,2025,territorializacao_aproximada,nivel_4,True
4217956,INF-ENE-01,8.77,2025,territorializacao_aproximada,nivel_4,True
4217956,INF-ENE-02,5.98,2025,territorializacao_aproximada,nivel_4,True
4218004,INF-ENE-01,13.79,2025,territorializacao_aproximada,nivel_4,True
4218004,INF-ENE-02,7.363333,2025,territorializacao_aproximada,nivel_4,True
4218103,INF-ENE-01,5.645,2025,territorializacao_aproximada,nivel_4,True
4218103,INF-ENE-02,4.6,2025,territorializacao_aproximada,nivel_4,True
4218202,INF-ENE-01,10.48,2025,observado,nivel_1,False
4218202,INF-ENE-02,7.46,2025,observado,nivel_1,False
4218251,INF-ENE-01,8.01,2025,territorializacao_aproximada,nivel_4,True
4218251,INF-ENE-02,4.835,2025,territorializacao_aproximada,nivel_4,True
4218301,INF-ENE-01,7.26,2025,observado,nivel_1,False
4218301,INF-ENE-02,4.16,2025,observado,nivel_1,False
4218350,INF-ENE-01,7.065,2025,territorializacao_aproximada,nivel_4,True
4218350,INF-ENE-02,5.68,2025,territorializacao_aproximada,nivel_4,True
4218400,INF-ENE-01,7.35,2025,territorializacao_aproximada,nivel_4,True
4218400,INF-ENE-02,6.81,2025,territorializacao_aproximada,nivel_4,True
4218509,INF-ENE-01,8.733333,2025,territorializacao_aproximada,nivel_4,True
4218509,INF-ENE-02,5.863333,2025,territorializacao_aproximada,nivel_4,True
4218608,INF-ENE-01,12.15,2025,observado,nivel_1,False
4218608,INF-ENE-02,7.63,2025,observado,nivel_1,False
4218707,INF-ENE-01,6.195,2025,territorializacao_aproximada,nivel_4,True
4218707,INF-ENE-02,5.281667,2025,territorializacao_aproximada,nivel_4,True
4218756,INF-ENE-01,10.283333,2025,territorializacao_aproximada,nivel_4,True
4218756,INF-ENE-02,6.97,2025,territorializacao_aproximada,nivel_4,True
4218806,INF-ENE-01,6.76,2025,territorializacao_aproximada,nivel_4,True
4218806,INF-ENE-02,4.75,2025,territorializacao_aproximada,nivel_4,True
4218855,INF-ENE-01,15.26,2025,territorializacao_aproximada,nivel_4,True
4218855,INF-ENE-02,8.25,2025,territorializacao_aproximada,nivel_4,True
4218905,INF-ENE-01,23.61,2025,territorializacao_aproximada,nivel_4,True
4218905,INF-ENE-02,9.805,2025,territorializacao_aproximada,nivel_4,True
4218954,INF-ENE-01,14.165,2025,territorializacao_aproximada,nivel_4,True
4218954,INF-ENE-02,5.68,2025,territorializacao_aproximada,nivel_4,True
4219002,INF-ENE-01,4.32,2025,territorializacao_aproximada,nivel_4,True
4219002,INF-ENE-02,3.7475,2025,territorializacao_aproximada,nivel_4,True
4219101,INF-ENE-01,18.72,2025,observado,nivel_1,False
4219101,INF-ENE-02,12.14,2025,observado,nivel_1,False
4219150,INF-ENE-01,9.18,2025,observado,nivel_1,False
4219150,INF-ENE-02,5.46,2025,observado,nivel_1,False
4219176,INF-ENE-01,11.06,2025,territorializacao_aproximada,nivel_4,True
4219176,INF-ENE-02,7.75,2025,territorializacao_aproximada,nivel_4,True
4219200,INF-ENE-01,15.65,2025,observado,nivel_1,False
4219200,INF-ENE-02,9.24,2025,observado,nivel_1,False
4219309,INF-ENE-01,8.38,2025,territorializacao_aproximada,nivel_4,True
4219309,INF-ENE-02,5.085,2025,territorializacao_aproximada,nivel_4,True
4219358,INF-ENE-01,14.543333,2025,territorializacao_aproximada,nivel_4,True
4219358,INF-ENE-02,8.43,2025,territorializacao_aproximada,nivel_4,True
4219408,INF-ENE-01,12.925,2025,territorializacao_aproximada,nivel_4,True
4219408,INF-ENE-02,7.79,2025,territorializacao_aproximada,nivel_4,True
4219507,INF-ENE-01,10.54,2025,observado,nivel_1,False
4219507,INF-ENE-02,6.79,2025,observado,nivel_1,False
4219606,INF-ENE-01,13.916667,2025,territorializacao_aproximada,nivel_4,True
4219606,INF-ENE-02,9.313333,2025,territorializacao_aproximada,nivel_4,True
4219705,INF-ENE-01,10.54,2025,observado,nivel_1,False
4219705,INF-ENE-02,6.79,2025,observado,nivel_1,False
4219853,INF-ENE-01,9.38,2025,observado,nivel_1,False
4219853,INF-ENE-02,6.37,2025,observado,nivel_1,False
4220000,INF-ENE-01,,2025,ausente,,False
4220000,INF-ENE-02,,2025,ausente,,False
4300034,INF-ENE-01,28.28,2025,observado,nivel_1,False
4300034,INF-ENE-02,16.2,2025,observado,nivel_1,False
4300059,INF-ENE-01,11.145,2025,territorializacao_aproximada,nivel_4,True
4300059,INF-ENE-02,5.895,2025,territorializacao_aproximada,nivel_4,True
4300109,INF-ENE-01,18.81,2025,territorializacao_aproximada,nivel_4,True
4300109,INF-ENE-02,7.62,2025,territorializacao_aproximada,nivel_4,True
4300208,INF-ENE-01,6.673333,2025,territorializacao_aproximada,nivel_4,True
4300208,INF-ENE-02,4.736667,2025,territorializacao_aproximada,nivel_4,True
4300307,INF-ENE-01,15.6225,2025,territorializacao_aproximada,nivel_4,True
4300307,INF-ENE-02,9.9125,2025,territorializacao_aproximada,nivel_4,True
4300406,INF-ENE-01,15.121667,2025,territorializacao_aproximada,nivel_4,True
4300406,INF-ENE-02,5.755,2025,territorializacao_aproximada,nivel_4,True
4300455,INF-ENE-01,11.79,2025,territorializacao_aproximada,nivel_4,True
4300455,INF-ENE-02,8.6,2025,territorializacao_aproximada,nivel_4,True
4300471,INF-ENE-01,10.78,2025,observado,nivel_1,False
4300471,INF-ENE-02,7.28,2025,observado,nivel_1,False
4300505,INF-ENE-01,14.37,2025,territorializacao_aproximada,nivel_4,True
4300505,INF-ENE-02,7.983333,2025,territorializacao_aproximada,nivel_4,True
4300554,INF-ENE-01,17.62,2025,observado,nivel_1,False
4300554,INF-ENE-02,10.1,2025,observado,nivel_1,False
4300570,INF-ENE-01,12.84,2025,territorializacao_aproximada,nivel_4,True
4300570,INF-ENE-02,4.775,2025,territorializacao_aproximada,nivel_4,True
4300604,INF-ENE-01,7.8625,2025,territorializacao_aproximada,nivel_4,True
4300604,INF-ENE-02,3.8125,2025,territorializacao_aproximada,nivel_4,True
4300638,INF-ENE-01,21.28,2025,observado,nivel_1,False
4300638,INF-ENE-02,8.98,2025,observado,nivel_1,False
4300646,INF-ENE-01,12.07,2025,territorializacao_aproximada,nivel_4,True
4300646,INF-ENE-02,7.055,2025,territorializacao_aproximada,nivel_4,True
4300661,INF-ENE-01,13.3175,2025,territorializacao_aproximada,nivel_4,True
4300661,INF-ENE-02,6.8525,2025,territorializacao_aproximada,nivel_4,True
4300703,INF-ENE-01,25.885,2025,territorializacao_aproximada,nivel_4,True
4300703,INF-ENE-02,13.075,2025,territorializacao_aproximada,nivel_4,True
4300802,INF-ENE-01,11.93,2025,territorializacao_aproximada,nivel_4,True
4300802,INF-ENE-02,5.63,2025,territorializacao_aproximada,nivel_4,True
4300851,INF-ENE-01,20.77,2025,territorializacao_aproximada,nivel_4,True
4300851,INF-ENE-02,9.215,2025,territorializacao_aproximada,nivel_4,True
4300877,INF-ENE-01,7.365,2025,territorializacao_aproximada,nivel_4,True
4300877,INF-ENE-02,4.185,2025,territorializacao_aproximada,nivel_4,True
4300901,INF-ENE-01,12.995,2025,territorializacao_aproximada,nivel_4,True
4300901,INF-ENE-02,6.825,2025,territorializacao_aproximada,nivel_4,True
4301008,INF-ENE-01,10.365,2025,territorializacao_aproximada,nivel_4,True
4301008,INF-ENE-02,4.6725,2025,territorializacao_aproximada,nivel_4,True
4301057,INF-ENE-01,12.36,2025,territorializacao_aproximada,nivel_4,True
4301057,INF-ENE-02,5.5475,2025,territorializacao_aproximada,nivel_4,True
4301073,INF-ENE-01,19.68,2025,observado,nivel_1,False
4301073,INF-ENE-02,8.76,2025,observado,nivel_1,False
4301107,INF-ENE-01,10.21,2025,territorializacao_aproximada,nivel_4,True
4301107,INF-ENE-02,4.793333,2025,territorializacao_aproximada,nivel_4,True
4301206,INF-ENE-01,22.36,2025,territorializacao_aproximada,nivel_4,True
4301206,INF-ENE-02,8.605,2025,territorializacao_aproximada,nivel_4,True
4301305,INF-ENE-01,18.395,2025,territorializacao_aproximada,nivel_4,True
4301305,INF-ENE-02,6.87,2025,territorializacao_aproximada,nivel_4,True
4301404,INF-ENE-01,19.173333,2025,territorializacao_aproximada,nivel_4,True
4301404,INF-ENE-02,9.88,2025,territorializacao_aproximada,nivel_4,True
4301503,INF-ENE-01,7.0725,2025,territorializacao_aproximada,nivel_4,True
4301503,INF-ENE-02,4.7125,2025,territorializacao_aproximada,nivel_4,True
4301552,INF-ENE-01,18.5,2025,territorializacao_aproximada,nivel_4,True
4301552,INF-ENE-02,8.62,2025,territorializacao_aproximada,nivel_4,True
4301602,INF-ENE-01,18.682,2025,territorializacao_aproximada,nivel_4,True
4301602,INF-ENE-02,8.304,2025,territorializacao_aproximada,nivel_4,True
4301636,INF-ENE-01,14.19,2025,territorializacao_aproximada,nivel_4,True
4301636,INF-ENE-02,5.37,2025,territorializacao_aproximada,nivel_4,True
4301651,INF-ENE-01,12.353333,2025,territorializacao_aproximada,nivel_4,True
4301651,INF-ENE-02,6.736667,2025,territorializacao_aproximada,nivel_4,True
4301701,INF-ENE-01,12.995,2025,territorializacao_aproximada,nivel_4,True
4301701,INF-ENE-02,6.825,2025,territorializacao_aproximada,nivel_4,True
4301750,INF-ENE-01,19.92,2025,territorializacao_aproximada,nivel_4,True
4301750,INF-ENE-02,10.133333,2025,territorializacao_aproximada,nivel_4,True
4301800,INF-ENE-01,18.146667,2025,territorializacao_aproximada,nivel_4,True
4301800,INF-ENE-02,9.023333,2025,territorializacao_aproximada,nivel_4,True
4301859,INF-ENE-01,15.69,2025,observado,nivel_1,False
4301859,INF-ENE-02,9.88,2025,observado,nivel_1,False
4301875,INF-ENE-01,29.99,2025,observado,nivel_1,False
4301875,INF-ENE-02,9.53,2025,observado,nivel_1,False
4301909,INF-ENE-01,14.835,2025,territorializacao_aproximada,nivel_4,True
4301909,INF-ENE-02,7.4,2025,territorializacao_aproximada,nivel_4,True
4301925,INF-ENE-01,18.07,2025,territorializacao_aproximada,nivel_4,True
4301925,INF-ENE-02,8.65,2025,territorializacao_aproximada,nivel_4,True
4301958,INF-ENE-01,9.0225,2025,territorializacao_aproximada,nivel_4,True
4301958,INF-ENE-02,5.0525,2025,territorializacao_aproximada,nivel_4,True
4302006,INF-ENE-01,19.385,2025,territorializacao_aproximada,nivel_4,True
4302006,INF-ENE-02,11.3125,2025,territorializacao_aproximada,nivel_4,True
4302055,INF-ENE-01,23.595,2025,territorializacao_aproximada,nivel_4,True
4302055,INF-ENE-02,11.07,2025,territorializacao_aproximada,nivel_4,True
4302105,INF-ENE-01,9.31,2025,territorializacao_aproximada,nivel_4,True
4302105,INF-ENE-02,4.326,2025,territorializacao_aproximada,nivel_4,True
4302154,INF-ENE-01,11.18,2025,territorializacao_aproximada,nivel_4,True
4302154,INF-ENE-02,6.54,2025,territorializacao_aproximada,nivel_4,True
4302204,INF-ENE-01,10.12,2025,territorializacao_aproximada,nivel_4,True
4302204,INF-ENE-02,6.2,2025,territorializacao_aproximada,nivel_4,True
4302220,INF-ENE-01,9.65,2025,territorializacao_aproximada,nivel_4,True
4302220,INF-ENE-02,5.73,2025,territorializacao_aproximada,nivel_4,True
4302238,INF-ENE-01,17.62,2025,observado,nivel_1,False
4302238,INF-ENE-02,10.1,2025,observado,nivel_1,False
4302253,INF-ENE-01,8.35,2025,territorializacao_aproximada,nivel_4,True
4302253,INF-ENE-02,4.32,2025,territorializacao_aproximada,nivel_4,True
4302303,INF-ENE-01,13.995,2025,territorializacao_aproximada,nivel_4,True
4302303,INF-ENE-02,6.495,2025,territorializacao_aproximada,nivel_4,True
4302352,INF-ENE-01,11.58,2025,observado,nivel_1,False
4302352,INF-ENE-02,5.19,2025,observado,nivel_1,False
4302378,INF-ENE-01,13.705,2025,territorializacao_aproximada,nivel_4,True
4302378,INF-ENE-02,8.525,2025,territorializacao_aproximada,nivel_4,True
4302402,INF-ENE-01,13.4975,2025,territorializacao_aproximada,nivel_4,True
4302402,INF-ENE-02,6.1925,2025,territorializacao_aproximada,nivel_4,True
4302451,INF-ENE-01,20.94,2025,territorializacao_aproximada,nivel_4,True
4302451,INF-ENE-02,10.8275,2025,territorializacao_aproximada,nivel_4,True
4302501,INF-ENE-01,13.31,2025,territorializacao_aproximada,nivel_4,True
4302501,INF-ENE-02,7.415,2025,territorializacao_aproximada,nivel_4,True
4302584,INF-ENE-01,13.14,2025,territorializacao_aproximada,nivel_4,True
4302584,INF-ENE-02,9.39,2025,territorializacao_aproximada,nivel_4,True
4302600,INF-ENE-01,12.613333,2025,territorializacao_aproximada,nivel_4,True
4302600,INF-ENE-02,8.02,2025,territorializacao_aproximada,nivel_4,True
4302659,INF-ENE-01,9.093333,2025,territorializacao_aproximada,nivel_4,True
4302659,INF-ENE-02,4.096667,2025,territorializacao_aproximada,nivel_4,True
4302709,INF-ENE-01,16.04,2025,observado,nivel_1,False
4302709,INF-ENE-02,7.89,2025,observado,nivel_1,False
4302808,INF-ENE-01,15.75,2025,territorializacao_aproximada,nivel_4,True
4302808,INF-ENE-02,6.154,2025,territorializacao_aproximada,nivel_4,True
4302907,INF-ENE-01,14.848571,2025,territorializacao_aproximada,nivel_4,True
4302907,INF-ENE-02,5.454286,2025,territorializacao_aproximada,nivel_4,True
4303004,INF-ENE-01,15.75,2025,territorializacao_aproximada,nivel_4,True
4303004,INF-ENE-02,6.154,2025,territorializacao_aproximada,nivel_4,True
4303103,INF-ENE-01,8.52,2025,territorializacao_aproximada,nivel_4,True
4303103,INF-ENE-02,5.15,2025,territorializacao_aproximada,nivel_4,True
4303202,INF-ENE-01,21.345,2025,territorializacao_aproximada,nivel_4,True
4303202,INF-ENE-02,9.68,2025,territorializacao_aproximada,nivel_4,True
4303301,INF-ENE-01,13.08,2025,observado,nivel_1,False
4303301,INF-ENE-02,9.72,2025,observado,nivel_1,False
4303400,INF-ENE-01,12.07,2025,territorializacao_aproximada,nivel_4,True
4303400,INF-ENE-02,7.055,2025,territorializacao_aproximada,nivel_4,True
4303509,INF-ENE-01,20.166667,2025,territorializacao_aproximada,nivel_4,True
4303509,INF-ENE-02,9.616667,2025,territorializacao_aproximada,nivel_4,True
4303558,INF-ENE-01,20.903333,2025,territorializacao_aproximada,nivel_4,True
4303558,INF-ENE-02,11.676667,2025,territorializacao_aproximada,nivel_4,True
4303608,INF-ENE-01,14.63,2025,observado,nivel_1,False
4303608,INF-ENE-02,6.23,2025,observado,nivel_1,False
4303673,INF-ENE-01,13.556667,2025,territorializacao_aproximada,nivel_4,True
4303673,INF-ENE-02,6.206667,2025,territorializacao_aproximada,nivel_4,True
4303707,INF-ENE-01,17.72,2025,territorializacao_aproximada,nivel_4,True
4303707,INF-ENE-02,10.795,2025,territorializacao_aproximada,nivel_4,True
4303806,INF-ENE-01,18.07,2025,territorializacao_aproximada,nivel_4,True
4303806,INF-ENE-02,8.65,2025,territorializacao_aproximada,nivel_4,True
4303905,INF-ENE-01,6.558333,2025,territorializacao_aproximada,nivel_4,True
4303905,INF-ENE-02,3.731667,2025,territorializacao_aproximada,nivel_4,True
4304002,INF-ENE-01,11.075,2025,territorializacao_aproximada,nivel_4,True
4304002,INF-ENE-02,7.09,2025,territorializacao_aproximada,nivel_4,True
4304101,INF-ENE-01,17.62,2025,observado,nivel_1,False
4304101,INF-ENE-02,10.1,2025,observado,nivel_1,False
4304200,INF-ENE-01,16.52,2025,territorializacao_aproximada,nivel_4,True
4304200,INF-ENE-02,6.442857,2025,territorializacao_aproximada,nivel_4,True
4304309,INF-ENE-01,14.115,2025,territorializacao_aproximada,nivel_4,True
4304309,INF-ENE-02,8.4075,2025,territorializacao_aproximada,nivel_4,True
4304358,INF-ENE-01,22.233333,2025,territorializacao_aproximada,nivel_4,True
4304358,INF-ENE-02,10.173333,2025,territorializacao_aproximada,nivel_4,True
4304408,INF-ENE-01,9.76,2025,territorializacao_aproximada,nivel_4,True
4304408,INF-ENE-02,4.365,2025,territorializacao_aproximada,nivel_4,True
4304507,INF-ENE-01,21.442,2025,territorializacao_aproximada,nivel_4,True
4304507,INF-ENE-02,9.276,2025,territorializacao_aproximada,nivel_4,True
4304606,INF-ENE-01,5.783333,2025,territorializacao_aproximada,nivel_4,True
4304606,INF-ENE-02,3.558333,2025,territorializacao_aproximada,nivel_4,True
4304614,INF-ENE-01,14.96,2025,observado,nivel_1,False
4304614,INF-ENE-02,10.66,2025,observado,nivel_1,False
4304622,INF-ENE-01,13.11,2025,territorializacao_aproximada,nivel_4,True
4304622,INF-ENE-02,7.385,2025,territorializacao_aproximada,nivel_4,True
4304630,INF-ENE-01,12.893333,2025,territorializacao_aproximada,nivel_4,True
4304630,INF-ENE-02,5.986667,2025,territorializacao_aproximada,nivel_4,True
4304655,INF-ENE-01,14.82,2025,territorializacao_aproximada,nivel_4,True
4304655,INF-ENE-02,7.126667,2025,territorializacao_aproximada,nivel_4,True
4304663,INF-ENE-01,21.775,2025,territorializacao_aproximada,nivel_4,True
4304663,INF-ENE-02,9.005,2025,territorializacao_aproximada,nivel_4,True
4304671,INF-ENE-01,14.385,2025,territorializacao_aproximada,nivel_4,True
4304671,INF-ENE-02,5.655,2025,territorializacao_aproximada,nivel_4,True
4304689,INF-ENE-01,10.745,2025,territorializacao_aproximada,nivel_4,True
4304689,INF-ENE-02,5.058333,2025,territorializacao_aproximada,nivel_4,True
4304697,INF-ENE-01,17.92,2025,territorializacao_aproximada,nivel_4,True
4304697,INF-ENE-02,9.065,2025,territorializacao_aproximada,nivel_4,True
4304705,INF-ENE-01,8.005,2025,territorializacao_aproximada,nivel_4,True
4304705,INF-ENE-02,6.19,2025,territorializacao_aproximada,nivel_4,True
4304713,INF-ENE-01,15.715,2025,territorializacao_aproximada,nivel_4,True
4304713,INF-ENE-02,5.405,2025,territorializacao_aproximada,nivel_4,True
4304804,INF-ENE-01,13.583333,2025,territorializacao_aproximada,nivel_4,True
4304804,INF-ENE-02,7.043333,2025,territorializacao_aproximada,nivel_4,True
4304853,INF-ENE-01,20.983333,2025,territorializacao_aproximada,nivel_4,True
4304853,INF-ENE-02,9.703333,2025,territorializacao_aproximada,nivel_4,True
4304903,INF-ENE-01,17.61,2025,territorializacao_aproximada,nivel_4,True
4304903,INF-ENE-02,9.3,2025,territorializacao_aproximada,nivel_4,True
4304952,INF-ENE-01,14.495,2025,territorializacao_aproximada,nivel_4,True
4304952,INF-ENE-02,8.495,2025,territorializacao_aproximada,nivel_4,True
4305009,INF-ENE-01,9.22,2025,territorializacao_aproximada,nivel_4,True
4305009,INF-ENE-02,7.04,2025,territorializacao_aproximada,nivel_4,True
4305108,INF-ENE-01,9.259091,2025,territorializacao_aproximada,nivel_4,True
4305108,INF-ENE-02,4.390909,2025,territorializacao_aproximada,nivel_4,True
4305116,INF-ENE-01,20.983333,2025,territorializacao_aproximada,nivel_4,True
4305116,INF-ENE-02,9.703333,2025,territorializacao_aproximada,nivel_4,True
4305124,INF-ENE-01,21.775,2025,territorializacao_aproximada,nivel_4,True
4305124,INF-ENE-02,9.005,2025,territorializacao_aproximada,nivel_4,True
4305132,INF-ENE-01,17.125,2025,territorializacao_aproximada,nivel_4,True
4305132,INF-ENE-02,6.7325,2025,territorializacao_aproximada,nivel_4,True
4305157,INF-ENE-01,10.17,2025,territorializacao_aproximada,nivel_4,True
4305157,INF-ENE-02,4.946667,2025,territorializacao_aproximada,nivel_4,True
4305173,INF-ENE-01,21.666667,2025,territorializacao_aproximada,nivel_4,True
4305173,INF-ENE-02,10.496667,2025,territorializacao_aproximada,nivel_4,True
4305207,INF-ENE-01,12.58,2025,territorializacao_aproximada,nivel_4,True
4305207,INF-ENE-02,7.876667,2025,territorializacao_aproximada,nivel_4,True
4305306,INF-ENE-01,14.2,2025,territorializacao_aproximada,nivel_4,True
4305306,INF-ENE-02,8.69,2025,territorializacao_aproximada,nivel_4,True
4305355,INF-ENE-01,7.295,2025,territorializacao_aproximada,nivel_4,True
4305355,INF-ENE-02,3.245,2025,territorializacao_aproximada,nivel_4,True
4305371,INF-ENE-01,14.345,2025,territorializacao_aproximada,nivel_4,True
4305371,INF-ENE-02,6.61,2025,territorializacao_aproximada,nivel_4,True
4305405,INF-ENE-01,10.19,2025,territorializacao_aproximada,nivel_4,True
4305405,INF-ENE-02,7.925,2025,territorializacao_aproximada,nivel_4,True
4305439,INF-ENE-01,28.37,2025,observado,nivel_1,False
4305439,INF-ENE-02,9.16,2025,observado,nivel_1,False
4305447,INF-ENE-01,21.28,2025,observado,nivel_1,False
4305447,INF-ENE-02,8.98,2025,observado,nivel_1,False
4305454,INF-ENE-01,13.47,2025,territorializacao_aproximada,nivel_4,True
4305454,INF-ENE-02,4.996667,2025,territorializacao_aproximada,nivel_4,True
4305504,INF-ENE-01,13.923333,2025,territorializacao_aproximada,nivel_4,True
4305504,INF-ENE-02,7.77,2025,territorializacao_aproximada,nivel_4,True
4305587,INF-ENE-01,12.003333,2025,territorializacao_aproximada,nivel_4,True
4305587,INF-ENE-02,5.276667,2025,territorializacao_aproximada,nivel_4,True
4305603,INF-ENE-01,,2025,ausente,,False
4305603,INF-ENE-02,,2025,ausente,,False
4305702,INF-ENE-01,10.38,2025,territorializacao_aproximada,nivel_4,True
4305702,INF-ENE-02,7.696667,2025,territorializacao_aproximada,nivel_4,True
4305801,INF-ENE-01,13.016667,2025,territorializacao_aproximada,nivel_4,True
4305801,INF-ENE-02,5.89,2025,territorializacao_aproximada,nivel_4,True
4305835,INF-ENE-01,20.0175,2025,territorializacao_aproximada,nivel_4,True
4305835,INF-ENE-02,10.6075,2025,territorializacao_aproximada,nivel_4,True
4305850,INF-ENE-01,11.235,2025,territorializacao_aproximada,nivel_4,True
4305850,INF-ENE-02,7.19,2025,territorializacao_aproximada,nivel_4,True
4305871,INF-ENE-01,10.87,2025,territorializacao_aproximada,nivel_4,True
4305871,INF-ENE-02,9.2,2025,territorializacao_aproximada,nivel_4,True
4305900,INF-ENE-01,10.784,2025,territorializacao_aproximada,nivel_4,True
4305900,INF-ENE-02,7.094,2025,territorializacao_aproximada,nivel_4,True
4305934,INF-ENE-01,7.936667,2025,territorializacao_aproximada,nivel_4,True
4305934,INF-ENE-02,4.03,2025,territorializacao_aproximada,nivel_4,True
4305959,INF-ENE-01,10.346667,2025,territorializacao_aproximada,nivel_4,True
4305959,INF-ENE-02,4.963333,2025,territorializacao_aproximada,nivel_4,True
4305975,INF-ENE-01,12.205,2025,territorializacao_aproximada,nivel_4,True
4305975,INF-ENE-02,6.205,2025,territorializacao_aproximada,nivel_4,True
4306007,INF-ENE-01,11.976667,2025,territorializacao_aproximada,nivel_4,True
4306007,INF-ENE-02,7.426667,2025,territorializacao_aproximada,nivel_4,True
4306056,INF-ENE-01,21.77,2025,territorializacao_aproximada,nivel_4,True
4306056,INF-ENE-02,9.69,2025,territorializacao_aproximada,nivel_4,True
4306072,INF-ENE-01,12.07,2025,territorializacao_aproximada,nivel_4,True
4306072,INF-ENE-02,7.055,2025,territorializacao_aproximada,nivel_4,True
4306106,INF-ENE-01,9.41,2025,territorializacao_aproximada,nivel_4,True
4306106,INF-ENE-02,6.0775,2025,territorializacao_aproximada,nivel_4,True
4306130,INF-ENE-01,18.07,2025,territorializacao_aproximada,nivel_4,True
4306130,INF-ENE-02,8.65,2025,territorializacao_aproximada,nivel_4,True
4306205,INF-ENE-01,11.022,2025,territorializacao_aproximada,nivel_4,True
4306205,INF-ENE-02,4.854,2025,territorializacao_aproximada,nivel_4,True
4306304,INF-ENE-01,20.245,2025,territorializacao_aproximada,nivel_4,True
4306304,INF-ENE-02,11.0775,2025,territorializacao_aproximada,nivel_4,True
4306320,INF-ENE-01,15.69,2025,observado,nivel_1,False
4306320,INF-ENE-02,9.88,2025,observado,nivel_1,False
4306353,INF-ENE-01,11.45,2025,territorializacao_aproximada,nivel_4,True
4306353,INF-ENE-02,6.72,2025,territorializacao_aproximada,nivel_4,True
4306379,INF-ENE-01,9.244,2025,territorializacao_aproximada,nivel_4,True
4306379,INF-ENE-02,3.976,2025,territorializacao_aproximada,nivel_4,True
4306403,INF-ENE-01,7.87,2025,territorializacao_aproximada,nivel_4,True
4306403,INF-ENE-02,4.344,2025,territorializacao_aproximada,nivel_4,True
4306429,INF-ENE-01,13.06,2025,territorializacao_aproximada,nivel_4,True
4306429,INF-ENE-02,8.445,2025,territorializacao_aproximada,nivel_4,True
4306452,INF-ENE-01,21.06,2025,territorializacao_aproximada,nivel_4,True
4306452,INF-ENE-02,10.793333,2025,territorializacao_aproximada,nivel_4,True
4306502,INF-ENE-01,18.66,2025,territorializacao_aproximada,nivel_4,True
4306502,INF-ENE-02,8.435,2025,territorializacao_aproximada,nivel_4,True
4306551,INF-ENE-01,9.86,2025,observado,nivel_1,False
4306551,INF-ENE-02,4.84,2025,observado,nivel_1,False
4306601,INF-ENE-01,17.835,2025,territorializacao_aproximada,nivel_4,True
4306601,INF-ENE-02,6.55,2025,territorializacao_aproximada,nivel_4,True
4306700,INF-ENE-01,18.225,2025,territorializacao_aproximada,nivel_4,True
4306700,INF-ENE-02,8.53,2025,territorializacao_aproximada,nivel_4,True
4306734,INF-ENE-01,14.156667,2025,territorializacao_aproximada,nivel_4,True
4306734,INF-ENE-02,9.476667,2025,territorializacao_aproximada,nivel_4,True
4306759,INF-ENE-01,12.95,2025,territorializacao_aproximada,nivel_4,True
4306759,INF-ENE-02,5.385,2025,territorializacao_aproximada,nivel_4,True
4306767,INF-ENE-01,11.32,2025,territorializacao_aproximada,nivel_4,True
4306767,INF-ENE-02,4.8425,2025,territorializacao_aproximada,nivel_4,True
4306809,INF-ENE-01,16.798,2025,territorializacao_aproximada,nivel_4,True
4306809,INF-ENE-02,8.262,2025,territorializacao_aproximada,nivel_4,True
4306908,INF-ENE-01,18.19,2025,territorializacao_aproximada,nivel_4,True
4306908,INF-ENE-02,7.942,2025,territorializacao_aproximada,nivel_4,True
4306924,INF-ENE-01,13.016667,2025,territorializacao_aproximada,nivel_4,True
4306924,INF-ENE-02,5.89,2025,territorializacao_aproximada,nivel_4,True
4306932,INF-ENE-01,8.9825,2025,territorializacao_aproximada,nivel_4,True
4306932,INF-ENE-02,6.44,2025,territorializacao_aproximada,nivel_4,True
4306957,INF-ENE-01,23.595,2025,territorializacao_aproximada,nivel_4,True
4306957,INF-ENE-02,11.07,2025,territorializacao_aproximada,nivel_4,True
4306973,INF-ENE-01,14.036667,2025,territorializacao_aproximada,nivel_4,True
4306973,INF-ENE-02,6.153333,2025,territorializacao_aproximada,nivel_4,True
4307005,INF-ENE-01,13.484,2025,territorializacao_aproximada,nivel_4,True
4307005,INF-ENE-02,6.144,2025,territorializacao_aproximada,nivel_4,True
4307054,INF-ENE-01,12.205,2025,territorializacao_aproximada,nivel_4,True
4307054,INF-ENE-02,6.205,2025,territorializacao_aproximada,nivel_4,True
4307104,INF-ENE-01,23.45,2025,territorializacao_aproximada,nivel_4,True
4307104,INF-ENE-02,9.205,2025,territorializacao_aproximada,nivel_4,True
4307203,INF-ENE-01,18.07,2025,territorializacao_aproximada,nivel_4,True
4307203,INF-ENE-02,8.65,2025,territorializacao_aproximada,nivel_4,True
4307302,INF-ENE-01,13.276667,2025,territorializacao_aproximada,nivel_4,True
4307302,INF-ENE-02,7.996667,2025,territorializacao_aproximada,nivel_4,True
4307401,INF-ENE-01,13.193333,2025,territorializacao_aproximada,nivel_4,True
4307401,INF-ENE-02,7.176667,2025,territorializacao_aproximada,nivel_4,True
4307450,INF-ENE-01,15.69,2025,observado,nivel_1,False
4307450,INF-ENE-02,9.88,2025,observado,nivel_1,False
4307500,INF-ENE-01,12.295,2025,territorializacao_aproximada,nivel_4,True
4307500,INF-ENE-02,6.985,2025,territorializacao_aproximada,nivel_4,True
4307559,INF-ENE-01,17.443333,2025,territorializacao_aproximada,nivel_4,True
4307559,INF-ENE-02,7.976667,2025,territorializacao_aproximada,nivel_4,True
4307609,INF-ENE-01,7.1625,2025,territorializacao_aproximada,nivel_4,True
4307609,INF-ENE-02,3.805,2025,territorializacao_aproximada,nivel_4,True
4307708,INF-ENE-01,6.37,2025,territorializacao_aproximada,nivel_4,True
4307708,INF-ENE-02,3.628333,2025,territorializacao_aproximada,nivel_4,True
4307807,INF-ENE-01,9.755,2025,territorializacao_aproximada,nivel_4,True
4307807,INF-ENE-02,4.615,2025,territorializacao_aproximada,nivel_4,True
4307815,INF-ENE-01,22.36,2025,territorializacao_aproximada,nivel_4,True
4307815,INF-ENE-02,8.605,2025,territorializacao_aproximada,nivel_4,True
4307831,INF-ENE-01,10.003333,2025,territorializacao_aproximada,nivel_4,True
4307831,INF-ENE-02,7.68,2025,territorializacao_aproximada,nivel_4,True
4307864,INF-ENE-01,12.25,2025,territorializacao_aproximada,nivel_4,True
4307864,INF-ENE-02,5.9,2025,territorializacao_aproximada,nivel_4,True
4307906,INF-ENE-01,11.2575,2025,territorializacao_aproximada,nivel_4,True
4307906,INF-ENE-02,5.3925,2025,territorializacao_aproximada,nivel_4,True
4308003,INF-ENE-01,16.77,2025,territorializacao_aproximada,nivel_4,True
4308003,INF-ENE-02,7.36,2025,territorializacao_aproximada,nivel_4,True
4308052,INF-ENE-01,23.595,2025,territorializacao_aproximada,nivel_4,True
4308052,INF-ENE-02,11.07,2025,territorializacao_aproximada,nivel_4,True
4308078,INF-ENE-01,13.01,2025,territorializacao_aproximada,nivel_4,True
4308078,INF-ENE-02,6.095,2025,territorializacao_aproximada,nivel_4,True
4308102,INF-ENE-01,12.84,2025,territorializacao_aproximada,nivel_4,True
4308102,INF-ENE-02,4.775,2025,territorializacao_aproximada,nivel_4,True
4308201,INF-ENE-01,10.07,2025,territorializacao_aproximada,nivel_4,True
4308201,INF-ENE-02,4.711667,2025,territorializacao_aproximada,nivel_4,True
4308250,INF-ENE-01,18.1475,2025,territorializacao_aproximada,nivel_4,True
4308250,INF-ENE-02,8.42,2025,territorializacao_aproximada,nivel_4,True
4308300,INF-ENE-01,27.085,2025,territorializacao_aproximada,nivel_4,True
4308300,INF-ENE-02,15.83,2025,territorializacao_aproximada,nivel_4,True
4308409,INF-ENE-01,12.07,2025,observado,nivel_1,False
4308409,INF-ENE-02,4.07,2025,observado,nivel_1,False
4308433,INF-ENE-01,10.765,2025,territorializacao_aproximada,nivel_4,True
4308433,INF-ENE-02,7.575,2025,territorializacao_aproximada,nivel_4,True
4308458,INF-ENE-01,12.295,2025,territorializacao_aproximada,nivel_4,True
4308458,INF-ENE-02,6.985,2025,territorializacao_aproximada,nivel_4,True
4308508,INF-ENE-01,12.07,2025,territorializacao_aproximada,nivel_4,True
4308508,INF-ENE-02,7.055,2025,territorializacao_aproximada,nivel_4,True
4308607,INF-ENE-01,8.305,2025,territorializacao_aproximada,nivel_4,True
4308607,INF-ENE-02,3.955,2025,territorializacao_aproximada,nivel_4,True
4308656,INF-ENE-01,12.23,2025,observado,nivel_1,False
4308656,INF-ENE-02,5.54,2025,observado,nivel_1,False
4308706,INF-ENE-01,15.1375,2025,territorializacao_aproximada,nivel_4,True
4308706,INF-ENE-02,7.0925,2025,territorializacao_aproximada,nivel_4,True
4308805,INF-ENE-01,13.893333,2025,territorializacao_aproximada,nivel_4,True
4308805,INF-ENE-02,6.573333,2025,territorializacao_aproximada,nivel_4,True
4308854,INF-ENE-01,15.01,2025,territorializacao_aproximada,nivel_4,True
4308854,INF-ENE-02,7.8,2025,territorializacao_aproximada,nivel_4,True
4308904,INF-ENE-01,15.922,2025,territorializacao_aproximada,nivel_4,True
4308904,INF-ENE-02,7.498,2025,territorializacao_aproximada,nivel_4,True
4309001,INF-ENE-01,13.466667,2025,territorializacao_aproximada,nivel_4,True
4309001,INF-ENE-02,9.35,2025,territorializacao_aproximada,nivel_4,True
4309050,INF-ENE-01,9.91,2025,territorializacao_aproximada,nivel_4,True
4309050,INF-ENE-02,5.563333,2025,territorializacao_aproximada,nivel_4,True
4309100,INF-ENE-01,10.652,2025,territorializacao_aproximada,nivel_4,True
4309100,INF-ENE-02,4.606,2025,territorializacao_aproximada,nivel_4,True
4309126,INF-ENE-01,20.3,2025,territorializacao_aproximada,nivel_4,True
4309126,INF-ENE-02,9.746667,2025,territorializacao_aproximada,nivel_4,True
4309159,INF-ENE-01,25.056667,2025,territorializacao_aproximada,nivel_4,True
4309159,INF-ENE-02,13.09,2025,territorializacao_aproximada,nivel_4,True
4309209,INF-ENE-01,8.438,2025,territorializacao_aproximada,nivel_4,True
4309209,INF-ENE-02,4.824,2025,territorializacao_aproximada,nivel_4,True
4309258,INF-ENE-01,12.78,2025,observado,nivel_1,False
4309258,INF-ENE-02,6.32,2025,observado,nivel_1,False
4309308,INF-ENE-01,10.93,2025,territorializacao_aproximada,nivel_4,True
4309308,INF-ENE-02,4.05,2025,territorializacao_aproximada,nivel_4,True
4309407,INF-ENE-01,18.99,2025,territorializacao_aproximada,nivel_4,True
4309407,INF-ENE-02,9.675,2025,territorializacao_aproximada,nivel_4,True
4309506,INF-ENE-01,14.1075,2025,territorializacao_aproximada,nivel_4,True
4309506,INF-ENE-02,8.6525,2025,territorializacao_aproximada,nivel_4,True
4309555,INF-ENE-01,13.046667,2025,territorializacao_aproximada,nivel_4,True
4309555,INF-ENE-02,6.98,2025,territorializacao_aproximada,nivel_4,True
4309571,INF-ENE-01,16.355,2025,territorializacao_aproximada,nivel_4,True
4309571,INF-ENE-02,6.63,2025,territorializacao_aproximada,nivel_4,True
4309605,INF-ENE-01,13.5475,2025,territorializacao_aproximada,nivel_4,True
4309605,INF-ENE-02,8.9,2025,territorializacao_aproximada,nivel_4,True
4309654,INF-ENE-01,16.7,2025,territorializacao_aproximada,nivel_4,True
4309654,INF-ENE-02,8.14,2025,territorializacao_aproximada,nivel_4,True
4309704,INF-ENE-01,13.705,2025,territorializacao_aproximada,nivel_4,True
4309704,INF-ENE-02,8.525,2025,territorializacao_aproximada,nivel_4,True
4309753,INF-ENE-01,22.36,2025,territorializacao_aproximada,nivel_4,True
4309753,INF-ENE-02,8.605,2025,territorializacao_aproximada,nivel_4,True
4309803,INF-ENE-01,15.946667,2025,territorializacao_aproximada,nivel_4,True
4309803,INF-ENE-02,7.816667,2025,territorializacao_aproximada,nivel_4,True
4309902,INF-ENE-01,13.923333,2025,territorializacao_aproximada,nivel_4,True
4309902,INF-ENE-02,7.77,2025,territorializacao_aproximada,nivel_4,True
4309951,INF-ENE-01,12.205,2025,territorializacao_aproximada,nivel_4,True
4309951,INF-ENE-02,6.205,2025,territorializacao_aproximada,nivel_4,True
4310009,INF-ENE-01,12.295,2025,territorializacao_aproximada,nivel_4,True
4310009,INF-ENE-02,6.985,2025,territorializacao_aproximada,nivel_4,True
4310108,INF-ENE-01,7.9575,2025,territorializacao_aproximada,nivel_4,True
4310108,INF-ENE-02,3.63,2025,territorializacao_aproximada,nivel_4,True
4310207,INF-ENE-01,5.793333,2025,territorializacao_aproximada,nivel_4,True
4310207,INF-ENE-02,5.72,2025,territorializacao_aproximada,nivel_4,True
4310306,INF-ENE-01,19.615,2025,territorializacao_aproximada,nivel_4,True
4310306,INF-ENE-02,8.835,2025,territorializacao_aproximada,nivel_4,True
4310330,INF-ENE-01,13.09,2025,territorializacao_aproximada,nivel_4,True
4310330,INF-ENE-02,6.283333,2025,territorializacao_aproximada,nivel_4,True
4310363,INF-ENE-01,12.003333,2025,territorializacao_aproximada,nivel_4,True
4310363,INF-ENE-02,5.276667,2025,territorializacao_aproximada,nivel_4,True
4310405,INF-ENE-01,13.594,2025,territorializacao_aproximada,nivel_4,True
4310405,INF-ENE-02,9.394,2025,territorializacao_aproximada,nivel_4,True
4310413,INF-ENE-01,12.88,2025,territorializacao_aproximada,nivel_4,True
4310413,INF-ENE-02,9.723333,2025,territorializacao_aproximada,nivel_4,True
4310439,INF-ENE-01,13.84,2025,territorializacao_aproximada,nivel_4,True
4310439,INF-ENE-02,6.566667,2025,territorializacao_aproximada,nivel_4,True
4310462,INF-ENE-01,17.545,2025,territorializacao_aproximada,nivel_4,True
4310462,INF-ENE-02,7.325,2025,territorializacao_aproximada,nivel_4,True
4310504,INF-ENE-01,12.07,2025,territorializacao_aproximada,nivel_4,True
4310504,INF-ENE-02,7.055,2025,territorializacao_aproximada,nivel_4,True
4310538,INF-ENE-01,8.752,2025,territorializacao_aproximada,nivel_4,True
4310538,INF-ENE-02,3.988,2025,territorializacao_aproximada,nivel_4,True
4310553,INF-ENE-01,13.42,2025,territorializacao_aproximada,nivel_4,True
4310553,INF-ENE-02,5.64,2025,territorializacao_aproximada,nivel_4,True
4310579,INF-ENE-01,17.575,2025,territorializacao_aproximada,nivel_4,True
4310579,INF-ENE-02,8.99,2025,territorializacao_aproximada,nivel_4,True
4310603,INF-ENE-01,16.155,2025,territorializacao_aproximada,nivel_4,True
4310603,INF-ENE-02,6.1775,2025,territorializacao_aproximada,nivel_4,True
4310652,INF-ENE-01,19.09,2025,observado,nivel_1,False
4310652,INF-ENE-02,9.22,2025,observado,nivel_1,False
4310702,INF-ENE-01,18.07,2025,territorializacao_aproximada,nivel_4,True
4310702,INF-ENE-02,8.65,2025,territorializacao_aproximada,nivel_4,True
4310751,INF-ENE-01,6.2575,2025,territorializacao_aproximada,nivel_4,True
4310751,INF-ENE-02,3.485,2025,territorializacao_aproximada,nivel_4,True
4310801,INF-ENE-01,7.742,2025,territorializacao_aproximada,nivel_4,True
4310801,INF-ENE-02,4.37,2025,territorializacao_aproximada,nivel_4,True
4310850,INF-ENE-01,10.43,2025,observado,nivel_1,False
4310850,INF-ENE-02,7.01,2025,observado,nivel_1,False
4310876,INF-ENE-01,17.62,2025,observado,nivel_1,False
4310876,INF-ENE-02,10.1,2025,observado,nivel_1,False
4310900,INF-ENE-01,17.62,2025,territorializacao_aproximada,nivel_4,True
4310900,INF-ENE-02,8.055,2025,territorializacao_aproximada,nivel_4,True
4311007,INF-ENE-01,18.395,2025,territorializacao_aproximada,nivel_4,True
4311007,INF-ENE-02,6.87,2025,territorializacao_aproximada,nivel_4,True
4311106,INF-ENE-01,14.61,2025,observado,nivel_1,False
4311106,INF-ENE-02,5.74,2025,observado,nivel_1,False
4311122,INF-ENE-01,13.995,2025,territorializacao_aproximada,nivel_4,True
4311122,INF-ENE-02,6.495,2025,territorializacao_aproximada,nivel_4,True
4311130,INF-ENE-01,14.8425,2025,territorializacao_aproximada,nivel_4,True
4311130,INF-ENE-02,6.7875,2025,territorializacao_aproximada,nivel_4,True
4311155,INF-ENE-01,11.648,2025,territorializacao_aproximada,nivel_4,True
4311155,INF-ENE-02,7.496,2025,territorializacao_aproximada,nivel_4,True
4311205,INF-ENE-01,16.17,2025,territorializacao_aproximada,nivel_4,True
4311205,INF-ENE-02,7.875,2025,territorializacao_aproximada,nivel_4,True
4311239,INF-ENE-01,19.3575,2025,territorializacao_aproximada,nivel_4,True
4311239,INF-ENE-02,7.6175,2025,territorializacao_aproximada,nivel_4,True
4311254,INF-ENE-01,20.835,2025,territorializacao_aproximada,nivel_4,True
4311254,INF-ENE-02,8.73,2025,territorializacao_aproximada,nivel_4,True
4311270,INF-ENE-01,12.295,2025,territorializacao_aproximada,nivel_4,True
4311270,INF-ENE-02,6.985,2025,territorializacao_aproximada,nivel_4,True
4311304,INF-ENE-01,13.92,2025,territorializacao_aproximada,nivel_4,True
4311304,INF-ENE-02,7.426,2025,territorializacao_aproximada,nivel_4,True
4311403,INF-ENE-01,10.122,2025,territorializacao_aproximada,nivel_4,True
4311403,INF-ENE-02,4.652,2025,territorializacao_aproximada,nivel_4,True
4311429,INF-ENE-01,9.4825,2025,territorializacao_aproximada,nivel_4,True
4311429,INF-ENE-02,4.3925,2025,territorializacao_aproximada,nivel_4,True
4311502,INF-ENE-01,21.8725,2025,territorializacao_aproximada,nivel_4,True
4311502,INF-ENE-02,8.5925,2025,territorializacao_aproximada,nivel_4,True
4311601,INF-ENE-01,12.638,2025,territorializacao_aproximada,nivel_4,True
4311601,INF-ENE-02,6.356,2025,territorializacao_aproximada,nivel_4,True
4311627,INF-ENE-01,9.823333,2025,territorializacao_aproximada,nivel_4,True
4311627,INF-ENE-02,5.643333,2025,territorializacao_aproximada,nivel_4,True
4311643,INF-ENE-01,12.84,2025,territorializacao_aproximada,nivel_4,True
4311643,INF-ENE-02,4.775,2025,territorializacao_aproximada,nivel_4,True
4311700,INF-ENE-01,21.345,2025,territorializacao_aproximada,nivel_4,True
4311700,INF-ENE-02,9.68,2025,territorializacao_aproximada,nivel_4,True
4311718,INF-ENE-01,16.155,2025,territorializacao_aproximada,nivel_4,True
4311718,INF-ENE-02,6.1775,2025,territorializacao_aproximada,nivel_4,True
4311734,INF-ENE-01,14.475,2025,territorializacao_aproximada,nivel_4,True
4311734,INF-ENE-02,7.03,2025,territorializacao_aproximada,nivel_4,True
4311759,INF-ENE-01,18.943333,2025,territorializacao_aproximada,nivel_4,True
4311759,INF-ENE-02,6.936667,2025,territorializacao_aproximada,nivel_4,True
4311775,INF-ENE-01,12.4075,2025,territorializacao_aproximada,nivel_4,True
4311775,INF-ENE-02,5.5575,2025,territorializacao_aproximada,nivel_4,True
4311791,INF-ENE-01,13.78,2025,territorializacao_aproximada,nivel_4,True
4311791,INF-ENE-02,7.875,2025,territorializacao_aproximada,nivel_4,True
4311809,INF-ENE-01,10.223333,2025,territorializacao_aproximada,nivel_4,True
4311809,INF-ENE-02,5.72,2025,territorializacao_aproximada,nivel_4,True
4311908,INF-ENE-01,17.365,2025,territorializacao_aproximada,nivel_4,True
4311908,INF-ENE-02,8.405,2025,territorializacao_aproximada,nivel_4,True
4311981,INF-ENE-01,17.6175,2025,territorializacao_aproximada,nivel_4,True
4311981,INF-ENE-02,8.695,2025,territorializacao_aproximada,nivel_4,True
4312005,INF-ENE-01,19.615,2025,territorializacao_aproximada,nivel_4,True
4312005,INF-ENE-02,9.795,2025,territorializacao_aproximada,nivel_4,True
4312054,INF-ENE-01,10.765,2025,territorializacao_aproximada,nivel_4,True
4312054,INF-ENE-02,7.575,2025,territorializacao_aproximada,nivel_4,True
4312104,INF-ENE-01,12.63,2025,territorializacao_aproximada,nivel_4,True
4312104,INF-ENE-02,5.19,2025,territorializacao_aproximada,nivel_4,True
4312138,INF-ENE-01,17.24,2025,observado,nivel_1,False
4312138,INF-ENE-02,9.28,2025,observado,nivel_1,False
4312153,INF-ENE-01,13.046667,2025,territorializacao_aproximada,nivel_4,True
4312153,INF-ENE-02,5.203333,2025,territorializacao_aproximada,nivel_4,True
4312179,INF-ENE-01,13.08,2025,observado,nivel_1,False
4312179,INF-ENE-02,9.72,2025,observado,nivel_1,False
4312203,INF-ENE-01,17.365,2025,territorializacao_aproximada,nivel_4,True
4312203,INF-ENE-02,8.405,2025,territorializacao_aproximada,nivel_4,True
4312252,INF-ENE-01,12.595,2025,territorializacao_aproximada,nivel_4,True
4312252,INF-ENE-02,6.23,2025,territorializacao_aproximada,nivel_4,True
4312302,INF-ENE-01,12.613333,2025,territorializacao_aproximada,nivel_4,True
4312302,INF-ENE-02,8.02,2025,territorializacao_aproximada,nivel_4,True
4312351,INF-ENE-01,20.4475,2025,territorializacao_aproximada,nivel_4,True
4312351,INF-ENE-02,10.4375,2025,territorializacao_aproximada,nivel_4,True
4312377,INF-ENE-01,13.995,2025,territorializacao_aproximada,nivel_4,True
4312377,INF-ENE-02,6.495,2025,territorializacao_aproximada,nivel_4,True
4312385,INF-ENE-01,7.09,2025,territorializacao_aproximada,nivel_4,True
4312385,INF-ENE-02,3.48,2025,territorializacao_aproximada,nivel_4,True
4312401,INF-ENE-01,12.5025,2025,territorializacao_aproximada,nivel_4,True
4312401,INF-ENE-02,5.8825,2025,territorializacao_aproximada,nivel_4,True
4312427,INF-ENE-01,11.685,2025,territorializacao_aproximada,nivel_4,True
4312427,INF-ENE-02,6.795,2025,territorializacao_aproximada,nivel_4,True
4312443,INF-ENE-01,14.475,2025,territorializacao_aproximada,nivel_4,True
4312443,INF-ENE-02,7.03,2025,territorializacao_aproximada,nivel_4,True
4312450,INF-ENE-01,21.775,2025,territorializacao_aproximada,nivel_4,True
4312450,INF-ENE-02,9.005,2025,territorializacao_aproximada,nivel_4,True
4312476,INF-ENE-01,8.635,2025,territorializacao_aproximada,nivel_4,True
4312476,INF-ENE-02,4.83,2025,territorializacao_aproximada,nivel_4,True
4312500,INF-ENE-01,23.135,2025,territorializacao_aproximada,nivel_4,True
4312500,INF-ENE-02,8.035,2025,territorializacao_aproximada,nivel_4,True
4312609,INF-ENE-01,16.5,2025,observado,nivel_1,False
4312609,INF-ENE-02,6.6,2025,observado,nivel_1,False
4312617,INF-ENE-01,13.496667,2025,territorializacao_aproximada,nivel_4,True
4312617,INF-ENE-02,7.03,2025,territorializacao_aproximada,nivel_4,True
4312625,INF-ENE-01,14.495,2025,territorializacao_aproximada,nivel_4,True
4312625,INF-ENE-02,8.495,2025,territorializacao_aproximada,nivel_4,True
4312658,INF-ENE-01,9.94,2025,territorializacao_aproximada,nivel_4,True
4312658,INF-ENE-02,6.356667,2025,territorializacao_aproximada,nivel_4,True
4312674,INF-ENE-01,17.24,2025,observado,nivel_1,False
4312674,INF-ENE-02,9.28,2025,observado,nivel_1,False
4312708,INF-ENE-01,16.196,2025,territorializacao_aproximada,nivel_4,True
4312708,INF-ENE-02,7.414,2025,territorializacao_aproximada,nivel_4,True
4312757,INF-ENE-01,23.076667,2025,territorializacao_aproximada,nivel_4,True
4312757,INF-ENE-02,12.2,2025,territorializacao_aproximada,nivel_4,True
4312807,INF-ENE-01,21.516667,2025,territorializacao_aproximada,nivel_4,True
4312807,INF-ENE-02,10.823333,2025,territorializacao_aproximada,nivel_4,True
4312906,INF-ENE-01,21.516667,2025,territorializacao_aproximada,nivel_4,True
4312906,INF-ENE-02,10.823333,2025,territorializacao_aproximada,nivel_4,True
4312955,INF-ENE-01,10.286667,2025,territorializacao_aproximada,nivel_4,True
4312955,INF-ENE-02,5.036667,2025,territorializacao_aproximada,nivel_4,True
4313003,INF-ENE-01,21.703333,2025,territorializacao_aproximada,nivel_4,True
4313003,INF-ENE-02,10.59,2025,territorializacao_aproximada,nivel_4,True
4313011,INF-ENE-01,13.705,2025,territorializacao_aproximada,nivel_4,True
4313011,INF-ENE-02,8.525,2025,territorializacao_aproximada,nivel_4,True
4313037,INF-ENE-01,14.61,2025,observado,nivel_1,False
4313037,INF-ENE-02,5.74,2025,observado,nivel_1,False
4313060,INF-ENE-01,7.185,2025,territorializacao_aproximada,nivel_4,True
4313060,INF-ENE-02,3.54,2025,territorializacao_aproximada,nivel_4,True
4313086,INF-ENE-01,10.08,2025,territorializacao_aproximada,nivel_4,True
4313086,INF-ENE-02,4.5475,2025,territorializacao_aproximada,nivel_4,True
4313102,INF-ENE-01,18.225,2025,territorializacao_aproximada,nivel_4,True
4313102,INF-ENE-02,8.53,2025,territorializacao_aproximada,nivel_4,True
4313201,INF-ENE-01,11.795,2025,territorializacao_aproximada,nivel_4,True
4313201,INF-ENE-02,4.595,2025,territorializacao_aproximada,nivel_4,True
4313300,INF-ENE-01,12.095,2025,territorializacao_aproximada,nivel_4,True
4313300,INF-ENE-02,6.275,2025,territorializacao_aproximada,nivel_4,True
4313334,INF-ENE-01,8.66,2025,observado,nivel_1,False
4313334,INF-ENE-02,8.68,2025,observado,nivel_1,False
4313359,INF-ENE-01,11.6,2025,territorializacao_aproximada,nivel_4,True
4313359,INF-ENE-02,5.1425,2025,territorializacao_aproximada,nivel_4,True
4313375,INF-ENE-01,7.45,2025,territorializacao_aproximada,nivel_4,True
4313375,INF-ENE-02,3.811429,2025,territorializacao_aproximada,nivel_4,True
4313391,INF-ENE-01,17.125,2025,territorializacao_aproximada,nivel_4,True
4313391,INF-ENE-02,6.7325,2025,territorializacao_aproximada,nivel_4,True
4313409,INF-ENE-01,6.136667,2025,territorializacao_aproximada,nivel_4,True
4313409,INF-ENE-02,3.3925,2025,territorializacao_aproximada,nivel_4,True
4313425,INF-ENE-01,11.856667,2025,territorializacao_aproximada,nivel_4,True
4313425,INF-ENE-02,7.763333,2025,territorializacao_aproximada,nivel_4,True
4313441,INF-ENE-01,10.43,2025,observado,nivel_1,False
4313441,INF-ENE-02,7.01,2025,observado,nivel_1,False
4313466,INF-ENE-01,10.04,2025,territorializacao_aproximada,nivel_4,True
4313466,INF-ENE-02,3.915,2025,territorializacao_aproximada,nivel_4,True
4313490,INF-ENE-01,9.742,2025,territorializacao_aproximada,nivel_4,True
4313490,INF-ENE-02,4.97,2025,territorializacao_aproximada,nivel_4,True
4313508,INF-ENE-01,15.75,2025,territorializacao_aproximada,nivel_4,True
4313508,INF-ENE-02,5.68,2025,territorializacao_aproximada,nivel_4,True
4313607,INF-ENE-01,20.983333,2025,territorializacao_aproximada,nivel_4,True
4313607,INF-ENE-02,9.703333,2025,territorializacao_aproximada,nivel_4,True
4313656,INF-ENE-01,14.19,2025,territorializacao_aproximada,nivel_4,True
4313656,INF-ENE-02,5.37,2025,territorializacao_aproximada,nivel_4,True
4313706,INF-ENE-01,11.766667,2025,territorializacao_aproximada,nivel_4,True
4313706,INF-ENE-02,7.613333,2025,territorializacao_aproximada,nivel_4,True
4313805,INF-ENE-01,13.276667,2025,territorializacao_aproximada,nivel_4,True
4313805,INF-ENE-02,7.996667,2025,territorializacao_aproximada,nivel_4,True
4313904,INF-ENE-01,11.24,2025,territorializacao_aproximada,nivel_4,True
4313904,INF-ENE-02,7.205,2025,territorializacao_aproximada,nivel_4,True
4313953,INF-ENE-01,13.71,2025,territorializacao_aproximada,nivel_4,True
4313953,INF-ENE-02,6.395,2025,territorializacao_aproximada,nivel_4,True
4314001,INF-ENE-01,25.995,2025,territorializacao_aproximada,nivel_4,True
4314001,INF-ENE-02,13.66,2025,territorializacao_aproximada,nivel_4,True
4314027,INF-ENE-01,18.81,2025,territorializacao_aproximada,nivel_4,True
4314027,INF-ENE-02,7.62,2025,territorializacao_aproximada,nivel_4,True
4314035,INF-ENE-01,9.675,2025,territorializacao_aproximada,nivel_4,True
4314035,INF-ENE-02,4.125,2025,territorializacao_aproximada,nivel_4,True
4314050,INF-ENE-01,8.32,2025,territorializacao_aproximada,nivel_4,True
4314050,INF-ENE-02,3.973333,2025,territorializacao_aproximada,nivel_4,True
4314068,INF-ENE-01,19.3575,2025,territorializacao_aproximada,nivel_4,True
4314068,INF-ENE-02,7.6175,2025,territorializacao_aproximada,nivel_4,True
4314076,INF-ENE-01,16.88,2025,territorializacao_aproximada,nivel_4,True
4314076,INF-ENE-02,7.134,2025,territorializacao_aproximada,nivel_4,True
4314100,INF-ENE-01,7.86,2025,territorializacao_aproximada,nivel_4,True
4314100,INF-ENE-02,4.814,2025,territorializacao_aproximada,nivel_4,True
4314134,INF-ENE-01,7.02,2025,observado,nivel_1,False
4314134,INF-ENE-02,3.81,2025,observado,nivel_1,False
4314159,INF-ENE-01,13.01,2025,territorializacao_aproximada,nivel_4,True
4314159,INF-ENE-02,6.095,2025,territorializacao_aproximada,nivel_4,True
4314175,INF-ENE-01,23.03,2025,observado,nivel_1,False
4314175,INF-ENE-02,9.16,2025,observado,nivel_1,False
4314209,INF-ENE-01,23.87,2025,observado,nivel_1,False
4314209,INF-ENE-02,9.25,2025,observado,nivel_1,False
4314308,INF-ENE-01,9.66,2025,territorializacao_aproximada,nivel_4,True
4314308,INF-ENE-02,5.21,2025,territorializacao_aproximada,nivel_4,True
4314407,INF-ENE-01,13.696667,2025,territorializacao_aproximada,nivel_4,True
4314407,INF-ENE-02,6.615,2025,territorializacao_aproximada,nivel_4,True
4314423,INF-ENE-01,14.22,2025,observado,nivel_1,False
4314423,INF-ENE-02,5.57,2025,observado,nivel_1,False
4314456,INF-ENE-01,10.43,2025,observado,nivel_1,False
4314456,INF-ENE-02,7.01,2025,observado,nivel_1,False
4314464,INF-ENE-01,13.11,2025,territorializacao_aproximada,nivel_4,True
4314464,INF-ENE-02,7.385,2025,territorializacao_aproximada,nivel_4,True
4314472,INF-ENE-01,20.735,2025,territorializacao_aproximada,nivel_4,True
4314472,INF-ENE-02,8.265,2025,territorializacao_aproximada,nivel_4,True
4314498,INF-ENE-01,13.276667,2025,territorializacao_aproximada,nivel_4,True
4314498,INF-ENE-02,7.996667,2025,territorializacao_aproximada,nivel_4,True
4314506,INF-ENE-01,20.8125,2025,territorializacao_aproximada,nivel_4,True
4314506,INF-ENE-02,8.1625,2025,territorializacao_aproximada,nivel_4,True
4314548,INF-ENE-01,,2025,ausente,,False
4314548,INF-ENE-02,,2025,ausente,,False
4314555,INF-ENE-01,11.45,2025,territorializacao_aproximada,nivel_4,True
4314555,INF-ENE-02,6.72,2025,territorializacao_aproximada,nivel_4,True
4314605,INF-ENE-01,22.62,2025,territorializacao_aproximada,nivel_4,True
4314605,INF-ENE-02,9.163333,2025,territorializacao_aproximada,nivel_4,True
4314704,INF-ENE-01,12.07,2025,territorializacao_aproximada,nivel_4,True
4314704,INF-ENE-02,7.055,2025,territorializacao_aproximada,nivel_4,True
4314753,INF-ENE-01,13.495,2025,territorializacao_aproximada,nivel_4,True
4314753,INF-ENE-02,8.435,2025,territorializacao_aproximada,nivel_4,True
4314779,INF-ENE-01,11.235,2025,territorializacao_aproximada,nivel_4,True
4314779,INF-ENE-02,7.19,2025,territorializacao_aproximada,nivel_4,True
4314787,INF-ENE-01,18.07,2025,territorializacao_aproximada,nivel_4,True
4314787,INF-ENE-02,8.65,2025,territorializacao_aproximada,nivel_4,True
4314803,INF-ENE-01,7.641667,2025,territorializacao_aproximada,nivel_4,True
4314803,INF-ENE-02,4.015,2025,territorializacao_aproximada,nivel_4,True
4314902,INF-ENE-01,5.616957,2025,territorializacao_aproximada,nivel_4,True
4314902,INF-ENE-02,2.656522,2025,territorializacao_aproximada,nivel_4,True
4315008,INF-ENE-01,16.253333,2025,territorializacao_aproximada,nivel_4,True
4315008,INF-ENE-02,10.083333,2025,territorializacao_aproximada,nivel_4,True
4315057,INF-ENE-01,13.525,2025,territorializacao_aproximada,nivel_4,True
4315057,INF-ENE-02,9.03,2025,territorializacao_aproximada,nivel_4,True
4315073,INF-ENE-01,17.72,2025,territorializacao_aproximada,nivel_4,True
4315073,INF-ENE-02,10.795,2025,territorializacao_aproximada,nivel_4,True
4315107,INF-ENE-01,11.533333,2025,territorializacao_aproximada,nivel_4,True
4315107,INF-ENE-02,6.676667,2025,territorializacao_aproximada,nivel_4,True
4315131,INF-ENE-01,14.96,2025,observado,nivel_1,False
4315131,INF-ENE-02,10.66,2025,observado,nivel_1,False
4315149,INF-ENE-01,9.823333,2025,territorializacao_aproximada,nivel_4,True
4315149,INF-ENE-02,5.643333,2025,territorializacao_aproximada,nivel_4,True
4315156,INF-ENE-01,27.085,2025,territorializacao_aproximada,nivel_4,True
4315156,INF-ENE-02,15.83,2025,territorializacao_aproximada,nivel_4,True
4315172,INF-ENE-01,13.19,2025,territorializacao_aproximada,nivel_4,True
4315172,INF-ENE-02,6.39,2025,territorializacao_aproximada,nivel_4,True
4315206,INF-ENE-01,18.12,2025,territorializacao_aproximada,nivel_4,True
4315206,INF-ENE-02,10.075,2025,territorializacao_aproximada,nivel_4,True
4315305,INF-ENE-01,17.845,2025,territorializacao_aproximada,nivel_4,True
4315305,INF-ENE-02,6.8775,2025,territorializacao_aproximada,nivel_4,True
4315313,INF-ENE-01,14.036667,2025,territorializacao_aproximada,nivel_4,True
4315313,INF-ENE-02,6.153333,2025,territorializacao_aproximada,nivel_4,True
4315321,INF-ENE-01,17.075,2025,territorializacao_aproximada,nivel_4,True
4315321,INF-ENE-02,8.535,2025,territorializacao_aproximada,nivel_4,True
4315354,INF-ENE-01,12.295,2025,territorializacao_aproximada,nivel_4,True
4315354,INF-ENE-02,6.985,2025,territorializacao_aproximada,nivel_4,True
4315404,INF-ENE-01,12.613333,2025,territorializacao_aproximada,nivel_4,True
4315404,INF-ENE-02,8.02,2025,territorializacao_aproximada,nivel_4,True
4315453,INF-ENE-01,21.703333,2025,territorializacao_aproximada,nivel_4,True
4315453,INF-ENE-02,10.59,2025,territorializacao_aproximada,nivel_4,True
4315503,INF-ENE-01,15.505,2025,territorializacao_aproximada,nivel_4,True
4315503,INF-ENE-02,6.9325,2025,territorializacao_aproximada,nivel_4,True
4315552,INF-ENE-01,20.3,2025,territorializacao_aproximada,nivel_4,True
4315552,INF-ENE-02,9.746667,2025,territorializacao_aproximada,nivel_4,True
4315602,INF-ENE-01,11.148333,2025,territorializacao_aproximada,nivel_4,True
4315602,INF-ENE-02,4.153333,2025,territorializacao_aproximada,nivel_4,True
4315701,INF-ENE-01,15.634,2025,territorializacao_aproximada,nivel_4,True
4315701,INF-ENE-02,6.553,2025,territorializacao_aproximada,nivel_4,True
4315750,INF-ENE-01,12.61,2025,territorializacao_aproximada,nivel_4,True
4315750,INF-ENE-02,5.535,2025,territorializacao_aproximada,nivel_4,True
4315800,INF-ENE-01,11.3525,2025,territorializacao_aproximada,nivel_4,True
4315800,INF-ENE-02,5.0,2025,territorializacao_aproximada,nivel_4,True
4315909,INF-ENE-01,10.43,2025,observado,nivel_1,False
4315909,INF-ENE-02,7.01,2025,observado,nivel_1,False
4315958,INF-ENE-01,11.333333,2025,territorializacao_aproximada,nivel_4,True
4315958,INF-ENE-02,6.583333,2025,territorializacao_aproximada,nivel_4,True
4316006,INF-ENE-01,12.61,2025,territorializacao_aproximada,nivel_4,True
4316006,INF-ENE-02,5.535,2025,territorializacao_aproximada,nivel_4,True
4316105,INF-ENE-01,12.44,2025,territorializacao_aproximada,nivel_4,True
4316105,INF-ENE-02,5.703333,2025,territorializacao_aproximada,nivel_4,True
4316204,INF-ENE-01,12.44,2025,territorializacao_aproximada,nivel_4,True
4316204,INF-ENE-02,5.703333,2025,territorializacao_aproximada,nivel_4,True
4316303,INF-ENE-01,11.413333,2025,territorializacao_aproximada,nivel_4,True
4316303,INF-ENE-02,6.23,2025,territorializacao_aproximada,nivel_4,True
4316402,INF-ENE-01,15.3,2025,territorializacao_aproximada,nivel_4,True
4316402,INF-ENE-02,5.98,2025,territorializacao_aproximada,nivel_4,True
4316428,INF-ENE-01,9.4825,2025,territorializacao_aproximada,nivel_4,True
4316428,INF-ENE-02,4.3925,2025,territorializacao_aproximada,nivel_4,True
4316436,INF-ENE-01,9.94,2025,territorializacao_aproximada,nivel_4,True
4316436,INF-ENE-02,6.356667,2025,territorializacao_aproximada,nivel_4,True
4316451,INF-ENE-01,19.696667,2025,territorializacao_aproximada,nivel_4,True
4316451,INF-ENE-02,8.876667,2025,territorializacao_aproximada,nivel_4,True
4316477,INF-ENE-01,12.58,2025,territorializacao_aproximada,nivel_4,True
4316477,INF-ENE-02,7.876667,2025,territorializacao_aproximada,nivel_4,True
4316501,INF-ENE-01,13.78,2025,territorializacao_aproximada,nivel_4,True
4316501,INF-ENE-02,7.875,2025,territorializacao_aproximada,nivel_4,True
4316600,INF-ENE-01,18.388,2025,territorializacao_aproximada,nivel_4,True
4316600,INF-ENE-02,9.22,2025,territorializacao_aproximada,nivel_4,True
4316709,INF-ENE-01,9.94,2025,territorializacao_aproximada,nivel_4,True
4316709,INF-ENE-02,6.356667,2025,territorializacao_aproximada,nivel_4,True
4316733,INF-ENE-01,17.24,2025,observado,nivel_1,False
4316733,INF-ENE-02,9.28,2025,observado,nivel_1,False
4316758,INF-ENE-01,8.325,2025,territorializacao_aproximada,nivel_4,True
4316758,INF-ENE-02,4.1325,2025,territorializacao_aproximada,nivel_4,True
4316808,INF-ENE-01,13.752857,2025,territorializacao_aproximada,nivel_4,True
4316808,INF-ENE-02,5.928571,2025,territorializacao_aproximada,nivel_4,True
4316907,INF-ENE-01,10.85125,2025,territorializacao_aproximada,nivel_4,True
4316907,INF-ENE-02,4.88125,2025,territorializacao_aproximada,nivel_4,True
4316956,INF-ENE-01,7.653333,2025,territorializacao_aproximada,nivel_4,True
4316956,INF-ENE-02,4.71,2025,territorializacao_aproximada,nivel_4,True
4316972,INF-ENE-01,15.626,2025,territorializacao_aproximada,nivel_4,True
4316972,INF-ENE-02,6.206,2025,territorializacao_aproximada,nivel_4,True
4317004,INF-ENE-01,11.9725,2025,territorializacao_aproximada,nivel_4,True
4317004,INF-ENE-02,4.645,2025,territorializacao_aproximada,nivel_4,True
4317103,INF-ENE-01,16.326,2025,territorializacao_aproximada,nivel_4,True
4317103,INF-ENE-02,6.27,2025,territorializacao_aproximada,nivel_4,True
4317202,INF-ENE-01,14.434,2025,territorializacao_aproximada,nivel_4,True
4317202,INF-ENE-02,9.288,2025,territorializacao_aproximada,nivel_4,True
4317251,INF-ENE-01,7.126667,2025,territorializacao_aproximada,nivel_4,True
4317251,INF-ENE-02,3.713333,2025,territorializacao_aproximada,nivel_4,True
4317301,INF-ENE-01,28.37,2025,observado,nivel_1,False
4317301,INF-ENE-02,9.16,2025,observado,nivel_1,False
4317400,INF-ENE-01,10.202857,2025,territorializacao_aproximada,nivel_4,True
4317400,INF-ENE-02,4.295714,2025,territorializacao_aproximada,nivel_4,True
4317509,INF-ENE-01,11.4,2025,territorializacao_aproximada,nivel_4,True
4317509,INF-ENE-02,7.25,2025,territorializacao_aproximada,nivel_4,True
4317558,INF-ENE-01,15.01,2025,territorializacao_aproximada,nivel_4,True
4317558,INF-ENE-02,7.8,2025,territorializacao_aproximada,nivel_4,True
4317608,INF-ENE-01,15.888,2025,territorializacao_aproximada,nivel_4,True
4317608,INF-ENE-02,6.826,2025,territorializacao_aproximada,nivel_4,True
4317707,INF-ENE-01,12.775,2025,territorializacao_aproximada,nivel_4,True
4317707,INF-ENE-02,7.1,2025,territorializacao_aproximada,nivel_4,True
4317756,INF-ENE-01,13.363333,2025,territorializacao_aproximada,nivel_4,True
4317756,INF-ENE-02,8.16,2025,territorializacao_aproximada,nivel_4,True
4317806,INF-ENE-01,9.266667,2025,territorializacao_aproximada,nivel_4,True
4317806,INF-ENE-02,6.193333,2025,territorializacao_aproximada,nivel_4,True
4317905,INF-ENE-01,15.04,2025,territorializacao_aproximada,nivel_4,True
4317905,INF-ENE-02,9.46,2025,territorializacao_aproximada,nivel_4,True
4317954,INF-ENE-01,21.345,2025,territorializacao_aproximada,nivel_4,True
4317954,INF-ENE-02,9.68,2025,territorializacao_aproximada,nivel_4,True
4318002,INF-ENE-01,16.155,2025,territorializacao_aproximada,nivel_4,True
4318002,INF-ENE-02,6.1775,2025,territorializacao_aproximada,nivel_4,True
4318051,INF-ENE-01,25.995,2025,territorializacao_aproximada,nivel_4,True
4318051,INF-ENE-02,13.66,2025,territorializacao_aproximada,nivel_4,True
4318101,INF-ENE-01,18.943333,2025,territorializacao_aproximada,nivel_4,True
4318101,INF-ENE-02,6.936667,2025,territorializacao_aproximada,nivel_4,True
4318200,INF-ENE-01,12.305,2025,territorializacao_aproximada,nivel_4,True
4318200,INF-ENE-02,5.601667,2025,territorializacao_aproximada,nivel_4,True
4318309,INF-ENE-01,14.83375,2025,territorializacao_aproximada,nivel_4,True
4318309,INF-ENE-02,5.7325,2025,territorializacao_aproximada,nivel_4,True
4318408,INF-ENE-01,14.174,2025,territorializacao_aproximada,nivel_4,True
4318408,INF-ENE-02,6.756,2025,territorializacao_aproximada,nivel_4,True
4318424,INF-ENE-01,20.983333,2025,territorializacao_aproximada,nivel_4,True
4318424,INF-ENE-02,9.703333,2025,territorializacao_aproximada,nivel_4,True
4318432,INF-ENE-01,9.725,2025,territorializacao_aproximada,nivel_4,True
4318432,INF-ENE-02,4.945,2025,territorializacao_aproximada,nivel_4,True
4318440,INF-ENE-01,12.78,2025,observado,nivel_1,False
4318440,INF-ENE-02,6.32,2025,observado,nivel_1,False
4318457,INF-ENE-01,9.4825,2025,territorializacao_aproximada,nivel_4,True
4318457,INF-ENE-02,4.3925,2025,territorializacao_aproximada,nivel_4,True
4318465,INF-ENE-01,27.085,2025,territorializacao_aproximada,nivel_4,True
4318465,INF-ENE-02,15.83,2025,territorializacao_aproximada,nivel_4,True
4318481,INF-ENE-01,9.823333,2025,territorializacao_aproximada,nivel_4,True
4318481,INF-ENE-02,5.643333,2025,territorializacao_aproximada,nivel_4,True
4318499,INF-ENE-01,12.833333,2025,territorializacao_aproximada,nivel_4,True
4318499,INF-ENE-02,8.573333,2025,territorializacao_aproximada,nivel_4,True
4318507,INF-ENE-01,21.01,2025,observado,nivel_1,False
4318507,INF-ENE-02,6.98,2025,observado,nivel_1,False
4318606,INF-ENE-01,21.345,2025,territorializacao_aproximada,nivel_4,True
4318606,INF-ENE-02,9.68,2025,territorializacao_aproximada,nivel_4,True
4318614,INF-ENE-01,13.046667,2025,territorializacao_aproximada,nivel_4,True
4318614,INF-ENE-02,6.98,2025,territorializacao_aproximada,nivel_4,True
4318622,INF-ENE-01,14.63,2025,observado,nivel_1,False
4318622,INF-ENE-02,6.23,2025,observado,nivel_1,False
4318705,INF-ENE-01,5.997143,2025,territorializacao_aproximada,nivel_4,True
4318705,INF-ENE-02,3.205714,2025,territorializacao_aproximada,nivel_4,True
4318804,INF-ENE-01,21.61,2025,territorializacao_aproximada,nivel_4,True
4318804,INF-ENE-02,9.74,2025,territorializacao_aproximada,nivel_4,True
4318903,INF-ENE-01,12.6475,2025,territorializacao_aproximada,nivel_4,True
4318903,INF-ENE-02,7.225,2025,territorializacao_aproximada,nivel_4,True
4319000,INF-ENE-01,11.398,2025,territorializacao_aproximada,nivel_4,True
4319000,INF-ENE-02,5.44,2025,territorializacao_aproximada,nivel_4,True
4319109,INF-ENE-01,11.79,2025,territorializacao_aproximada,nivel_4,True
4319109,INF-ENE-02,8.6,2025,territorializacao_aproximada,nivel_4,True
4319125,INF-ENE-01,9.244,2025,territorializacao_aproximada,nivel_4,True
4319125,INF-ENE-02,3.976,2025,territorializacao_aproximada,nivel_4,True
4319158,INF-ENE-01,14.385,2025,territorializacao_aproximada,nivel_4,True
4319158,INF-ENE-02,7.775,2025,territorializacao_aproximada,nivel_4,True
4319208,INF-ENE-01,11.45,2025,territorializacao_aproximada,nivel_4,True
4319208,INF-ENE-02,6.72,2025,territorializacao_aproximada,nivel_4,True
4319307,INF-ENE-01,15.025,2025,territorializacao_aproximada,nivel_4,True
4319307,INF-ENE-02,8.875,2025,territorializacao_aproximada,nivel_4,True
4319356,INF-ENE-01,19.79,2025,observado,nivel_1,False
4319356,INF-ENE-02,12.69,2025,observado,nivel_1,False
4319364,INF-ENE-01,8.925,2025,territorializacao_aproximada,nivel_4,True
4319364,INF-ENE-02,4.87,2025,territorializacao_aproximada,nivel_4,True
4319372,INF-ENE-01,12.58,2025,territorializacao_aproximada,nivel_4,True
4319372,INF-ENE-02,7.876667,2025,territorializacao_aproximada,nivel_4,True
4319406,INF-ENE-01,10.93,2025,territorializacao_aproximada,nivel_4,True
4319406,INF-ENE-02,4.705,2025,territorializacao_aproximada,nivel_4,True
4319505,INF-ENE-01,9.676667,2025,territorializacao_aproximada,nivel_4,True
4319505,INF-ENE-02,3.71,2025,territorializacao_aproximada,nivel_4,True
4319604,INF-ENE-01,15.75,2025,territorializacao_aproximada,nivel_4,True
4319604,INF-ENE-02,6.154,2025,territorializacao_aproximada,nivel_4,True
4319703,INF-ENE-01,18.07,2025,territorializacao_aproximada,nivel_4,True
4319703,INF-ENE-02,8.65,2025,territorializacao_aproximada,nivel_4,True
4319711,INF-ENE-01,15.472,2025,territorializacao_aproximada,nivel_4,True
4319711,INF-ENE-02,7.868,2025,territorializacao_aproximada,nivel_4,True
4319737,INF-ENE-01,12.88,2025,territorializacao_aproximada,nivel_4,True
4319737,INF-ENE-02,9.723333,2025,territorializacao_aproximada,nivel_4,True
4319752,INF-ENE-01,15.685,2025,territorializacao_aproximada,nivel_4,True
4319752,INF-ENE-02,8.94,2025,territorializacao_aproximada,nivel_4,True
4319802,INF-ENE-01,22.3,2025,territorializacao_aproximada,nivel_4,True
4319802,INF-ENE-02,7.635,2025,territorializacao_aproximada,nivel_4,True
4319901,INF-ENE-01,5.881429,2025,territorializacao_aproximada,nivel_4,True
4319901,INF-ENE-02,3.511429,2025,territorializacao_aproximada,nivel_4,True
4320008,INF-ENE-01,6.05,2025,territorializacao_aproximada,nivel_4,True
4320008,INF-ENE-02,3.218333,2025,territorializacao_aproximada,nivel_4,True
4320107,INF-ENE-01,9.4825,2025,territorializacao_aproximada,nivel_4,True
4320107,INF-ENE-02,4.3925,2025,territorializacao_aproximada,nivel_4,True
4320206,INF-ENE-01,13.276667,2025,territorializacao_aproximada,nivel_4,True
4320206,INF-ENE-02,7.996667,2025,territorializacao_aproximada,nivel_4,True
4320230,INF-ENE-01,11.72,2025,observado,nivel_1,False
4320230,INF-ENE-02,7.17,2025,observado,nivel_1,False
4320263,INF-ENE-01,21.906667,2025,territorializacao_aproximada,nivel_4,True
4320263,INF-ENE-02,8.273333,2025,territorializacao_aproximada,nivel_4,True
4320305,INF-ENE-01,11.425,2025,territorializacao_aproximada,nivel_4,True
4320305,INF-ENE-02,7.6,2025,territorializacao_aproximada,nivel_4,True
4320321,INF-ENE-01,16.71,2025,territorializacao_aproximada,nivel_4,True
4320321,INF-ENE-02,10.895,2025,territorializacao_aproximada,nivel_4,True
4320354,INF-ENE-01,21.326667,2025,territorializacao_aproximada,nivel_4,True
4320354,INF-ENE-02,10.653333,2025,territorializacao_aproximada,nivel_4,True
4320404,INF-ENE-01,21.516667,2025,territorializacao_aproximada,nivel_4,True
4320404,INF-ENE-02,10.823333,2025,territorializacao_aproximada,nivel_4,True
4320453,INF-ENE-01,13.385,2025,territorializacao_aproximada,nivel_4,True
4320453,INF-ENE-02,6.435,2025,territorializacao_aproximada,nivel_4,True
4320503,INF-ENE-01,10.426667,2025,territorializacao_aproximada,nivel_4,True
4320503,INF-ENE-02,4.92,2025,territorializacao_aproximada,nivel_4,True
4320552,INF-ENE-01,21.86,2025,territorializacao_aproximada,nivel_4,True
4320552,INF-ENE-02,11.255,2025,territorializacao_aproximada,nivel_4,True
4320578,INF-ENE-01,13.035,2025,territorializacao_aproximada,nivel_4,True
4320578,INF-ENE-02,7.4075,2025,territorializacao_aproximada,nivel_4,True
4320602,INF-ENE-01,22.483333,2025,territorializacao_aproximada,nivel_4,True
4320602,INF-ENE-02,10.63,2025,territorializacao_aproximada,nivel_4,True
4320651,INF-ENE-01,5.59,2025,observado,nivel_1,False
4320651,INF-ENE-02,4.87,2025,observado,nivel_1,False
4320677,INF-ENE-01,17.736667,2025,territorializacao_aproximada,nivel_4,True
4320677,INF-ENE-02,7.076667,2025,territorializacao_aproximada,nivel_4,True
4320701,INF-ENE-01,21.906667,2025,territorializacao_aproximada,nivel_4,True
4320701,INF-ENE-02,8.273333,2025,territorializacao_aproximada,nivel_4,True
4320800,INF-ENE-01,22.48,2025,territorializacao_aproximada,nivel_4,True
4320800,INF-ENE-02,12.245,2025,territorializacao_aproximada,nivel_4,True
4320859,INF-ENE-01,16.46,2025,territorializacao_aproximada,nivel_4,True
4320859,INF-ENE-02,6.9525,2025,territorializacao_aproximada,nivel_4,True
4320909,INF-ENE-01,2.38,2025,observado,nivel_1,False
4320909,INF-ENE-02,1.87,2025,observado,nivel_1,False
4321006,INF-ENE-01,9.94,2025,territorializacao_aproximada,nivel_4,True
4321006,INF-ENE-02,6.356667,2025,territorializacao_aproximada,nivel_4,True
4321105,INF-ENE-01,19.61,2025,territorializacao_aproximada,nivel_4,True
4321105,INF-ENE-02,9.935,2025,territorializacao_aproximada,nivel_4,True
4321204,INF-ENE-01,11.381429,2025,territorializacao_aproximada,nivel_4,True
4321204,INF-ENE-02,5.1,2025,territorializacao_aproximada,nivel_4,True
4321303,INF-ENE-01,14.946667,2025,territorializacao_aproximada,nivel_4,True
4321303,INF-ENE-02,6.733333,2025,territorializacao_aproximada,nivel_4,True
4321329,INF-ENE-01,13.276667,2025,territorializacao_aproximada,nivel_4,True
4321329,INF-ENE-02,7.996667,2025,territorializacao_aproximada,nivel_4,True
4321352,INF-ENE-01,28.26,2025,observado,nivel_1,False
4321352,INF-ENE-02,10.06,2025,observado,nivel_1,False
4321402,INF-ENE-01,13.06,2025,territorializacao_aproximada,nivel_4,True
4321402,INF-ENE-02,8.445,2025,territorializacao_aproximada,nivel_4,True
4321436,INF-ENE-01,19.09,2025,observado,nivel_1,False
4321436,INF-ENE-02,9.22,2025,observado,nivel_1,False
4321451,INF-ENE-01,9.093333,2025,territorializacao_aproximada,nivel_4,True
4321451,INF-ENE-02,4.096667,2025,territorializacao_aproximada,nivel_4,True
4321469,INF-ENE-01,17.43,2025,territorializacao_aproximada,nivel_4,True
4321469,INF-ENE-02,9.69,2025,territorializacao_aproximada,nivel_4,True
4321477,INF-ENE-01,15.69,2025,observado,nivel_1,False
4321477,INF-ENE-02,9.88,2025,observado,nivel_1,False
4321493,INF-ENE-01,15.57,2025,territorializacao_aproximada,nivel_4,True
4321493,INF-ENE-02,6.355,2025,territorializacao_aproximada,nivel_4,True
4321501,INF-ENE-01,9.705,2025,territorializacao_aproximada,nivel_4,True
4321501,INF-ENE-02,4.075,2025,territorializacao_aproximada,nivel_4,True
4321600,INF-ENE-01,12.855,2025,territorializacao_aproximada,nivel_4,True
4321600,INF-ENE-02,6.475,2025,territorializacao_aproximada,nivel_4,True
4321626,INF-ENE-01,20.0175,2025,territorializacao_aproximada,nivel_4,True
4321626,INF-ENE-02,10.6075,2025,territorializacao_aproximada,nivel_4,True
4321634,INF-ENE-01,15.904,2025,territorializacao_aproximada,nivel_4,True
4321634,INF-ENE-02,7.642,2025,territorializacao_aproximada,nivel_4,True
4321667,INF-ENE-01,19.09,2025,observado,nivel_1,False
4321667,INF-ENE-02,9.22,2025,observado,nivel_1,False
4321709,INF-ENE-01,10.29,2025,territorializacao_aproximada,nivel_4,True
4321709,INF-ENE-02,4.206667,2025,territorializacao_aproximada,nivel_4,True
4321808,INF-ENE-01,14.206,2025,territorializacao_aproximada,nivel_4,True
4321808,INF-ENE-02,9.092,2025,territorializacao_aproximada,nivel_4,True
4321832,INF-ENE-01,19.09,2025,observado,nivel_1,False
4321832,INF-ENE-02,9.22,2025,observado,nivel_1,False
4321857,INF-ENE-01,13.016667,2025,territorializacao_aproximada,nivel_4,True
4321857,INF-ENE-02,5.89,2025,territorializacao_aproximada,nivel_4,True
4321907,INF-ENE-01,12.613333,2025,territorializacao_aproximada,nivel_4,True
4321907,INF-ENE-02,8.02,2025,territorializacao_aproximada,nivel_4,True
4321956,INF-ENE-01,16.8175,2025,territorializacao_aproximada,nivel_4,True
4321956,INF-ENE-02,7.4925,2025,territorializacao_aproximada,nivel_4,True
4322004,INF-ENE-01,7.77,2025,observado,nivel_1,False
4322004,INF-ENE-02,3.06,2025,observado,nivel_1,False
4322103,INF-ENE-01,11.856667,2025,territorializacao_aproximada,nivel_4,True
4322103,INF-ENE-02,7.763333,2025,territorializacao_aproximada,nivel_4,True
4322152,INF-ENE-01,15.74,2025,territorializacao_aproximada,nivel_4,True
4322152,INF-ENE-02,7.56,2025,territorializacao_aproximada,nivel_4,True
4322186,INF-ENE-01,14.47,2025,observado,nivel_1,False
4322186,INF-ENE-02,7.06,2025,observado,nivel_1,False
4322202,INF-ENE-01,14.28,2025,territorializacao_aproximada,nivel_4,True
4322202,INF-ENE-02,6.726667,2025,territorializacao_aproximada,nivel_4,True
4322251,INF-ENE-01,15.966667,2025,territorializacao_aproximada,nivel_4,True
4322251,INF-ENE-02,8.283333,2025,territorializacao_aproximada,nivel_4,True
4322301,INF-ENE-01,15.6225,2025,territorializacao_aproximada,nivel_4,True
4322301,INF-ENE-02,9.9125,2025,territorializacao_aproximada,nivel_4,True
4322327,INF-ENE-01,20.97,2025,territorializacao_aproximada,nivel_4,True
4322327,INF-ENE-02,9.58,2025,territorializacao_aproximada,nivel_4,True
4322343,INF-ENE-01,14.92,2025,territorializacao_aproximada,nivel_4,True
4322343,INF-ENE-02,9.013333,2025,territorializacao_aproximada,nivel_4,True
4322350,INF-ENE-01,21.516667,2025,territorializacao_aproximada,nivel_4,True
4322350,INF-ENE-02,10.823333,2025,territorializacao_aproximada,nivel_4,True
4322376,INF-ENE-01,13.42,2025,territorializacao_aproximada,nivel_4,True
4322376,INF-ENE-02,5.64,2025,territorializacao_aproximada,nivel_4,True
4322400,INF-ENE-01,14.7325,2025,territorializacao_aproximada,nivel_4,True
4322400,INF-ENE-02,5.2,2025,territorializacao_aproximada,nivel_4,True
4322509,INF-ENE-01,12.555,2025,territorializacao_aproximada,nivel_4,True
4322509,INF-ENE-02,7.235,2025,territorializacao_aproximada,nivel_4,True
4322525,INF-ENE-01,13.893333,2025,territorializacao_aproximada,nivel_4,True
4322525,INF-ENE-02,6.573333,2025,territorializacao_aproximada,nivel_4,True
4322533,INF-ENE-01,16.7675,2025,territorializacao_aproximada,nivel_4,True
4322533,INF-ENE-02,6.5625,2025,territorializacao_aproximada,nivel_4,True
4322541,INF-ENE-01,10.403333,2025,territorializacao_aproximada,nivel_4,True
4322541,INF-ENE-02,4.136667,2025,territorializacao_aproximada,nivel_4,True
4322558,INF-ENE-01,23.076667,2025,territorializacao_aproximada,nivel_4,True
4322558,INF-ENE-02,12.2,2025,territorializacao_aproximada,nivel_4,True
4322608,INF-ENE-01,11.86,2025,territorializacao_aproximada,nivel_4,True
4322608,INF-ENE-02,5.0275,2025,territorializacao_aproximada,nivel_4,True
4322707,INF-ENE-01,13.128,2025,territorializacao_aproximada,nivel_4,True
4322707,INF-ENE-02,5.518,2025,territorializacao_aproximada,nivel_4,True
4322806,INF-ENE-01,11.286667,2025,territorializacao_aproximada,nivel_4,True
4322806,INF-ENE-02,5.453333,2025,territorializacao_aproximada,nivel_4,True
4322855,INF-ENE-01,27.855,2025,territorializacao_aproximada,nivel_4,True
4322855,INF-ENE-02,13.8,2025,territorializacao_aproximada,nivel_4,True
4322905,INF-ENE-01,20.983333,2025,territorializacao_aproximada,nivel_4,True
4322905,INF-ENE-02,9.703333,2025,territorializacao_aproximada,nivel_4,True
4323002,INF-ENE-01,9.365556,2025,territorializacao_aproximada,nivel_4,True
4323002,INF-ENE-02,4.728889,2025,territorializacao_aproximada,nivel_4,True
4323101,INF-ENE-01,12.07,2025,territorializacao_aproximada,nivel_4,True
4323101,INF-ENE-02,7.055,2025,territorializacao_aproximada,nivel_4,True
4323200,INF-ENE-01,12.295,2025,territorializacao_aproximada,nivel_4,True
4323200,INF-ENE-02,6.985,2025,territorializacao_aproximada,nivel_4,True
4323309,INF-ENE-01,13.19,2025,territorializacao_aproximada,nivel_4,True
4323309,INF-ENE-02,6.39,2025,territorializacao_aproximada,nivel_4,True
4323358,INF-ENE-01,17.24,2025,observado,nivel_1,False
4323358,INF-ENE-02,9.28,2025,observado,nivel_1,False
4323408,INF-ENE-01,12.093333,2025,territorializacao_aproximada,nivel_4,True
4323408,INF-ENE-02,6.783333,2025,territorializacao_aproximada,nivel_4,True
4323457,INF-ENE-01,16.76,2025,territorializacao_aproximada,nivel_4,True
4323457,INF-ENE-02,6.28,2025,territorializacao_aproximada,nivel_4,True
4323507,INF-ENE-01,12.07,2025,territorializacao_aproximada,nivel_4,True
4323507,INF-ENE-02,7.055,2025,territorializacao_aproximada,nivel_4,True
4323606,INF-ENE-01,12.25,2025,territorializacao_aproximada,nivel_4,True
4323606,INF-ENE-02,5.9,2025,territorializacao_aproximada,nivel_4,True
4323705,INF-ENE-01,14.7,2025,territorializacao_aproximada,nivel_4,True
4323705,INF-ENE-02,8.49,2025,territorializacao_aproximada,nivel_4,True
4323754,INF-ENE-01,10.675,2025,territorializacao_aproximada,nivel_4,True
4323754,INF-ENE-02,7.18,2025,territorializacao_aproximada,nivel_4,True
4323770,INF-ENE-01,7.2,2025,observado,nivel_1,False
4323770,INF-ENE-02,4.18,2025,observado,nivel_1,False
4323804,INF-ENE-01,11.413333,2025,territorializacao_aproximada,nivel_4,True
4323804,INF-ENE-02,4.69,2025,territorializacao_aproximada,nivel_4,True
